/opt/aws_neuronx_venv_pytorch_inference_vllm_0_16/lib/python3.12/site-packages/neuronx_distributed/modules/moe/blockwise.py:100: DeprecationWarning: torch_neuronx.nki_jit is deprecated, use nki.jit instead.
  component, error = import_nki(config)
/opt/aws_neuronx_venv_pytorch_inference_vllm_0_16/lib/python3.12/site-packages/neuronx_distributed/modules/moe/blockwise.py:102: UserWarning: Warning: Failed to import blockwise_mm_baseline_shard_hidden: No module named 'neuronxcc.nki._private.blockwise_mm'
  warnings.warn(f"Warning: {error}")
/opt/aws_neuronx_venv_pytorch_inference_vllm_0_16/lib/python3.12/site-packages/neuronx_distributed/modules/moe/blockwise.py:102: UserWarning: Warning: Failed to import blockwise_mm_bwd: No module named 'neuronxcc.nki._private.blockwise_mm_bwd'
  warnings.warn(f"Warning: {error}")
/opt/aws_neuronx_venv_pytorch_inference_vllm_0_16/lib/python3.12/site-packages/neuronx_distributed/modules/moe/blockwise.py:102: UserWarning: Warning: Failed to import blockwise_mm_bwd_baseline_shard_hidden: No module named 'neuronxcc.nki._private.blockwise_mm_bwd'
  warnings.warn(f"Warning: {error}")
WEIGHT_DTYPE_MODE fp8_full
FP8_MODE full
QUANTIZE_LM_HEAD True
MODEL_PATH /home/ubuntu/models/Qwen3.6-27B
COMPILED_PATH /mnt/trainium_artifacts/qwen_artifacts/qwen36_27b_256k_fp8_full_lmheadfp8_kvfp8_hybrid_apc_nki_decode_splitqkv_gdnrecbfloat16_sampletokens_b256_cte256_512_pfx16k_slots64_async_20260528T074851Z
BASE_COMPILE_WORK_DIR /mnt/trainium_artifacts/qwen_artifacts/_nxd_model_workdir_256k_fp8_full_lmheadfp8_kvfp8_nki_decode_splitqkv_gdnrecbfloat16_sampletokens_b256_20260528T074851Z
DELTANET_CTE_BACKEND fused
DELTANET_SEQUENTIAL None
USE_NKI None
USE_NKI_CHUNKED None
USE_NKI_FUSED 1
USE_PYTORCH_CHUNK None
QUANTIZED_CHECKPOINTS_PATH /mnt/trainium_artifacts/qwen_artifacts/_quantized/qwen36_27b_fp8_full_lmheadfp8
XLA_HANDLE_SPECIAL_SCALAR 1
UNSAFE_FP8FNCAST 1
MODULES_TO_NOT_CONVERT_COUNT 2184
CONTEXT_TRACE_SHAPE {"async_mode": true, "block_size": 256, "context_encoding_bucket_pairs": [[256, 0], [256, 256], [256, 512], [256, 1024], [256, 2048], [256, 4096], [256, 8192], [512, 0], [512, 256], [512, 512], [512, 1024], [512, 2048], [512, 4096], [512, 8192], [512, 16384]], "context_encoding_buckets": [256, 512], "ctx_batch_size": 1, "enable_attn_block_tkg_cache_update": false, "enable_attn_block_tkg_cascaded_attention": false, "enable_attn_block_tkg_nki_kernel": false, "enable_deltanet_decode_nki": true, "enable_fused_qkv": false, "enable_hybrid_apc": true, "enable_k_cache_transposed": false, "enable_kv_cache_quant": true, "enable_mlp_tkg_nki_kernel": false, "enable_out_proj_nki_kernel": false, "enable_prefix_caching": true, "enable_qkv_nki_kernels": false, "enable_quantized_mlp_kernel": false, "enable_split_qkv_tkg_nki_kernel": true, "enable_vllm_chunked_prefill": true, "gdn_checkpoint_interval": 256, "hybrid_apc_commit_during_token_generation": false, "max_context_length": 262144, "max_gdn_checkpoint_slots": 64, "max_num_seqs": 1, "pa_headroom_blocks": 0, "pa_min_blocks": 1024, "pa_num_blocks": 1024, "pa_requested_blocks": 1024, "pa_usable_headroom_blocks": 0, "prefix_buckets": [256, 512, 1024, 2048, 4096, 8192, 16384], "prefix_cte_attention_backend": "attention_cte", "prefix_cte_attention_chunk_size": null, "prefix_cte_attention_segment_size": null, "seq_len": 262144, "skip_warmup": true, "tkg_batch_size": 1, "token_generation_batches": null, "token_generation_buckets": [512, 768, 1024, 1280, 2048, 2304, 4096, 4352, 8192, 8448, 16384, 16640, 24576, 24832, 32768, 33024, 65536, 65792, 131072, 131328, 262144]}
QUANTIZE_SKIP existing checkpoint found
COMPILE_START
INFO:Neuron:Saving the neuron_config to /mnt/trainium_artifacts/qwen_artifacts/qwen36_27b_256k_fp8_full_lmheadfp8_kvfp8_hybrid_apc_nki_decode_splitqkv_gdnrecbfloat16_sampletokens_b256_cte256_512_pfx16k_slots64_async_20260528T074851Z/
INFO:Neuron:Generating HLOs for the following models: ['context_encoding_model', 'token_generation_model']
[2026-05-28 07:49:00.190: I neuronx_distributed/parallel_layers/parallel_state.py:638] > initializing tensor model parallel with size 4
[2026-05-28 07:49:00.190: I neuronx_distributed/parallel_layers/parallel_state.py:639] > initializing pipeline model parallel with size 1
[2026-05-28 07:49:00.190: I neuronx_distributed/parallel_layers/parallel_state.py:640] > initializing context model parallel with size 1
[2026-05-28 07:49:00.190: I neuronx_distributed/parallel_layers/parallel_state.py:641] > initializing data parallel with size 1
[2026-05-28 07:49:00.190: I neuronx_distributed/parallel_layers/parallel_state.py:642] > initializing world size to 4
[2026-05-28 07:49:00.190: I neuronx_distributed/parallel_layers/parallel_state.py:387] [rank_0_pp-1_tp-1_dp-1_cp-1] Chosen Logic for replica groups ret_logic=<PG_Group_Logic.LOGIC1: (<function ascending_ring_PG_group at 0x72ca1f2ceca0>, 'Ascending Ring PG Group')>
[2026-05-28 07:49:00.190: I neuronx_distributed/parallel_layers/parallel_state.py:666] [rank_0_pp-1_tp-1_dp-1_cp-1] tp_groups: replica_groups.tp_groups=[[0, 1, 2, 3]]
[2026-05-28 07:49:00.190: I neuronx_distributed/parallel_layers/parallel_state.py:667] [rank_0_pp-1_tp-1_dp-1_cp-1] dp_groups: replica_groups.dp_groups=[[0], [1], [2], [3]]
[2026-05-28 07:49:00.190: I neuronx_distributed/parallel_layers/parallel_state.py:668] [rank_0_pp-1_tp-1_dp-1_cp-1] pp_groups: replica_groups.pp_groups=[[0], [1], [2], [3]]
[2026-05-28 07:49:00.190: I neuronx_distributed/parallel_layers/parallel_state.py:669] [rank_0_pp-1_tp-1_dp-1_cp-1] cp_groups: replica_groups.cp_groups=[[0], [1], [2], [3]]
[2026-05-28 07:49:00.190: I neuronx_distributed/parallel_layers/parallel_state.py:670] [rank_0_pp-1_tp-1_dp-1_cp-1] ep_model_groups: replica_groups.ep_model_groups=[[0], [1], [2], [3]]
[2026-05-28 07:49:00.191: I neuronx_distributed/parallel_layers/parallel_state.py:671] [rank_0_pp-1_tp-1_dp-1_cp-1] ep_data_groups: replica_groups.ep_data_groups=[[0], [1], [2], [3]]
INFO:Neuron:Generating 15 hlos for key: context_encoding_model
INFO:Neuron:Minimal metadata will be added to HLO
INFO:Neuron:Started loading module context_encoding_model
INFO:Neuron:Finished loading module context_encoding_model in 3.344590425491333 seconds
INFO:Neuron:generating HLO: context_encoding_model, input example shape = torch.Size([1, 256])
/opt/aws_neuronx_venv_pytorch_inference_vllm_0_16/lib/python3.12/site-packages/neuronx_distributed/parallel_layers/layers.py:531: FutureWarning: `torch.cuda.amp.autocast(args...)` is deprecated. Please use `torch.amp.autocast('cuda', args...)` instead.
  with torch.cuda.amp.autocast(enabled=False):
/opt/aws_neuronx_venv_pytorch_inference_vllm_0_16/lib/python3.12/site-packages/torch_neuronx/xla_impl/hlo_conversion.py:470: UserWarning: Received an input tensor that was unused or used in a non-static way when traced so the tensor will be ignored. (index=1, shape=torch.Size([1]), dtype=torch.int32). The non-static usage could happen when the traced function expects the input tensor's shape to change (i.e., using the shape to do index slicing), which is not allowed by inference trace expecting static input shapes.
  warnings.warn(
/opt/aws_neuronx_venv_pytorch_inference_vllm_0_16/lib/python3.12/site-packages/torch_neuronx/xla_impl/hlo_conversion.py:470: UserWarning: Received an input tensor that was unused or used in a non-static way when traced so the tensor will be ignored. (index=4, shape=torch.Size([1, 3]), dtype=torch.float32). The non-static usage could happen when the traced function expects the input tensor's shape to change (i.e., using the shape to do index slicing), which is not allowed by inference trace expecting static input shapes.
  warnings.warn(
/opt/aws_neuronx_venv_pytorch_inference_vllm_0_16/lib/python3.12/site-packages/torch_neuronx/xla_impl/hlo_conversion.py:470: UserWarning: Received an input tensor that was unused or used in a non-static way when traced so the tensor will be ignored. (index=5, shape=torch.Size([0]), dtype=torch.float32). The non-static usage could happen when the traced function expects the input tensor's shape to change (i.e., using the shape to do index slicing), which is not allowed by inference trace expecting static input shapes.
  warnings.warn(
/opt/aws_neuronx_venv_pytorch_inference_vllm_0_16/lib/python3.12/site-packages/torch_neuronx/xla_impl/hlo_conversion.py:470: UserWarning: Received an input tensor that was unused or used in a non-static way when traced so the tensor will be ignored. (index=6, shape=torch.Size([1]), dtype=torch.int32). The non-static usage could happen when the traced function expects the input tensor's shape to change (i.e., using the shape to do index slicing), which is not allowed by inference trace expecting static input shapes.
  warnings.warn(
/opt/aws_neuronx_venv_pytorch_inference_vllm_0_16/lib/python3.12/site-packages/torch_neuronx/xla_impl/hlo_conversion.py:470: UserWarning: Received an input tensor that was unused or used in a non-static way when traced so the tensor will be ignored. (index=7, shape=torch.Size([0]), dtype=torch.float32). The non-static usage could happen when the traced function expects the input tensor's shape to change (i.e., using the shape to do index slicing), which is not allowed by inference trace expecting static input shapes.
  warnings.warn(
/opt/aws_neuronx_venv_pytorch_inference_vllm_0_16/lib/python3.12/site-packages/torch_neuronx/xla_impl/hlo_conversion.py:470: UserWarning: Received an input tensor that was unused or used in a non-static way when traced so the tensor will be ignored. (index=8, shape=torch.Size([0]), dtype=torch.float32). The non-static usage could happen when the traced function expects the input tensor's shape to change (i.e., using the shape to do index slicing), which is not allowed by inference trace expecting static input shapes.
  warnings.warn(
/opt/aws_neuronx_venv_pytorch_inference_vllm_0_16/lib/python3.12/site-packages/torch_neuronx/xla_impl/hlo_conversion.py:470: UserWarning: Received an input tensor that was unused or used in a non-static way when traced so the tensor will be ignored. (index=9, shape=torch.Size([0]), dtype=torch.float32). The non-static usage could happen when the traced function expects the input tensor's shape to change (i.e., using the shape to do index slicing), which is not allowed by inference trace expecting static input shapes.
  warnings.warn(
/opt/aws_neuronx_venv_pytorch_inference_vllm_0_16/lib/python3.12/site-packages/torch_neuronx/xla_impl/hlo_conversion.py:470: UserWarning: Received an input tensor that was unused or used in a non-static way when traced so the tensor will be ignored. (index=10, shape=torch.Size([0]), dtype=torch.float32). The non-static usage could happen when the traced function expects the input tensor's shape to change (i.e., using the shape to do index slicing), which is not allowed by inference trace expecting static input shapes.
  warnings.warn(
/opt/aws_neuronx_venv_pytorch_inference_vllm_0_16/lib/python3.12/site-packages/torch_neuronx/xla_impl/hlo_conversion.py:470: UserWarning: Received an input tensor that was unused or used in a non-static way when traced so the tensor will be ignored. (index=12, shape=torch.Size([1]), dtype=torch.int32). The non-static usage could happen when the traced function expects the input tensor's shape to change (i.e., using the shape to do index slicing), which is not allowed by inference trace expecting static input shapes.
  warnings.warn(
/opt/aws_neuronx_venv_pytorch_inference_vllm_0_16/lib/python3.12/site-packages/torch_neuronx/xla_impl/hlo_conversion.py:470: UserWarning: Received an input tensor that was unused or used in a non-static way when traced so the tensor will be ignored. (index=14, shape=torch.Size([1, 1]), dtype=torch.int32). The non-static usage could happen when the traced function expects the input tensor's shape to change (i.e., using the shape to do index slicing), which is not allowed by inference trace expecting static input shapes.
  warnings.warn(
/opt/aws_neuronx_venv_pytorch_inference_vllm_0_16/lib/python3.12/site-packages/torch_neuronx/xla_impl/hlo_conversion.py:470: UserWarning: Received an input tensor that was unused or used in a non-static way when traced so the tensor will be ignored. (index=15, shape=torch.Size([0]), dtype=torch.float32). The non-static usage could happen when the traced function expects the input tensor's shape to change (i.e., using the shape to do index slicing), which is not allowed by inference trace expecting static input shapes.
  warnings.warn(
/opt/aws_neuronx_venv_pytorch_inference_vllm_0_16/lib/python3.12/site-packages/torch_neuronx/xla_impl/hlo_conversion.py:470: UserWarning: Received an input tensor that was unused or used in a non-static way when traced so the tensor will be ignored. (index=16, shape=torch.Size([0]), dtype=torch.float32). The non-static usage could happen when the traced function expects the input tensor's shape to change (i.e., using the shape to do index slicing), which is not allowed by inference trace expecting static input shapes.
  warnings.warn(
/opt/aws_neuronx_venv_pytorch_inference_vllm_0_16/lib/python3.12/site-packages/torch_neuronx/xla_impl/hlo_conversion.py:470: UserWarning: Received an input tensor that was unused or used in a non-static way when traced so the tensor will be ignored. (index=17, shape=torch.Size([0]), dtype=torch.float32). The non-static usage could happen when the traced function expects the input tensor's shape to change (i.e., using the shape to do index slicing), which is not allowed by inference trace expecting static input shapes.
  warnings.warn(
/opt/aws_neuronx_venv_pytorch_inference_vllm_0_16/lib/python3.12/site-packages/torch_neuronx/xla_impl/hlo_conversion.py:470: UserWarning: Received an input tensor that was unused or used in a non-static way when traced so the tensor will be ignored. (index=18, shape=torch.Size([0]), dtype=torch.float32). The non-static usage could happen when the traced function expects the input tensor's shape to change (i.e., using the shape to do index slicing), which is not allowed by inference trace expecting static input shapes.
  warnings.warn(
/opt/aws_neuronx_venv_pytorch_inference_vllm_0_16/lib/python3.12/site-packages/torch_neuronx/xla_impl/hlo_conversion.py:470: UserWarning: Received an input tensor that was unused or used in a non-static way when traced so the tensor will be ignored. (index=19, shape=torch.Size([0]), dtype=torch.float32). The non-static usage could happen when the traced function expects the input tensor's shape to change (i.e., using the shape to do index slicing), which is not allowed by inference trace expecting static input shapes.
  warnings.warn(
/opt/aws_neuronx_venv_pytorch_inference_vllm_0_16/lib/python3.12/site-packages/torch_neuronx/xla_impl/hlo_conversion.py:470: UserWarning: Received an input tensor that was unused or used in a non-static way when traced so the tensor will be ignored. (index=20, shape=torch.Size([0]), dtype=torch.float32). The non-static usage could happen when the traced function expects the input tensor's shape to change (i.e., using the shape to do index slicing), which is not allowed by inference trace expecting static input shapes.
  warnings.warn(
/opt/aws_neuronx_venv_pytorch_inference_vllm_0_16/lib/python3.12/site-packages/torch_neuronx/xla_impl/hlo_conversion.py:470: UserWarning: Received an input tensor that was unused or used in a non-static way when traced so the tensor will be ignored. (index=22, shape=torch.Size([0]), dtype=torch.bfloat16). The non-static usage could happen when the traced function expects the input tensor's shape to change (i.e., using the shape to do index slicing), which is not allowed by inference trace expecting static input shapes.
  warnings.warn(
/opt/aws_neuronx_venv_pytorch_inference_vllm_0_16/lib/python3.12/site-packages/torch_neuronx/xla_impl/hlo_conversion.py:470: UserWarning: Received an input tensor that was unused or used in a non-static way when traced so the tensor will be ignored. (index=23, shape=torch.Size([0]), dtype=torch.int32). The non-static usage could happen when the traced function expects the input tensor's shape to change (i.e., using the shape to do index slicing), which is not allowed by inference trace expecting static input shapes.
  warnings.warn(
/opt/aws_neuronx_venv_pytorch_inference_vllm_0_16/lib/python3.12/site-packages/torch_neuronx/xla_impl/hlo_conversion.py:470: UserWarning: Received an input tensor that was unused or used in a non-static way when traced so the tensor will be ignored. (index=26, shape=torch.Size([1]), dtype=torch.int32). The non-static usage could happen when the traced function expects the input tensor's shape to change (i.e., using the shape to do index slicing), which is not allowed by inference trace expecting static input shapes.
  warnings.warn(
INFO:Neuron:Finished generating HLO for context_encoding_model in 8.6146399974823 seconds, input example shape = torch.Size([1, 256])
INFO:Neuron:generating HLO: context_encoding_model, input example shape = torch.Size([1, 256])
INFO:Neuron:Finished generating HLO for context_encoding_model in 8.166535377502441 seconds, input example shape = torch.Size([1, 256])
INFO:Neuron:generating HLO: context_encoding_model, input example shape = torch.Size([1, 256])
/opt/aws_neuronx_venv_pytorch_inference_vllm_0_16/lib/python3.12/site-packages/torch_neuronx/xla_impl/hlo_conversion.py:470: UserWarning: Received an input tensor that was unused or used in a non-static way when traced so the tensor will be ignored. (index=1, shape=torch.Size([1, 512]), dtype=torch.int32). The non-static usage could happen when the traced function expects the input tensor's shape to change (i.e., using the shape to do index slicing), which is not allowed by inference trace expecting static input shapes.
  warnings.warn(
INFO:Neuron:Finished generating HLO for context_encoding_model in 8.162022829055786 seconds, input example shape = torch.Size([1, 256])
INFO:Neuron:generating HLO: context_encoding_model, input example shape = torch.Size([1, 256])
/opt/aws_neuronx_venv_pytorch_inference_vllm_0_16/lib/python3.12/site-packages/torch_neuronx/xla_impl/hlo_conversion.py:470: UserWarning: Received an input tensor that was unused or used in a non-static way when traced so the tensor will be ignored. (index=1, shape=torch.Size([1, 1024]), dtype=torch.int32). The non-static usage could happen when the traced function expects the input tensor's shape to change (i.e., using the shape to do index slicing), which is not allowed by inference trace expecting static input shapes.
  warnings.warn(
INFO:Neuron:Finished generating HLO for context_encoding_model in 8.45807671546936 seconds, input example shape = torch.Size([1, 256])
INFO:Neuron:generating HLO: context_encoding_model, input example shape = torch.Size([1, 256])
/opt/aws_neuronx_venv_pytorch_inference_vllm_0_16/lib/python3.12/site-packages/torch_neuronx/xla_impl/hlo_conversion.py:470: UserWarning: Received an input tensor that was unused or used in a non-static way when traced so the tensor will be ignored. (index=1, shape=torch.Size([1, 2048]), dtype=torch.int32). The non-static usage could happen when the traced function expects the input tensor's shape to change (i.e., using the shape to do index slicing), which is not allowed by inference trace expecting static input shapes.
  warnings.warn(
INFO:Neuron:Finished generating HLO for context_encoding_model in 8.182881116867065 seconds, input example shape = torch.Size([1, 256])
INFO:Neuron:generating HLO: context_encoding_model, input example shape = torch.Size([1, 256])
/opt/aws_neuronx_venv_pytorch_inference_vllm_0_16/lib/python3.12/site-packages/torch_neuronx/xla_impl/hlo_conversion.py:470: UserWarning: Received an input tensor that was unused or used in a non-static way when traced so the tensor will be ignored. (index=1, shape=torch.Size([1, 4096]), dtype=torch.int32). The non-static usage could happen when the traced function expects the input tensor's shape to change (i.e., using the shape to do index slicing), which is not allowed by inference trace expecting static input shapes.
  warnings.warn(
INFO:Neuron:Finished generating HLO for context_encoding_model in 8.174200296401978 seconds, input example shape = torch.Size([1, 256])
INFO:Neuron:generating HLO: context_encoding_model, input example shape = torch.Size([1, 256])
/opt/aws_neuronx_venv_pytorch_inference_vllm_0_16/lib/python3.12/site-packages/torch_neuronx/xla_impl/hlo_conversion.py:470: UserWarning: Received an input tensor that was unused or used in a non-static way when traced so the tensor will be ignored. (index=1, shape=torch.Size([1, 8192]), dtype=torch.int32). The non-static usage could happen when the traced function expects the input tensor's shape to change (i.e., using the shape to do index slicing), which is not allowed by inference trace expecting static input shapes.
  warnings.warn(
INFO:Neuron:Finished generating HLO for context_encoding_model in 8.388284921646118 seconds, input example shape = torch.Size([1, 256])
INFO:Neuron:generating HLO: context_encoding_model, input example shape = torch.Size([1, 512])
INFO:Neuron:Finished generating HLO for context_encoding_model in 8.736860752105713 seconds, input example shape = torch.Size([1, 512])
INFO:Neuron:generating HLO: context_encoding_model, input example shape = torch.Size([1, 512])
/opt/aws_neuronx_venv_pytorch_inference_vllm_0_16/lib/python3.12/site-packages/torch_neuronx/xla_impl/hlo_conversion.py:470: UserWarning: Received an input tensor that was unused or used in a non-static way when traced so the tensor will be ignored. (index=1, shape=torch.Size([1, 256]), dtype=torch.int32). The non-static usage could happen when the traced function expects the input tensor's shape to change (i.e., using the shape to do index slicing), which is not allowed by inference trace expecting static input shapes.
  warnings.warn(
INFO:Neuron:Finished generating HLO for context_encoding_model in 8.125156879425049 seconds, input example shape = torch.Size([1, 512])
INFO:Neuron:generating HLO: context_encoding_model, input example shape = torch.Size([1, 512])
INFO:Neuron:Finished generating HLO for context_encoding_model in 8.420435905456543 seconds, input example shape = torch.Size([1, 512])
INFO:Neuron:generating HLO: context_encoding_model, input example shape = torch.Size([1, 512])
INFO:Neuron:Finished generating HLO for context_encoding_model in 8.180591344833374 seconds, input example shape = torch.Size([1, 512])
INFO:Neuron:generating HLO: context_encoding_model, input example shape = torch.Size([1, 512])
INFO:Neuron:Finished generating HLO for context_encoding_model in 8.415868520736694 seconds, input example shape = torch.Size([1, 512])
INFO:Neuron:generating HLO: context_encoding_model, input example shape = torch.Size([1, 512])
INFO:Neuron:Finished generating HLO for context_encoding_model in 8.215194463729858 seconds, input example shape = torch.Size([1, 512])
INFO:Neuron:generating HLO: context_encoding_model, input example shape = torch.Size([1, 512])
INFO:Neuron:Finished generating HLO for context_encoding_model in 8.25331735610962 seconds, input example shape = torch.Size([1, 512])
INFO:Neuron:generating HLO: context_encoding_model, input example shape = torch.Size([1, 512])
/opt/aws_neuronx_venv_pytorch_inference_vllm_0_16/lib/python3.12/site-packages/torch_neuronx/xla_impl/hlo_conversion.py:470: UserWarning: Received an input tensor that was unused or used in a non-static way when traced so the tensor will be ignored. (index=1, shape=torch.Size([1, 16384]), dtype=torch.int32). The non-static usage could happen when the traced function expects the input tensor's shape to change (i.e., using the shape to do index slicing), which is not allowed by inference trace expecting static input shapes.
  warnings.warn(
INFO:Neuron:Finished generating HLO for context_encoding_model in 8.537275075912476 seconds, input example shape = torch.Size([1, 512])
INFO:Neuron:Generating 21 hlos for key: token_generation_model
INFO:Neuron:Minimal metadata will be added to HLO
INFO:Neuron:Started loading module token_generation_model
INFO:Neuron:Finished loading module token_generation_model in 4.28007960319519 seconds
INFO:Neuron:generating HLO: token_generation_model, input example shape = torch.Size([1, 1])
/opt/aws_neuronx_venv_pytorch_inference_vllm_0_16/lib/python3.12/site-packages/torch_neuronx/xla_impl/hlo_conversion.py:470: UserWarning: Received an input tensor that was unused or used in a non-static way when traced so the tensor will be ignored. (index=13, shape=torch.Size([1, 1]), dtype=torch.int32). The non-static usage could happen when the traced function expects the input tensor's shape to change (i.e., using the shape to do index slicing), which is not allowed by inference trace expecting static input shapes.
  warnings.warn(
/opt/aws_neuronx_venv_pytorch_inference_vllm_0_16/lib/python3.12/site-packages/torch_neuronx/xla_impl/hlo_conversion.py:470: UserWarning: Received an input tensor that was unused or used in a non-static way when traced so the tensor will be ignored. (index=21, shape=torch.Size([0]), dtype=torch.int32). The non-static usage could happen when the traced function expects the input tensor's shape to change (i.e., using the shape to do index slicing), which is not allowed by inference trace expecting static input shapes.
  warnings.warn(
/opt/aws_neuronx_venv_pytorch_inference_vllm_0_16/lib/python3.12/site-packages/torch_neuronx/xla_impl/hlo_conversion.py:470: UserWarning: Received an input tensor that was unused or used in a non-static way when traced so the tensor will be ignored. (index=27, shape=torch.Size([1]), dtype=torch.int32). The non-static usage could happen when the traced function expects the input tensor's shape to change (i.e., using the shape to do index slicing), which is not allowed by inference trace expecting static input shapes.
  warnings.warn(
/opt/aws_neuronx_venv_pytorch_inference_vllm_0_16/lib/python3.12/site-packages/torch_neuronx/xla_impl/hlo_conversion.py:470: UserWarning: Received an input tensor that was unused or used in a non-static way when traced so the tensor will be ignored. (index=28, shape=torch.Size([1]), dtype=torch.int32). The non-static usage could happen when the traced function expects the input tensor's shape to change (i.e., using the shape to do index slicing), which is not allowed by inference trace expecting static input shapes.
  warnings.warn(
INFO:Neuron:Finished generating HLO for token_generation_model in 3.5918874740600586 seconds, input example shape = torch.Size([1, 1])
INFO:Neuron:generating HLO: token_generation_model, input example shape = torch.Size([1, 1])
INFO:Neuron:Finished generating HLO for token_generation_model in 3.619839668273926 seconds, input example shape = torch.Size([1, 1])
INFO:Neuron:generating HLO: token_generation_model, input example shape = torch.Size([1, 1])
INFO:Neuron:Finished generating HLO for token_generation_model in 3.3714966773986816 seconds, input example shape = torch.Size([1, 1])
INFO:Neuron:generating HLO: token_generation_model, input example shape = torch.Size([1, 1])
INFO:Neuron:Finished generating HLO for token_generation_model in 3.356625556945801 seconds, input example shape = torch.Size([1, 1])
INFO:Neuron:generating HLO: token_generation_model, input example shape = torch.Size([1, 1])
INFO:Neuron:Finished generating HLO for token_generation_model in 3.364933490753174 seconds, input example shape = torch.Size([1, 1])
INFO:Neuron:generating HLO: token_generation_model, input example shape = torch.Size([1, 1])
INFO:Neuron:Finished generating HLO for token_generation_model in 3.366818904876709 seconds, input example shape = torch.Size([1, 1])
INFO:Neuron:generating HLO: token_generation_model, input example shape = torch.Size([1, 1])
INFO:Neuron:Finished generating HLO for token_generation_model in 3.6292216777801514 seconds, input example shape = torch.Size([1, 1])
INFO:Neuron:generating HLO: token_generation_model, input example shape = torch.Size([1, 1])
INFO:Neuron:Finished generating HLO for token_generation_model in 3.3570284843444824 seconds, input example shape = torch.Size([1, 1])
INFO:Neuron:generating HLO: token_generation_model, input example shape = torch.Size([1, 1])
INFO:Neuron:Finished generating HLO for token_generation_model in 3.406177520751953 seconds, input example shape = torch.Size([1, 1])
INFO:Neuron:generating HLO: token_generation_model, input example shape = torch.Size([1, 1])
INFO:Neuron:Finished generating HLO for token_generation_model in 3.3644747734069824 seconds, input example shape = torch.Size([1, 1])
INFO:Neuron:generating HLO: token_generation_model, input example shape = torch.Size([1, 1])
INFO:Neuron:Finished generating HLO for token_generation_model in 3.3512368202209473 seconds, input example shape = torch.Size([1, 1])
INFO:Neuron:generating HLO: token_generation_model, input example shape = torch.Size([1, 1])
INFO:Neuron:Finished generating HLO for token_generation_model in 3.6216256618499756 seconds, input example shape = torch.Size([1, 1])
INFO:Neuron:generating HLO: token_generation_model, input example shape = torch.Size([1, 1])
INFO:Neuron:Finished generating HLO for token_generation_model in 3.3490490913391113 seconds, input example shape = torch.Size([1, 1])
INFO:Neuron:generating HLO: token_generation_model, input example shape = torch.Size([1, 1])
INFO:Neuron:Finished generating HLO for token_generation_model in 3.3571581840515137 seconds, input example shape = torch.Size([1, 1])
INFO:Neuron:generating HLO: token_generation_model, input example shape = torch.Size([1, 1])
INFO:Neuron:Finished generating HLO for token_generation_model in 3.357914447784424 seconds, input example shape = torch.Size([1, 1])
INFO:Neuron:generating HLO: token_generation_model, input example shape = torch.Size([1, 1])
INFO:Neuron:Finished generating HLO for token_generation_model in 3.344320297241211 seconds, input example shape = torch.Size([1, 1])
INFO:Neuron:generating HLO: token_generation_model, input example shape = torch.Size([1, 1])
INFO:Neuron:Finished generating HLO for token_generation_model in 3.620598554611206 seconds, input example shape = torch.Size([1, 1])
INFO:Neuron:generating HLO: token_generation_model, input example shape = torch.Size([1, 1])
INFO:Neuron:Finished generating HLO for token_generation_model in 3.350762367248535 seconds, input example shape = torch.Size([1, 1])
INFO:Neuron:generating HLO: token_generation_model, input example shape = torch.Size([1, 1])
INFO:Neuron:Finished generating HLO for token_generation_model in 3.361877202987671 seconds, input example shape = torch.Size([1, 1])
INFO:Neuron:generating HLO: token_generation_model, input example shape = torch.Size([1, 1])
INFO:Neuron:Finished generating HLO for token_generation_model in 3.352883815765381 seconds, input example shape = torch.Size([1, 1])
INFO:Neuron:generating HLO: token_generation_model, input example shape = torch.Size([1, 1])
INFO:Neuron:Finished generating HLO for token_generation_model in 3.369999408721924 seconds, input example shape = torch.Size([1, 1])
INFO:Neuron:Generated all HLOs in 205.77983832359314 seconds
INFO:Neuron:Removing 48 kernel weights from the frontend attributes
INFO:Neuron:Starting compilation for the priority HLO
INFO:Neuron:'token_generation_model' is the priority model with bucket rank 0
/opt/aws_neuronx_venv_pytorch_inference_vllm_0_16/lib/python3.12/site-packages/libneuronxla/neuron_cc_wrapper.py:284: SyntaxWarning: str format compiler_flags is discouraged as its handling involves repeated joining and splitting, which can easily make mistakes if something is quoted or escaped. Use list[str] instead. Refer to documentation of the Python subprocess module for details.
  warnings.warn(SyntaxWarning(
..............
Compiler status PASS
Neuron NKI - Kernel call: nki_qkv_projection_tkg_impl(hidden = Tensor(shape: (1, 1, 5120), dtype: bfloat16), qkv_w = Tensor(shape: (5120, 1536), dtype: float8_e4m3), norm_w = None, fused_add = False, mlp_prev = None, attn_prev = None, d_head = 256, output_layout = QKVOutputLayout.BSD, eps = 1e-06, norm_type = NormType.NO_NORM, qkvInSB = False, qkv_bias = None, norm_bias = None, hidden_actual = 5120, B = 1, S = 1, H = 5120, num_q_heads = 6, num_kv_heads = 6, quantization_type = QuantizationType.NONE, qkv_w_scales = None, qkv_in_scales = None)
Neuron NKI - Kernel call: nki_qkv_projection_tkg_impl(hidden = Tensor(shape: (1, 1, 5120), dtype: bfloat16), qkv_w = Tensor(shape: (5120, 256), dtype: float8_e4m3), norm_w = None, fused_add = False, mlp_prev = None, attn_prev = None, d_head = 256, output_layout = QKVOutputLayout.BSD, eps = 1e-06, norm_type = NormType.NO_NORM, qkvInSB = False, qkv_bias = None, norm_bias = None, hidden_actual = 5120, B = 1, S = 1, H = 5120, num_q_heads = 1, num_kv_heads = 1, quantization_type = QuantizationType.NONE, qkv_w_scales = None, qkv_in_scales = None)
2026-05-28 07:57:04.000327:  217263  [INFO]: Compilation Successfully Completed for model.MODULE_6efb1e110f9e5a2fd1bb+323faca1.hlo_module.pb
INFO:Neuron:Done compilation for the priority HLO in 278.4299283027649 seconds
2026-05-28 07:57:04.643203: W hilo/hlo_passes/neuron_collective_permute_to_all_gather.cc:30] Platform Version: . Defaulting to 32 cores
INFO:Neuron:Updating the hlo module with optimized layout
2026-05-28 07:57:06.144476: W hilo/hlo_passes/neuron_collective_permute_to_all_gather.cc:30] Platform Version: . Defaulting to 32 cores
INFO:Neuron:Updating the hlo module with optimized layout
2026-05-28 07:57:07.632882: W hilo/hlo_passes/neuron_collective_permute_to_all_gather.cc:30] Platform Version: . Defaulting to 32 cores
INFO:Neuron:Updating the hlo module with optimized layout
2026-05-28 07:57:09.121237: W hilo/hlo_passes/neuron_collective_permute_to_all_gather.cc:30] Platform Version: . Defaulting to 32 cores
INFO:Neuron:Updating the hlo module with optimized layout
2026-05-28 07:57:10.628359: W hilo/hlo_passes/neuron_collective_permute_to_all_gather.cc:30] Platform Version: . Defaulting to 32 cores
INFO:Neuron:Updating the hlo module with optimized layout
2026-05-28 07:57:12.113558: W hilo/hlo_passes/neuron_collective_permute_to_all_gather.cc:30] Platform Version: . Defaulting to 32 cores
INFO:Neuron:Updating the hlo module with optimized layout
2026-05-28 07:57:13.608161: W hilo/hlo_passes/neuron_collective_permute_to_all_gather.cc:30] Platform Version: . Defaulting to 32 cores
INFO:Neuron:Updating the hlo module with optimized layout
2026-05-28 07:57:15.116925: W hilo/hlo_passes/neuron_collective_permute_to_all_gather.cc:30] Platform Version: . Defaulting to 32 cores
INFO:Neuron:Updating the hlo module with optimized layout
2026-05-28 07:57:16.589821: W hilo/hlo_passes/neuron_collective_permute_to_all_gather.cc:30] Platform Version: . Defaulting to 32 cores
INFO:Neuron:Updating the hlo module with optimized layout
2026-05-28 07:57:18.100920: W hilo/hlo_passes/neuron_collective_permute_to_all_gather.cc:30] Platform Version: . Defaulting to 32 cores
INFO:Neuron:Updating the hlo module with optimized layout
2026-05-28 07:57:19.608849: W hilo/hlo_passes/neuron_collective_permute_to_all_gather.cc:30] Platform Version: . Defaulting to 32 cores
INFO:Neuron:Updating the hlo module with optimized layout
2026-05-28 07:57:21.097275: W hilo/hlo_passes/neuron_collective_permute_to_all_gather.cc:30] Platform Version: . Defaulting to 32 cores
INFO:Neuron:Updating the hlo module with optimized layout
2026-05-28 07:57:22.591100: W hilo/hlo_passes/neuron_collective_permute_to_all_gather.cc:30] Platform Version: . Defaulting to 32 cores
INFO:Neuron:Updating the hlo module with optimized layout
2026-05-28 07:57:24.097699: W hilo/hlo_passes/neuron_collective_permute_to_all_gather.cc:30] Platform Version: . Defaulting to 32 cores
INFO:Neuron:Updating the hlo module with optimized layout
2026-05-28 07:57:25.593346: W hilo/hlo_passes/neuron_collective_permute_to_all_gather.cc:30] Platform Version: . Defaulting to 32 cores
INFO:Neuron:Updating the hlo module with optimized layout
2026-05-28 07:57:27.056058: W hilo/hlo_passes/neuron_collective_permute_to_all_gather.cc:30] Platform Version: . Defaulting to 32 cores
INFO:Neuron:Updating the hlo module with optimized layout
2026-05-28 07:57:27.903710: W hilo/hlo_passes/neuron_collective_permute_to_all_gather.cc:30] Platform Version: . Defaulting to 32 cores
INFO:Neuron:Updating the hlo module with optimized layout
2026-05-28 07:57:28.747810: W hilo/hlo_passes/neuron_collective_permute_to_all_gather.cc:30] Platform Version: . Defaulting to 32 cores
INFO:Neuron:Updating the hlo module with optimized layout
2026-05-28 07:57:29.584973: W hilo/hlo_passes/neuron_collective_permute_to_all_gather.cc:30] Platform Version: . Defaulting to 32 cores
INFO:Neuron:Updating the hlo module with optimized layout
2026-05-28 07:57:30.428721: W hilo/hlo_passes/neuron_collective_permute_to_all_gather.cc:30] Platform Version: . Defaulting to 32 cores
INFO:Neuron:Updating the hlo module with optimized layout
2026-05-28 07:57:31.273463: W hilo/hlo_passes/neuron_collective_permute_to_all_gather.cc:30] Platform Version: . Defaulting to 32 cores
INFO:Neuron:Updating the hlo module with optimized layout
2026-05-28 07:57:32.113554: W hilo/hlo_passes/neuron_collective_permute_to_all_gather.cc:30] Platform Version: . Defaulting to 32 cores
INFO:Neuron:Updating the hlo module with optimized layout
2026-05-28 07:57:32.954395: W hilo/hlo_passes/neuron_collective_permute_to_all_gather.cc:30] Platform Version: . Defaulting to 32 cores
INFO:Neuron:Updating the hlo module with optimized layout
2026-05-28 07:57:33.807056: W hilo/hlo_passes/neuron_collective_permute_to_all_gather.cc:30] Platform Version: . Defaulting to 32 cores
INFO:Neuron:Updating the hlo module with optimized layout
2026-05-28 07:57:34.658364: W hilo/hlo_passes/neuron_collective_permute_to_all_gather.cc:30] Platform Version: . Defaulting to 32 cores
INFO:Neuron:Updating the hlo module with optimized layout
2026-05-28 07:57:35.502553: W hilo/hlo_passes/neuron_collective_permute_to_all_gather.cc:30] Platform Version: . Defaulting to 32 cores
INFO:Neuron:Updating the hlo module with optimized layout
2026-05-28 07:57:36.353864: W hilo/hlo_passes/neuron_collective_permute_to_all_gather.cc:30] Platform Version: . Defaulting to 32 cores
INFO:Neuron:Updating the hlo module with optimized layout
2026-05-28 07:57:37.213357: W hilo/hlo_passes/neuron_collective_permute_to_all_gather.cc:30] Platform Version: . Defaulting to 32 cores
INFO:Neuron:Updating the hlo module with optimized layout
2026-05-28 07:57:38.064071: W hilo/hlo_passes/neuron_collective_permute_to_all_gather.cc:30] Platform Version: . Defaulting to 32 cores
INFO:Neuron:Updating the hlo module with optimized layout
2026-05-28 07:57:38.911542: W hilo/hlo_passes/neuron_collective_permute_to_all_gather.cc:30] Platform Version: . Defaulting to 32 cores
INFO:Neuron:Updating the hlo module with optimized layout
2026-05-28 07:57:39.746387: W hilo/hlo_passes/neuron_collective_permute_to_all_gather.cc:30] Platform Version: . Defaulting to 32 cores
INFO:Neuron:Updating the hlo module with optimized layout
2026-05-28 07:57:40.591987: W hilo/hlo_passes/neuron_collective_permute_to_all_gather.cc:30] Platform Version: . Defaulting to 32 cores
INFO:Neuron:Updating the hlo module with optimized layout
2026-05-28 07:57:41.447862: W hilo/hlo_passes/neuron_collective_permute_to_all_gather.cc:30] Platform Version: . Defaulting to 32 cores
INFO:Neuron:Updating the hlo module with optimized layout
2026-05-28 07:57:42.295284: W hilo/hlo_passes/neuron_collective_permute_to_all_gather.cc:30] Platform Version: . Defaulting to 32 cores
INFO:Neuron:Updating the hlo module with optimized layout
2026-05-28 07:57:43.155071: W hilo/hlo_passes/neuron_collective_permute_to_all_gather.cc:30] Platform Version: . Defaulting to 32 cores
INFO:Neuron:Updating the hlo module with optimized layout
INFO:Neuron:Done optimizing weight layout for all HLOs in 39.49553203582764 seconds
INFO:Neuron:Starting compilation for all HLOs
INFO:Neuron:Neuron compiler flags: --enable-saturate-infinity --enable-mixed-precision-accumulation --model-type transformer -O1 --auto-cast=none  --internal-hlo2tensorizer-options=' --experimental-unsafe-fp8e4m3fn-as-fp8e4m3  --verify-hlo=true'  --verbose=35 --logfile=/mnt/trainium_artifacts/qwen_artifacts/_nxd_model_workdir_256k_fp8_full_lmheadfp8_kvfp8_nki_decode_splitqkv_gdnrecbfloat16_sampletokens_b256_20260528T074851Z/context_encoding_model/_tp0_bk0/log-neuron-cc.txt
/opt/aws_neuronx_venv_pytorch_inference_vllm_0_16/lib/python3.12/site-packages/libneuronxla/neuron_cc_wrapper.py:246: SyntaxWarning: str format compiler_flags is discouraged as its handling involves repeated joining and splitting, which can easily make mistakes if something is quoted or escaped. Use list[str] instead. Refer to documentation of the Python subprocess module for details.
  warnings.warn(SyntaxWarning(
INFO:Neuron:Neuron compiler flags: --enable-saturate-infinity --enable-mixed-precision-accumulation --model-type transformer -O1 --auto-cast=none  --internal-hlo2tensorizer-options=' --experimental-unsafe-fp8e4m3fn-as-fp8e4m3  --verify-hlo=true'  --verbose=35 --logfile=/mnt/trainium_artifacts/qwen_artifacts/_nxd_model_workdir_256k_fp8_full_lmheadfp8_kvfp8_nki_decode_splitqkv_gdnrecbfloat16_sampletokens_b256_20260528T074851Z/context_encoding_model/_tp0_bk1/log-neuron-cc.txt
INFO:Neuron:Neuron compiler flags: --enable-saturate-infinity --enable-mixed-precision-accumulation --model-type transformer -O1 --auto-cast=none  --internal-hlo2tensorizer-options=' --experimental-unsafe-fp8e4m3fn-as-fp8e4m3  --verify-hlo=true'  --verbose=35 --logfile=/mnt/trainium_artifacts/qwen_artifacts/_nxd_model_workdir_256k_fp8_full_lmheadfp8_kvfp8_nki_decode_splitqkv_gdnrecbfloat16_sampletokens_b256_20260528T074851Z/context_encoding_model/_tp0_bk2/log-neuron-cc.txt
INFO:Neuron:Neuron compiler flags: --enable-saturate-infinity --enable-mixed-precision-accumulation --model-type transformer -O1 --auto-cast=none  --internal-hlo2tensorizer-options=' --experimental-unsafe-fp8e4m3fn-as-fp8e4m3  --verify-hlo=true'  --verbose=35 --logfile=/mnt/trainium_artifacts/qwen_artifacts/_nxd_model_workdir_256k_fp8_full_lmheadfp8_kvfp8_nki_decode_splitqkv_gdnrecbfloat16_sampletokens_b256_20260528T074851Z/context_encoding_model/_tp0_bk3/log-neuron-cc.txt
/opt/aws_neuronx_venv_pytorch_inference_vllm_0_16/lib/python3.12/site-packages/libneuronxla/neuron_cc_wrapper.py:246: SyntaxWarning: str format compiler_flags is discouraged as its handling involves repeated joining and splitting, which can easily make mistakes if something is quoted or escaped. Use list[str] instead. Refer to documentation of the Python subprocess module for details.
  warnings.warn(SyntaxWarning(
INFO:Neuron:Neuron compiler flags: --enable-saturate-infinity --enable-mixed-precision-accumulation --model-type transformer -O1 --auto-cast=none  --internal-hlo2tensorizer-options=' --experimental-unsafe-fp8e4m3fn-as-fp8e4m3  --verify-hlo=true'  --verbose=35 --logfile=/mnt/trainium_artifacts/qwen_artifacts/_nxd_model_workdir_256k_fp8_full_lmheadfp8_kvfp8_nki_decode_splitqkv_gdnrecbfloat16_sampletokens_b256_20260528T074851Z/context_encoding_model/_tp0_bk4/log-neuron-cc.txt
..INFO:Neuron:Neuron compiler flags: --enable-saturate-infinity --enable-mixed-precision-accumulation --model-type transformer -O1 --auto-cast=none  --internal-hlo2tensorizer-options=' --experimental-unsafe-fp8e4m3fn-as-fp8e4m3  --verify-hlo=true'  --verbose=35 --logfile=/mnt/trainium_artifacts/qwen_artifacts/_nxd_model_workdir_256k_fp8_full_lmheadfp8_kvfp8_nki_decode_splitqkv_gdnrecbfloat16_sampletokens_b256_20260528T074851Z/context_encoding_model/_tp0_bk5/log-neuron-cc.txt
/opt/aws_neuronx_venv_pytorch_inference_vllm_0_16/lib/python3.12/site-packages/libneuronxla/neuron_cc_wrapper.py:246: SyntaxWarning: str format compiler_flags is discouraged as its handling involves repeated joining and splitting, which can easily make mistakes if something is quoted or escaped. Use list[str] instead. Refer to documentation of the Python subprocess module for details.
  warnings.warn(SyntaxWarning(
INFO:Neuron:Neuron compiler flags: --enable-saturate-infinity --enable-mixed-precision-accumulation --model-type transformer -O1 --auto-cast=none  --internal-hlo2tensorizer-options=' --experimental-unsafe-fp8e4m3fn-as-fp8e4m3  --verify-hlo=true'  --verbose=35 --logfile=/mnt/trainium_artifacts/qwen_artifacts/_nxd_model_workdir_256k_fp8_full_lmheadfp8_kvfp8_nki_decode_splitqkv_gdnrecbfloat16_sampletokens_b256_20260528T074851Z/context_encoding_model/_tp0_bk6/log-neuron-cc.txt
..INFO:Neuron:Neuron compiler flags: --enable-saturate-infinity --enable-mixed-precision-accumulation --model-type transformer -O1 --auto-cast=none  --internal-hlo2tensorizer-options=' --experimental-unsafe-fp8e4m3fn-as-fp8e4m3  --verify-hlo=true'  --verbose=35 --logfile=/mnt/trainium_artifacts/qwen_artifacts/_nxd_model_workdir_256k_fp8_full_lmheadfp8_kvfp8_nki_decode_splitqkv_gdnrecbfloat16_sampletokens_b256_20260528T074851Z/context_encoding_model/_tp0_bk7/log-neuron-cc.txt
/opt/aws_neuronx_venv_pytorch_inference_vllm_0_16/lib/python3.12/site-packages/libneuronxla/neuron_cc_wrapper.py:246: SyntaxWarning: str format compiler_flags is discouraged as its handling involves repeated joining and splitting, which can easily make mistakes if something is quoted or escaped. Use list[str] instead. Refer to documentation of the Python subprocess module for details.
  warnings.warn(SyntaxWarning(
INFO:Neuron:Neuron compiler flags: --enable-saturate-infinity --enable-mixed-precision-accumulation --model-type transformer -O1 --auto-cast=none  --internal-hlo2tensorizer-options=' --experimental-unsafe-fp8e4m3fn-as-fp8e4m3  --verify-hlo=true'  --verbose=35 --logfile=/mnt/trainium_artifacts/qwen_artifacts/_nxd_model_workdir_256k_fp8_full_lmheadfp8_kvfp8_nki_decode_splitqkv_gdnrecbfloat16_sampletokens_b256_20260528T074851Z/context_encoding_model/_tp0_bk8/log-neuron-cc.txt
/opt/aws_neuronx_venv_pytorch_inference_vllm_0_16/lib/python3.12/site-packages/libneuronxla/neuron_cc_wrapper.py:246: SyntaxWarning: str format compiler_flags is discouraged as its handling involves repeated joining and splitting, which can easily make mistakes if something is quoted or escaped. Use list[str] instead. Refer to documentation of the Python subprocess module for details.
  warnings.warn(SyntaxWarning(
.INFO:Neuron:Neuron compiler flags: --enable-saturate-infinity --enable-mixed-precision-accumulation --model-type transformer -O1 --auto-cast=none  --internal-hlo2tensorizer-options=' --experimental-unsafe-fp8e4m3fn-as-fp8e4m3  --verify-hlo=true'  --verbose=35 --logfile=/mnt/trainium_artifacts/qwen_artifacts/_nxd_model_workdir_256k_fp8_full_lmheadfp8_kvfp8_nki_decode_splitqkv_gdnrecbfloat16_sampletokens_b256_20260528T074851Z/context_encoding_model/_tp0_bk9/log-neuron-cc.txt
/opt/aws_neuronx_venv_pytorch_inference_vllm_0_16/lib/python3.12/site-packages/libneuronxla/neuron_cc_wrapper.py:246: SyntaxWarning: str format compiler_flags is discouraged as its handling involves repeated joining and splitting, which can easily make mistakes if something is quoted or escaped. Use list[str] instead. Refer to documentation of the Python subprocess module for details.
  warnings.warn(SyntaxWarning(
.INFO:Neuron:Neuron compiler flags: --enable-saturate-infinity --enable-mixed-precision-accumulation --model-type transformer -O1 --auto-cast=none  --internal-hlo2tensorizer-options=' --experimental-unsafe-fp8e4m3fn-as-fp8e4m3  --verify-hlo=true'  --verbose=35 --logfile=/mnt/trainium_artifacts/qwen_artifacts/_nxd_model_workdir_256k_fp8_full_lmheadfp8_kvfp8_nki_decode_splitqkv_gdnrecbfloat16_sampletokens_b256_20260528T074851Z/context_encoding_model/_tp0_bk10/log-neuron-cc.txt
/opt/aws_neuronx_venv_pytorch_inference_vllm_0_16/lib/python3.12/site-packages/libneuronxla/neuron_cc_wrapper.py:246: SyntaxWarning: str format compiler_flags is discouraged as its handling involves repeated joining and splitting, which can easily make mistakes if something is quoted or escaped. Use list[str] instead. Refer to documentation of the Python subprocess module for details.
  warnings.warn(SyntaxWarning(
..INFO:Neuron:Neuron compiler flags: --enable-saturate-infinity --enable-mixed-precision-accumulation --model-type transformer -O1 --auto-cast=none  --internal-hlo2tensorizer-options=' --experimental-unsafe-fp8e4m3fn-as-fp8e4m3  --verify-hlo=true'  --verbose=35 --logfile=/mnt/trainium_artifacts/qwen_artifacts/_nxd_model_workdir_256k_fp8_full_lmheadfp8_kvfp8_nki_decode_splitqkv_gdnrecbfloat16_sampletokens_b256_20260528T074851Z/context_encoding_model/_tp0_bk11/log-neuron-cc.txt
/opt/aws_neuronx_venv_pytorch_inference_vllm_0_16/lib/python3.12/site-packages/libneuronxla/neuron_cc_wrapper.py:246: SyntaxWarning: str format compiler_flags is discouraged as its handling involves repeated joining and splitting, which can easily make mistakes if something is quoted or escaped. Use list[str] instead. Refer to documentation of the Python subprocess module for details.
  warnings.warn(SyntaxWarning(
.INFO:Neuron:Neuron compiler flags: --enable-saturate-infinity --enable-mixed-precision-accumulation --model-type transformer -O1 --auto-cast=none  --internal-hlo2tensorizer-options=' --experimental-unsafe-fp8e4m3fn-as-fp8e4m3  --verify-hlo=true'  --verbose=35 --logfile=/mnt/trainium_artifacts/qwen_artifacts/_nxd_model_workdir_256k_fp8_full_lmheadfp8_kvfp8_nki_decode_splitqkv_gdnrecbfloat16_sampletokens_b256_20260528T074851Z/context_encoding_model/_tp0_bk12/log-neuron-cc.txt
/opt/aws_neuronx_venv_pytorch_inference_vllm_0_16/lib/python3.12/site-packages/libneuronxla/neuron_cc_wrapper.py:246: SyntaxWarning: str format compiler_flags is discouraged as its handling involves repeated joining and splitting, which can easily make mistakes if something is quoted or escaped. Use list[str] instead. Refer to documentation of the Python subprocess module for details.
  warnings.warn(SyntaxWarning(
.INFO:Neuron:Neuron compiler flags: --enable-saturate-infinity --enable-mixed-precision-accumulation --model-type transformer -O1 --auto-cast=none  --internal-hlo2tensorizer-options=' --experimental-unsafe-fp8e4m3fn-as-fp8e4m3  --verify-hlo=true'  --verbose=35 --logfile=/mnt/trainium_artifacts/qwen_artifacts/_nxd_model_workdir_256k_fp8_full_lmheadfp8_kvfp8_nki_decode_splitqkv_gdnrecbfloat16_sampletokens_b256_20260528T074851Z/context_encoding_model/_tp0_bk13/log-neuron-cc.txt
/opt/aws_neuronx_venv_pytorch_inference_vllm_0_16/lib/python3.12/site-packages/libneuronxla/neuron_cc_wrapper.py:246: SyntaxWarning: str format compiler_flags is discouraged as its handling involves repeated joining and splitting, which can easily make mistakes if something is quoted or escaped. Use list[str] instead. Refer to documentation of the Python subprocess module for details.
  warnings.warn(SyntaxWarning(
...INFO:Neuron:Neuron compiler flags: --enable-saturate-infinity --enable-mixed-precision-accumulation --model-type transformer -O1 --auto-cast=none  --internal-hlo2tensorizer-options=' --experimental-unsafe-fp8e4m3fn-as-fp8e4m3  --verify-hlo=true'  --verbose=35 --logfile=/mnt/trainium_artifacts/qwen_artifacts/_nxd_model_workdir_256k_fp8_full_lmheadfp8_kvfp8_nki_decode_splitqkv_gdnrecbfloat16_sampletokens_b256_20260528T074851Z/context_encoding_model/_tp0_bk14/log-neuron-cc.txt
/opt/aws_neuronx_venv_pytorch_inference_vllm_0_16/lib/python3.12/site-packages/libneuronxla/neuron_cc_wrapper.py:246: SyntaxWarning: str format compiler_flags is discouraged as its handling involves repeated joining and splitting, which can easily make mistakes if something is quoted or escaped. Use list[str] instead. Refer to documentation of the Python subprocess module for details.
  warnings.warn(SyntaxWarning(
.INFO:Neuron:Neuron compiler flags: --enable-saturate-infinity --enable-mixed-precision-accumulation --model-type transformer -O1 --auto-cast=none  --internal-hlo2tensorizer-options=' --experimental-unsafe-fp8e4m3fn-as-fp8e4m3  --verify-hlo=true'  --verbose=35 --logfile=/mnt/trainium_artifacts/qwen_artifacts/_nxd_model_workdir_256k_fp8_full_lmheadfp8_kvfp8_nki_decode_splitqkv_gdnrecbfloat16_sampletokens_b256_20260528T074851Z/token_generation_model/_tp0_bk1/log-neuron-cc.txt
INFO:Neuron:Neuron compiler flags: --enable-saturate-infinity --enable-mixed-precision-accumulation --model-type transformer -O1 --auto-cast=none  --internal-hlo2tensorizer-options=' --experimental-unsafe-fp8e4m3fn-as-fp8e4m3  --verify-hlo=true'  --verbose=35 --logfile=/mnt/trainium_artifacts/qwen_artifacts/_nxd_model_workdir_256k_fp8_full_lmheadfp8_kvfp8_nki_decode_splitqkv_gdnrecbfloat16_sampletokens_b256_20260528T074851Z/token_generation_model/_tp0_bk2/log-neuron-cc.txt
INFO:Neuron:Neuron compiler flags: --enable-saturate-infinity --enable-mixed-precision-accumulation --model-type transformer -O1 --auto-cast=none  --internal-hlo2tensorizer-options=' --experimental-unsafe-fp8e4m3fn-as-fp8e4m3  --verify-hlo=true'  --verbose=35 --logfile=/mnt/trainium_artifacts/qwen_artifacts/_nxd_model_workdir_256k_fp8_full_lmheadfp8_kvfp8_nki_decode_splitqkv_gdnrecbfloat16_sampletokens_b256_20260528T074851Z/token_generation_model/_tp0_bk3/log-neuron-cc.txt
/opt/aws_neuronx_venv_pytorch_inference_vllm_0_16/lib/python3.12/site-packages/libneuronxla/neuron_cc_wrapper.py:246: SyntaxWarning: str format compiler_flags is discouraged as its handling involves repeated joining and splitting, which can easily make mistakes if something is quoted or escaped. Use list[str] instead. Refer to documentation of the Python subprocess module for details.
  warnings.warn(SyntaxWarning(
INFO:Neuron:Neuron compiler flags: --enable-saturate-infinity --enable-mixed-precision-accumulation --model-type transformer -O1 --auto-cast=none  --internal-hlo2tensorizer-options=' --experimental-unsafe-fp8e4m3fn-as-fp8e4m3  --verify-hlo=true'  --verbose=35 --logfile=/mnt/trainium_artifacts/qwen_artifacts/_nxd_model_workdir_256k_fp8_full_lmheadfp8_kvfp8_nki_decode_splitqkv_gdnrecbfloat16_sampletokens_b256_20260528T074851Z/token_generation_model/_tp0_bk4/log-neuron-cc.txt
/opt/aws_neuronx_venv_pytorch_inference_vllm_0_16/lib/python3.12/site-packages/libneuronxla/neuron_cc_wrapper.py:246: SyntaxWarning: str format compiler_flags is discouraged as its handling involves repeated joining and splitting, which can easily make mistakes if something is quoted or escaped. Use list[str] instead. Refer to documentation of the Python subprocess module for details.
  warnings.warn(SyntaxWarning(
INFO:Neuron:Neuron compiler flags: --enable-saturate-infinity --enable-mixed-precision-accumulation --model-type transformer -O1 --auto-cast=none  --internal-hlo2tensorizer-options=' --experimental-unsafe-fp8e4m3fn-as-fp8e4m3  --verify-hlo=true'  --verbose=35 --logfile=/mnt/trainium_artifacts/qwen_artifacts/_nxd_model_workdir_256k_fp8_full_lmheadfp8_kvfp8_nki_decode_splitqkv_gdnrecbfloat16_sampletokens_b256_20260528T074851Z/token_generation_model/_tp0_bk5/log-neuron-cc.txt
INFO:Neuron:Neuron compiler flags: --enable-saturate-infinity --enable-mixed-precision-accumulation --model-type transformer -O1 --auto-cast=none  --internal-hlo2tensorizer-options=' --experimental-unsafe-fp8e4m3fn-as-fp8e4m3  --verify-hlo=true'  --verbose=35 --logfile=/mnt/trainium_artifacts/qwen_artifacts/_nxd_model_workdir_256k_fp8_full_lmheadfp8_kvfp8_nki_decode_splitqkv_gdnrecbfloat16_sampletokens_b256_20260528T074851Z/token_generation_model/_tp0_bk6/log-neuron-cc.txt
/opt/aws_neuronx_venv_pytorch_inference_vllm_0_16/lib/python3.12/site-packages/libneuronxla/neuron_cc_wrapper.py:246: SyntaxWarning: str format compiler_flags is discouraged as its handling involves repeated joining and splitting, which can easily make mistakes if something is quoted or escaped. Use list[str] instead. Refer to documentation of the Python subprocess module for details.
  warnings.warn(SyntaxWarning(
.INFO:Neuron:Neuron compiler flags: --enable-saturate-infinity --enable-mixed-precision-accumulation --model-type transformer -O1 --auto-cast=none  --internal-hlo2tensorizer-options=' --experimental-unsafe-fp8e4m3fn-as-fp8e4m3  --verify-hlo=true'  --verbose=35 --logfile=/mnt/trainium_artifacts/qwen_artifacts/_nxd_model_workdir_256k_fp8_full_lmheadfp8_kvfp8_nki_decode_splitqkv_gdnrecbfloat16_sampletokens_b256_20260528T074851Z/token_generation_model/_tp0_bk7/log-neuron-cc.txt
/opt/aws_neuronx_venv_pytorch_inference_vllm_0_16/lib/python3.12/site-packages/libneuronxla/neuron_cc_wrapper.py:246: SyntaxWarning: str format compiler_flags is discouraged as its handling involves repeated joining and splitting, which can easily make mistakes if something is quoted or escaped. Use list[str] instead. Refer to documentation of the Python subprocess module for details.
  warnings.warn(SyntaxWarning(
INFO:Neuron:Neuron compiler flags: --enable-saturate-infinity --enable-mixed-precision-accumulation --model-type transformer -O1 --auto-cast=none  --internal-hlo2tensorizer-options=' --experimental-unsafe-fp8e4m3fn-as-fp8e4m3  --verify-hlo=true'  --verbose=35 --logfile=/mnt/trainium_artifacts/qwen_artifacts/_nxd_model_workdir_256k_fp8_full_lmheadfp8_kvfp8_nki_decode_splitqkv_gdnrecbfloat16_sampletokens_b256_20260528T074851Z/token_generation_model/_tp0_bk8/log-neuron-cc.txt
/opt/aws_neuronx_venv_pytorch_inference_vllm_0_16/lib/python3.12/site-packages/libneuronxla/neuron_cc_wrapper.py:246: SyntaxWarning: str format compiler_flags is discouraged as its handling involves repeated joining and splitting, which can easily make mistakes if something is quoted or escaped. Use list[str] instead. Refer to documentation of the Python subprocess module for details.
  warnings.warn(SyntaxWarning(
...INFO:Neuron:Neuron compiler flags: --enable-saturate-infinity --enable-mixed-precision-accumulation --model-type transformer -O1 --auto-cast=none  --internal-hlo2tensorizer-options=' --experimental-unsafe-fp8e4m3fn-as-fp8e4m3  --verify-hlo=true'  --verbose=35 --logfile=/mnt/trainium_artifacts/qwen_artifacts/_nxd_model_workdir_256k_fp8_full_lmheadfp8_kvfp8_nki_decode_splitqkv_gdnrecbfloat16_sampletokens_b256_20260528T074851Z/token_generation_model/_tp0_bk9/log-neuron-cc.txt
INFO:Neuron:Neuron compiler flags: --enable-saturate-infinity --enable-mixed-precision-accumulation --model-type transformer -O1 --auto-cast=none  --internal-hlo2tensorizer-options=' --experimental-unsafe-fp8e4m3fn-as-fp8e4m3  --verify-hlo=true'  --verbose=35 --logfile=/mnt/trainium_artifacts/qwen_artifacts/_nxd_model_workdir_256k_fp8_full_lmheadfp8_kvfp8_nki_decode_splitqkv_gdnrecbfloat16_sampletokens_b256_20260528T074851Z/token_generation_model/_tp0_bk10/log-neuron-cc.txt
/opt/aws_neuronx_venv_pytorch_inference_vllm_0_16/lib/python3.12/site-packages/libneuronxla/neuron_cc_wrapper.py:246: SyntaxWarning: str format compiler_flags is discouraged as its handling involves repeated joining and splitting, which can easily make mistakes if something is quoted or escaped. Use list[str] instead. Refer to documentation of the Python subprocess module for details.
  warnings.warn(SyntaxWarning(
.INFO:Neuron:Neuron compiler flags: --enable-saturate-infinity --enable-mixed-precision-accumulation --model-type transformer -O1 --auto-cast=none  --internal-hlo2tensorizer-options=' --experimental-unsafe-fp8e4m3fn-as-fp8e4m3  --verify-hlo=true'  --verbose=35 --logfile=/mnt/trainium_artifacts/qwen_artifacts/_nxd_model_workdir_256k_fp8_full_lmheadfp8_kvfp8_nki_decode_splitqkv_gdnrecbfloat16_sampletokens_b256_20260528T074851Z/token_generation_model/_tp0_bk11/log-neuron-cc.txt
/opt/aws_neuronx_venv_pytorch_inference_vllm_0_16/lib/python3.12/site-packages/libneuronxla/neuron_cc_wrapper.py:246: SyntaxWarning: str format compiler_flags is discouraged as its handling involves repeated joining and splitting, which can easily make mistakes if something is quoted or escaped. Use list[str] instead. Refer to documentation of the Python subprocess module for details.
  warnings.warn(SyntaxWarning(
..INFO:Neuron:Neuron compiler flags: --enable-saturate-infinity --enable-mixed-precision-accumulation --model-type transformer -O1 --auto-cast=none  --internal-hlo2tensorizer-options=' --experimental-unsafe-fp8e4m3fn-as-fp8e4m3  --verify-hlo=true'  --verbose=35 --logfile=/mnt/trainium_artifacts/qwen_artifacts/_nxd_model_workdir_256k_fp8_full_lmheadfp8_kvfp8_nki_decode_splitqkv_gdnrecbfloat16_sampletokens_b256_20260528T074851Z/token_generation_model/_tp0_bk12/log-neuron-cc.txt
.INFO:Neuron:Neuron compiler flags: --enable-saturate-infinity --enable-mixed-precision-accumulation --model-type transformer -O1 --auto-cast=none  --internal-hlo2tensorizer-options=' --experimental-unsafe-fp8e4m3fn-as-fp8e4m3  --verify-hlo=true'  --verbose=35 --logfile=/mnt/trainium_artifacts/qwen_artifacts/_nxd_model_workdir_256k_fp8_full_lmheadfp8_kvfp8_nki_decode_splitqkv_gdnrecbfloat16_sampletokens_b256_20260528T074851Z/token_generation_model/_tp0_bk13/log-neuron-cc.txt
.INFO:Neuron:Neuron compiler flags: --enable-saturate-infinity --enable-mixed-precision-accumulation --model-type transformer -O1 --auto-cast=none  --internal-hlo2tensorizer-options=' --experimental-unsafe-fp8e4m3fn-as-fp8e4m3  --verify-hlo=true'  --verbose=35 --logfile=/mnt/trainium_artifacts/qwen_artifacts/_nxd_model_workdir_256k_fp8_full_lmheadfp8_kvfp8_nki_decode_splitqkv_gdnrecbfloat16_sampletokens_b256_20260528T074851Z/token_generation_model/_tp0_bk14/log-neuron-cc.txt
INFO:Neuron:Neuron compiler flags: --enable-saturate-infinity --enable-mixed-precision-accumulation --model-type transformer -O1 --auto-cast=none  --internal-hlo2tensorizer-options=' --experimental-unsafe-fp8e4m3fn-as-fp8e4m3  --verify-hlo=true'  --verbose=35 --logfile=/mnt/trainium_artifacts/qwen_artifacts/_nxd_model_workdir_256k_fp8_full_lmheadfp8_kvfp8_nki_decode_splitqkv_gdnrecbfloat16_sampletokens_b256_20260528T074851Z/token_generation_model/_tp0_bk15/log-neuron-cc.txt
/opt/aws_neuronx_venv_pytorch_inference_vllm_0_16/lib/python3.12/site-packages/libneuronxla/neuron_cc_wrapper.py:246: SyntaxWarning: str format compiler_flags is discouraged as its handling involves repeated joining and splitting, which can easily make mistakes if something is quoted or escaped. Use list[str] instead. Refer to documentation of the Python subprocess module for details.
  warnings.warn(SyntaxWarning(
...INFO:Neuron:Neuron compiler flags: --enable-saturate-infinity --enable-mixed-precision-accumulation --model-type transformer -O1 --auto-cast=none  --internal-hlo2tensorizer-options=' --experimental-unsafe-fp8e4m3fn-as-fp8e4m3  --verify-hlo=true'  --verbose=35 --logfile=/mnt/trainium_artifacts/qwen_artifacts/_nxd_model_workdir_256k_fp8_full_lmheadfp8_kvfp8_nki_decode_splitqkv_gdnrecbfloat16_sampletokens_b256_20260528T074851Z/token_generation_model/_tp0_bk16/log-neuron-cc.txt
/opt/aws_neuronx_venv_pytorch_inference_vllm_0_16/lib/python3.12/site-packages/libneuronxla/neuron_cc_wrapper.py:246: SyntaxWarning: str format compiler_flags is discouraged as its handling involves repeated joining and splitting, which can easily make mistakes if something is quoted or escaped. Use list[str] instead. Refer to documentation of the Python subprocess module for details.
  warnings.warn(SyntaxWarning(
.INFO:Neuron:Neuron compiler flags: --enable-saturate-infinity --enable-mixed-precision-accumulation --model-type transformer -O1 --auto-cast=none  --internal-hlo2tensorizer-options=' --experimental-unsafe-fp8e4m3fn-as-fp8e4m3  --verify-hlo=true'  --verbose=35 --logfile=/mnt/trainium_artifacts/qwen_artifacts/_nxd_model_workdir_256k_fp8_full_lmheadfp8_kvfp8_nki_decode_splitqkv_gdnrecbfloat16_sampletokens_b256_20260528T074851Z/token_generation_model/_tp0_bk17/log-neuron-cc.txt
.INFO:Neuron:Neuron compiler flags: --enable-saturate-infinity --enable-mixed-precision-accumulation --model-type transformer -O1 --auto-cast=none  --internal-hlo2tensorizer-options=' --experimental-unsafe-fp8e4m3fn-as-fp8e4m3  --verify-hlo=true'  --verbose=35 --logfile=/mnt/trainium_artifacts/qwen_artifacts/_nxd_model_workdir_256k_fp8_full_lmheadfp8_kvfp8_nki_decode_splitqkv_gdnrecbfloat16_sampletokens_b256_20260528T074851Z/token_generation_model/_tp0_bk18/log-neuron-cc.txt
INFO:Neuron:Neuron compiler flags: --enable-saturate-infinity --enable-mixed-precision-accumulation --model-type transformer -O1 --auto-cast=none  --internal-hlo2tensorizer-options=' --experimental-unsafe-fp8e4m3fn-as-fp8e4m3  --verify-hlo=true'  --verbose=35 --logfile=/mnt/trainium_artifacts/qwen_artifacts/_nxd_model_workdir_256k_fp8_full_lmheadfp8_kvfp8_nki_decode_splitqkv_gdnrecbfloat16_sampletokens_b256_20260528T074851Z/token_generation_model/_tp0_bk19/log-neuron-cc.txt
INFO:Neuron:Neuron compiler flags: --enable-saturate-infinity --enable-mixed-precision-accumulation --model-type transformer -O1 --auto-cast=none  --internal-hlo2tensorizer-options=' --experimental-unsafe-fp8e4m3fn-as-fp8e4m3  --verify-hlo=true'  --verbose=35 --logfile=/mnt/trainium_artifacts/qwen_artifacts/_nxd_model_workdir_256k_fp8_full_lmheadfp8_kvfp8_nki_decode_splitqkv_gdnrecbfloat16_sampletokens_b256_20260528T074851Z/token_generation_model/_tp0_bk20/log-neuron-cc.txt
......................................................................................
Compiler status PASS
...2026-05-28 07:59:20.000150:  217263  [INFO]: Compilation Successfully Completed for model.MODULE_3e7d2971094b7cd28f7a+ab4e3454.hlo_module.pb
/opt/aws_neuronx_venv_pytorch_inference_vllm_0_16/lib/python3.12/site-packages/libneuronxla/neuron_cc_wrapper.py:246: SyntaxWarning: str format compiler_flags is discouraged as its handling involves repeated joining and splitting, which can easily make mistakes if something is quoted or escaped. Use list[str] instead. Refer to documentation of the Python subprocess module for details.
  warnings.warn(SyntaxWarning(
.........................................................................................
Compiler status PASS
2026-05-28 08:00:16.000209:  217263  [INFO]: Compilation Successfully Completed for model.MODULE_5b460a8a8058980192d9+a6e9a894.hlo_module.pb
/opt/aws_neuronx_venv_pytorch_inference_vllm_0_16/lib/python3.12/site-packages/libneuronxla/neuron_cc_wrapper.py:246: SyntaxWarning: str format compiler_flags is discouraged as its handling involves repeated joining and splitting, which can easily make mistakes if something is quoted or escaped. Use list[str] instead. Refer to documentation of the Python subprocess module for details.
  warnings.warn(SyntaxWarning(
.....
Compiler status PASS
.....
Compiler status PASS
2026-05-28 08:00:21.000076:  217263  [INFO]: Compilation Successfully Completed for model.MODULE_dbfa063c1a31b31657a1+ae18f055.hlo_module.pb
/opt/aws_neuronx_venv_pytorch_inference_vllm_0_16/lib/python3.12/site-packages/libneuronxla/neuron_cc_wrapper.py:246: SyntaxWarning: str format compiler_flags is discouraged as its handling involves repeated joining and splitting, which can easily make mistakes if something is quoted or escaped. Use list[str] instead. Refer to documentation of the Python subprocess module for details.
  warnings.warn(SyntaxWarning(
...2026-05-28 08:00:21.000940:  217263  [INFO]: Compilation Successfully Completed for model.MODULE_46ef55fed83c1ef34ae8+fe8d8869.hlo_module.pb
..................
Compiler status PASS
2026-05-28 08:00:32.000361:  217263  [INFO]: Compilation Successfully Completed for model.MODULE_9b8721fc781ba46bcbea+9380854d.hlo_module.pb
.
Compiler status PASS
.2026-05-28 08:00:35.000076:  217263  [INFO]: Compilation Successfully Completed for model.MODULE_da61b66a2abac32dac6e+f7732593.hlo_module.pb
.
Compiler status PASS
.2026-05-28 08:00:39.000132:  217263  [INFO]: Compilation Successfully Completed for model.MODULE_097ebc874ac2fcbedfb6+08bd589b.hlo_module.pb
......................
Compiler status PASS
2026-05-28 08:00:47.000598:  217263  [INFO]: Compilation Successfully Completed for model.MODULE_923b48c7aa8263a5afc8+0668e053.hlo_module.pb
..
Compiler status PASS
2026-05-28 08:00:51.000337:  217263  [INFO]: Compilation Successfully Completed for model.MODULE_0b3bb25f33fd34b92c09+16ef2147.hlo_module.pb
.
Compiler status PASS
2026-05-28 08:00:54.000315:  217263  [INFO]: Compilation Successfully Completed for model.MODULE_518f9e6d92e34f4b5497+aa9a9229.hlo_module.pb
.
Compiler status PASS
2026-05-28 08:00:56.000944:  217263  [INFO]: Compilation Successfully Completed for model.MODULE_e4e0bd36c1eafb357788+d4f88ac0.hlo_module.pb
...
Compiler status PASS
..2026-05-28 08:01:00.000036:  217263  [INFO]: Compilation Successfully Completed for model.MODULE_aa41bad2158d87177ff7+c00cec38.hlo_module.pb
.......
Compiler status PASS
.2026-05-28 08:01:04.000484:  217263  [INFO]: Compilation Successfully Completed for model.MODULE_a76e67006b0afd050002+2639737a.hlo_module.pb
..
Compiler status PASS
..2026-05-28 08:01:05.000537:  217263  [INFO]: Compilation Successfully Completed for model.MODULE_1ebe0d8ecfecfa16966c+d598ee09.hlo_module.pb
......
Compiler status PASS
2026-05-28 08:01:12.000621:  217263  [INFO]: Compilation Successfully Completed for model.MODULE_32397989a83582fe71fc+247d06d3.hlo_module.pb
................................................................................................................................................................................................................................................
Compiler status PASS
2026-05-28 08:05:08.000403:  217263  [INFO]: Compilation Successfully Completed for model.MODULE_1234d28fb178ba260963+bff1794a.hlo_module.pb

Compiler status PASS
2026-05-28 08:05:11.000469:  217263  [INFO]: Compilation Successfully Completed for model.MODULE_d290b50b27fbf1d8f44d+49afdf11.hlo_module.pb

Compiler status PASS
2026-05-28 08:05:13.000071:  217263  [INFO]: Compilation Successfully Completed for model.MODULE_f640cc146659b112c4a8+4c5464bc.hlo_module.pb

Compiler status PASS
2026-05-28 08:05:14.000343:  217263  [INFO]: Compilation Successfully Completed for model.MODULE_2cff2550351c1bf83f4b+cf2f1c3f.hlo_module.pb

Compiler status PASS
2026-05-28 08:05:15.000303:  217263  [INFO]: Compilation Successfully Completed for model.MODULE_080bcd1adc0dbdf075ab+98e98c08.hlo_module.pb

Compiler status PASS
2026-05-28 08:05:19.000385:  217263  [INFO]: Compilation Successfully Completed for model.MODULE_e5de9255911cc667ba8a+4b55d9d5.hlo_module.pb
..
.Compiler status PASS
2026-05-28 08:05:22.000434:  217263  [INFO]: Compilation Successfully Completed for model.MODULE_32e943462b876247bef0+1f025db3.hlo_module.pb
.
Compiler status PASS
.
Compiler status PASS
.2026-05-28 08:05:25.000333:  217263  [INFO]: Compilation Successfully Completed for model.MODULE_028b5262fa23c7fa9407+1c31a8d3.hlo_module.pb
2026-05-28 08:05:25.000336:  217263  [INFO]: Compilation Successfully Completed for model.MODULE_8d16350d8430dff23b69+faf30de7.hlo_module.pb
.......
Compiler status PASS
2026-05-28 08:05:28.000704:  217263  [INFO]: Compilation Successfully Completed for model.MODULE_ca7a54e8ff3882bc94f9+62deb3b2.hlo_module.pb

Compiler status PASS
2026-05-28 08:05:31.000703:  217263  [INFO]: Compilation Successfully Completed for model.MODULE_2e3480df019b93b1991a+59dff213.hlo_module.pb
..................
Compiler status PASS
2026-05-28 08:06:16.000368:  217263  [INFO]: Compilation Successfully Completed for model.MODULE_febb57aaa075921bf9db+bf76cddf.hlo_module.pb
........
Compiler status PASS
2026-05-28 08:06:32.000037:  217263  [INFO]: Compilation Successfully Completed for model.MODULE_85228ab321186413830a+14d07f0f.hlo_module.pb
..............
Compiler status PASS
2026-05-28 08:07:08.000329:  217263  [INFO]: Compilation Successfully Completed for model.MODULE_e20006f5288807730604+589d0230.hlo_module.pb
....................................
Compiler status PASS
2026-05-28 08:09:12.000234:  217263  [INFO]: Compilation Successfully Completed for model.MODULE_87e00fca8e2bac31ff64+f9f4a8d7.hlo_module.pb
.
Compiler status PASS
2026-05-28 08:09:23.000425:  217263  [INFO]: Compilation Successfully Completed for model.MODULE_b33e9d1f9f2b67a0c4f3+b2c4e154.hlo_module.pb
...............
Compiler status PASS
2026-05-28 08:10:37.000264:  217263  [INFO]: Compilation Successfully Completed for model.MODULE_26bd5f854f208ef38e55+08524f4e.hlo_module.pb
.............................................
Compiler status PASS
2026-05-28 08:15:31.000352:  217263  [INFO]: Compilation Successfully Completed for model.MODULE_615f01e2350acc4589e8+c5a860c2.hlo_module.pb
......
Compiler status PASS
2026-05-28 08:16:34.000738:  217263  [INFO]: Compilation Successfully Completed for model.MODULE_1f88fe6058ed1d2b7145+1df74937.hlo_module.pb
.......................................
Compiler status PASS
2026-05-28 08:29:44.000455:  217263  [INFO]: Compilation Successfully Completed for model.MODULE_86f33a5751acd0aec465+609198aa.hlo_module.pb
INFO:Neuron:Finished Compilation for all HLOs in 1920.885081768036 seconds
..../opt/aws_neuronx_venv_pytorch_inference_vllm_0_16/lib/python3.12/site-packages/neuronxcc/private_nkl/transpose.py:458:17: warning: 'neuronxcc.private_nkl.utils.tiled_range.TiledRange' is from the 'neuronxcc' package which is not supported in NKI kernels; use the 'nki' package instead
  I_128_tiles = TiledRange(I_tile, nl.tile_size.pmax)
                ^
/opt/aws_neuronx_venv_pytorch_inference_vllm_0_16/lib/python3.12/site-packages/neuronxcc/private_nkl/transpose.py:465:33: warning: 'neuronxcc.private_nkl.utils.tiled_range.TiledRange' is from the 'neuronxcc' package which is not supported in NKI kernels; use the 'nki' package instead
    for vectorization_factor in TiledRange(num_full_128_tiles_per_I_tile, VECTORIZATION_FACTOR):
                                ^
/opt/aws_neuronx_venv_pytorch_inference_vllm_0_16/lib/python3.12/site-packages/neuronxcc/private_nkl/transpose.py:284:16: warning: 'neuronxcc.private_nkl.transpose.max_f_size' is from the 'neuronxcc' package which is not supported in NKI kernels; use the 'nki' package instead
  MAX_F_SIZE = max_f_size(dtype)
               ^
/opt/aws_neuronx_venv_pytorch_inference_vllm_0_16/lib/python3.12/site-packages/neuronxcc/private_nkl/transpose.py:289:15: warning: 'neuronxcc.private_nkl.transpose_utils.next_multiple' is from the 'neuronxcc' package which is not supported in NKI kernels; use the 'nki' package instead
    return I, next_multiple(min(J, MAX_F_SIZE), 128)
              ^
/opt/aws_neuronx_venv_pytorch_inference_vllm_0_16/lib/python3.12/site-packages/neuronxcc/private_nkl/transpose.py:291:12: warning: 'neuronxcc.private_nkl.transpose_utils.next_multiple' is from the 'neuronxcc' package which is not supported in NKI kernels; use the 'nki' package instead
    return next_multiple(min(I, MAX_F_SIZE), 128), J
           ^
/opt/aws_neuronx_venv_pytorch_inference_vllm_0_16/lib/python3.12/site-packages/neuronxcc/private_nkl/transpose.py:302:19: warning: 'neuronxcc.private_nkl.transpose_utils.next_multiple' is from the 'neuronxcc' package which is not supported in NKI kernels; use the 'nki' package instead
    I_tile_size = next_multiple(I_tile_size, 128)
                  ^
/opt/aws_neuronx_venv_pytorch_inference_vllm_0_16/lib/python3.12/site-packages/neuronxcc/private_nkl/transpose.py:303:19: warning: 'neuronxcc.private_nkl.transpose_utils.next_multiple' is from the 'neuronxcc' package which is not supported in NKI kernels; use the 'nki' package instead
    J_tile_size = next_multiple(J_tile_size, 128)
                  ^
/opt/aws_neuronx_venv_pytorch_inference_vllm_0_16/lib/python3.12/site-packages/neuronxcc/private_nkl/transpose.py:681:17: warning: 'neuronxcc.private_nkl.utils.tiled_range.TiledRange' is from the 'neuronxcc' package which is not supported in NKI kernels; use the 'nki' package instead
  J_128_tiles = TiledRange(J_tile, nl.tile_size.pmax)
                ^
/opt/aws_neuronx_venv_pytorch_inference_vllm_0_16/lib/python3.12/site-packages/neuronxcc/private_nkl/transpose.py:688:33: warning: 'neuronxcc.private_nkl.utils.tiled_range.TiledRange' is from the 'neuronxcc' package which is not supported in NKI kernels; use the 'nki' package instead
    for vectorization_factor in TiledRange(num_full_128_tiles_per_J_tile, VECTORIZATION_FACTOR):
                                ^
/opt/aws_neuronx_venv_pytorch_inference_vllm_0_16/lib/python3.12/site-packages/neuronxcc/private_nkl/transpose.py:751:3: warning: 'neuronxcc.private_nkl.transpose.check_input_transpose' is from the 'neuronxcc' package which is not supported in NKI kernels; use the 'nki' package instead
  check_input_transpose(in_tensor, in_shape, permutation)
  ^
/opt/aws_neuronx_venv_pytorch_inference_vllm_0_16/lib/python3.12/site-packages/neuronxcc/private_nkl/transpose.py:757:33: warning: 'neuronxcc.private_nkl.transpose_utils.permutation_reduction' is from the 'neuronxcc' package which is not supported in NKI kernels; use the 'nki' package instead
  reduced_perm, reduced_shape = permutation_reduction(in_shape, permutation)
                                ^
/opt/aws_neuronx_venv_pytorch_inference_vllm_0_16/lib/python3.12/site-packages/neuronxcc/private_nkl/transpose.py:758:10: warning: 'neuronxcc.private_nkl.transpose_utils.permutes_last_two_dims' is from the 'neuronxcc' package which is not supported in NKI kernels; use the 'nki' package instead
  assert permutes_last_two_dims(reduced_perm), f"must permutate last two dims, got {reduced_perm}"
         ^
/opt/aws_neuronx_venv_pytorch_inference_vllm_0_16/lib/python3.12/site-packages/neuronxcc/private_nkl/transpose.py:763:11: warning: 'neuronxcc.private_nkl.transpose._str_to_dtype' is from the 'neuronxcc' package which is not supported in NKI kernels; use the 'nki' package instead
    dtype=_str_to_dtype(out_dtype),
          ^
/opt/aws_neuronx_venv_pytorch_inference_vllm_0_16/lib/python3.12/site-packages/neuronxcc/private_nkl/transpose.py:764:12: warning: 'neuronxcc.private_nkl.transpose_utils._get_hbm_buffer' is from the 'neuronxcc' package which is not supported in NKI kernels; use the 'nki' package instead
    buffer=_get_hbm_buffer(),
           ^
/opt/aws_neuronx_venv_pytorch_inference_vllm_0_16/lib/python3.12/site-packages/neuronxcc/private_nkl/transpose.py:767:3: warning: 'neuronxcc.private_nkl.transpose._pe_transpose_impl' is from the 'neuronxcc' package which is not supported in NKI kernels; use the 'nki' package instead
  _pe_transpose_impl(in_tensor, out_tensor, num_shards, shard_id)
  ^
/opt/aws_neuronx_venv_pytorch_inference_vllm_0_16/lib/python3.12/site-packages/neuronxcc/private_nkl/transpose.py:373:25: warning: 'neuronxcc.private_nkl.transpose_utils.n_elts' is from the 'neuronxcc' package which is not supported in NKI kernels; use the 'nki' package instead
  flattened_B_dim = int(n_elts(in_shape[:-2])) if in_shape[:-2] else 1
                        ^
/opt/aws_neuronx_venv_pytorch_inference_vllm_0_16/lib/python3.12/site-packages/neuronxcc/private_nkl/transpose.py:378:30: warning: 'neuronxcc.private_nkl.transpose._pe_optimal_tile_sizes' is from the 'neuronxcc' package which is not supported in NKI kernels; use the 'nki' package instead
  I_tile_size, J_tile_size = _pe_optimal_tile_sizes(I, J, in_tensor.dtype)
                             ^
/opt/aws_neuronx_venv_pytorch_inference_vllm_0_16/lib/python3.12/site-packages/neuronxcc/private_nkl/transpose.py:381:17: warning: 'neuronxcc.private_nkl.utils.kernel_helpers.div_ceil' is from the 'neuronxcc' package which is not supported in NKI kernels; use the 'nki' package instead
  b_per_shard = div_ceil(flattened_B_dim, num_shards)
                ^
/opt/aws_neuronx_venv_pytorch_inference_vllm_0_16/lib/python3.12/site-packages/neuronxcc/private_nkl/transpose.py:384:19: warning: 'neuronxcc.private_nkl.transpose._to_compute_dtype' is from the 'neuronxcc' package which is not supported in NKI kernels; use the 'nki' package instead
  compute_dtype = _to_compute_dtype(in_tensor.dtype)
                  ^
/opt/aws_neuronx_venv_pytorch_inference_vllm_0_16/lib/python3.12/site-packages/neuronxcc/private_nkl/transpose.py:398:19: warning: 'neuronxcc.private_nkl.utils.tiled_range.TiledRange' is from the 'neuronxcc' package which is not supported in NKI kernels; use the 'nki' package instead
    for I_tile in TiledRange(I, I_tile_size):
                  ^
/opt/aws_neuronx_venv_pytorch_inference_vllm_0_16/lib/python3.12/site-packages/neuronxcc/private_nkl/transpose.py:399:21: warning: 'neuronxcc.private_nkl.utils.tiled_range.TiledRange' is from the 'neuronxcc' package which is not supported in NKI kernels; use the 'nki' package instead
      for J_tile in TiledRange(J, J_tile_size):
                    ^
/opt/aws_neuronx_venv_pytorch_inference_vllm_0_16/lib/python3.12/site-packages/neuronxcc/private_nkl/transpose.py:400:23: warning: 'neuronxcc.private_nkl.utils.tiled_range.TiledRange' is from the 'neuronxcc' package which is not supported in NKI kernels; use the 'nki' package instead
        I_128_tiles = TiledRange(I_tile, nl.tile_size.pmax)
                      ^
/opt/aws_neuronx_venv_pytorch_inference_vllm_0_16/lib/python3.12/site-packages/neuronxcc/private_nkl/transpose.py:405:23: warning: 'neuronxcc.private_nkl.utils.tiled_range.TiledRange' is from the 'neuronxcc' package which is not supported in NKI kernels; use the 'nki' package instead
        J_128_tiles = TiledRange(J_tile, nl.tile_size.pmax)
                      ^
/opt/aws_neuronx_venv_pytorch_inference_vllm_0_16/lib/python3.12/site-packages/neuronxcc/private_nkl/transpose.py:411:9: warning: 'neuronxcc.private_nkl.transpose._pe_load_tile' is from the 'neuronxcc' package which is not supported in NKI kernels; use the 'nki' package instead
        _pe_load_tile(
        ^
/opt/aws_neuronx_venv_pytorch_inference_vllm_0_16/lib/python3.12/site-packages/neuronxcc/private_nkl/transpose.py:422:11: warning: 'neuronxcc.private_nkl.transpose._pe_transpose_tile_I_vectorized' is from the 'neuronxcc' package which is not supported in NKI kernels; use the 'nki' package instead
          _pe_transpose_tile_I_vectorized(
          ^
/opt/aws_neuronx_venv_pytorch_inference_vllm_0_16/lib/python3.12/site-packages/neuronxcc/private_nkl/transpose.py:430:11: warning: 'neuronxcc.private_nkl.transpose._pe_transpose_tile_J_vectorized' is from the 'neuronxcc' package which is not supported in NKI kernels; use the 'nki' package instead
          _pe_transpose_tile_J_vectorized(
          ^
/opt/aws_neuronx_venv_pytorch_inference_vllm_0_16/lib/python3.12/site-packages/neuronxcc/private_nkl/transpose.py:438:9: warning: 'neuronxcc.private_nkl.transpose._pe_store_tile' is from the 'neuronxcc' package which is not supported in NKI kernels; use the 'nki' package instead
        _pe_store_tile(
        ^
/opt/aws_neuronx_venv_pytorch_inference_vllm_0_16/lib/python3.12/site-packages/neuronxcc/private_nkl/transpose.py:527:17: warning: 'neuronxcc.private_nkl.utils.tiled_range.TiledRange' is from the 'neuronxcc' package which is not supported in NKI kernels; use the 'nki' package instead
  I_128_tiles = TiledRange(I_tile, nl.tile_size.pmax)
                ^
/opt/aws_neuronx_venv_pytorch_inference_vllm_0_16/lib/python3.12/site-packages/neuronxcc/private_nkl/transpose.py:529:17: warning: 'neuronxcc.private_nkl.utils.tiled_range.TiledRange' is from the 'neuronxcc' package which is not supported in NKI kernels; use the 'nki' package instead
  J_128_tiles = TiledRange(J_tile, nl.tile_size.pmax)
                ^
/opt/aws_neuronx_venv_pytorch_inference_vllm_0_16/lib/python3.12/site-packages/neuronxcc/private_nkl/transpose.py:538:21: warning: 'neuronxcc.private_nkl.utils.tiled_range.TiledRange' is from the 'neuronxcc' package which is not supported in NKI kernels; use the 'nki' package instead
  for J_128_tile in TiledRange(J_tile.size, nl.tile_size.pmax):
                    ^
/opt/aws_neuronx_venv_pytorch_inference_vllm_0_16/lib/python3.12/site-packages/neuronxcc/private_nkl/transpose.py:539:23: warning: 'neuronxcc.private_nkl.utils.tiled_range.TiledRange' is from the 'neuronxcc' package which is not supported in NKI kernels; use the 'nki' package instead
    for I_512_tile in TiledRange(I_tile.size, nl.tile_size.psum_fmax):
                      ^
/opt/aws_neuronx_venv_pytorch_inference_vllm_0_16/lib/python3.12/site-packages/neuronxcc/private_nkl/transpose.py:551:25: warning: 'neuronxcc.private_nkl.utils.tiled_range.TiledRange' is from the 'neuronxcc' package which is not supported in NKI kernels; use the 'nki' package instead
      for I_128_tile in TiledRange(I_512_tile, nl.tile_size.pmax):
                        ^
/opt/aws_neuronx_venv_pytorch_inference_vllm_0_16/lib/python3.12/site-packages/neuronxcc/private_nkl/transpose.py:569:7: warning: 'neuronxcc.private_nkl.transpose._copy_with_engine' is from the 'neuronxcc' package which is not supported in NKI kernels; use the 'nki' package instead
      _copy_with_engine(
      ^
/opt/aws_neuronx_venv_pytorch_inference_vllm_0_16/lib/python3.12/site-packages/neuronxcc/private_nkl/transpose.py:586:17: warning: 'neuronxcc.private_nkl.utils.tiled_range.TiledRange' is from the 'neuronxcc' package which is not supported in NKI kernels; use the 'nki' package instead
  I_128_tiles = TiledRange(I_tile, nl.tile_size.pmax)
                ^
/opt/aws_neuronx_venv_pytorch_inference_vllm_0_16/lib/python3.12/site-packages/neuronxcc/private_nkl/transpose.py:588:17: warning: 'neuronxcc.private_nkl.utils.tiled_range.TiledRange' is from the 'neuronxcc' package which is not supported in NKI kernels; use the 'nki' package instead
  J_128_tiles = TiledRange(J_tile, nl.tile_size.pmax)
                ^
/opt/aws_neuronx_venv_pytorch_inference_vllm_0_16/lib/python3.12/site-packages/neuronxcc/private_nkl/transpose.py:596:21: warning: 'neuronxcc.private_nkl.utils.tiled_range.TiledRange' is from the 'neuronxcc' package which is not supported in NKI kernels; use the 'nki' package instead
  for I_128_tile in TiledRange(I_tile.size, nl.tile_size.pmax):
                    ^
/opt/aws_neuronx_venv_pytorch_inference_vllm_0_16/lib/python3.12/site-packages/neuronxcc/private_nkl/transpose.py:597:23: warning: 'neuronxcc.private_nkl.utils.tiled_range.TiledRange' is from the 'neuronxcc' package which is not supported in NKI kernels; use the 'nki' package instead
    for J_512_tile in TiledRange(J_tile.size, nl.tile_size.psum_fmax):
                      ^
/opt/aws_neuronx_venv_pytorch_inference_vllm_0_16/lib/python3.12/site-packages/neuronxcc/private_nkl/transpose.py:609:25: warning: 'neuronxcc.private_nkl.utils.tiled_range.TiledRange' is from the 'neuronxcc' package which is not supported in NKI kernels; use the 'nki' package instead
      for J_128_tile in TiledRange(J_512_tile, nl.tile_size.pmax):
                        ^
/opt/aws_neuronx_venv_pytorch_inference_vllm_0_16/lib/python3.12/site-packages/neuronxcc/private_nkl/transpose.py:628:9: warning: 'neuronxcc.private_nkl.transpose._copy_with_engine' is from the 'neuronxcc' package which is not supported in NKI kernels; use the 'nki' package instead
        _copy_with_engine(
        ^
/opt/aws_neuronx_venv_pytorch_inference_vllm_0_16/lib/python3.12/site-packages/neuronxcc/private_nkl/transpose.py:652:9: warning: 'neuronxcc.private_nkl.transpose._copy_with_engine' is from the 'neuronxcc' package which is not supported in NKI kernels; use the 'nki' package instead
        _copy_with_engine(
        ^
/opt/aws_neuronx_venv_pytorch_inference_vllm_0_16/lib/python3.12/site-packages/neuronxcc/private_nkl/transpose.py:38:10: warning: 'neuronxcc.private_nkl.transpose_utils.is_valid_permutation' is from the 'neuronxcc' package which is not supported in NKI kernels; use the 'nki' package instead
  assert is_valid_permutation(permutation), "input permutation is invalid"
         ^
/opt/aws_neuronx_venv_pytorch_inference_vllm_0_16/lib/python3.12/site-packages/neuronxcc/private_nkl/transpose.py:41:10: warning: 'neuronxcc.private_nkl.transpose_utils.n_elts' is from the 'neuronxcc' package which is not supported in NKI kernels; use the 'nki' package instead
  assert n_elts(in_shape) == n_elts(in_tensor.shape), "tensor shape is invalid"
         ^
/opt/aws_neuronx_venv_pytorch_inference_vllm_0_16/lib/python3.12/site-packages/neuronxcc/private_nkl/transpose.py:41:30: warning: 'neuronxcc.private_nkl.transpose_utils.n_elts' is from the 'neuronxcc' package which is not supported in NKI kernels; use the 'nki' package instead
  assert n_elts(in_shape) == n_elts(in_tensor.shape), "tensor shape is invalid"
                             ^
/opt/aws_neuronx_venv_pytorch_inference_vllm_0_16/lib/python3.12/site-packages/neuronxcc/private_nkl/transpose.py:32:20: warning: 'neuronxcc.private_nkl.utils.StackAllocator.sizeinbytes' is from the 'neuronxcc' package which is not supported in NKI kernels; use the 'nki' package instead
  return (98304 // sizeinbytes(dtype)) // 2
                   ^
/opt/aws_neuronx_venv_pytorch_inference_vllm_0_16/lib/python3.12/site-packages/neuronxcc/private_nkl/transpose.py:886:29: warning: 'neuronxcc.private_nkl.utils.kernel_helpers.get_program_sharding_info' is from the 'neuronxcc' package which is not supported in NKI kernels; use the 'nki' package instead
  _, num_shards, shard_id = get_program_sharding_info()
                            ^
/opt/aws_neuronx_venv_pytorch_inference_vllm_0_16/lib/python3.12/site-packages/neuronxcc/private_nkl/transpose.py:887:9: warning: 'neuronxcc.private_nkl.transpose._pe_transpose' is from the 'neuronxcc' package which is not supported in NKI kernels; use the 'nki' package instead
  out = _pe_transpose(in_tensor, in_shape, permutation, out_dtype, num_shards, shard_id)
        ^
/opt/aws_neuronx_venv_pytorch_inference_vllm_0_16/lib/python3.12/site-packages/neuronxcc/private_nkl/transpose_utils.py:71:10: warning: 'neuronxcc.private_nkl.transpose_utils.is_valid_permutation' is from the 'neuronxcc' package which is not supported in NKI kernels; use the 'nki' package instead
  if not is_valid_permutation(permutation):
         ^
/opt/aws_neuronx_venv_pytorch_inference_vllm_0_16/lib/python3.12/site-packages/neuronxcc/private_nkl/utils/tiled_range.py:66:23: warning: 'neuronxcc.private_nkl.utils.tiled_range.TiledRangeIterator' is from the 'neuronxcc' package which is not supported in NKI kernels; use the 'nki' package instead
  if isinstance(size, TiledRangeIterator):
                      ^
/opt/aws_neuronx_venv_pytorch_inference_vllm_0_16/lib/python3.12/site-packages/neuronxcc/private_nkl/utils/tiled_range.py:84:22: warning: 'neuronxcc.private_nkl.utils.tiled_range.TiledRangeIterator' is from the 'neuronxcc' package which is not supported in NKI kernels; use the 'nki' package instead
    iterators.append(TiledRangeIterator(current_tile_size, i, base_offset + relative_offset))
                     ^
/opt/aws_neuronx_venv_pytorch_inference_vllm_0_16/lib/python3.12/site-packages/neuronxcc/private_nkl/transpose.py:69:16: warning: 'neuronxcc.private_nkl.transpose.max_f_size' is from the 'neuronxcc' package which is not supported in NKI kernels; use the 'nki' package instead
  MAX_F_SIZE = max_f_size(in_tensor.dtype)
               ^
/opt/aws_neuronx_venv_pytorch_inference_vllm_0_16/lib/python3.12/site-packages/neuronxcc/private_nkl/transpose.py:74:25: warning: 'neuronxcc.private_nkl.transpose_utils.n_elts' is from the 'neuronxcc' package which is not supported in NKI kernels; use the 'nki' package instead
  flattened_B_dim = int(n_elts(in_shape[:-2])) if in_shape[:-2] else 1
                        ^
/opt/aws_neuronx_venv_pytorch_inference_vllm_0_16/lib/python3.12/site-packages/neuronxcc/private_nkl/transpose.py:77:18: warning: 'neuronxcc.private_nkl.transpose_utils.factor_within_limit' is from the 'neuronxcc' package which is not supported in NKI kernels; use the 'nki' package instead
    i_division = factor_within_limit(I, MAX_F_SIZE)
                 ^
/opt/aws_neuronx_venv_pytorch_inference_vllm_0_16/lib/python3.12/site-packages/neuronxcc/private_nkl/transpose.py:79:22: warning: 'neuronxcc.private_nkl.utils.kernel_helpers.div_ceil' is from the 'neuronxcc' package which is not supported in NKI kernels; use the 'nki' package instead
    i_division_num = div_ceil(I, i_division)
                     ^
/opt/aws_neuronx_venv_pytorch_inference_vllm_0_16/lib/python3.12/site-packages/neuronxcc/private_nkl/transpose.py:87:16: warning: 'neuronxcc.private_nkl.utils.kernel_helpers.div_ceil' is from the 'neuronxcc' package which is not supported in NKI kernels; use the 'nki' package instead
  num_j_divs = div_ceil(J, j_division)
               ^
/opt/aws_neuronx_venv_pytorch_inference_vllm_0_16/lib/python3.12/site-packages/neuronxcc/private_nkl/transpose.py:91:18: warning: 'neuronxcc.private_nkl.utils.kernel_helpers.div_ceil' is from the 'neuronxcc' package which is not supported in NKI kernels; use the 'nki' package instead
    num_j_divs = div_ceil(J, j_division)
                 ^
/opt/aws_neuronx_venv_pytorch_inference_vllm_0_16/lib/python3.12/site-packages/neuronxcc/private_nkl/transpose.py:93:22: warning: 'neuronxcc.private_nkl.utils.kernel_helpers.div_ceil' is from the 'neuronxcc' package which is not supported in NKI kernels; use the 'nki' package instead
    i_division_num = div_ceil(I, i_division)
                     ^
/opt/aws_neuronx_venv_pytorch_inference_vllm_0_16/lib/python3.12/site-packages/neuronxcc/private_nkl/transpose.py:95:33: warning: 'neuronxcc.private_nkl.utils.kernel_helpers.div_ceil' is from the 'neuronxcc' package which is not supported in NKI kernels; use the 'nki' package instead
  DVE_ACT_LOAD_BALANCE_FACTOR = div_ceil(i_division, MIN_DVE_ACT_CYCLES)
                                ^
/opt/aws_neuronx_venv_pytorch_inference_vllm_0_16/lib/python3.12/site-packages/neuronxcc/private_nkl/transpose.py:97:17: warning: 'neuronxcc.private_nkl.utils.kernel_helpers.div_ceil' is from the 'neuronxcc' package which is not supported in NKI kernels; use the 'nki' package instead
  num_i_tiles = div_ceil(i_division, i_tile_size)
                ^
/opt/aws_neuronx_venv_pytorch_inference_vllm_0_16/lib/python3.12/site-packages/neuronxcc/private_nkl/transpose.py:100:13: warning: 'neuronxcc.private_nkl.utils.kernel_helpers.div_ceil' is from the 'neuronxcc' package which is not supported in NKI kernels; use the 'nki' package instead
  j_tiles = div_ceil(j_division, j_tile_size)
            ^
/opt/aws_neuronx_venv_pytorch_inference_vllm_0_16/lib/python3.12/site-packages/neuronxcc/private_nkl/transpose.py:103:17: warning: 'neuronxcc.private_nkl.utils.kernel_helpers.div_ceil' is from the 'neuronxcc' package which is not supported in NKI kernels; use the 'nki' package instead
  b_per_shard = div_ceil(flattened_B_dim, num_shards)
                ^
/opt/aws_neuronx_venv_pytorch_inference_vllm_0_16/lib/python3.12/site-packages/neuronxcc/private_nkl/transpose.py:107:17: warning: 'neuronxcc.private_nkl.utils.kernel_helpers.div_ceil' is from the 'neuronxcc' package which is not supported in NKI kernels; use the 'nki' package instead
  num_p_tiles = div_ceil(b_per_shard, MAX_P)
                ^
/opt/aws_neuronx_venv_pytorch_inference_vllm_0_16/lib/python3.12/site-packages/neuronxcc/private_nkl/transpose.py:159:13: warning: 'neuronxcc.private_nkl.transpose._copy_with_engine' is from the 'neuronxcc' package which is not supported in NKI kernels; use the 'nki' package instead
            _copy_with_engine(
            ^
/opt/aws_neuronx_venv_pytorch_inference_vllm_0_16/lib/python3.12/site-packages/neuronxcc/private_nkl/transpose.py:199:16: warning: 'neuronxcc.private_nkl.transpose.max_f_size' is from the 'neuronxcc' package which is not supported in NKI kernels; use the 'nki' package instead
  MAX_F_SIZE = max_f_size(in_tensor.dtype)
               ^
/opt/aws_neuronx_venv_pytorch_inference_vllm_0_16/lib/python3.12/site-packages/neuronxcc/private_nkl/transpose.py:204:25: warning: 'neuronxcc.private_nkl.transpose_utils.n_elts' is from the 'neuronxcc' package which is not supported in NKI kernels; use the 'nki' package instead
  flattened_B_dim = int(n_elts(in_shape[:-2])) if in_shape[:-2] else 1
                        ^
/opt/aws_neuronx_venv_pytorch_inference_vllm_0_16/lib/python3.12/site-packages/neuronxcc/private_nkl/transpose.py:207:17: warning: 'neuronxcc.private_nkl.utils.kernel_helpers.div_ceil' is from the 'neuronxcc' package which is not supported in NKI kernels; use the 'nki' package instead
  b_per_shard = div_ceil(flattened_B_dim, num_shards)
                ^
/opt/aws_neuronx_venv_pytorch_inference_vllm_0_16/lib/python3.12/site-packages/neuronxcc/private_nkl/transpose.py:211:17: warning: 'neuronxcc.private_nkl.utils.kernel_helpers.div_ceil' is from the 'neuronxcc' package which is not supported in NKI kernels; use the 'nki' package instead
  num_p_tiles = div_ceil(b_per_shard, P)
                ^
/opt/aws_neuronx_venv_pytorch_inference_vllm_0_16/lib/python3.12/site-packages/neuronxcc/private_nkl/transpose.py:218:13: warning: 'neuronxcc.private_nkl.utils.kernel_helpers.div_ceil' is from the 'neuronxcc' package which is not supported in NKI kernels; use the 'nki' package instead
  i_tiles = div_ceil(I, i_tile_size)
            ^
/opt/aws_neuronx_venv_pytorch_inference_vllm_0_16/lib/python3.12/site-packages/neuronxcc/private_nkl/transpose.py:224:19: warning: 'neuronxcc.private_nkl.utils.kernel_helpers.div_ceil' is from the 'neuronxcc' package which is not supported in NKI kernels; use the 'nki' package instead
    j_tile_size = div_ceil(J, J_LOAD_BALANCING_FACTOR)
                  ^
/opt/aws_neuronx_venv_pytorch_inference_vllm_0_16/lib/python3.12/site-packages/neuronxcc/private_nkl/transpose.py:251:9: warning: 'neuronxcc.private_nkl.transpose._copy_with_engine' is from the 'neuronxcc' package which is not supported in NKI kernels; use the 'nki' package instead
        _copy_with_engine(
        ^
/opt/aws_neuronx_venv_pytorch_inference_vllm_0_16/lib/python3.12/site-packages/neuronxcc/private_nkl/transpose.py:458:17: warning: 'neuronxcc.private_nkl.utils.tiled_range.TiledRange' is from the 'neuronxcc' package which is not supported in NKI kernels; use the 'nki' package instead
  I_128_tiles = TiledRange(I_tile, nl.tile_size.pmax)
                ^
/opt/aws_neuronx_venv_pytorch_inference_vllm_0_16/lib/python3.12/site-packages/neuronxcc/private_nkl/transpose.py:465:33: warning: 'neuronxcc.private_nkl.utils.tiled_range.TiledRange' is from the 'neuronxcc' package which is not supported in NKI kernels; use the 'nki' package instead
    for vectorization_factor in TiledRange(num_full_128_tiles_per_I_tile, VECTORIZATION_FACTOR):
                                ^
/opt/aws_neuronx_venv_pytorch_inference_vllm_0_16/lib/python3.12/site-packages/neuronxcc/private_nkl/transpose.py:284:16: warning: 'neuronxcc.private_nkl.transpose.max_f_size' is from the 'neuronxcc' package which is not supported in NKI kernels; use the 'nki' package instead
  MAX_F_SIZE = max_f_size(dtype)
               ^
/opt/aws_neuronx_venv_pytorch_inference_vllm_0_16/lib/python3.12/site-packages/neuronxcc/private_nkl/transpose.py:289:15: warning: 'neuronxcc.private_nkl.transpose_utils.next_multiple' is from the 'neuronxcc' package which is not supported in NKI kernels; use the 'nki' package instead
    return I, next_multiple(min(J, MAX_F_SIZE), 128)
              ^
/opt/aws_neuronx_venv_pytorch_inference_vllm_0_16/lib/python3.12/site-packages/neuronxcc/private_nkl/transpose.py:291:12: warning: 'neuronxcc.private_nkl.transpose_utils.next_multiple' is from the 'neuronxcc' package which is not supported in NKI kernels; use the 'nki' package instead
    return next_multiple(min(I, MAX_F_SIZE), 128), J
           ^
/opt/aws_neuronx_venv_pytorch_inference_vllm_0_16/lib/python3.12/site-packages/neuronxcc/private_nkl/transpose.py:302:19: warning: 'neuronxcc.private_nkl.transpose_utils.next_multiple' is from the 'neuronxcc' package which is not supported in NKI kernels; use the 'nki' package instead
    I_tile_size = next_multiple(I_tile_size, 128)
                  ^
/opt/aws_neuronx_venv_pytorch_inference_vllm_0_16/lib/python3.12/site-packages/neuronxcc/private_nkl/transpose.py:303:19: warning: 'neuronxcc.private_nkl.transpose_utils.next_multiple' is from the 'neuronxcc' package which is not supported in NKI kernels; use the 'nki' package instead
    J_tile_size = next_multiple(J_tile_size, 128)
                  ^
/opt/aws_neuronx_venv_pytorch_inference_vllm_0_16/lib/python3.12/site-packages/neuronxcc/private_nkl/transpose.py:681:17: warning: 'neuronxcc.private_nkl.utils.tiled_range.TiledRange' is from the 'neuronxcc' package which is not supported in NKI kernels; use the 'nki' package instead
  J_128_tiles = TiledRange(J_tile, nl.tile_size.pmax)
                ^
/opt/aws_neuronx_venv_pytorch_inference_vllm_0_16/lib/python3.12/site-packages/neuronxcc/private_nkl/transpose.py:688:33: warning: 'neuronxcc.private_nkl.utils.tiled_range.TiledRange' is from the 'neuronxcc' package which is not supported in NKI kernels; use the 'nki' package instead
    for vectorization_factor in TiledRange(num_full_128_tiles_per_J_tile, VECTORIZATION_FACTOR):
                                ^
/opt/aws_neuronx_venv_pytorch_inference_vllm_0_16/lib/python3.12/site-packages/neuronxcc/private_nkl/transpose.py:373:25: warning: 'neuronxcc.private_nkl.transpose_utils.n_elts' is from the 'neuronxcc' package which is not supported in NKI kernels; use the 'nki' package instead
  flattened_B_dim = int(n_elts(in_shape[:-2])) if in_shape[:-2] else 1
                        ^
/opt/aws_neuronx_venv_pytorch_inference_vllm_0_16/lib/python3.12/site-packages/neuronxcc/private_nkl/transpose.py:378:30: warning: 'neuronxcc.private_nkl.transpose._pe_optimal_tile_sizes' is from the 'neuronxcc' package which is not supported in NKI kernels; use the 'nki' package instead
  I_tile_size, J_tile_size = _pe_optimal_tile_sizes(I, J, in_tensor.dtype)
                             ^
/opt/aws_neuronx_venv_pytorch_inference_vllm_0_16/lib/python3.12/site-packages/neuronxcc/private_nkl/transpose.py:381:17: warning: 'neuronxcc.private_nkl.utils.kernel_helpers.div_ceil' is from the 'neuronxcc' package which is not supported in NKI kernels; use the 'nki' package instead
  b_per_shard = div_ceil(flattened_B_dim, num_shards)
                ^
/opt/aws_neuronx_venv_pytorch_inference_vllm_0_16/lib/python3.12/site-packages/neuronxcc/private_nkl/transpose.py:384:19: warning: 'neuronxcc.private_nkl.transpose._to_compute_dtype' is from the 'neuronxcc' package which is not supported in NKI kernels; use the 'nki' package instead
  compute_dtype = _to_compute_dtype(in_tensor.dtype)
                  ^
/opt/aws_neuronx_venv_pytorch_inference_vllm_0_16/lib/python3.12/site-packages/neuronxcc/private_nkl/transpose.py:398:19: warning: 'neuronxcc.private_nkl.utils.tiled_range.TiledRange' is from the 'neuronxcc' package which is not supported in NKI kernels; use the 'nki' package instead
    for I_tile in TiledRange(I, I_tile_size):
                  ^
/opt/aws_neuronx_venv_pytorch_inference_vllm_0_16/lib/python3.12/site-packages/neuronxcc/private_nkl/transpose.py:399:21: warning: 'neuronxcc.private_nkl.utils.tiled_range.TiledRange' is from the 'neuronxcc' package which is not supported in NKI kernels; use the 'nki' package instead
      for J_tile in TiledRange(J, J_tile_size):
                    ^
/opt/aws_neuronx_venv_pytorch_inference_vllm_0_16/lib/python3.12/site-packages/neuronxcc/private_nkl/transpose.py:400:23: warning: 'neuronxcc.private_nkl.utils.tiled_range.TiledRange' is from the 'neuronxcc' package which is not supported in NKI kernels; use the 'nki' package instead
        I_128_tiles = TiledRange(I_tile, nl.tile_size.pmax)
                      ^
/opt/aws_neuronx_venv_pytorch_inference_vllm_0_16/lib/python3.12/site-packages/neuronxcc/private_nkl/transpose.py:405:23: warning: 'neuronxcc.private_nkl.utils.tiled_range.TiledRange' is from the 'neuronxcc' package which is not supported in NKI kernels; use the 'nki' package instead
        J_128_tiles = TiledRange(J_tile, nl.tile_size.pmax)
                      ^
/opt/aws_neuronx_venv_pytorch_inference_vllm_0_16/lib/python3.12/site-packages/neuronxcc/private_nkl/transpose.py:411:9: warning: 'neuronxcc.private_nkl.transpose._pe_load_tile' is from the 'neuronxcc' package which is not supported in NKI kernels; use the 'nki' package instead
        _pe_load_tile(
        ^
/opt/aws_neuronx_venv_pytorch_inference_vllm_0_16/lib/python3.12/site-packages/neuronxcc/private_nkl/transpose.py:422:11: warning: 'neuronxcc.private_nkl.transpose._pe_transpose_tile_I_vectorized' is from the 'neuronxcc' package which is not supported in NKI kernels; use the 'nki' package instead
          _pe_transpose_tile_I_vectorized(
          ^
/opt/aws_neuronx_venv_pytorch_inference_vllm_0_16/lib/python3.12/site-packages/neuronxcc/private_nkl/transpose.py:430:11: warning: 'neuronxcc.private_nkl.transpose._pe_transpose_tile_J_vectorized' is from the 'neuronxcc' package which is not supported in NKI kernels; use the 'nki' package instead
          _pe_transpose_tile_J_vectorized(
          ^
/opt/aws_neuronx_venv_pytorch_inference_vllm_0_16/lib/python3.12/site-packages/neuronxcc/private_nkl/transpose.py:438:9: warning: 'neuronxcc.private_nkl.transpose._pe_store_tile' is from the 'neuronxcc' package which is not supported in NKI kernels; use the 'nki' package instead
        _pe_store_tile(
        ^
/opt/aws_neuronx_venv_pytorch_inference_vllm_0_16/lib/python3.12/site-packages/neuronxcc/private_nkl/transpose.py:527:17: warning: 'neuronxcc.private_nkl.utils.tiled_range.TiledRange' is from the 'neuronxcc' package which is not supported in NKI kernels; use the 'nki' package instead
  I_128_tiles = TiledRange(I_tile, nl.tile_size.pmax)
                ^
/opt/aws_neuronx_venv_pytorch_inference_vllm_0_16/lib/python3.12/site-packages/neuronxcc/private_nkl/transpose.py:529:17: warning: 'neuronxcc.private_nkl.utils.tiled_range.TiledRange' is from the 'neuronxcc' package which is not supported in NKI kernels; use the 'nki' package instead
  J_128_tiles = TiledRange(J_tile, nl.tile_size.pmax)
                ^
/opt/aws_neuronx_venv_pytorch_inference_vllm_0_16/lib/python3.12/site-packages/neuronxcc/private_nkl/transpose.py:538:21: warning: 'neuronxcc.private_nkl.utils.tiled_range.TiledRange' is from the 'neuronxcc' package which is not supported in NKI kernels; use the 'nki' package instead
  for J_128_tile in TiledRange(J_tile.size, nl.tile_size.pmax):
                    ^
/opt/aws_neuronx_venv_pytorch_inference_vllm_0_16/lib/python3.12/site-packages/neuronxcc/private_nkl/transpose.py:539:23: warning: 'neuronxcc.private_nkl.utils.tiled_range.TiledRange' is from the 'neuronxcc' package which is not supported in NKI kernels; use the 'nki' package instead
    for I_512_tile in TiledRange(I_tile.size, nl.tile_size.psum_fmax):
                      ^
/opt/aws_neuronx_venv_pytorch_inference_vllm_0_16/lib/python3.12/site-packages/neuronxcc/private_nkl/transpose.py:551:25: warning: 'neuronxcc.private_nkl.utils.tiled_range.TiledRange' is from the 'neuronxcc' package which is not supported in NKI kernels; use the 'nki' package instead
      for I_128_tile in TiledRange(I_512_tile, nl.tile_size.pmax):
                        ^
/opt/aws_neuronx_venv_pytorch_inference_vllm_0_16/lib/python3.12/site-packages/neuronxcc/private_nkl/transpose.py:569:7: warning: 'neuronxcc.private_nkl.transpose._copy_with_engine' is from the 'neuronxcc' package which is not supported in NKI kernels; use the 'nki' package instead
      _copy_with_engine(
      ^
/opt/aws_neuronx_venv_pytorch_inference_vllm_0_16/lib/python3.12/site-packages/neuronxcc/private_nkl/transpose.py:586:17: warning: 'neuronxcc.private_nkl.utils.tiled_range.TiledRange' is from the 'neuronxcc' package which is not supported in NKI kernels; use the 'nki' package instead
  I_128_tiles = TiledRange(I_tile, nl.tile_size.pmax)
                ^
/opt/aws_neuronx_venv_pytorch_inference_vllm_0_16/lib/python3.12/site-packages/neuronxcc/private_nkl/transpose.py:588:17: warning: 'neuronxcc.private_nkl.utils.tiled_range.TiledRange' is from the 'neuronxcc' package which is not supported in NKI kernels; use the 'nki' package instead
  J_128_tiles = TiledRange(J_tile, nl.tile_size.pmax)
                ^
/opt/aws_neuronx_venv_pytorch_inference_vllm_0_16/lib/python3.12/site-packages/neuronxcc/private_nkl/transpose.py:596:21: warning: 'neuronxcc.private_nkl.utils.tiled_range.TiledRange' is from the 'neuronxcc' package which is not supported in NKI kernels; use the 'nki' package instead
  for I_128_tile in TiledRange(I_tile.size, nl.tile_size.pmax):
                    ^
/opt/aws_neuronx_venv_pytorch_inference_vllm_0_16/lib/python3.12/site-packages/neuronxcc/private_nkl/transpose.py:597:23: warning: 'neuronxcc.private_nkl.utils.tiled_range.TiledRange' is from the 'neuronxcc' package which is not supported in NKI kernels; use the 'nki' package instead
    for J_512_tile in TiledRange(J_tile.size, nl.tile_size.psum_fmax):
                      ^
/opt/aws_neuronx_venv_pytorch_inference_vllm_0_16/lib/python3.12/site-packages/neuronxcc/private_nkl/transpose.py:609:25: warning: 'neuronxcc.private_nkl.utils.tiled_range.TiledRange' is from the 'neuronxcc' package which is not supported in NKI kernels; use the 'nki' package instead
      for J_128_tile in TiledRange(J_512_tile, nl.tile_size.pmax):
                        ^
/opt/aws_neuronx_venv_pytorch_inference_vllm_0_16/lib/python3.12/site-packages/neuronxcc/private_nkl/transpose.py:628:9: warning: 'neuronxcc.private_nkl.transpose._copy_with_engine' is from the 'neuronxcc' package which is not supported in NKI kernels; use the 'nki' package instead
        _copy_with_engine(
        ^
/opt/aws_neuronx_venv_pytorch_inference_vllm_0_16/lib/python3.12/site-packages/neuronxcc/private_nkl/transpose.py:652:9: warning: 'neuronxcc.private_nkl.transpose._copy_with_engine' is from the 'neuronxcc' package which is not supported in NKI kernels; use the 'nki' package instead
        _copy_with_engine(
        ^
/opt/aws_neuronx_venv_pytorch_inference_vllm_0_16/lib/python3.12/site-packages/neuronxcc/private_nkl/transpose.py:784:3: warning: 'neuronxcc.private_nkl.transpose.check_input_transpose' is from the 'neuronxcc' package which is not supported in NKI kernels; use the 'nki' package instead
  check_input_transpose(in_tensor, in_shape, permutation)
  ^
/opt/aws_neuronx_venv_pytorch_inference_vllm_0_16/lib/python3.12/site-packages/neuronxcc/private_nkl/transpose.py:790:33: warning: 'neuronxcc.private_nkl.transpose_utils.permutation_reduction' is from the 'neuronxcc' package which is not supported in NKI kernels; use the 'nki' package instead
  reduced_perm, reduced_shape = permutation_reduction(in_shape, permutation)
                                ^
/opt/aws_neuronx_venv_pytorch_inference_vllm_0_16/lib/python3.12/site-packages/neuronxcc/private_nkl/transpose.py:791:10: warning: 'neuronxcc.private_nkl.transpose_utils.permutes_last_two_dims' is from the 'neuronxcc' package which is not supported in NKI kernels; use the 'nki' package instead
  assert permutes_last_two_dims(reduced_perm), f"must permutate last two dims, got {reduced_perm}"
         ^
/opt/aws_neuronx_venv_pytorch_inference_vllm_0_16/lib/python3.12/site-packages/neuronxcc/private_nkl/transpose.py:796:11: warning: 'neuronxcc.private_nkl.transpose._str_to_dtype' is from the 'neuronxcc' package which is not supported in NKI kernels; use the 'nki' package instead
    dtype=_str_to_dtype(out_dtype),
          ^
/opt/aws_neuronx_venv_pytorch_inference_vllm_0_16/lib/python3.12/site-packages/neuronxcc/private_nkl/transpose.py:797:12: warning: 'neuronxcc.private_nkl.transpose_utils._get_hbm_buffer' is from the 'neuronxcc' package which is not supported in NKI kernels; use the 'nki' package instead
    buffer=_get_hbm_buffer(),
           ^
/opt/aws_neuronx_venv_pytorch_inference_vllm_0_16/lib/python3.12/site-packages/neuronxcc/private_nkl/transpose.py:805:16: warning: 'neuronxcc.private_nkl.transpose.max_f_size' is from the 'neuronxcc' package which is not supported in NKI kernels; use the 'nki' package instead
  MAX_F_SIZE = max_f_size(in_tensor.dtype)
               ^
/opt/aws_neuronx_venv_pytorch_inference_vllm_0_16/lib/python3.12/site-packages/neuronxcc/private_nkl/transpose.py:808:5: warning: 'neuronxcc.private_nkl.transpose._dve_transpose_large_cols_impl' is from the 'neuronxcc' package which is not supported in NKI kernels; use the 'nki' package instead
    _dve_transpose_large_cols_impl(in_tensor, out_tensor, num_shards, shard_id)
    ^
/opt/aws_neuronx_venv_pytorch_inference_vllm_0_16/lib/python3.12/site-packages/neuronxcc/private_nkl/transpose.py:810:5: warning: 'neuronxcc.private_nkl.transpose._dve_transpose_large_rows_impl' is from the 'neuronxcc' package which is not supported in NKI kernels; use the 'nki' package instead
    _dve_transpose_large_rows_impl(in_tensor, out_tensor, num_shards, shard_id)
    ^
/opt/aws_neuronx_venv_pytorch_inference_vllm_0_16/lib/python3.12/site-packages/neuronxcc/private_nkl/transpose.py:812:5: warning: 'neuronxcc.private_nkl.transpose._pe_transpose_impl' is from the 'neuronxcc' package which is not supported in NKI kernels; use the 'nki' package instead
    _pe_transpose_impl(in_tensor, out_tensor, num_shards, shard_id)
    ^
/opt/aws_neuronx_venv_pytorch_inference_vllm_0_16/lib/python3.12/site-packages/neuronxcc/private_nkl/transpose.py:38:10: warning: 'neuronxcc.private_nkl.transpose_utils.is_valid_permutation' is from the 'neuronxcc' package which is not supported in NKI kernels; use the 'nki' package instead
  assert is_valid_permutation(permutation), "input permutation is invalid"
         ^
/opt/aws_neuronx_venv_pytorch_inference_vllm_0_16/lib/python3.12/site-packages/neuronxcc/private_nkl/transpose.py:41:10: warning: 'neuronxcc.private_nkl.transpose_utils.n_elts' is from the 'neuronxcc' package which is not supported in NKI kernels; use the 'nki' package instead
  assert n_elts(in_shape) == n_elts(in_tensor.shape), "tensor shape is invalid"
         ^
/opt/aws_neuronx_venv_pytorch_inference_vllm_0_16/lib/python3.12/site-packages/neuronxcc/private_nkl/transpose.py:41:30: warning: 'neuronxcc.private_nkl.transpose_utils.n_elts' is from the 'neuronxcc' package which is not supported in NKI kernels; use the 'nki' package instead
  assert n_elts(in_shape) == n_elts(in_tensor.shape), "tensor shape is invalid"
                             ^
/opt/aws_neuronx_venv_pytorch_inference_vllm_0_16/lib/python3.12/site-packages/neuronxcc/private_nkl/transpose.py:32:20: warning: 'neuronxcc.private_nkl.utils.StackAllocator.sizeinbytes' is from the 'neuronxcc' package which is not supported in NKI kernels; use the 'nki' package instead
  return (98304 // sizeinbytes(dtype)) // 2
                   ^
/opt/aws_neuronx_venv_pytorch_inference_vllm_0_16/lib/python3.12/site-packages/neuronxcc/private_nkl/transpose.py:862:29: warning: 'neuronxcc.private_nkl.utils.kernel_helpers.get_program_sharding_info' is from the 'neuronxcc' package which is not supported in NKI kernels; use the 'nki' package instead
  _, num_shards, shard_id = get_program_sharding_info()
                            ^
/opt/aws_neuronx_venv_pytorch_inference_vllm_0_16/lib/python3.12/site-packages/neuronxcc/private_nkl/transpose.py:863:9: warning: 'neuronxcc.private_nkl.transpose._transpose_last_two_dims' is from the 'neuronxcc' package which is not supported in NKI kernels; use the 'nki' package instead
  out = _transpose_last_two_dims(in_tensor, in_shape, permutation, out_dtype, num_shards, shard_id)
        ^
/opt/aws_neuronx_venv_pytorch_inference_vllm_0_16/lib/python3.12/site-packages/neuronxcc/private_nkl/transpose_utils.py:71:10: warning: 'neuronxcc.private_nkl.transpose_utils.is_valid_permutation' is from the 'neuronxcc' package which is not supported in NKI kernels; use the 'nki' package instead
  if not is_valid_permutation(permutation):
         ^
/opt/aws_neuronx_venv_pytorch_inference_vllm_0_16/lib/python3.12/site-packages/neuronxcc/private_nkl/utils/tiled_range.py:66:23: warning: 'neuronxcc.private_nkl.utils.tiled_range.TiledRangeIterator' is from the 'neuronxcc' package which is not supported in NKI kernels; use the 'nki' package instead
  if isinstance(size, TiledRangeIterator):
                      ^
/opt/aws_neuronx_venv_pytorch_inference_vllm_0_16/lib/python3.12/site-packages/neuronxcc/private_nkl/utils/tiled_range.py:84:22: warning: 'neuronxcc.private_nkl.utils.tiled_range.TiledRangeIterator' is from the 'neuronxcc' package which is not supported in NKI kernels; use the 'nki' package instead
    iterators.append(TiledRangeIterator(current_tile_size, i, base_offset + relative_offset))
                     ^
/opt/aws_neuronx_venv_pytorch_inference_vllm_0_16/lib/python3.12/site-packages/neuronxcc/private_nkl/transpose.py:458:17: warning: 'neuronxcc.private_nkl.utils.tiled_range.TiledRange' is from the 'neuronxcc' package which is not supported in NKI kernels; use the 'nki' package instead
  I_128_tiles = TiledRange(I_tile, nl.tile_size.pmax)
                ^
/opt/aws_neuronx_venv_pytorch_inference_vllm_0_16/lib/python3.12/site-packages/neuronxcc/private_nkl/transpose.py:465:33: warning: 'neuronxcc.private_nkl.utils.tiled_range.TiledRange' is from the 'neuronxcc' package which is not supported in NKI kernels; use the 'nki' package instead
    for vectorization_factor in TiledRange(num_full_128_tiles_per_I_tile, VECTORIZATION_FACTOR):
                                ^
/opt/aws_neuronx_venv_pytorch_inference_vllm_0_16/lib/python3.12/site-packages/neuronxcc/private_nkl/transpose.py:284:16: warning: 'neuronxcc.private_nkl.transpose.max_f_size' is from the 'neuronxcc' package which is not supported in NKI kernels; use the 'nki' package instead
  MAX_F_SIZE = max_f_size(dtype)
               ^
/opt/aws_neuronx_venv_pytorch_inference_vllm_0_16/lib/python3.12/site-packages/neuronxcc/private_nkl/transpose.py:289:15: warning: 'neuronxcc.private_nkl.transpose_utils.next_multiple' is from the 'neuronxcc' package which is not supported in NKI kernels; use the 'nki' package instead
    return I, next_multiple(min(J, MAX_F_SIZE), 128)
              ^
/opt/aws_neuronx_venv_pytorch_inference_vllm_0_16/lib/python3.12/site-packages/neuronxcc/private_nkl/transpose.py:291:12: warning: 'neuronxcc.private_nkl.transpose_utils.next_multiple' is from the 'neuronxcc' package which is not supported in NKI kernels; use the 'nki' package instead
    return next_multiple(min(I, MAX_F_SIZE), 128), J
           ^
/opt/aws_neuronx_venv_pytorch_inference_vllm_0_16/lib/python3.12/site-packages/neuronxcc/private_nkl/transpose.py:302:19: warning: 'neuronxcc.private_nkl.transpose_utils.next_multiple' is from the 'neuronxcc' package which is not supported in NKI kernels; use the 'nki' package instead
    I_tile_size = next_multiple(I_tile_size, 128)
                  ^
/opt/aws_neuronx_venv_pytorch_inference_vllm_0_16/lib/python3.12/site-packages/neuronxcc/private_nkl/transpose.py:303:19: warning: 'neuronxcc.private_nkl.transpose_utils.next_multiple' is from the 'neuronxcc' package which is not supported in NKI kernels; use the 'nki' package instead
    J_tile_size = next_multiple(J_tile_size, 128)
                  ^
/opt/aws_neuronx_venv_pytorch_inference_vllm_0_16/lib/python3.12/site-packages/neuronxcc/private_nkl/transpose.py:681:17: warning: 'neuronxcc.private_nkl.utils.tiled_range.TiledRange' is from the 'neuronxcc' package which is not supported in NKI kernels; use the 'nki' package instead
  J_128_tiles = TiledRange(J_tile, nl.tile_size.pmax)
                ^
/opt/aws_neuronx_venv_pytorch_inference_vllm_0_16/lib/python3.12/site-packages/neuronxcc/private_nkl/transpose.py:688:33: warning: 'neuronxcc.private_nkl.utils.tiled_range.TiledRange' is from the 'neuronxcc' package which is not supported in NKI kernels; use the 'nki' package instead
    for vectorization_factor in TiledRange(num_full_128_tiles_per_J_tile, VECTORIZATION_FACTOR):
                                ^
/opt/aws_neuronx_venv_pytorch_inference_vllm_0_16/lib/python3.12/site-packages/neuronxcc/private_nkl/transpose.py:751:3: warning: 'neuronxcc.private_nkl.transpose.check_input_transpose' is from the 'neuronxcc' package which is not supported in NKI kernels; use the 'nki' package instead
  check_input_transpose(in_tensor, in_shape, permutation)
  ^
/opt/aws_neuronx_venv_pytorch_inference_vllm_0_16/lib/python3.12/site-packages/neuronxcc/private_nkl/transpose.py:757:33: warning: 'neuronxcc.private_nkl.transpose_utils.permutation_reduction' is from the 'neuronxcc' package which is not supported in NKI kernels; use the 'nki' package instead
  reduced_perm, reduced_shape = permutation_reduction(in_shape, permutation)
                                ^
/opt/aws_neuronx_venv_pytorch_inference_vllm_0_16/lib/python3.12/site-packages/neuronxcc/private_nkl/transpose.py:758:10: warning: 'neuronxcc.private_nkl.transpose_utils.permutes_last_two_dims' is from the 'neuronxcc' package which is not supported in NKI kernels; use the 'nki' package instead
  assert permutes_last_two_dims(reduced_perm), f"must permutate last two dims, got {reduced_perm}"
         ^
/opt/aws_neuronx_venv_pytorch_inference_vllm_0_16/lib/python3.12/site-packages/neuronxcc/private_nkl/transpose.py:763:11: warning: 'neuronxcc.private_nkl.transpose._str_to_dtype' is from the 'neuronxcc' package which is not supported in NKI kernels; use the 'nki' package instead
    dtype=_str_to_dtype(out_dtype),
          ^
/opt/aws_neuronx_venv_pytorch_inference_vllm_0_16/lib/python3.12/site-packages/neuronxcc/private_nkl/transpose.py:764:12: warning: 'neuronxcc.private_nkl.transpose_utils._get_hbm_buffer' is from the 'neuronxcc' package which is not supported in NKI kernels; use the 'nki' package instead
    buffer=_get_hbm_buffer(),
           ^
/opt/aws_neuronx_venv_pytorch_inference_vllm_0_16/lib/python3.12/site-packages/neuronxcc/private_nkl/transpose.py:767:3: warning: 'neuronxcc.private_nkl.transpose._pe_transpose_impl' is from the 'neuronxcc' package which is not supported in NKI kernels; use the 'nki' package instead
  _pe_transpose_impl(in_tensor, out_tensor, num_shards, shard_id)
  ^
/opt/aws_neuronx_venv_pytorch_inference_vllm_0_16/lib/python3.12/site-packages/neuronxcc/private_nkl/transpose.py:373:25: warning: 'neuronxcc.private_nkl.transpose_utils.n_elts' is from the 'neuronxcc' package which is not supported in NKI kernels; use the 'nki' package instead
  flattened_B_dim = int(n_elts(in_shape[:-2])) if in_shape[:-2] else 1
                        ^
/opt/aws_neuronx_venv_pytorch_inference_vllm_0_16/lib/python3.12/site-packages/neuronxcc/private_nkl/transpose.py:378:30: warning: 'neuronxcc.private_nkl.transpose._pe_optimal_tile_sizes' is from the 'neuronxcc' package which is not supported in NKI kernels; use the 'nki' package instead
  I_tile_size, J_tile_size = _pe_optimal_tile_sizes(I, J, in_tensor.dtype)
                             ^
/opt/aws_neuronx_venv_pytorch_inference_vllm_0_16/lib/python3.12/site-packages/neuronxcc/private_nkl/transpose.py:381:17: warning: 'neuronxcc.private_nkl.utils.kernel_helpers.div_ceil' is from the 'neuronxcc' package which is not supported in NKI kernels; use the 'nki' package instead
  b_per_shard = div_ceil(flattened_B_dim, num_shards)
                ^
/opt/aws_neuronx_venv_pytorch_inference_vllm_0_16/lib/python3.12/site-packages/neuronxcc/private_nkl/transpose.py:384:19: warning: 'neuronxcc.private_nkl.transpose._to_compute_dtype' is from the 'neuronxcc' package which is not supported in NKI kernels; use the 'nki' package instead
  compute_dtype = _to_compute_dtype(in_tensor.dtype)
                  ^
/opt/aws_neuronx_venv_pytorch_inference_vllm_0_16/lib/python3.12/site-packages/neuronxcc/private_nkl/transpose.py:398:19: warning: 'neuronxcc.private_nkl.utils.tiled_range.TiledRange' is from the 'neuronxcc' package which is not supported in NKI kernels; use the 'nki' package instead
    for I_tile in TiledRange(I, I_tile_size):
                  ^
/opt/aws_neuronx_venv_pytorch_inference_vllm_0_16/lib/python3.12/site-packages/neuronxcc/private_nkl/transpose.py:399:21: warning: 'neuronxcc.private_nkl.utils.tiled_range.TiledRange' is from the 'neuronxcc' package which is not supported in NKI kernels; use the 'nki' package instead
      for J_tile in TiledRange(J, J_tile_size):
                    ^
/opt/aws_neuronx_venv_pytorch_inference_vllm_0_16/lib/python3.12/site-packages/neuronxcc/private_nkl/transpose.py:400:23: warning: 'neuronxcc.private_nkl.utils.tiled_range.TiledRange' is from the 'neuronxcc' package which is not supported in NKI kernels; use the 'nki' package instead
        I_128_tiles = TiledRange(I_tile, nl.tile_size.pmax)
                      ^
/opt/aws_neuronx_venv_pytorch_inference_vllm_0_16/lib/python3.12/site-packages/neuronxcc/private_nkl/transpose.py:405:23: warning: 'neuronxcc.private_nkl.utils.tiled_range.TiledRange' is from the 'neuronxcc' package which is not supported in NKI kernels; use the 'nki' package instead
        J_128_tiles = TiledRange(J_tile, nl.tile_size.pmax)
                      ^
/opt/aws_neuronx_venv_pytorch_inference_vllm_0_16/lib/python3.12/site-packages/neuronxcc/private_nkl/transpose.py:411:9: warning: 'neuronxcc.private_nkl.transpose._pe_load_tile' is from the 'neuronxcc' package which is not supported in NKI kernels; use the 'nki' package instead
        _pe_load_tile(
        ^
/opt/aws_neuronx_venv_pytorch_inference_vllm_0_16/lib/python3.12/site-packages/neuronxcc/private_nkl/transpose.py:422:11: warning: 'neuronxcc.private_nkl.transpose._pe_transpose_tile_I_vectorized' is from the 'neuronxcc' package which is not supported in NKI kernels; use the 'nki' package instead
          _pe_transpose_tile_I_vectorized(
          ^
/opt/aws_neuronx_venv_pytorch_inference_vllm_0_16/lib/python3.12/site-packages/neuronxcc/private_nkl/transpose.py:430:11: warning: 'neuronxcc.private_nkl.transpose._pe_transpose_tile_J_vectorized' is from the 'neuronxcc' package which is not supported in NKI kernels; use the 'nki' package instead
          _pe_transpose_tile_J_vectorized(
          ^
/opt/aws_neuronx_venv_pytorch_inference_vllm_0_16/lib/python3.12/site-packages/neuronxcc/private_nkl/transpose.py:438:9: warning: 'neuronxcc.private_nkl.transpose._pe_store_tile' is from the 'neuronxcc' package which is not supported in NKI kernels; use the 'nki' package instead
        _pe_store_tile(
        ^
/opt/aws_neuronx_venv_pytorch_inference_vllm_0_16/lib/python3.12/site-packages/neuronxcc/private_nkl/transpose.py:527:17: warning: 'neuronxcc.private_nkl.utils.tiled_range.TiledRange' is from the 'neuronxcc' package which is not supported in NKI kernels; use the 'nki' package instead
  I_128_tiles = TiledRange(I_tile, nl.tile_size.pmax)
                ^
/opt/aws_neuronx_venv_pytorch_inference_vllm_0_16/lib/python3.12/site-packages/neuronxcc/private_nkl/transpose.py:529:17: warning: 'neuronxcc.private_nkl.utils.tiled_range.TiledRange' is from the 'neuronxcc' package which is not supported in NKI kernels; use the 'nki' package instead
  J_128_tiles = TiledRange(J_tile, nl.tile_size.pmax)
                ^
/opt/aws_neuronx_venv_pytorch_inference_vllm_0_16/lib/python3.12/site-packages/neuronxcc/private_nkl/transpose.py:538:21: warning: 'neuronxcc.private_nkl.utils.tiled_range.TiledRange' is from the 'neuronxcc' package which is not supported in NKI kernels; use the 'nki' package instead
  for J_128_tile in TiledRange(J_tile.size, nl.tile_size.pmax):
                    ^
/opt/aws_neuronx_venv_pytorch_inference_vllm_0_16/lib/python3.12/site-packages/neuronxcc/private_nkl/transpose.py:539:23: warning: 'neuronxcc.private_nkl.utils.tiled_range.TiledRange' is from the 'neuronxcc' package which is not supported in NKI kernels; use the 'nki' package instead
    for I_512_tile in TiledRange(I_tile.size, nl.tile_size.psum_fmax):
                      ^
/opt/aws_neuronx_venv_pytorch_inference_vllm_0_16/lib/python3.12/site-packages/neuronxcc/private_nkl/transpose.py:551:25: warning: 'neuronxcc.private_nkl.utils.tiled_range.TiledRange' is from the 'neuronxcc' package which is not supported in NKI kernels; use the 'nki' package instead
      for I_128_tile in TiledRange(I_512_tile, nl.tile_size.pmax):
                        ^
/opt/aws_neuronx_venv_pytorch_inference_vllm_0_16/lib/python3.12/site-packages/neuronxcc/private_nkl/transpose.py:569:7: warning: 'neuronxcc.private_nkl.transpose._copy_with_engine' is from the 'neuronxcc' package which is not supported in NKI kernels; use the 'nki' package instead
      _copy_with_engine(
      ^
/opt/aws_neuronx_venv_pytorch_inference_vllm_0_16/lib/python3.12/site-packages/neuronxcc/private_nkl/transpose.py:586:17: warning: 'neuronxcc.private_nkl.utils.tiled_range.TiledRange' is from the 'neuronxcc' package which is not supported in NKI kernels; use the 'nki' package instead
  I_128_tiles = TiledRange(I_tile, nl.tile_size.pmax)
                ^
/opt/aws_neuronx_venv_pytorch_inference_vllm_0_16/lib/python3.12/site-packages/neuronxcc/private_nkl/transpose.py:588:17: warning: 'neuronxcc.private_nkl.utils.tiled_range.TiledRange' is from the 'neuronxcc' package which is not supported in NKI kernels; use the 'nki' package instead
  J_128_tiles = TiledRange(J_tile, nl.tile_size.pmax)
                ^
/opt/aws_neuronx_venv_pytorch_inference_vllm_0_16/lib/python3.12/site-packages/neuronxcc/private_nkl/transpose.py:596:21: warning: 'neuronxcc.private_nkl.utils.tiled_range.TiledRange' is from the 'neuronxcc' package which is not supported in NKI kernels; use the 'nki' package instead
  for I_128_tile in TiledRange(I_tile.size, nl.tile_size.pmax):
                    ^
/opt/aws_neuronx_venv_pytorch_inference_vllm_0_16/lib/python3.12/site-packages/neuronxcc/private_nkl/transpose.py:597:23: warning: 'neuronxcc.private_nkl.utils.tiled_range.TiledRange' is from the 'neuronxcc' package which is not supported in NKI kernels; use the 'nki' package instead
    for J_512_tile in TiledRange(J_tile.size, nl.tile_size.psum_fmax):
                      ^
/opt/aws_neuronx_venv_pytorch_inference_vllm_0_16/lib/python3.12/site-packages/neuronxcc/private_nkl/transpose.py:609:25: warning: 'neuronxcc.private_nkl.utils.tiled_range.TiledRange' is from the 'neuronxcc' package which is not supported in NKI kernels; use the 'nki' package instead
      for J_128_tile in TiledRange(J_512_tile, nl.tile_size.pmax):
                        ^
/opt/aws_neuronx_venv_pytorch_inference_vllm_0_16/lib/python3.12/site-packages/neuronxcc/private_nkl/transpose.py:628:9: warning: 'neuronxcc.private_nkl.transpose._copy_with_engine' is from the 'neuronxcc' package which is not supported in NKI kernels; use the 'nki' package instead
        _copy_with_engine(
        ^
/opt/aws_neuronx_venv_pytorch_inference_vllm_0_16/lib/python3.12/site-packages/neuronxcc/private_nkl/transpose.py:652:9: warning: 'neuronxcc.private_nkl.transpose._copy_with_engine' is from the 'neuronxcc' package which is not supported in NKI kernels; use the 'nki' package instead
        _copy_with_engine(
        ^
/opt/aws_neuronx_venv_pytorch_inference_vllm_0_16/lib/python3.12/site-packages/neuronxcc/private_nkl/transpose.py:38:10: warning: 'neuronxcc.private_nkl.transpose_utils.is_valid_permutation' is from the 'neuronxcc' package which is not supported in NKI kernels; use the 'nki' package instead
  assert is_valid_permutation(permutation), "input permutation is invalid"
         ^
/opt/aws_neuronx_venv_pytorch_inference_vllm_0_16/lib/python3.12/site-packages/neuronxcc/private_nkl/transpose.py:41:10: warning: 'neuronxcc.private_nkl.transpose_utils.n_elts' is from the 'neuronxcc' package which is not supported in NKI kernels; use the 'nki' package instead
  assert n_elts(in_shape) == n_elts(in_tensor.shape), "tensor shape is invalid"
         ^
/opt/aws_neuronx_venv_pytorch_inference_vllm_0_16/lib/python3.12/site-packages/neuronxcc/private_nkl/transpose.py:41:30: warning: 'neuronxcc.private_nkl.transpose_utils.n_elts' is from the 'neuronxcc' package which is not supported in NKI kernels; use the 'nki' package instead
  assert n_elts(in_shape) == n_elts(in_tensor.shape), "tensor shape is invalid"
                             ^
/opt/aws_neuronx_venv_pytorch_inference_vllm_0_16/lib/python3.12/site-packages/neuronxcc/private_nkl/transpose.py:32:20: warning: 'neuronxcc.private_nkl.utils.StackAllocator.sizeinbytes' is from the 'neuronxcc' package which is not supported in NKI kernels; use the 'nki' package instead
  return (98304 // sizeinbytes(dtype)) // 2
                   ^
/opt/aws_neuronx_venv_pytorch_inference_vllm_0_16/lib/python3.12/site-packages/neuronxcc/private_nkl/transpose.py:886:29: warning: 'neuronxcc.private_nkl.utils.kernel_helpers.get_program_sharding_info' is from the 'neuronxcc' package which is not supported in NKI kernels; use the 'nki' package instead
  _, num_shards, shard_id = get_program_sharding_info()
                            ^
/opt/aws_neuronx_venv_pytorch_inference_vllm_0_16/lib/python3.12/site-packages/neuronxcc/private_nkl/transpose.py:887:9: warning: 'neuronxcc.private_nkl.transpose._pe_transpose' is from the 'neuronxcc' package which is not supported in NKI kernels; use the 'nki' package instead
  out = _pe_transpose(in_tensor, in_shape, permutation, out_dtype, num_shards, shard_id)
        ^
/opt/aws_neuronx_venv_pytorch_inference_vllm_0_16/lib/python3.12/site-packages/neuronxcc/private_nkl/transpose_utils.py:71:10: warning: 'neuronxcc.private_nkl.transpose_utils.is_valid_permutation' is from the 'neuronxcc' package which is not supported in NKI kernels; use the 'nki' package instead
  if not is_valid_permutation(permutation):
         ^
/opt/aws_neuronx_venv_pytorch_inference_vllm_0_16/lib/python3.12/site-packages/neuronxcc/private_nkl/utils/tiled_range.py:66:23: warning: 'neuronxcc.private_nkl.utils.tiled_range.TiledRangeIterator' is from the 'neuronxcc' package which is not supported in NKI kernels; use the 'nki' package instead
  if isinstance(size, TiledRangeIterator):
                      ^
/opt/aws_neuronx_venv_pytorch_inference_vllm_0_16/lib/python3.12/site-packages/neuronxcc/private_nkl/utils/tiled_range.py:84:22: warning: 'neuronxcc.private_nkl.utils.tiled_range.TiledRangeIterator' is from the 'neuronxcc' package which is not supported in NKI kernels; use the 'nki' package instead
    iterators.append(TiledRangeIterator(current_tile_size, i, base_offset + relative_offset))
                     ^
/opt/aws_neuronx_venv_pytorch_inference_vllm_0_16/lib/python3.12/site-packages/neuronxcc/private_nkl/transpose.py:458:17: warning: 'neuronxcc.private_nkl.utils.tiled_range.TiledRange' is from the 'neuronxcc' package which is not supported in NKI kernels; use the 'nki' package instead
  I_128_tiles = TiledRange(I_tile, nl.tile_size.pmax)
                ^
/opt/aws_neuronx_venv_pytorch_inference_vllm_0_16/lib/python3.12/site-packages/neuronxcc/private_nkl/transpose.py:465:33: warning: 'neuronxcc.private_nkl.utils.tiled_range.TiledRange' is from the 'neuronxcc' package which is not supported in NKI kernels; use the 'nki' package instead
    for vectorization_factor in TiledRange(num_full_128_tiles_per_I_tile, VECTORIZATION_FACTOR):
                                ^
/opt/aws_neuronx_venv_pytorch_inference_vllm_0_16/lib/python3.12/site-packages/neuronxcc/private_nkl/transpose.py:284:16: warning: 'neuronxcc.private_nkl.transpose.max_f_size' is from the 'neuronxcc' package which is not supported in NKI kernels; use the 'nki' package instead
  MAX_F_SIZE = max_f_size(dtype)
               ^
/opt/aws_neuronx_venv_pytorch_inference_vllm_0_16/lib/python3.12/site-packages/neuronxcc/private_nkl/transpose.py:289:15: warning: 'neuronxcc.private_nkl.transpose_utils.next_multiple' is from the 'neuronxcc' package which is not supported in NKI kernels; use the 'nki' package instead
    return I, next_multiple(min(J, MAX_F_SIZE), 128)
              ^
/opt/aws_neuronx_venv_pytorch_inference_vllm_0_16/lib/python3.12/site-packages/neuronxcc/private_nkl/transpose.py:291:12: warning: 'neuronxcc.private_nkl.transpose_utils.next_multiple' is from the 'neuronxcc' package which is not supported in NKI kernels; use the 'nki' package instead
    return next_multiple(min(I, MAX_F_SIZE), 128), J
           ^
/opt/aws_neuronx_venv_pytorch_inference_vllm_0_16/lib/python3.12/site-packages/neuronxcc/private_nkl/transpose.py:302:19: warning: 'neuronxcc.private_nkl.transpose_utils.next_multiple' is from the 'neuronxcc' package which is not supported in NKI kernels; use the 'nki' package instead
    I_tile_size = next_multiple(I_tile_size, 128)
                  ^
/opt/aws_neuronx_venv_pytorch_inference_vllm_0_16/lib/python3.12/site-packages/neuronxcc/private_nkl/transpose.py:303:19: warning: 'neuronxcc.private_nkl.transpose_utils.next_multiple' is from the 'neuronxcc' package which is not supported in NKI kernels; use the 'nki' package instead
    J_tile_size = next_multiple(J_tile_size, 128)
                  ^
/opt/aws_neuronx_venv_pytorch_inference_vllm_0_16/lib/python3.12/site-packages/neuronxcc/private_nkl/transpose.py:681:17: warning: 'neuronxcc.private_nkl.utils.tiled_range.TiledRange' is from the 'neuronxcc' package which is not supported in NKI kernels; use the 'nki' package instead
  J_128_tiles = TiledRange(J_tile, nl.tile_size.pmax)
                ^
/opt/aws_neuronx_venv_pytorch_inference_vllm_0_16/lib/python3.12/site-packages/neuronxcc/private_nkl/transpose.py:688:33: warning: 'neuronxcc.private_nkl.utils.tiled_range.TiledRange' is from the 'neuronxcc' package which is not supported in NKI kernels; use the 'nki' package instead
    for vectorization_factor in TiledRange(num_full_128_tiles_per_J_tile, VECTORIZATION_FACTOR):
                                ^
/opt/aws_neuronx_venv_pytorch_inference_vllm_0_16/lib/python3.12/site-packages/neuronxcc/private_nkl/transpose.py:751:3: warning: 'neuronxcc.private_nkl.transpose.check_input_transpose' is from the 'neuronxcc' package which is not supported in NKI kernels; use the 'nki' package instead
  check_input_transpose(in_tensor, in_shape, permutation)
  ^
/opt/aws_neuronx_venv_pytorch_inference_vllm_0_16/lib/python3.12/site-packages/neuronxcc/private_nkl/transpose.py:757:33: warning: 'neuronxcc.private_nkl.transpose_utils.permutation_reduction' is from the 'neuronxcc' package which is not supported in NKI kernels; use the 'nki' package instead
  reduced_perm, reduced_shape = permutation_reduction(in_shape, permutation)
                                ^
/opt/aws_neuronx_venv_pytorch_inference_vllm_0_16/lib/python3.12/site-packages/neuronxcc/private_nkl/transpose.py:758:10: warning: 'neuronxcc.private_nkl.transpose_utils.permutes_last_two_dims' is from the 'neuronxcc' package which is not supported in NKI kernels; use the 'nki' package instead
  assert permutes_last_two_dims(reduced_perm), f"must permutate last two dims, got {reduced_perm}"
         ^
/opt/aws_neuronx_venv_pytorch_inference_vllm_0_16/lib/python3.12/site-packages/neuronxcc/private_nkl/transpose.py:763:11: warning: 'neuronxcc.private_nkl.transpose._str_to_dtype' is from the 'neuronxcc' package which is not supported in NKI kernels; use the 'nki' package instead
    dtype=_str_to_dtype(out_dtype),
          ^
/opt/aws_neuronx_venv_pytorch_inference_vllm_0_16/lib/python3.12/site-packages/neuronxcc/private_nkl/transpose.py:764:12: warning: 'neuronxcc.private_nkl.transpose_utils._get_hbm_buffer' is from the 'neuronxcc' package which is not supported in NKI kernels; use the 'nki' package instead
    buffer=_get_hbm_buffer(),
           ^
/opt/aws_neuronx_venv_pytorch_inference_vllm_0_16/lib/python3.12/site-packages/neuronxcc/private_nkl/transpose.py:767:3: warning: 'neuronxcc.private_nkl.transpose._pe_transpose_impl' is from the 'neuronxcc' package which is not supported in NKI kernels; use the 'nki' package instead
  _pe_transpose_impl(in_tensor, out_tensor, num_shards, shard_id)
  ^
/opt/aws_neuronx_venv_pytorch_inference_vllm_0_16/lib/python3.12/site-packages/neuronxcc/private_nkl/transpose.py:373:25: warning: 'neuronxcc.private_nkl.transpose_utils.n_elts' is from the 'neuronxcc' package which is not supported in NKI kernels; use the 'nki' package instead
  flattened_B_dim = int(n_elts(in_shape[:-2])) if in_shape[:-2] else 1
                        ^
/opt/aws_neuronx_venv_pytorch_inference_vllm_0_16/lib/python3.12/site-packages/neuronxcc/private_nkl/transpose.py:378:30: warning: 'neuronxcc.private_nkl.transpose._pe_optimal_tile_sizes' is from the 'neuronxcc' package which is not supported in NKI kernels; use the 'nki' package instead
  I_tile_size, J_tile_size = _pe_optimal_tile_sizes(I, J, in_tensor.dtype)
                             ^
/opt/aws_neuronx_venv_pytorch_inference_vllm_0_16/lib/python3.12/site-packages/neuronxcc/private_nkl/transpose.py:381:17: warning: 'neuronxcc.private_nkl.utils.kernel_helpers.div_ceil' is from the 'neuronxcc' package which is not supported in NKI kernels; use the 'nki' package instead
  b_per_shard = div_ceil(flattened_B_dim, num_shards)
                ^
/opt/aws_neuronx_venv_pytorch_inference_vllm_0_16/lib/python3.12/site-packages/neuronxcc/private_nkl/transpose.py:384:19: warning: 'neuronxcc.private_nkl.transpose._to_compute_dtype' is from the 'neuronxcc' package which is not supported in NKI kernels; use the 'nki' package instead
  compute_dtype = _to_compute_dtype(in_tensor.dtype)
                  ^
/opt/aws_neuronx_venv_pytorch_inference_vllm_0_16/lib/python3.12/site-packages/neuronxcc/private_nkl/transpose.py:398:19: warning: 'neuronxcc.private_nkl.utils.tiled_range.TiledRange' is from the 'neuronxcc' package which is not supported in NKI kernels; use the 'nki' package instead
    for I_tile in TiledRange(I, I_tile_size):
                  ^
/opt/aws_neuronx_venv_pytorch_inference_vllm_0_16/lib/python3.12/site-packages/neuronxcc/private_nkl/transpose.py:399:21: warning: 'neuronxcc.private_nkl.utils.tiled_range.TiledRange' is from the 'neuronxcc' package which is not supported in NKI kernels; use the 'nki' package instead
      for J_tile in TiledRange(J, J_tile_size):
                    ^
/opt/aws_neuronx_venv_pytorch_inference_vllm_0_16/lib/python3.12/site-packages/neuronxcc/private_nkl/transpose.py:400:23: warning: 'neuronxcc.private_nkl.utils.tiled_range.TiledRange' is from the 'neuronxcc' package which is not supported in NKI kernels; use the 'nki' package instead
        I_128_tiles = TiledRange(I_tile, nl.tile_size.pmax)
                      ^
/opt/aws_neuronx_venv_pytorch_inference_vllm_0_16/lib/python3.12/site-packages/neuronxcc/private_nkl/transpose.py:405:23: warning: 'neuronxcc.private_nkl.utils.tiled_range.TiledRange' is from the 'neuronxcc' package which is not supported in NKI kernels; use the 'nki' package instead
        J_128_tiles = TiledRange(J_tile, nl.tile_size.pmax)
                      ^
/opt/aws_neuronx_venv_pytorch_inference_vllm_0_16/lib/python3.12/site-packages/neuronxcc/private_nkl/transpose.py:411:9: warning: 'neuronxcc.private_nkl.transpose._pe_load_tile' is from the 'neuronxcc' package which is not supported in NKI kernels; use the 'nki' package instead
        _pe_load_tile(
        ^
/opt/aws_neuronx_venv_pytorch_inference_vllm_0_16/lib/python3.12/site-packages/neuronxcc/private_nkl/transpose.py:422:11: warning: 'neuronxcc.private_nkl.transpose._pe_transpose_tile_I_vectorized' is from the 'neuronxcc' package which is not supported in NKI kernels; use the 'nki' package instead
          _pe_transpose_tile_I_vectorized(
          ^
/opt/aws_neuronx_venv_pytorch_inference_vllm_0_16/lib/python3.12/site-packages/neuronxcc/private_nkl/transpose.py:430:11: warning: 'neuronxcc.private_nkl.transpose._pe_transpose_tile_J_vectorized' is from the 'neuronxcc' package which is not supported in NKI kernels; use the 'nki' package instead
          _pe_transpose_tile_J_vectorized(
          ^
/opt/aws_neuronx_venv_pytorch_inference_vllm_0_16/lib/python3.12/site-packages/neuronxcc/private_nkl/transpose.py:438:9: warning: 'neuronxcc.private_nkl.transpose._pe_store_tile' is from the 'neuronxcc' package which is not supported in NKI kernels; use the 'nki' package instead
        _pe_store_tile(
        ^
/opt/aws_neuronx_venv_pytorch_inference_vllm_0_16/lib/python3.12/site-packages/neuronxcc/private_nkl/transpose.py:527:17: warning: 'neuronxcc.private_nkl.utils.tiled_range.TiledRange' is from the 'neuronxcc' package which is not supported in NKI kernels; use the 'nki' package instead
  I_128_tiles = TiledRange(I_tile, nl.tile_size.pmax)
                ^
/opt/aws_neuronx_venv_pytorch_inference_vllm_0_16/lib/python3.12/site-packages/neuronxcc/private_nkl/transpose.py:529:17: warning: 'neuronxcc.private_nkl.utils.tiled_range.TiledRange' is from the 'neuronxcc' package which is not supported in NKI kernels; use the 'nki' package instead
  J_128_tiles = TiledRange(J_tile, nl.tile_size.pmax)
                ^
/opt/aws_neuronx_venv_pytorch_inference_vllm_0_16/lib/python3.12/site-packages/neuronxcc/private_nkl/transpose.py:538:21: warning: 'neuronxcc.private_nkl.utils.tiled_range.TiledRange' is from the 'neuronxcc' package which is not supported in NKI kernels; use the 'nki' package instead
  for J_128_tile in TiledRange(J_tile.size, nl.tile_size.pmax):
                    ^
/opt/aws_neuronx_venv_pytorch_inference_vllm_0_16/lib/python3.12/site-packages/neuronxcc/private_nkl/transpose.py:539:23: warning: 'neuronxcc.private_nkl.utils.tiled_range.TiledRange' is from the 'neuronxcc' package which is not supported in NKI kernels; use the 'nki' package instead
    for I_512_tile in TiledRange(I_tile.size, nl.tile_size.psum_fmax):
                      ^
/opt/aws_neuronx_venv_pytorch_inference_vllm_0_16/lib/python3.12/site-packages/neuronxcc/private_nkl/transpose.py:551:25: warning: 'neuronxcc.private_nkl.utils.tiled_range.TiledRange' is from the 'neuronxcc' package which is not supported in NKI kernels; use the 'nki' package instead
      for I_128_tile in TiledRange(I_512_tile, nl.tile_size.pmax):
                        ^
/opt/aws_neuronx_venv_pytorch_inference_vllm_0_16/lib/python3.12/site-packages/neuronxcc/private_nkl/transpose.py:569:7: warning: 'neuronxcc.private_nkl.transpose._copy_with_engine' is from the 'neuronxcc' package which is not supported in NKI kernels; use the 'nki' package instead
      _copy_with_engine(
      ^
/opt/aws_neuronx_venv_pytorch_inference_vllm_0_16/lib/python3.12/site-packages/neuronxcc/private_nkl/transpose.py:586:17: warning: 'neuronxcc.private_nkl.utils.tiled_range.TiledRange' is from the 'neuronxcc' package which is not supported in NKI kernels; use the 'nki' package instead
  I_128_tiles = TiledRange(I_tile, nl.tile_size.pmax)
                ^
/opt/aws_neuronx_venv_pytorch_inference_vllm_0_16/lib/python3.12/site-packages/neuronxcc/private_nkl/transpose.py:588:17: warning: 'neuronxcc.private_nkl.utils.tiled_range.TiledRange' is from the 'neuronxcc' package which is not supported in NKI kernels; use the 'nki' package instead
  J_128_tiles = TiledRange(J_tile, nl.tile_size.pmax)
                ^
/opt/aws_neuronx_venv_pytorch_inference_vllm_0_16/lib/python3.12/site-packages/neuronxcc/private_nkl/transpose.py:596:21: warning: 'neuronxcc.private_nkl.utils.tiled_range.TiledRange' is from the 'neuronxcc' package which is not supported in NKI kernels; use the 'nki' package instead
  for I_128_tile in TiledRange(I_tile.size, nl.tile_size.pmax):
                    ^
/opt/aws_neuronx_venv_pytorch_inference_vllm_0_16/lib/python3.12/site-packages/neuronxcc/private_nkl/transpose.py:597:23: warning: 'neuronxcc.private_nkl.utils.tiled_range.TiledRange' is from the 'neuronxcc' package which is not supported in NKI kernels; use the 'nki' package instead
    for J_512_tile in TiledRange(J_tile.size, nl.tile_size.psum_fmax):
                      ^
/opt/aws_neuronx_venv_pytorch_inference_vllm_0_16/lib/python3.12/site-packages/neuronxcc/private_nkl/transpose.py:609:25: warning: 'neuronxcc.private_nkl.utils.tiled_range.TiledRange' is from the 'neuronxcc' package which is not supported in NKI kernels; use the 'nki' package instead
      for J_128_tile in TiledRange(J_512_tile, nl.tile_size.pmax):
                        ^
/opt/aws_neuronx_venv_pytorch_inference_vllm_0_16/lib/python3.12/site-packages/neuronxcc/private_nkl/transpose.py:628:9: warning: 'neuronxcc.private_nkl.transpose._copy_with_engine' is from the 'neuronxcc' package which is not supported in NKI kernels; use the 'nki' package instead
        _copy_with_engine(
        ^
/opt/aws_neuronx_venv_pytorch_inference_vllm_0_16/lib/python3.12/site-packages/neuronxcc/private_nkl/transpose.py:652:9: warning: 'neuronxcc.private_nkl.transpose._copy_with_engine' is from the 'neuronxcc' package which is not supported in NKI kernels; use the 'nki' package instead
        _copy_with_engine(
        ^
/opt/aws_neuronx_venv_pytorch_inference_vllm_0_16/lib/python3.12/site-packages/neuronxcc/private_nkl/transpose.py:38:10: warning: 'neuronxcc.private_nkl.transpose_utils.is_valid_permutation' is from the 'neuronxcc' package which is not supported in NKI kernels; use the 'nki' package instead
  assert is_valid_permutation(permutation), "input permutation is invalid"
         ^
/opt/aws_neuronx_venv_pytorch_inference_vllm_0_16/lib/python3.12/site-packages/neuronxcc/private_nkl/transpose.py:41:10: warning: 'neuronxcc.private_nkl.transpose_utils.n_elts' is from the 'neuronxcc' package which is not supported in NKI kernels; use the 'nki' package instead
  assert n_elts(in_shape) == n_elts(in_tensor.shape), "tensor shape is invalid"
         ^
/opt/aws_neuronx_venv_pytorch_inference_vllm_0_16/lib/python3.12/site-packages/neuronxcc/private_nkl/transpose.py:41:30: warning: 'neuronxcc.private_nkl.transpose_utils.n_elts' is from the 'neuronxcc' package which is not supported in NKI kernels; use the 'nki' package instead
  assert n_elts(in_shape) == n_elts(in_tensor.shape), "tensor shape is invalid"
                             ^
/opt/aws_neuronx_venv_pytorch_inference_vllm_0_16/lib/python3.12/site-packages/neuronxcc/private_nkl/transpose.py:32:20: warning: 'neuronxcc.private_nkl.utils.StackAllocator.sizeinbytes' is from the 'neuronxcc' package which is not supported in NKI kernels; use the 'nki' package instead
  return (98304 // sizeinbytes(dtype)) // 2
                   ^
/opt/aws_neuronx_venv_pytorch_inference_vllm_0_16/lib/python3.12/site-packages/neuronxcc/private_nkl/transpose.py:886:29: warning: 'neuronxcc.private_nkl.utils.kernel_helpers.get_program_sharding_info' is from the 'neuronxcc' package which is not supported in NKI kernels; use the 'nki' package instead
  _, num_shards, shard_id = get_program_sharding_info()
                            ^
/opt/aws_neuronx_venv_pytorch_inference_vllm_0_16/lib/python3.12/site-packages/neuronxcc/private_nkl/transpose.py:887:9: warning: 'neuronxcc.private_nkl.transpose._pe_transpose' is from the 'neuronxcc' package which is not supported in NKI kernels; use the 'nki' package instead
  out = _pe_transpose(in_tensor, in_shape, permutation, out_dtype, num_shards, shard_id)
        ^
/opt/aws_neuronx_venv_pytorch_inference_vllm_0_16/lib/python3.12/site-packages/neuronxcc/private_nkl/transpose_utils.py:71:10: warning: 'neuronxcc.private_nkl.transpose_utils.is_valid_permutation' is from the 'neuronxcc' package which is not supported in NKI kernels; use the 'nki' package instead
  if not is_valid_permutation(permutation):
         ^
/opt/aws_neuronx_venv_pytorch_inference_vllm_0_16/lib/python3.12/site-packages/neuronxcc/private_nkl/utils/tiled_range.py:66:23: warning: 'neuronxcc.private_nkl.utils.tiled_range.TiledRangeIterator' is from the 'neuronxcc' package which is not supported in NKI kernels; use the 'nki' package instead
  if isinstance(size, TiledRangeIterator):
                      ^
/opt/aws_neuronx_venv_pytorch_inference_vllm_0_16/lib/python3.12/site-packages/neuronxcc/private_nkl/utils/tiled_range.py:84:22: warning: 'neuronxcc.private_nkl.utils.tiled_range.TiledRangeIterator' is from the 'neuronxcc' package which is not supported in NKI kernels; use the 'nki' package instead
    iterators.append(TiledRangeIterator(current_tile_size, i, base_offset + relative_offset))
                     ^
/opt/aws_neuronx_venv_pytorch_inference_vllm_0_16/lib/python3.12/site-packages/neuronxcc/private_nkl/transpose.py:458:17: warning: 'neuronxcc.private_nkl.utils.tiled_range.TiledRange' is from the 'neuronxcc' package which is not supported in NKI kernels; use the 'nki' package instead
  I_128_tiles = TiledRange(I_tile, nl.tile_size.pmax)
                ^
/opt/aws_neuronx_venv_pytorch_inference_vllm_0_16/lib/python3.12/site-packages/neuronxcc/private_nkl/transpose.py:465:33: warning: 'neuronxcc.private_nkl.utils.tiled_range.TiledRange' is from the 'neuronxcc' package which is not supported in NKI kernels; use the 'nki' package instead
    for vectorization_factor in TiledRange(num_full_128_tiles_per_I_tile, VECTORIZATION_FACTOR):
                                ^
/opt/aws_neuronx_venv_pytorch_inference_vllm_0_16/lib/python3.12/site-packages/neuronxcc/private_nkl/transpose.py:284:16: warning: 'neuronxcc.private_nkl.transpose.max_f_size' is from the 'neuronxcc' package which is not supported in NKI kernels; use the 'nki' package instead
  MAX_F_SIZE = max_f_size(dtype)
               ^
/opt/aws_neuronx_venv_pytorch_inference_vllm_0_16/lib/python3.12/site-packages/neuronxcc/private_nkl/transpose.py:289:15: warning: 'neuronxcc.private_nkl.transpose_utils.next_multiple' is from the 'neuronxcc' package which is not supported in NKI kernels; use the 'nki' package instead
    return I, next_multiple(min(J, MAX_F_SIZE), 128)
              ^
/opt/aws_neuronx_venv_pytorch_inference_vllm_0_16/lib/python3.12/site-packages/neuronxcc/private_nkl/transpose.py:291:12: warning: 'neuronxcc.private_nkl.transpose_utils.next_multiple' is from the 'neuronxcc' package which is not supported in NKI kernels; use the 'nki' package instead
    return next_multiple(min(I, MAX_F_SIZE), 128), J
           ^
/opt/aws_neuronx_venv_pytorch_inference_vllm_0_16/lib/python3.12/site-packages/neuronxcc/private_nkl/transpose.py:302:19: warning: 'neuronxcc.private_nkl.transpose_utils.next_multiple' is from the 'neuronxcc' package which is not supported in NKI kernels; use the 'nki' package instead
    I_tile_size = next_multiple(I_tile_size, 128)
                  ^
/opt/aws_neuronx_venv_pytorch_inference_vllm_0_16/lib/python3.12/site-packages/neuronxcc/private_nkl/transpose.py:303:19: warning: 'neuronxcc.private_nkl.transpose_utils.next_multiple' is from the 'neuronxcc' package which is not supported in NKI kernels; use the 'nki' package instead
    J_tile_size = next_multiple(J_tile_size, 128)
                  ^
/opt/aws_neuronx_venv_pytorch_inference_vllm_0_16/lib/python3.12/site-packages/neuronxcc/private_nkl/transpose.py:681:17: warning: 'neuronxcc.private_nkl.utils.tiled_range.TiledRange' is from the 'neuronxcc' package which is not supported in NKI kernels; use the 'nki' package instead
  J_128_tiles = TiledRange(J_tile, nl.tile_size.pmax)
                ^
/opt/aws_neuronx_venv_pytorch_inference_vllm_0_16/lib/python3.12/site-packages/neuronxcc/private_nkl/transpose.py:688:33: warning: 'neuronxcc.private_nkl.utils.tiled_range.TiledRange' is from the 'neuronxcc' package which is not supported in NKI kernels; use the 'nki' package instead
    for vectorization_factor in TiledRange(num_full_128_tiles_per_J_tile, VECTORIZATION_FACTOR):
                                ^
/opt/aws_neuronx_venv_pytorch_inference_vllm_0_16/lib/python3.12/site-packages/neuronxcc/private_nkl/transpose.py:751:3: warning: 'neuronxcc.private_nkl.transpose.check_input_transpose' is from the 'neuronxcc' package which is not supported in NKI kernels; use the 'nki' package instead
  check_input_transpose(in_tensor, in_shape, permutation)
  ^
/opt/aws_neuronx_venv_pytorch_inference_vllm_0_16/lib/python3.12/site-packages/neuronxcc/private_nkl/transpose.py:757:33: warning: 'neuronxcc.private_nkl.transpose_utils.permutation_reduction' is from the 'neuronxcc' package which is not supported in NKI kernels; use the 'nki' package instead
  reduced_perm, reduced_shape = permutation_reduction(in_shape, permutation)
                                ^
/opt/aws_neuronx_venv_pytorch_inference_vllm_0_16/lib/python3.12/site-packages/neuronxcc/private_nkl/transpose.py:758:10: warning: 'neuronxcc.private_nkl.transpose_utils.permutes_last_two_dims' is from the 'neuronxcc' package which is not supported in NKI kernels; use the 'nki' package instead
  assert permutes_last_two_dims(reduced_perm), f"must permutate last two dims, got {reduced_perm}"
         ^
/opt/aws_neuronx_venv_pytorch_inference_vllm_0_16/lib/python3.12/site-packages/neuronxcc/private_nkl/transpose.py:763:11: warning: 'neuronxcc.private_nkl.transpose._str_to_dtype' is from the 'neuronxcc' package which is not supported in NKI kernels; use the 'nki' package instead
    dtype=_str_to_dtype(out_dtype),
          ^
/opt/aws_neuronx_venv_pytorch_inference_vllm_0_16/lib/python3.12/site-packages/neuronxcc/private_nkl/transpose.py:764:12: warning: 'neuronxcc.private_nkl.transpose_utils._get_hbm_buffer' is from the 'neuronxcc' package which is not supported in NKI kernels; use the 'nki' package instead
    buffer=_get_hbm_buffer(),
           ^
/opt/aws_neuronx_venv_pytorch_inference_vllm_0_16/lib/python3.12/site-packages/neuronxcc/private_nkl/transpose.py:767:3: warning: 'neuronxcc.private_nkl.transpose._pe_transpose_impl' is from the 'neuronxcc' package which is not supported in NKI kernels; use the 'nki' package instead
  _pe_transpose_impl(in_tensor, out_tensor, num_shards, shard_id)
  ^
/opt/aws_neuronx_venv_pytorch_inference_vllm_0_16/lib/python3.12/site-packages/neuronxcc/private_nkl/transpose.py:373:25: warning: 'neuronxcc.private_nkl.transpose_utils.n_elts' is from the 'neuronxcc' package which is not supported in NKI kernels; use the 'nki' package instead
  flattened_B_dim = int(n_elts(in_shape[:-2])) if in_shape[:-2] else 1
                        ^
/opt/aws_neuronx_venv_pytorch_inference_vllm_0_16/lib/python3.12/site-packages/neuronxcc/private_nkl/transpose.py:378:30: warning: 'neuronxcc.private_nkl.transpose._pe_optimal_tile_sizes' is from the 'neuronxcc' package which is not supported in NKI kernels; use the 'nki' package instead
  I_tile_size, J_tile_size = _pe_optimal_tile_sizes(I, J, in_tensor.dtype)
                             ^
/opt/aws_neuronx_venv_pytorch_inference_vllm_0_16/lib/python3.12/site-packages/neuronxcc/private_nkl/transpose.py:381:17: warning: 'neuronxcc.private_nkl.utils.kernel_helpers.div_ceil' is from the 'neuronxcc' package which is not supported in NKI kernels; use the 'nki' package instead
  b_per_shard = div_ceil(flattened_B_dim, num_shards)
                ^
/opt/aws_neuronx_venv_pytorch_inference_vllm_0_16/lib/python3.12/site-packages/neuronxcc/private_nkl/transpose.py:384:19: warning: 'neuronxcc.private_nkl.transpose._to_compute_dtype' is from the 'neuronxcc' package which is not supported in NKI kernels; use the 'nki' package instead
  compute_dtype = _to_compute_dtype(in_tensor.dtype)
                  ^
/opt/aws_neuronx_venv_pytorch_inference_vllm_0_16/lib/python3.12/site-packages/neuronxcc/private_nkl/transpose.py:398:19: warning: 'neuronxcc.private_nkl.utils.tiled_range.TiledRange' is from the 'neuronxcc' package which is not supported in NKI kernels; use the 'nki' package instead
    for I_tile in TiledRange(I, I_tile_size):
                  ^
/opt/aws_neuronx_venv_pytorch_inference_vllm_0_16/lib/python3.12/site-packages/neuronxcc/private_nkl/transpose.py:399:21: warning: 'neuronxcc.private_nkl.utils.tiled_range.TiledRange' is from the 'neuronxcc' package which is not supported in NKI kernels; use the 'nki' package instead
      for J_tile in TiledRange(J, J_tile_size):
                    ^
/opt/aws_neuronx_venv_pytorch_inference_vllm_0_16/lib/python3.12/site-packages/neuronxcc/private_nkl/transpose.py:400:23: warning: 'neuronxcc.private_nkl.utils.tiled_range.TiledRange' is from the 'neuronxcc' package which is not supported in NKI kernels; use the 'nki' package instead
        I_128_tiles = TiledRange(I_tile, nl.tile_size.pmax)
                      ^
/opt/aws_neuronx_venv_pytorch_inference_vllm_0_16/lib/python3.12/site-packages/neuronxcc/private_nkl/transpose.py:405:23: warning: 'neuronxcc.private_nkl.utils.tiled_range.TiledRange' is from the 'neuronxcc' package which is not supported in NKI kernels; use the 'nki' package instead
        J_128_tiles = TiledRange(J_tile, nl.tile_size.pmax)
                      ^
/opt/aws_neuronx_venv_pytorch_inference_vllm_0_16/lib/python3.12/site-packages/neuronxcc/private_nkl/transpose.py:411:9: warning: 'neuronxcc.private_nkl.transpose._pe_load_tile' is from the 'neuronxcc' package which is not supported in NKI kernels; use the 'nki' package instead
        _pe_load_tile(
        ^
/opt/aws_neuronx_venv_pytorch_inference_vllm_0_16/lib/python3.12/site-packages/neuronxcc/private_nkl/transpose.py:422:11: warning: 'neuronxcc.private_nkl.transpose._pe_transpose_tile_I_vectorized' is from the 'neuronxcc' package which is not supported in NKI kernels; use the 'nki' package instead
          _pe_transpose_tile_I_vectorized(
          ^
/opt/aws_neuronx_venv_pytorch_inference_vllm_0_16/lib/python3.12/site-packages/neuronxcc/private_nkl/transpose.py:430:11: warning: 'neuronxcc.private_nkl.transpose._pe_transpose_tile_J_vectorized' is from the 'neuronxcc' package which is not supported in NKI kernels; use the 'nki' package instead
          _pe_transpose_tile_J_vectorized(
          ^
/opt/aws_neuronx_venv_pytorch_inference_vllm_0_16/lib/python3.12/site-packages/neuronxcc/private_nkl/transpose.py:438:9: warning: 'neuronxcc.private_nkl.transpose._pe_store_tile' is from the 'neuronxcc' package which is not supported in NKI kernels; use the 'nki' package instead
        _pe_store_tile(
        ^
/opt/aws_neuronx_venv_pytorch_inference_vllm_0_16/lib/python3.12/site-packages/neuronxcc/private_nkl/transpose.py:527:17: warning: 'neuronxcc.private_nkl.utils.tiled_range.TiledRange' is from the 'neuronxcc' package which is not supported in NKI kernels; use the 'nki' package instead
  I_128_tiles = TiledRange(I_tile, nl.tile_size.pmax)
                ^
/opt/aws_neuronx_venv_pytorch_inference_vllm_0_16/lib/python3.12/site-packages/neuronxcc/private_nkl/transpose.py:529:17: warning: 'neuronxcc.private_nkl.utils.tiled_range.TiledRange' is from the 'neuronxcc' package which is not supported in NKI kernels; use the 'nki' package instead
  J_128_tiles = TiledRange(J_tile, nl.tile_size.pmax)
                ^
/opt/aws_neuronx_venv_pytorch_inference_vllm_0_16/lib/python3.12/site-packages/neuronxcc/private_nkl/transpose.py:538:21: warning: 'neuronxcc.private_nkl.utils.tiled_range.TiledRange' is from the 'neuronxcc' package which is not supported in NKI kernels; use the 'nki' package instead
  for J_128_tile in TiledRange(J_tile.size, nl.tile_size.pmax):
                    ^
/opt/aws_neuronx_venv_pytorch_inference_vllm_0_16/lib/python3.12/site-packages/neuronxcc/private_nkl/transpose.py:539:23: warning: 'neuronxcc.private_nkl.utils.tiled_range.TiledRange' is from the 'neuronxcc' package which is not supported in NKI kernels; use the 'nki' package instead
    for I_512_tile in TiledRange(I_tile.size, nl.tile_size.psum_fmax):
                      ^
/opt/aws_neuronx_venv_pytorch_inference_vllm_0_16/lib/python3.12/site-packages/neuronxcc/private_nkl/transpose.py:551:25: warning: 'neuronxcc.private_nkl.utils.tiled_range.TiledRange' is from the 'neuronxcc' package which is not supported in NKI kernels; use the 'nki' package instead
      for I_128_tile in TiledRange(I_512_tile, nl.tile_size.pmax):
                        ^
/opt/aws_neuronx_venv_pytorch_inference_vllm_0_16/lib/python3.12/site-packages/neuronxcc/private_nkl/transpose.py:569:7: warning: 'neuronxcc.private_nkl.transpose._copy_with_engine' is from the 'neuronxcc' package which is not supported in NKI kernels; use the 'nki' package instead
      _copy_with_engine(
      ^
/opt/aws_neuronx_venv_pytorch_inference_vllm_0_16/lib/python3.12/site-packages/neuronxcc/private_nkl/transpose.py:586:17: warning: 'neuronxcc.private_nkl.utils.tiled_range.TiledRange' is from the 'neuronxcc' package which is not supported in NKI kernels; use the 'nki' package instead
  I_128_tiles = TiledRange(I_tile, nl.tile_size.pmax)
                ^
/opt/aws_neuronx_venv_pytorch_inference_vllm_0_16/lib/python3.12/site-packages/neuronxcc/private_nkl/transpose.py:588:17: warning: 'neuronxcc.private_nkl.utils.tiled_range.TiledRange' is from the 'neuronxcc' package which is not supported in NKI kernels; use the 'nki' package instead
  J_128_tiles = TiledRange(J_tile, nl.tile_size.pmax)
                ^
/opt/aws_neuronx_venv_pytorch_inference_vllm_0_16/lib/python3.12/site-packages/neuronxcc/private_nkl/transpose.py:596:21: warning: 'neuronxcc.private_nkl.utils.tiled_range.TiledRange' is from the 'neuronxcc' package which is not supported in NKI kernels; use the 'nki' package instead
  for I_128_tile in TiledRange(I_tile.size, nl.tile_size.pmax):
                    ^
/opt/aws_neuronx_venv_pytorch_inference_vllm_0_16/lib/python3.12/site-packages/neuronxcc/private_nkl/transpose.py:597:23: warning: 'neuronxcc.private_nkl.utils.tiled_range.TiledRange' is from the 'neuronxcc' package which is not supported in NKI kernels; use the 'nki' package instead
    for J_512_tile in TiledRange(J_tile.size, nl.tile_size.psum_fmax):
                      ^
/opt/aws_neuronx_venv_pytorch_inference_vllm_0_16/lib/python3.12/site-packages/neuronxcc/private_nkl/transpose.py:609:25: warning: 'neuronxcc.private_nkl.utils.tiled_range.TiledRange' is from the 'neuronxcc' package which is not supported in NKI kernels; use the 'nki' package instead
      for J_128_tile in TiledRange(J_512_tile, nl.tile_size.pmax):
                        ^
/opt/aws_neuronx_venv_pytorch_inference_vllm_0_16/lib/python3.12/site-packages/neuronxcc/private_nkl/transpose.py:628:9: warning: 'neuronxcc.private_nkl.transpose._copy_with_engine' is from the 'neuronxcc' package which is not supported in NKI kernels; use the 'nki' package instead
        _copy_with_engine(
        ^
/opt/aws_neuronx_venv_pytorch_inference_vllm_0_16/lib/python3.12/site-packages/neuronxcc/private_nkl/transpose.py:652:9: warning: 'neuronxcc.private_nkl.transpose._copy_with_engine' is from the 'neuronxcc' package which is not supported in NKI kernels; use the 'nki' package instead
        _copy_with_engine(
        ^
/opt/aws_neuronx_venv_pytorch_inference_vllm_0_16/lib/python3.12/site-packages/neuronxcc/private_nkl/transpose.py:38:10: warning: 'neuronxcc.private_nkl.transpose_utils.is_valid_permutation' is from the 'neuronxcc' package which is not supported in NKI kernels; use the 'nki' package instead
  assert is_valid_permutation(permutation), "input permutation is invalid"
         ^
/opt/aws_neuronx_venv_pytorch_inference_vllm_0_16/lib/python3.12/site-packages/neuronxcc/private_nkl/transpose.py:41:10: warning: 'neuronxcc.private_nkl.transpose_utils.n_elts' is from the 'neuronxcc' package which is not supported in NKI kernels; use the 'nki' package instead
  assert n_elts(in_shape) == n_elts(in_tensor.shape), "tensor shape is invalid"
         ^
/opt/aws_neuronx_venv_pytorch_inference_vllm_0_16/lib/python3.12/site-packages/neuronxcc/private_nkl/transpose.py:41:30: warning: 'neuronxcc.private_nkl.transpose_utils.n_elts' is from the 'neuronxcc' package which is not supported in NKI kernels; use the 'nki' package instead
  assert n_elts(in_shape) == n_elts(in_tensor.shape), "tensor shape is invalid"
                             ^
/opt/aws_neuronx_venv_pytorch_inference_vllm_0_16/lib/python3.12/site-packages/neuronxcc/private_nkl/transpose.py:32:20: warning: 'neuronxcc.private_nkl.utils.StackAllocator.sizeinbytes' is from the 'neuronxcc' package which is not supported in NKI kernels; use the 'nki' package instead
  return (98304 // sizeinbytes(dtype)) // 2
                   ^
/opt/aws_neuronx_venv_pytorch_inference_vllm_0_16/lib/python3.12/site-packages/neuronxcc/private_nkl/transpose.py:886:29: warning: 'neuronxcc.private_nkl.utils.kernel_helpers.get_program_sharding_info' is from the 'neuronxcc' package which is not supported in NKI kernels; use the 'nki' package instead
  _, num_shards, shard_id = get_program_sharding_info()
                            ^
/opt/aws_neuronx_venv_pytorch_inference_vllm_0_16/lib/python3.12/site-packages/neuronxcc/private_nkl/transpose.py:887:9: warning: 'neuronxcc.private_nkl.transpose._pe_transpose' is from the 'neuronxcc' package which is not supported in NKI kernels; use the 'nki' package instead
  out = _pe_transpose(in_tensor, in_shape, permutation, out_dtype, num_shards, shard_id)
        ^
/opt/aws_neuronx_venv_pytorch_inference_vllm_0_16/lib/python3.12/site-packages/neuronxcc/private_nkl/transpose_utils.py:71:10: warning: 'neuronxcc.private_nkl.transpose_utils.is_valid_permutation' is from the 'neuronxcc' package which is not supported in NKI kernels; use the 'nki' package instead
  if not is_valid_permutation(permutation):
         ^
/opt/aws_neuronx_venv_pytorch_inference_vllm_0_16/lib/python3.12/site-packages/neuronxcc/private_nkl/utils/tiled_range.py:66:23: warning: 'neuronxcc.private_nkl.utils.tiled_range.TiledRangeIterator' is from the 'neuronxcc' package which is not supported in NKI kernels; use the 'nki' package instead
  if isinstance(size, TiledRangeIterator):
                      ^
/opt/aws_neuronx_venv_pytorch_inference_vllm_0_16/lib/python3.12/site-packages/neuronxcc/private_nkl/utils/tiled_range.py:84:22: warning: 'neuronxcc.private_nkl.utils.tiled_range.TiledRangeIterator' is from the 'neuronxcc' package which is not supported in NKI kernels; use the 'nki' package instead
    iterators.append(TiledRangeIterator(current_tile_size, i, base_offset + relative_offset))
                     ^
./opt/aws_neuronx_venv_pytorch_inference_vllm_0_16/lib/python3.12/site-packages/neuronxcc/private_nkl/transpose.py:69:16: warning: 'neuronxcc.private_nkl.transpose.max_f_size' is from the 'neuronxcc' package which is not supported in NKI kernels; use the 'nki' package instead
  MAX_F_SIZE = max_f_size(in_tensor.dtype)
               ^
/opt/aws_neuronx_venv_pytorch_inference_vllm_0_16/lib/python3.12/site-packages/neuronxcc/private_nkl/transpose.py:74:25: warning: 'neuronxcc.private_nkl.transpose_utils.n_elts' is from the 'neuronxcc' package which is not supported in NKI kernels; use the 'nki' package instead
  flattened_B_dim = int(n_elts(in_shape[:-2])) if in_shape[:-2] else 1
                        ^
/opt/aws_neuronx_venv_pytorch_inference_vllm_0_16/lib/python3.12/site-packages/neuronxcc/private_nkl/transpose.py:77:18: warning: 'neuronxcc.private_nkl.transpose_utils.factor_within_limit' is from the 'neuronxcc' package which is not supported in NKI kernels; use the 'nki' package instead
    i_division = factor_within_limit(I, MAX_F_SIZE)
                 ^
/opt/aws_neuronx_venv_pytorch_inference_vllm_0_16/lib/python3.12/site-packages/neuronxcc/private_nkl/transpose.py:79:22: warning: 'neuronxcc.private_nkl.utils.kernel_helpers.div_ceil' is from the 'neuronxcc' package which is not supported in NKI kernels; use the 'nki' package instead
    i_division_num = div_ceil(I, i_division)
                     ^
/opt/aws_neuronx_venv_pytorch_inference_vllm_0_16/lib/python3.12/site-packages/neuronxcc/private_nkl/transpose.py:87:16: warning: 'neuronxcc.private_nkl.utils.kernel_helpers.div_ceil' is from the 'neuronxcc' package which is not supported in NKI kernels; use the 'nki' package instead
  num_j_divs = div_ceil(J, j_division)
               ^
/opt/aws_neuronx_venv_pytorch_inference_vllm_0_16/lib/python3.12/site-packages/neuronxcc/private_nkl/transpose.py:91:18: warning: 'neuronxcc.private_nkl.utils.kernel_helpers.div_ceil' is from the 'neuronxcc' package which is not supported in NKI kernels; use the 'nki' package instead
    num_j_divs = div_ceil(J, j_division)
                 ^
/opt/aws_neuronx_venv_pytorch_inference_vllm_0_16/lib/python3.12/site-packages/neuronxcc/private_nkl/transpose.py:93:22: warning: 'neuronxcc.private_nkl.utils.kernel_helpers.div_ceil' is from the 'neuronxcc' package which is not supported in NKI kernels; use the 'nki' package instead
    i_division_num = div_ceil(I, i_division)
                     ^
/opt/aws_neuronx_venv_pytorch_inference_vllm_0_16/lib/python3.12/site-packages/neuronxcc/private_nkl/transpose.py:95:33: warning: 'neuronxcc.private_nkl.utils.kernel_helpers.div_ceil' is from the 'neuronxcc' package which is not supported in NKI kernels; use the 'nki' package instead
  DVE_ACT_LOAD_BALANCE_FACTOR = div_ceil(i_division, MIN_DVE_ACT_CYCLES)
                                ^
/opt/aws_neuronx_venv_pytorch_inference_vllm_0_16/lib/python3.12/site-packages/neuronxcc/private_nkl/transpose.py:97:17: warning: 'neuronxcc.private_nkl.utils.kernel_helpers.div_ceil' is from the 'neuronxcc' package which is not supported in NKI kernels; use the 'nki' package instead
  num_i_tiles = div_ceil(i_division, i_tile_size)
                ^
/opt/aws_neuronx_venv_pytorch_inference_vllm_0_16/lib/python3.12/site-packages/neuronxcc/private_nkl/transpose.py:100:13: warning: 'neuronxcc.private_nkl.utils.kernel_helpers.div_ceil' is from the 'neuronxcc' package which is not supported in NKI kernels; use the 'nki' package instead
  j_tiles = div_ceil(j_division, j_tile_size)
            ^
/opt/aws_neuronx_venv_pytorch_inference_vllm_0_16/lib/python3.12/site-packages/neuronxcc/private_nkl/transpose.py:103:17: warning: 'neuronxcc.private_nkl.utils.kernel_helpers.div_ceil' is from the 'neuronxcc' package which is not supported in NKI kernels; use the 'nki' package instead
  b_per_shard = div_ceil(flattened_B_dim, num_shards)
                ^
/opt/aws_neuronx_venv_pytorch_inference_vllm_0_16/lib/python3.12/site-packages/neuronxcc/private_nkl/transpose.py:107:17: warning: 'neuronxcc.private_nkl.utils.kernel_helpers.div_ceil' is from the 'neuronxcc' package which is not supported in NKI kernels; use the 'nki' package instead
  num_p_tiles = div_ceil(b_per_shard, MAX_P)
                ^
/opt/aws_neuronx_venv_pytorch_inference_vllm_0_16/lib/python3.12/site-packages/neuronxcc/private_nkl/transpose.py:159:13: warning: 'neuronxcc.private_nkl.transpose._copy_with_engine' is from the 'neuronxcc' package which is not supported in NKI kernels; use the 'nki' package instead
            _copy_with_engine(
            ^
/opt/aws_neuronx_venv_pytorch_inference_vllm_0_16/lib/python3.12/site-packages/neuronxcc/private_nkl/transpose.py:199:16: warning: 'neuronxcc.private_nkl.transpose.max_f_size' is from the 'neuronxcc' package which is not supported in NKI kernels; use the 'nki' package instead
  MAX_F_SIZE = max_f_size(in_tensor.dtype)
               ^
/opt/aws_neuronx_venv_pytorch_inference_vllm_0_16/lib/python3.12/site-packages/neuronxcc/private_nkl/transpose.py:204:25: warning: 'neuronxcc.private_nkl.transpose_utils.n_elts' is from the 'neuronxcc' package which is not supported in NKI kernels; use the 'nki' package instead
  flattened_B_dim = int(n_elts(in_shape[:-2])) if in_shape[:-2] else 1
                        ^
/opt/aws_neuronx_venv_pytorch_inference_vllm_0_16/lib/python3.12/site-packages/neuronxcc/private_nkl/transpose.py:207:17: warning: 'neuronxcc.private_nkl.utils.kernel_helpers.div_ceil' is from the 'neuronxcc' package which is not supported in NKI kernels; use the 'nki' package instead
  b_per_shard = div_ceil(flattened_B_dim, num_shards)
                ^
/opt/aws_neuronx_venv_pytorch_inference_vllm_0_16/lib/python3.12/site-packages/neuronxcc/private_nkl/transpose.py:211:17: warning: 'neuronxcc.private_nkl.utils.kernel_helpers.div_ceil' is from the 'neuronxcc' package which is not supported in NKI kernels; use the 'nki' package instead
  num_p_tiles = div_ceil(b_per_shard, P)
                ^
/opt/aws_neuronx_venv_pytorch_inference_vllm_0_16/lib/python3.12/site-packages/neuronxcc/private_nkl/transpose.py:218:13: warning: 'neuronxcc.private_nkl.utils.kernel_helpers.div_ceil' is from the 'neuronxcc' package which is not supported in NKI kernels; use the 'nki' package instead
  i_tiles = div_ceil(I, i_tile_size)
            ^
/opt/aws_neuronx_venv_pytorch_inference_vllm_0_16/lib/python3.12/site-packages/neuronxcc/private_nkl/transpose.py:224:19: warning: 'neuronxcc.private_nkl.utils.kernel_helpers.div_ceil' is from the 'neuronxcc' package which is not supported in NKI kernels; use the 'nki' package instead
    j_tile_size = div_ceil(J, J_LOAD_BALANCING_FACTOR)
                  ^
/opt/aws_neuronx_venv_pytorch_inference_vllm_0_16/lib/python3.12/site-packages/neuronxcc/private_nkl/transpose.py:251:9: warning: 'neuronxcc.private_nkl.transpose._copy_with_engine' is from the 'neuronxcc' package which is not supported in NKI kernels; use the 'nki' package instead
        _copy_with_engine(
        ^
/opt/aws_neuronx_venv_pytorch_inference_vllm_0_16/lib/python3.12/site-packages/neuronxcc/private_nkl/transpose.py:458:17: warning: 'neuronxcc.private_nkl.utils.tiled_range.TiledRange' is from the 'neuronxcc' package which is not supported in NKI kernels; use the 'nki' package instead
  I_128_tiles = TiledRange(I_tile, nl.tile_size.pmax)
                ^
/opt/aws_neuronx_venv_pytorch_inference_vllm_0_16/lib/python3.12/site-packages/neuronxcc/private_nkl/transpose.py:465:33: warning: 'neuronxcc.private_nkl.utils.tiled_range.TiledRange' is from the 'neuronxcc' package which is not supported in NKI kernels; use the 'nki' package instead
    for vectorization_factor in TiledRange(num_full_128_tiles_per_I_tile, VECTORIZATION_FACTOR):
                                ^
/opt/aws_neuronx_venv_pytorch_inference_vllm_0_16/lib/python3.12/site-packages/neuronxcc/private_nkl/transpose.py:284:16: warning: 'neuronxcc.private_nkl.transpose.max_f_size' is from the 'neuronxcc' package which is not supported in NKI kernels; use the 'nki' package instead
  MAX_F_SIZE = max_f_size(dtype)
               ^
/opt/aws_neuronx_venv_pytorch_inference_vllm_0_16/lib/python3.12/site-packages/neuronxcc/private_nkl/transpose.py:289:15: warning: 'neuronxcc.private_nkl.transpose_utils.next_multiple' is from the 'neuronxcc' package which is not supported in NKI kernels; use the 'nki' package instead
    return I, next_multiple(min(J, MAX_F_SIZE), 128)
              ^
/opt/aws_neuronx_venv_pytorch_inference_vllm_0_16/lib/python3.12/site-packages/neuronxcc/private_nkl/transpose.py:291:12: warning: 'neuronxcc.private_nkl.transpose_utils.next_multiple' is from the 'neuronxcc' package which is not supported in NKI kernels; use the 'nki' package instead
    return next_multiple(min(I, MAX_F_SIZE), 128), J
           ^
/opt/aws_neuronx_venv_pytorch_inference_vllm_0_16/lib/python3.12/site-packages/neuronxcc/private_nkl/transpose.py:302:19: warning: 'neuronxcc.private_nkl.transpose_utils.next_multiple' is from the 'neuronxcc' package which is not supported in NKI kernels; use the 'nki' package instead
    I_tile_size = next_multiple(I_tile_size, 128)
                  ^
/opt/aws_neuronx_venv_pytorch_inference_vllm_0_16/lib/python3.12/site-packages/neuronxcc/private_nkl/transpose.py:303:19: warning: 'neuronxcc.private_nkl.transpose_utils.next_multiple' is from the 'neuronxcc' package which is not supported in NKI kernels; use the 'nki' package instead
    J_tile_size = next_multiple(J_tile_size, 128)
                  ^
/opt/aws_neuronx_venv_pytorch_inference_vllm_0_16/lib/python3.12/site-packages/neuronxcc/private_nkl/transpose.py:681:17: warning: 'neuronxcc.private_nkl.utils.tiled_range.TiledRange' is from the 'neuronxcc' package which is not supported in NKI kernels; use the 'nki' package instead
  J_128_tiles = TiledRange(J_tile, nl.tile_size.pmax)
                ^
/opt/aws_neuronx_venv_pytorch_inference_vllm_0_16/lib/python3.12/site-packages/neuronxcc/private_nkl/transpose.py:688:33: warning: 'neuronxcc.private_nkl.utils.tiled_range.TiledRange' is from the 'neuronxcc' package which is not supported in NKI kernels; use the 'nki' package instead
    for vectorization_factor in TiledRange(num_full_128_tiles_per_J_tile, VECTORIZATION_FACTOR):
                                ^
/opt/aws_neuronx_venv_pytorch_inference_vllm_0_16/lib/python3.12/site-packages/neuronxcc/private_nkl/transpose.py:373:25: warning: 'neuronxcc.private_nkl.transpose_utils.n_elts' is from the 'neuronxcc' package which is not supported in NKI kernels; use the 'nki' package instead
  flattened_B_dim = int(n_elts(in_shape[:-2])) if in_shape[:-2] else 1
                        ^
/opt/aws_neuronx_venv_pytorch_inference_vllm_0_16/lib/python3.12/site-packages/neuronxcc/private_nkl/transpose.py:378:30: warning: 'neuronxcc.private_nkl.transpose._pe_optimal_tile_sizes' is from the 'neuronxcc' package which is not supported in NKI kernels; use the 'nki' package instead
  I_tile_size, J_tile_size = _pe_optimal_tile_sizes(I, J, in_tensor.dtype)
                             ^
/opt/aws_neuronx_venv_pytorch_inference_vllm_0_16/lib/python3.12/site-packages/neuronxcc/private_nkl/transpose.py:381:17: warning: 'neuronxcc.private_nkl.utils.kernel_helpers.div_ceil' is from the 'neuronxcc' package which is not supported in NKI kernels; use the 'nki' package instead
  b_per_shard = div_ceil(flattened_B_dim, num_shards)
                ^
/opt/aws_neuronx_venv_pytorch_inference_vllm_0_16/lib/python3.12/site-packages/neuronxcc/private_nkl/transpose.py:384:19: warning: 'neuronxcc.private_nkl.transpose._to_compute_dtype' is from the 'neuronxcc' package which is not supported in NKI kernels; use the 'nki' package instead
  compute_dtype = _to_compute_dtype(in_tensor.dtype)
                  ^
/opt/aws_neuronx_venv_pytorch_inference_vllm_0_16/lib/python3.12/site-packages/neuronxcc/private_nkl/transpose.py:398:19: warning: 'neuronxcc.private_nkl.utils.tiled_range.TiledRange' is from the 'neuronxcc' package which is not supported in NKI kernels; use the 'nki' package instead
    for I_tile in TiledRange(I, I_tile_size):
                  ^
/opt/aws_neuronx_venv_pytorch_inference_vllm_0_16/lib/python3.12/site-packages/neuronxcc/private_nkl/transpose.py:399:21: warning: 'neuronxcc.private_nkl.utils.tiled_range.TiledRange' is from the 'neuronxcc' package which is not supported in NKI kernels; use the 'nki' package instead
      for J_tile in TiledRange(J, J_tile_size):
                    ^
/opt/aws_neuronx_venv_pytorch_inference_vllm_0_16/lib/python3.12/site-packages/neuronxcc/private_nkl/transpose.py:400:23: warning: 'neuronxcc.private_nkl.utils.tiled_range.TiledRange' is from the 'neuronxcc' package which is not supported in NKI kernels; use the 'nki' package instead
        I_128_tiles = TiledRange(I_tile, nl.tile_size.pmax)
                      ^
/opt/aws_neuronx_venv_pytorch_inference_vllm_0_16/lib/python3.12/site-packages/neuronxcc/private_nkl/transpose.py:405:23: warning: 'neuronxcc.private_nkl.utils.tiled_range.TiledRange' is from the 'neuronxcc' package which is not supported in NKI kernels; use the 'nki' package instead
        J_128_tiles = TiledRange(J_tile, nl.tile_size.pmax)
                      ^
/opt/aws_neuronx_venv_pytorch_inference_vllm_0_16/lib/python3.12/site-packages/neuronxcc/private_nkl/transpose.py:411:9: warning: 'neuronxcc.private_nkl.transpose._pe_load_tile' is from the 'neuronxcc' package which is not supported in NKI kernels; use the 'nki' package instead
        _pe_load_tile(
        ^
/opt/aws_neuronx_venv_pytorch_inference_vllm_0_16/lib/python3.12/site-packages/neuronxcc/private_nkl/transpose.py:422:11: warning: 'neuronxcc.private_nkl.transpose._pe_transpose_tile_I_vectorized' is from the 'neuronxcc' package which is not supported in NKI kernels; use the 'nki' package instead
          _pe_transpose_tile_I_vectorized(
          ^
/opt/aws_neuronx_venv_pytorch_inference_vllm_0_16/lib/python3.12/site-packages/neuronxcc/private_nkl/transpose.py:430:11: warning: 'neuronxcc.private_nkl.transpose._pe_transpose_tile_J_vectorized' is from the 'neuronxcc' package which is not supported in NKI kernels; use the 'nki' package instead
          _pe_transpose_tile_J_vectorized(
          ^
/opt/aws_neuronx_venv_pytorch_inference_vllm_0_16/lib/python3.12/site-packages/neuronxcc/private_nkl/transpose.py:438:9: warning: 'neuronxcc.private_nkl.transpose._pe_store_tile' is from the 'neuronxcc' package which is not supported in NKI kernels; use the 'nki' package instead
        _pe_store_tile(
        ^
/opt/aws_neuronx_venv_pytorch_inference_vllm_0_16/lib/python3.12/site-packages/neuronxcc/private_nkl/transpose.py:527:17: warning: 'neuronxcc.private_nkl.utils.tiled_range.TiledRange' is from the 'neuronxcc' package which is not supported in NKI kernels; use the 'nki' package instead
  I_128_tiles = TiledRange(I_tile, nl.tile_size.pmax)
                ^
/opt/aws_neuronx_venv_pytorch_inference_vllm_0_16/lib/python3.12/site-packages/neuronxcc/private_nkl/transpose.py:529:17: warning: 'neuronxcc.private_nkl.utils.tiled_range.TiledRange' is from the 'neuronxcc' package which is not supported in NKI kernels; use the 'nki' package instead
  J_128_tiles = TiledRange(J_tile, nl.tile_size.pmax)
                ^
/opt/aws_neuronx_venv_pytorch_inference_vllm_0_16/lib/python3.12/site-packages/neuronxcc/private_nkl/transpose.py:538:21: warning: 'neuronxcc.private_nkl.utils.tiled_range.TiledRange' is from the 'neuronxcc' package which is not supported in NKI kernels; use the 'nki' package instead
  for J_128_tile in TiledRange(J_tile.size, nl.tile_size.pmax):
                    ^
/opt/aws_neuronx_venv_pytorch_inference_vllm_0_16/lib/python3.12/site-packages/neuronxcc/private_nkl/transpose.py:539:23: warning: 'neuronxcc.private_nkl.utils.tiled_range.TiledRange' is from the 'neuronxcc' package which is not supported in NKI kernels; use the 'nki' package instead
    for I_512_tile in TiledRange(I_tile.size, nl.tile_size.psum_fmax):
                      ^
/opt/aws_neuronx_venv_pytorch_inference_vllm_0_16/lib/python3.12/site-packages/neuronxcc/private_nkl/transpose.py:551:25: warning: 'neuronxcc.private_nkl.utils.tiled_range.TiledRange' is from the 'neuronxcc' package which is not supported in NKI kernels; use the 'nki' package instead
      for I_128_tile in TiledRange(I_512_tile, nl.tile_size.pmax):
                        ^
/opt/aws_neuronx_venv_pytorch_inference_vllm_0_16/lib/python3.12/site-packages/neuronxcc/private_nkl/transpose.py:569:7: warning: 'neuronxcc.private_nkl.transpose._copy_with_engine' is from the 'neuronxcc' package which is not supported in NKI kernels; use the 'nki' package instead
      _copy_with_engine(
      ^
/opt/aws_neuronx_venv_pytorch_inference_vllm_0_16/lib/python3.12/site-packages/neuronxcc/private_nkl/transpose.py:586:17: warning: 'neuronxcc.private_nkl.utils.tiled_range.TiledRange' is from the 'neuronxcc' package which is not supported in NKI kernels; use the 'nki' package instead
  I_128_tiles = TiledRange(I_tile, nl.tile_size.pmax)
                ^
/opt/aws_neuronx_venv_pytorch_inference_vllm_0_16/lib/python3.12/site-packages/neuronxcc/private_nkl/transpose.py:588:17: warning: 'neuronxcc.private_nkl.utils.tiled_range.TiledRange' is from the 'neuronxcc' package which is not supported in NKI kernels; use the 'nki' package instead
  J_128_tiles = TiledRange(J_tile, nl.tile_size.pmax)
                ^
/opt/aws_neuronx_venv_pytorch_inference_vllm_0_16/lib/python3.12/site-packages/neuronxcc/private_nkl/transpose.py:596:21: warning: 'neuronxcc.private_nkl.utils.tiled_range.TiledRange' is from the 'neuronxcc' package which is not supported in NKI kernels; use the 'nki' package instead
  for I_128_tile in TiledRange(I_tile.size, nl.tile_size.pmax):
                    ^
/opt/aws_neuronx_venv_pytorch_inference_vllm_0_16/lib/python3.12/site-packages/neuronxcc/private_nkl/transpose.py:597:23: warning: 'neuronxcc.private_nkl.utils.tiled_range.TiledRange' is from the 'neuronxcc' package which is not supported in NKI kernels; use the 'nki' package instead
    for J_512_tile in TiledRange(J_tile.size, nl.tile_size.psum_fmax):
                      ^
/opt/aws_neuronx_venv_pytorch_inference_vllm_0_16/lib/python3.12/site-packages/neuronxcc/private_nkl/transpose.py:609:25: warning: 'neuronxcc.private_nkl.utils.tiled_range.TiledRange' is from the 'neuronxcc' package which is not supported in NKI kernels; use the 'nki' package instead
      for J_128_tile in TiledRange(J_512_tile, nl.tile_size.pmax):
                        ^
/opt/aws_neuronx_venv_pytorch_inference_vllm_0_16/lib/python3.12/site-packages/neuronxcc/private_nkl/transpose.py:628:9: warning: 'neuronxcc.private_nkl.transpose._copy_with_engine' is from the 'neuronxcc' package which is not supported in NKI kernels; use the 'nki' package instead
        _copy_with_engine(
        ^
/opt/aws_neuronx_venv_pytorch_inference_vllm_0_16/lib/python3.12/site-packages/neuronxcc/private_nkl/transpose.py:652:9: warning: 'neuronxcc.private_nkl.transpose._copy_with_engine' is from the 'neuronxcc' package which is not supported in NKI kernels; use the 'nki' package instead
        _copy_with_engine(
        ^
/opt/aws_neuronx_venv_pytorch_inference_vllm_0_16/lib/python3.12/site-packages/neuronxcc/private_nkl/transpose.py:784:3: warning: 'neuronxcc.private_nkl.transpose.check_input_transpose' is from the 'neuronxcc' package which is not supported in NKI kernels; use the 'nki' package instead
  check_input_transpose(in_tensor, in_shape, permutation)
  ^
/opt/aws_neuronx_venv_pytorch_inference_vllm_0_16/lib/python3.12/site-packages/neuronxcc/private_nkl/transpose.py:790:33: warning: 'neuronxcc.private_nkl.transpose_utils.permutation_reduction' is from the 'neuronxcc' package which is not supported in NKI kernels; use the 'nki' package instead
  reduced_perm, reduced_shape = permutation_reduction(in_shape, permutation)
                                ^
/opt/aws_neuronx_venv_pytorch_inference_vllm_0_16/lib/python3.12/site-packages/neuronxcc/private_nkl/transpose.py:791:10: warning: 'neuronxcc.private_nkl.transpose_utils.permutes_last_two_dims' is from the 'neuronxcc' package which is not supported in NKI kernels; use the 'nki' package instead
  assert permutes_last_two_dims(reduced_perm), f"must permutate last two dims, got {reduced_perm}"
         ^
/opt/aws_neuronx_venv_pytorch_inference_vllm_0_16/lib/python3.12/site-packages/neuronxcc/private_nkl/transpose.py:796:11: warning: 'neuronxcc.private_nkl.transpose._str_to_dtype' is from the 'neuronxcc' package which is not supported in NKI kernels; use the 'nki' package instead
    dtype=_str_to_dtype(out_dtype),
          ^
/opt/aws_neuronx_venv_pytorch_inference_vllm_0_16/lib/python3.12/site-packages/neuronxcc/private_nkl/transpose.py:797:12: warning: 'neuronxcc.private_nkl.transpose_utils._get_hbm_buffer' is from the 'neuronxcc' package which is not supported in NKI kernels; use the 'nki' package instead
    buffer=_get_hbm_buffer(),
           ^
/opt/aws_neuronx_venv_pytorch_inference_vllm_0_16/lib/python3.12/site-packages/neuronxcc/private_nkl/transpose.py:805:16: warning: 'neuronxcc.private_nkl.transpose.max_f_size' is from the 'neuronxcc' package which is not supported in NKI kernels; use the 'nki' package instead
  MAX_F_SIZE = max_f_size(in_tensor.dtype)
               ^
/opt/aws_neuronx_venv_pytorch_inference_vllm_0_16/lib/python3.12/site-packages/neuronxcc/private_nkl/transpose.py:808:5: warning: 'neuronxcc.private_nkl.transpose._dve_transpose_large_cols_impl' is from the 'neuronxcc' package which is not supported in NKI kernels; use the 'nki' package instead
    _dve_transpose_large_cols_impl(in_tensor, out_tensor, num_shards, shard_id)
    ^
/opt/aws_neuronx_venv_pytorch_inference_vllm_0_16/lib/python3.12/site-packages/neuronxcc/private_nkl/transpose.py:810:5: warning: 'neuronxcc.private_nkl.transpose._dve_transpose_large_rows_impl' is from the 'neuronxcc' package which is not supported in NKI kernels; use the 'nki' package instead
    _dve_transpose_large_rows_impl(in_tensor, out_tensor, num_shards, shard_id)
    ^
/opt/aws_neuronx_venv_pytorch_inference_vllm_0_16/lib/python3.12/site-packages/neuronxcc/private_nkl/transpose.py:812:5: warning: 'neuronxcc.private_nkl.transpose._pe_transpose_impl' is from the 'neuronxcc' package which is not supported in NKI kernels; use the 'nki' package instead
    _pe_transpose_impl(in_tensor, out_tensor, num_shards, shard_id)
    ^
/opt/aws_neuronx_venv_pytorch_inference_vllm_0_16/lib/python3.12/site-packages/neuronxcc/private_nkl/transpose.py:38:10: warning: 'neuronxcc.private_nkl.transpose_utils.is_valid_permutation' is from the 'neuronxcc' package which is not supported in NKI kernels; use the 'nki' package instead
  assert is_valid_permutation(permutation), "input permutation is invalid"
         ^
/opt/aws_neuronx_venv_pytorch_inference_vllm_0_16/lib/python3.12/site-packages/neuronxcc/private_nkl/transpose.py:41:10: warning: 'neuronxcc.private_nkl.transpose_utils.n_elts' is from the 'neuronxcc' package which is not supported in NKI kernels; use the 'nki' package instead
  assert n_elts(in_shape) == n_elts(in_tensor.shape), "tensor shape is invalid"
         ^
/opt/aws_neuronx_venv_pytorch_inference_vllm_0_16/lib/python3.12/site-packages/neuronxcc/private_nkl/transpose.py:41:30: warning: 'neuronxcc.private_nkl.transpose_utils.n_elts' is from the 'neuronxcc' package which is not supported in NKI kernels; use the 'nki' package instead
  assert n_elts(in_shape) == n_elts(in_tensor.shape), "tensor shape is invalid"
                             ^
/opt/aws_neuronx_venv_pytorch_inference_vllm_0_16/lib/python3.12/site-packages/neuronxcc/private_nkl/transpose.py:32:20: warning: 'neuronxcc.private_nkl.utils.StackAllocator.sizeinbytes' is from the 'neuronxcc' package which is not supported in NKI kernels; use the 'nki' package instead
  return (98304 // sizeinbytes(dtype)) // 2
                   ^
/opt/aws_neuronx_venv_pytorch_inference_vllm_0_16/lib/python3.12/site-packages/neuronxcc/private_nkl/transpose.py:862:29: warning: 'neuronxcc.private_nkl.utils.kernel_helpers.get_program_sharding_info' is from the 'neuronxcc' package which is not supported in NKI kernels; use the 'nki' package instead
  _, num_shards, shard_id = get_program_sharding_info()
                            ^
/opt/aws_neuronx_venv_pytorch_inference_vllm_0_16/lib/python3.12/site-packages/neuronxcc/private_nkl/transpose.py:863:9: warning: 'neuronxcc.private_nkl.transpose._transpose_last_two_dims' is from the 'neuronxcc' package which is not supported in NKI kernels; use the 'nki' package instead
  out = _transpose_last_two_dims(in_tensor, in_shape, permutation, out_dtype, num_shards, shard_id)
        ^
/opt/aws_neuronx_venv_pytorch_inference_vllm_0_16/lib/python3.12/site-packages/neuronxcc/private_nkl/transpose_utils.py:71:10: warning: 'neuronxcc.private_nkl.transpose_utils.is_valid_permutation' is from the 'neuronxcc' package which is not supported in NKI kernels; use the 'nki' package instead
  if not is_valid_permutation(permutation):
         ^
/opt/aws_neuronx_venv_pytorch_inference_vllm_0_16/lib/python3.12/site-packages/neuronxcc/private_nkl/utils/tiled_range.py:66:23: warning: 'neuronxcc.private_nkl.utils.tiled_range.TiledRangeIterator' is from the 'neuronxcc' package which is not supported in NKI kernels; use the 'nki' package instead
  if isinstance(size, TiledRangeIterator):
                      ^
/opt/aws_neuronx_venv_pytorch_inference_vllm_0_16/lib/python3.12/site-packages/neuronxcc/private_nkl/utils/tiled_range.py:84:22: warning: 'neuronxcc.private_nkl.utils.tiled_range.TiledRangeIterator' is from the 'neuronxcc' package which is not supported in NKI kernels; use the 'nki' package instead
    iterators.append(TiledRangeIterator(current_tile_size, i, base_offset + relative_offset))
                     ^
/opt/aws_neuronx_venv_pytorch_inference_vllm_0_16/lib/python3.12/site-packages/neuronxcc/private_nkl/transpose.py:458:17: warning: 'neuronxcc.private_nkl.utils.tiled_range.TiledRange' is from the 'neuronxcc' package which is not supported in NKI kernels; use the 'nki' package instead
  I_128_tiles = TiledRange(I_tile, nl.tile_size.pmax)
                ^
/opt/aws_neuronx_venv_pytorch_inference_vllm_0_16/lib/python3.12/site-packages/neuronxcc/private_nkl/transpose.py:465:33: warning: 'neuronxcc.private_nkl.utils.tiled_range.TiledRange' is from the 'neuronxcc' package which is not supported in NKI kernels; use the 'nki' package instead
    for vectorization_factor in TiledRange(num_full_128_tiles_per_I_tile, VECTORIZATION_FACTOR):
                                ^
/opt/aws_neuronx_venv_pytorch_inference_vllm_0_16/lib/python3.12/site-packages/neuronxcc/private_nkl/transpose.py:284:16: warning: 'neuronxcc.private_nkl.transpose.max_f_size' is from the 'neuronxcc' package which is not supported in NKI kernels; use the 'nki' package instead
  MAX_F_SIZE = max_f_size(dtype)
               ^
/opt/aws_neuronx_venv_pytorch_inference_vllm_0_16/lib/python3.12/site-packages/neuronxcc/private_nkl/transpose.py:289:15: warning: 'neuronxcc.private_nkl.transpose_utils.next_multiple' is from the 'neuronxcc' package which is not supported in NKI kernels; use the 'nki' package instead
    return I, next_multiple(min(J, MAX_F_SIZE), 128)
              ^
/opt/aws_neuronx_venv_pytorch_inference_vllm_0_16/lib/python3.12/site-packages/neuronxcc/private_nkl/transpose.py:291:12: warning: 'neuronxcc.private_nkl.transpose_utils.next_multiple' is from the 'neuronxcc' package which is not supported in NKI kernels; use the 'nki' package instead
    return next_multiple(min(I, MAX_F_SIZE), 128), J
           ^
/opt/aws_neuronx_venv_pytorch_inference_vllm_0_16/lib/python3.12/site-packages/neuronxcc/private_nkl/transpose.py:302:19: warning: 'neuronxcc.private_nkl.transpose_utils.next_multiple' is from the 'neuronxcc' package which is not supported in NKI kernels; use the 'nki' package instead
    I_tile_size = next_multiple(I_tile_size, 128)
                  ^
/opt/aws_neuronx_venv_pytorch_inference_vllm_0_16/lib/python3.12/site-packages/neuronxcc/private_nkl/transpose.py:303:19: warning: 'neuronxcc.private_nkl.transpose_utils.next_multiple' is from the 'neuronxcc' package which is not supported in NKI kernels; use the 'nki' package instead
    J_tile_size = next_multiple(J_tile_size, 128)
                  ^
/opt/aws_neuronx_venv_pytorch_inference_vllm_0_16/lib/python3.12/site-packages/neuronxcc/private_nkl/transpose.py:681:17: warning: 'neuronxcc.private_nkl.utils.tiled_range.TiledRange' is from the 'neuronxcc' package which is not supported in NKI kernels; use the 'nki' package instead
  J_128_tiles = TiledRange(J_tile, nl.tile_size.pmax)
                ^
/opt/aws_neuronx_venv_pytorch_inference_vllm_0_16/lib/python3.12/site-packages/neuronxcc/private_nkl/transpose.py:688:33: warning: 'neuronxcc.private_nkl.utils.tiled_range.TiledRange' is from the 'neuronxcc' package which is not supported in NKI kernels; use the 'nki' package instead
    for vectorization_factor in TiledRange(num_full_128_tiles_per_J_tile, VECTORIZATION_FACTOR):
                                ^
/opt/aws_neuronx_venv_pytorch_inference_vllm_0_16/lib/python3.12/site-packages/neuronxcc/private_nkl/transpose.py:751:3: warning: 'neuronxcc.private_nkl.transpose.check_input_transpose' is from the 'neuronxcc' package which is not supported in NKI kernels; use the 'nki' package instead
  check_input_transpose(in_tensor, in_shape, permutation)
  ^
/opt/aws_neuronx_venv_pytorch_inference_vllm_0_16/lib/python3.12/site-packages/neuronxcc/private_nkl/transpose.py:757:33: warning: 'neuronxcc.private_nkl.transpose_utils.permutation_reduction' is from the 'neuronxcc' package which is not supported in NKI kernels; use the 'nki' package instead
  reduced_perm, reduced_shape = permutation_reduction(in_shape, permutation)
                                ^
/opt/aws_neuronx_venv_pytorch_inference_vllm_0_16/lib/python3.12/site-packages/neuronxcc/private_nkl/transpose.py:758:10: warning: 'neuronxcc.private_nkl.transpose_utils.permutes_last_two_dims' is from the 'neuronxcc' package which is not supported in NKI kernels; use the 'nki' package instead
  assert permutes_last_two_dims(reduced_perm), f"must permutate last two dims, got {reduced_perm}"
         ^
/opt/aws_neuronx_venv_pytorch_inference_vllm_0_16/lib/python3.12/site-packages/neuronxcc/private_nkl/transpose.py:763:11: warning: 'neuronxcc.private_nkl.transpose._str_to_dtype' is from the 'neuronxcc' package which is not supported in NKI kernels; use the 'nki' package instead
    dtype=_str_to_dtype(out_dtype),
          ^
/opt/aws_neuronx_venv_pytorch_inference_vllm_0_16/lib/python3.12/site-packages/neuronxcc/private_nkl/transpose.py:764:12: warning: 'neuronxcc.private_nkl.transpose_utils._get_hbm_buffer' is from the 'neuronxcc' package which is not supported in NKI kernels; use the 'nki' package instead
    buffer=_get_hbm_buffer(),
           ^
/opt/aws_neuronx_venv_pytorch_inference_vllm_0_16/lib/python3.12/site-packages/neuronxcc/private_nkl/transpose.py:767:3: warning: 'neuronxcc.private_nkl.transpose._pe_transpose_impl' is from the 'neuronxcc' package which is not supported in NKI kernels; use the 'nki' package instead
  _pe_transpose_impl(in_tensor, out_tensor, num_shards, shard_id)
  ^
/opt/aws_neuronx_venv_pytorch_inference_vllm_0_16/lib/python3.12/site-packages/neuronxcc/private_nkl/transpose.py:373:25: warning: 'neuronxcc.private_nkl.transpose_utils.n_elts' is from the 'neuronxcc' package which is not supported in NKI kernels; use the 'nki' package instead
  flattened_B_dim = int(n_elts(in_shape[:-2])) if in_shape[:-2] else 1
                        ^
/opt/aws_neuronx_venv_pytorch_inference_vllm_0_16/lib/python3.12/site-packages/neuronxcc/private_nkl/transpose.py:378:30: warning: 'neuronxcc.private_nkl.transpose._pe_optimal_tile_sizes' is from the 'neuronxcc' package which is not supported in NKI kernels; use the 'nki' package instead
  I_tile_size, J_tile_size = _pe_optimal_tile_sizes(I, J, in_tensor.dtype)
                             ^
/opt/aws_neuronx_venv_pytorch_inference_vllm_0_16/lib/python3.12/site-packages/neuronxcc/private_nkl/transpose.py:381:17: warning: 'neuronxcc.private_nkl.utils.kernel_helpers.div_ceil' is from the 'neuronxcc' package which is not supported in NKI kernels; use the 'nki' package instead
  b_per_shard = div_ceil(flattened_B_dim, num_shards)
                ^
/opt/aws_neuronx_venv_pytorch_inference_vllm_0_16/lib/python3.12/site-packages/neuronxcc/private_nkl/transpose.py:384:19: warning: 'neuronxcc.private_nkl.transpose._to_compute_dtype' is from the 'neuronxcc' package which is not supported in NKI kernels; use the 'nki' package instead
  compute_dtype = _to_compute_dtype(in_tensor.dtype)
                  ^
/opt/aws_neuronx_venv_pytorch_inference_vllm_0_16/lib/python3.12/site-packages/neuronxcc/private_nkl/transpose.py:398:19: warning: 'neuronxcc.private_nkl.utils.tiled_range.TiledRange' is from the 'neuronxcc' package which is not supported in NKI kernels; use the 'nki' package instead
    for I_tile in TiledRange(I, I_tile_size):
                  ^
/opt/aws_neuronx_venv_pytorch_inference_vllm_0_16/lib/python3.12/site-packages/neuronxcc/private_nkl/transpose.py:399:21: warning: 'neuronxcc.private_nkl.utils.tiled_range.TiledRange' is from the 'neuronxcc' package which is not supported in NKI kernels; use the 'nki' package instead
      for J_tile in TiledRange(J, J_tile_size):
                    ^
/opt/aws_neuronx_venv_pytorch_inference_vllm_0_16/lib/python3.12/site-packages/neuronxcc/private_nkl/transpose.py:400:23: warning: 'neuronxcc.private_nkl.utils.tiled_range.TiledRange' is from the 'neuronxcc' package which is not supported in NKI kernels; use the 'nki' package instead
        I_128_tiles = TiledRange(I_tile, nl.tile_size.pmax)
                      ^
/opt/aws_neuronx_venv_pytorch_inference_vllm_0_16/lib/python3.12/site-packages/neuronxcc/private_nkl/transpose.py:405:23: warning: 'neuronxcc.private_nkl.utils.tiled_range.TiledRange' is from the 'neuronxcc' package which is not supported in NKI kernels; use the 'nki' package instead
        J_128_tiles = TiledRange(J_tile, nl.tile_size.pmax)
                      ^
/opt/aws_neuronx_venv_pytorch_inference_vllm_0_16/lib/python3.12/site-packages/neuronxcc/private_nkl/transpose.py:411:9: warning: 'neuronxcc.private_nkl.transpose._pe_load_tile' is from the 'neuronxcc' package which is not supported in NKI kernels; use the 'nki' package instead
        _pe_load_tile(
        ^
/opt/aws_neuronx_venv_pytorch_inference_vllm_0_16/lib/python3.12/site-packages/neuronxcc/private_nkl/transpose.py:422:11: warning: 'neuronxcc.private_nkl.transpose._pe_transpose_tile_I_vectorized' is from the 'neuronxcc' package which is not supported in NKI kernels; use the 'nki' package instead
          _pe_transpose_tile_I_vectorized(
          ^
/opt/aws_neuronx_venv_pytorch_inference_vllm_0_16/lib/python3.12/site-packages/neuronxcc/private_nkl/transpose.py:430:11: warning: 'neuronxcc.private_nkl.transpose._pe_transpose_tile_J_vectorized' is from the 'neuronxcc' package which is not supported in NKI kernels; use the 'nki' package instead
          _pe_transpose_tile_J_vectorized(
          ^
/opt/aws_neuronx_venv_pytorch_inference_vllm_0_16/lib/python3.12/site-packages/neuronxcc/private_nkl/transpose.py:438:9: warning: 'neuronxcc.private_nkl.transpose._pe_store_tile' is from the 'neuronxcc' package which is not supported in NKI kernels; use the 'nki' package instead
        _pe_store_tile(
        ^
/opt/aws_neuronx_venv_pytorch_inference_vllm_0_16/lib/python3.12/site-packages/neuronxcc/private_nkl/transpose.py:527:17: warning: 'neuronxcc.private_nkl.utils.tiled_range.TiledRange' is from the 'neuronxcc' package which is not supported in NKI kernels; use the 'nki' package instead
  I_128_tiles = TiledRange(I_tile, nl.tile_size.pmax)
                ^
/opt/aws_neuronx_venv_pytorch_inference_vllm_0_16/lib/python3.12/site-packages/neuronxcc/private_nkl/transpose.py:529:17: warning: 'neuronxcc.private_nkl.utils.tiled_range.TiledRange' is from the 'neuronxcc' package which is not supported in NKI kernels; use the 'nki' package instead
  J_128_tiles = TiledRange(J_tile, nl.tile_size.pmax)
                ^
/opt/aws_neuronx_venv_pytorch_inference_vllm_0_16/lib/python3.12/site-packages/neuronxcc/private_nkl/transpose.py:538:21: warning: 'neuronxcc.private_nkl.utils.tiled_range.TiledRange' is from the 'neuronxcc' package which is not supported in NKI kernels; use the 'nki' package instead
  for J_128_tile in TiledRange(J_tile.size, nl.tile_size.pmax):
                    ^
/opt/aws_neuronx_venv_pytorch_inference_vllm_0_16/lib/python3.12/site-packages/neuronxcc/private_nkl/transpose.py:539:23: warning: 'neuronxcc.private_nkl.utils.tiled_range.TiledRange' is from the 'neuronxcc' package which is not supported in NKI kernels; use the 'nki' package instead
    for I_512_tile in TiledRange(I_tile.size, nl.tile_size.psum_fmax):
                      ^
/opt/aws_neuronx_venv_pytorch_inference_vllm_0_16/lib/python3.12/site-packages/neuronxcc/private_nkl/transpose.py:551:25: warning: 'neuronxcc.private_nkl.utils.tiled_range.TiledRange' is from the 'neuronxcc' package which is not supported in NKI kernels; use the 'nki' package instead
      for I_128_tile in TiledRange(I_512_tile, nl.tile_size.pmax):
                        ^
/opt/aws_neuronx_venv_pytorch_inference_vllm_0_16/lib/python3.12/site-packages/neuronxcc/private_nkl/transpose.py:569:7: warning: 'neuronxcc.private_nkl.transpose._copy_with_engine' is from the 'neuronxcc' package which is not supported in NKI kernels; use the 'nki' package instead
      _copy_with_engine(
      ^
/opt/aws_neuronx_venv_pytorch_inference_vllm_0_16/lib/python3.12/site-packages/neuronxcc/private_nkl/transpose.py:586:17: warning: 'neuronxcc.private_nkl.utils.tiled_range.TiledRange' is from the 'neuronxcc' package which is not supported in NKI kernels; use the 'nki' package instead
  I_128_tiles = TiledRange(I_tile, nl.tile_size.pmax)
                ^
/opt/aws_neuronx_venv_pytorch_inference_vllm_0_16/lib/python3.12/site-packages/neuronxcc/private_nkl/transpose.py:588:17: warning: 'neuronxcc.private_nkl.utils.tiled_range.TiledRange' is from the 'neuronxcc' package which is not supported in NKI kernels; use the 'nki' package instead
  J_128_tiles = TiledRange(J_tile, nl.tile_size.pmax)
                ^
/opt/aws_neuronx_venv_pytorch_inference_vllm_0_16/lib/python3.12/site-packages/neuronxcc/private_nkl/transpose.py:596:21: warning: 'neuronxcc.private_nkl.utils.tiled_range.TiledRange' is from the 'neuronxcc' package which is not supported in NKI kernels; use the 'nki' package instead
  for I_128_tile in TiledRange(I_tile.size, nl.tile_size.pmax):
                    ^
/opt/aws_neuronx_venv_pytorch_inference_vllm_0_16/lib/python3.12/site-packages/neuronxcc/private_nkl/transpose.py:597:23: warning: 'neuronxcc.private_nkl.utils.tiled_range.TiledRange' is from the 'neuronxcc' package which is not supported in NKI kernels; use the 'nki' package instead
    for J_512_tile in TiledRange(J_tile.size, nl.tile_size.psum_fmax):
                      ^
/opt/aws_neuronx_venv_pytorch_inference_vllm_0_16/lib/python3.12/site-packages/neuronxcc/private_nkl/transpose.py:609:25: warning: 'neuronxcc.private_nkl.utils.tiled_range.TiledRange' is from the 'neuronxcc' package which is not supported in NKI kernels; use the 'nki' package instead
      for J_128_tile in TiledRange(J_512_tile, nl.tile_size.pmax):
                        ^
/opt/aws_neuronx_venv_pytorch_inference_vllm_0_16/lib/python3.12/site-packages/neuronxcc/private_nkl/transpose.py:628:9: warning: 'neuronxcc.private_nkl.transpose._copy_with_engine' is from the 'neuronxcc' package which is not supported in NKI kernels; use the 'nki' package instead
        _copy_with_engine(
        ^
/opt/aws_neuronx_venv_pytorch_inference_vllm_0_16/lib/python3.12/site-packages/neuronxcc/private_nkl/transpose.py:652:9: warning: 'neuronxcc.private_nkl.transpose._copy_with_engine' is from the 'neuronxcc' package which is not supported in NKI kernels; use the 'nki' package instead
        _copy_with_engine(
        ^
/opt/aws_neuronx_venv_pytorch_inference_vllm_0_16/lib/python3.12/site-packages/neuronxcc/private_nkl/transpose.py:38:10: warning: 'neuronxcc.private_nkl.transpose_utils.is_valid_permutation' is from the 'neuronxcc' package which is not supported in NKI kernels; use the 'nki' package instead
  assert is_valid_permutation(permutation), "input permutation is invalid"
         ^
/opt/aws_neuronx_venv_pytorch_inference_vllm_0_16/lib/python3.12/site-packages/neuronxcc/private_nkl/transpose.py:41:10: warning: 'neuronxcc.private_nkl.transpose_utils.n_elts' is from the 'neuronxcc' package which is not supported in NKI kernels; use the 'nki' package instead
  assert n_elts(in_shape) == n_elts(in_tensor.shape), "tensor shape is invalid"
         ^
/opt/aws_neuronx_venv_pytorch_inference_vllm_0_16/lib/python3.12/site-packages/neuronxcc/private_nkl/transpose.py:41:30: warning: 'neuronxcc.private_nkl.transpose_utils.n_elts' is from the 'neuronxcc' package which is not supported in NKI kernels; use the 'nki' package instead
  assert n_elts(in_shape) == n_elts(in_tensor.shape), "tensor shape is invalid"
                             ^
/opt/aws_neuronx_venv_pytorch_inference_vllm_0_16/lib/python3.12/site-packages/neuronxcc/private_nkl/transpose.py:32:20: warning: 'neuronxcc.private_nkl.utils.StackAllocator.sizeinbytes' is from the 'neuronxcc' package which is not supported in NKI kernels; use the 'nki' package instead
  return (98304 // sizeinbytes(dtype)) // 2
                   ^
/opt/aws_neuronx_venv_pytorch_inference_vllm_0_16/lib/python3.12/site-packages/neuronxcc/private_nkl/transpose.py:886:29: warning: 'neuronxcc.private_nkl.utils.kernel_helpers.get_program_sharding_info' is from the 'neuronxcc' package which is not supported in NKI kernels; use the 'nki' package instead
  _, num_shards, shard_id = get_program_sharding_info()
                            ^
/opt/aws_neuronx_venv_pytorch_inference_vllm_0_16/lib/python3.12/site-packages/neuronxcc/private_nkl/transpose.py:887:9: warning: 'neuronxcc.private_nkl.transpose._pe_transpose' is from the 'neuronxcc' package which is not supported in NKI kernels; use the 'nki' package instead
  out = _pe_transpose(in_tensor, in_shape, permutation, out_dtype, num_shards, shard_id)
        ^
/opt/aws_neuronx_venv_pytorch_inference_vllm_0_16/lib/python3.12/site-packages/neuronxcc/private_nkl/transpose_utils.py:71:10: warning: 'neuronxcc.private_nkl.transpose_utils.is_valid_permutation' is from the 'neuronxcc' package which is not supported in NKI kernels; use the 'nki' package instead
  if not is_valid_permutation(permutation):
         ^
/opt/aws_neuronx_venv_pytorch_inference_vllm_0_16/lib/python3.12/site-packages/neuronxcc/private_nkl/utils/tiled_range.py:66:23: warning: 'neuronxcc.private_nkl.utils.tiled_range.TiledRangeIterator' is from the 'neuronxcc' package which is not supported in NKI kernels; use the 'nki' package instead
  if isinstance(size, TiledRangeIterator):
                      ^
/opt/aws_neuronx_venv_pytorch_inference_vllm_0_16/lib/python3.12/site-packages/neuronxcc/private_nkl/utils/tiled_range.py:84:22: warning: 'neuronxcc.private_nkl.utils.tiled_range.TiledRangeIterator' is from the 'neuronxcc' package which is not supported in NKI kernels; use the 'nki' package instead
    iterators.append(TiledRangeIterator(current_tile_size, i, base_offset + relative_offset))
                     ^
/opt/aws_neuronx_venv_pytorch_inference_vllm_0_16/lib/python3.12/site-packages/neuronxcc/private_nkl/transpose.py:458:17: warning: 'neuronxcc.private_nkl.utils.tiled_range.TiledRange' is from the 'neuronxcc' package which is not supported in NKI kernels; use the 'nki' package instead
  I_128_tiles = TiledRange(I_tile, nl.tile_size.pmax)
                ^
/opt/aws_neuronx_venv_pytorch_inference_vllm_0_16/lib/python3.12/site-packages/neuronxcc/private_nkl/transpose.py:465:33: warning: 'neuronxcc.private_nkl.utils.tiled_range.TiledRange' is from the 'neuronxcc' package which is not supported in NKI kernels; use the 'nki' package instead
    for vectorization_factor in TiledRange(num_full_128_tiles_per_I_tile, VECTORIZATION_FACTOR):
                                ^
/opt/aws_neuronx_venv_pytorch_inference_vllm_0_16/lib/python3.12/site-packages/neuronxcc/private_nkl/transpose.py:284:16: warning: 'neuronxcc.private_nkl.transpose.max_f_size' is from the 'neuronxcc' package which is not supported in NKI kernels; use the 'nki' package instead
  MAX_F_SIZE = max_f_size(dtype)
               ^
/opt/aws_neuronx_venv_pytorch_inference_vllm_0_16/lib/python3.12/site-packages/neuronxcc/private_nkl/transpose.py:289:15: warning: 'neuronxcc.private_nkl.transpose_utils.next_multiple' is from the 'neuronxcc' package which is not supported in NKI kernels; use the 'nki' package instead
    return I, next_multiple(min(J, MAX_F_SIZE), 128)
              ^
/opt/aws_neuronx_venv_pytorch_inference_vllm_0_16/lib/python3.12/site-packages/neuronxcc/private_nkl/transpose.py:291:12: warning: 'neuronxcc.private_nkl.transpose_utils.next_multiple' is from the 'neuronxcc' package which is not supported in NKI kernels; use the 'nki' package instead
    return next_multiple(min(I, MAX_F_SIZE), 128), J
           ^
/opt/aws_neuronx_venv_pytorch_inference_vllm_0_16/lib/python3.12/site-packages/neuronxcc/private_nkl/transpose.py:302:19: warning: 'neuronxcc.private_nkl.transpose_utils.next_multiple' is from the 'neuronxcc' package which is not supported in NKI kernels; use the 'nki' package instead
    I_tile_size = next_multiple(I_tile_size, 128)
                  ^
/opt/aws_neuronx_venv_pytorch_inference_vllm_0_16/lib/python3.12/site-packages/neuronxcc/private_nkl/transpose.py:303:19: warning: 'neuronxcc.private_nkl.transpose_utils.next_multiple' is from the 'neuronxcc' package which is not supported in NKI kernels; use the 'nki' package instead
    J_tile_size = next_multiple(J_tile_size, 128)
                  ^
/opt/aws_neuronx_venv_pytorch_inference_vllm_0_16/lib/python3.12/site-packages/neuronxcc/private_nkl/transpose.py:681:17: warning: 'neuronxcc.private_nkl.utils.tiled_range.TiledRange' is from the 'neuronxcc' package which is not supported in NKI kernels; use the 'nki' package instead
  J_128_tiles = TiledRange(J_tile, nl.tile_size.pmax)
                ^
/opt/aws_neuronx_venv_pytorch_inference_vllm_0_16/lib/python3.12/site-packages/neuronxcc/private_nkl/transpose.py:688:33: warning: 'neuronxcc.private_nkl.utils.tiled_range.TiledRange' is from the 'neuronxcc' package which is not supported in NKI kernels; use the 'nki' package instead
    for vectorization_factor in TiledRange(num_full_128_tiles_per_J_tile, VECTORIZATION_FACTOR):
                                ^
/opt/aws_neuronx_venv_pytorch_inference_vllm_0_16/lib/python3.12/site-packages/neuronxcc/private_nkl/transpose.py:751:3: warning: 'neuronxcc.private_nkl.transpose.check_input_transpose' is from the 'neuronxcc' package which is not supported in NKI kernels; use the 'nki' package instead
  check_input_transpose(in_tensor, in_shape, permutation)
  ^
/opt/aws_neuronx_venv_pytorch_inference_vllm_0_16/lib/python3.12/site-packages/neuronxcc/private_nkl/transpose.py:757:33: warning: 'neuronxcc.private_nkl.transpose_utils.permutation_reduction' is from the 'neuronxcc' package which is not supported in NKI kernels; use the 'nki' package instead
  reduced_perm, reduced_shape = permutation_reduction(in_shape, permutation)
                                ^
/opt/aws_neuronx_venv_pytorch_inference_vllm_0_16/lib/python3.12/site-packages/neuronxcc/private_nkl/transpose.py:758:10: warning: 'neuronxcc.private_nkl.transpose_utils.permutes_last_two_dims' is from the 'neuronxcc' package which is not supported in NKI kernels; use the 'nki' package instead
  assert permutes_last_two_dims(reduced_perm), f"must permutate last two dims, got {reduced_perm}"
         ^
/opt/aws_neuronx_venv_pytorch_inference_vllm_0_16/lib/python3.12/site-packages/neuronxcc/private_nkl/transpose.py:763:11: warning: 'neuronxcc.private_nkl.transpose._str_to_dtype' is from the 'neuronxcc' package which is not supported in NKI kernels; use the 'nki' package instead
    dtype=_str_to_dtype(out_dtype),
          ^
/opt/aws_neuronx_venv_pytorch_inference_vllm_0_16/lib/python3.12/site-packages/neuronxcc/private_nkl/transpose.py:764:12: warning: 'neuronxcc.private_nkl.transpose_utils._get_hbm_buffer' is from the 'neuronxcc' package which is not supported in NKI kernels; use the 'nki' package instead
    buffer=_get_hbm_buffer(),
           ^
/opt/aws_neuronx_venv_pytorch_inference_vllm_0_16/lib/python3.12/site-packages/neuronxcc/private_nkl/transpose.py:767:3: warning: 'neuronxcc.private_nkl.transpose._pe_transpose_impl' is from the 'neuronxcc' package which is not supported in NKI kernels; use the 'nki' package instead
  _pe_transpose_impl(in_tensor, out_tensor, num_shards, shard_id)
  ^
/opt/aws_neuronx_venv_pytorch_inference_vllm_0_16/lib/python3.12/site-packages/neuronxcc/private_nkl/transpose.py:373:25: warning: 'neuronxcc.private_nkl.transpose_utils.n_elts' is from the 'neuronxcc' package which is not supported in NKI kernels; use the 'nki' package instead
  flattened_B_dim = int(n_elts(in_shape[:-2])) if in_shape[:-2] else 1
                        ^
/opt/aws_neuronx_venv_pytorch_inference_vllm_0_16/lib/python3.12/site-packages/neuronxcc/private_nkl/transpose.py:378:30: warning: 'neuronxcc.private_nkl.transpose._pe_optimal_tile_sizes' is from the 'neuronxcc' package which is not supported in NKI kernels; use the 'nki' package instead
  I_tile_size, J_tile_size = _pe_optimal_tile_sizes(I, J, in_tensor.dtype)
                             ^
/opt/aws_neuronx_venv_pytorch_inference_vllm_0_16/lib/python3.12/site-packages/neuronxcc/private_nkl/transpose.py:381:17: warning: 'neuronxcc.private_nkl.utils.kernel_helpers.div_ceil' is from the 'neuronxcc' package which is not supported in NKI kernels; use the 'nki' package instead
  b_per_shard = div_ceil(flattened_B_dim, num_shards)
                ^
/opt/aws_neuronx_venv_pytorch_inference_vllm_0_16/lib/python3.12/site-packages/neuronxcc/private_nkl/transpose.py:384:19: warning: 'neuronxcc.private_nkl.transpose._to_compute_dtype' is from the 'neuronxcc' package which is not supported in NKI kernels; use the 'nki' package instead
  compute_dtype = _to_compute_dtype(in_tensor.dtype)
                  ^
/opt/aws_neuronx_venv_pytorch_inference_vllm_0_16/lib/python3.12/site-packages/neuronxcc/private_nkl/transpose.py:398:19: warning: 'neuronxcc.private_nkl.utils.tiled_range.TiledRange' is from the 'neuronxcc' package which is not supported in NKI kernels; use the 'nki' package instead
    for I_tile in TiledRange(I, I_tile_size):
                  ^
/opt/aws_neuronx_venv_pytorch_inference_vllm_0_16/lib/python3.12/site-packages/neuronxcc/private_nkl/transpose.py:399:21: warning: 'neuronxcc.private_nkl.utils.tiled_range.TiledRange' is from the 'neuronxcc' package which is not supported in NKI kernels; use the 'nki' package instead
      for J_tile in TiledRange(J, J_tile_size):
                    ^
/opt/aws_neuronx_venv_pytorch_inference_vllm_0_16/lib/python3.12/site-packages/neuronxcc/private_nkl/transpose.py:400:23: warning: 'neuronxcc.private_nkl.utils.tiled_range.TiledRange' is from the 'neuronxcc' package which is not supported in NKI kernels; use the 'nki' package instead
        I_128_tiles = TiledRange(I_tile, nl.tile_size.pmax)
                      ^
/opt/aws_neuronx_venv_pytorch_inference_vllm_0_16/lib/python3.12/site-packages/neuronxcc/private_nkl/transpose.py:405:23: warning: 'neuronxcc.private_nkl.utils.tiled_range.TiledRange' is from the 'neuronxcc' package which is not supported in NKI kernels; use the 'nki' package instead
        J_128_tiles = TiledRange(J_tile, nl.tile_size.pmax)
                      ^
/opt/aws_neuronx_venv_pytorch_inference_vllm_0_16/lib/python3.12/site-packages/neuronxcc/private_nkl/transpose.py:411:9: warning: 'neuronxcc.private_nkl.transpose._pe_load_tile' is from the 'neuronxcc' package which is not supported in NKI kernels; use the 'nki' package instead
        _pe_load_tile(
        ^
/opt/aws_neuronx_venv_pytorch_inference_vllm_0_16/lib/python3.12/site-packages/neuronxcc/private_nkl/transpose.py:422:11: warning: 'neuronxcc.private_nkl.transpose._pe_transpose_tile_I_vectorized' is from the 'neuronxcc' package which is not supported in NKI kernels; use the 'nki' package instead
          _pe_transpose_tile_I_vectorized(
          ^
/opt/aws_neuronx_venv_pytorch_inference_vllm_0_16/lib/python3.12/site-packages/neuronxcc/private_nkl/transpose.py:430:11: warning: 'neuronxcc.private_nkl.transpose._pe_transpose_tile_J_vectorized' is from the 'neuronxcc' package which is not supported in NKI kernels; use the 'nki' package instead
          _pe_transpose_tile_J_vectorized(
          ^
/opt/aws_neuronx_venv_pytorch_inference_vllm_0_16/lib/python3.12/site-packages/neuronxcc/private_nkl/transpose.py:438:9: warning: 'neuronxcc.private_nkl.transpose._pe_store_tile' is from the 'neuronxcc' package which is not supported in NKI kernels; use the 'nki' package instead
        _pe_store_tile(
        ^
/opt/aws_neuronx_venv_pytorch_inference_vllm_0_16/lib/python3.12/site-packages/neuronxcc/private_nkl/transpose.py:527:17: warning: 'neuronxcc.private_nkl.utils.tiled_range.TiledRange' is from the 'neuronxcc' package which is not supported in NKI kernels; use the 'nki' package instead
  I_128_tiles = TiledRange(I_tile, nl.tile_size.pmax)
                ^
/opt/aws_neuronx_venv_pytorch_inference_vllm_0_16/lib/python3.12/site-packages/neuronxcc/private_nkl/transpose.py:529:17: warning: 'neuronxcc.private_nkl.utils.tiled_range.TiledRange' is from the 'neuronxcc' package which is not supported in NKI kernels; use the 'nki' package instead
  J_128_tiles = TiledRange(J_tile, nl.tile_size.pmax)
                ^
/opt/aws_neuronx_venv_pytorch_inference_vllm_0_16/lib/python3.12/site-packages/neuronxcc/private_nkl/transpose.py:538:21: warning: 'neuronxcc.private_nkl.utils.tiled_range.TiledRange' is from the 'neuronxcc' package which is not supported in NKI kernels; use the 'nki' package instead
  for J_128_tile in TiledRange(J_tile.size, nl.tile_size.pmax):
                    ^
/opt/aws_neuronx_venv_pytorch_inference_vllm_0_16/lib/python3.12/site-packages/neuronxcc/private_nkl/transpose.py:539:23: warning: 'neuronxcc.private_nkl.utils.tiled_range.TiledRange' is from the 'neuronxcc' package which is not supported in NKI kernels; use the 'nki' package instead
    for I_512_tile in TiledRange(I_tile.size, nl.tile_size.psum_fmax):
                      ^
/opt/aws_neuronx_venv_pytorch_inference_vllm_0_16/lib/python3.12/site-packages/neuronxcc/private_nkl/transpose.py:551:25: warning: 'neuronxcc.private_nkl.utils.tiled_range.TiledRange' is from the 'neuronxcc' package which is not supported in NKI kernels; use the 'nki' package instead
      for I_128_tile in TiledRange(I_512_tile, nl.tile_size.pmax):
                        ^
/opt/aws_neuronx_venv_pytorch_inference_vllm_0_16/lib/python3.12/site-packages/neuronxcc/private_nkl/transpose.py:569:7: warning: 'neuronxcc.private_nkl.transpose._copy_with_engine' is from the 'neuronxcc' package which is not supported in NKI kernels; use the 'nki' package instead
      _copy_with_engine(
      ^
/opt/aws_neuronx_venv_pytorch_inference_vllm_0_16/lib/python3.12/site-packages/neuronxcc/private_nkl/transpose.py:586:17: warning: 'neuronxcc.private_nkl.utils.tiled_range.TiledRange' is from the 'neuronxcc' package which is not supported in NKI kernels; use the 'nki' package instead
  I_128_tiles = TiledRange(I_tile, nl.tile_size.pmax)
                ^
/opt/aws_neuronx_venv_pytorch_inference_vllm_0_16/lib/python3.12/site-packages/neuronxcc/private_nkl/transpose.py:588:17: warning: 'neuronxcc.private_nkl.utils.tiled_range.TiledRange' is from the 'neuronxcc' package which is not supported in NKI kernels; use the 'nki' package instead
  J_128_tiles = TiledRange(J_tile, nl.tile_size.pmax)
                ^
/opt/aws_neuronx_venv_pytorch_inference_vllm_0_16/lib/python3.12/site-packages/neuronxcc/private_nkl/transpose.py:596:21: warning: 'neuronxcc.private_nkl.utils.tiled_range.TiledRange' is from the 'neuronxcc' package which is not supported in NKI kernels; use the 'nki' package instead
  for I_128_tile in TiledRange(I_tile.size, nl.tile_size.pmax):
                    ^
/opt/aws_neuronx_venv_pytorch_inference_vllm_0_16/lib/python3.12/site-packages/neuronxcc/private_nkl/transpose.py:597:23: warning: 'neuronxcc.private_nkl.utils.tiled_range.TiledRange' is from the 'neuronxcc' package which is not supported in NKI kernels; use the 'nki' package instead
    for J_512_tile in TiledRange(J_tile.size, nl.tile_size.psum_fmax):
                      ^
/opt/aws_neuronx_venv_pytorch_inference_vllm_0_16/lib/python3.12/site-packages/neuronxcc/private_nkl/transpose.py:609:25: warning: 'neuronxcc.private_nkl.utils.tiled_range.TiledRange' is from the 'neuronxcc' package which is not supported in NKI kernels; use the 'nki' package instead
      for J_128_tile in TiledRange(J_512_tile, nl.tile_size.pmax):
                        ^
/opt/aws_neuronx_venv_pytorch_inference_vllm_0_16/lib/python3.12/site-packages/neuronxcc/private_nkl/transpose.py:628:9: warning: 'neuronxcc.private_nkl.transpose._copy_with_engine' is from the 'neuronxcc' package which is not supported in NKI kernels; use the 'nki' package instead
        _copy_with_engine(
        ^
/opt/aws_neuronx_venv_pytorch_inference_vllm_0_16/lib/python3.12/site-packages/neuronxcc/private_nkl/transpose.py:652:9: warning: 'neuronxcc.private_nkl.transpose._copy_with_engine' is from the 'neuronxcc' package which is not supported in NKI kernels; use the 'nki' package instead
        _copy_with_engine(
        ^
/opt/aws_neuronx_venv_pytorch_inference_vllm_0_16/lib/python3.12/site-packages/neuronxcc/private_nkl/transpose.py:38:10: warning: 'neuronxcc.private_nkl.transpose_utils.is_valid_permutation' is from the 'neuronxcc' package which is not supported in NKI kernels; use the 'nki' package instead
  assert is_valid_permutation(permutation), "input permutation is invalid"
         ^
/opt/aws_neuronx_venv_pytorch_inference_vllm_0_16/lib/python3.12/site-packages/neuronxcc/private_nkl/transpose.py:41:10: warning: 'neuronxcc.private_nkl.transpose_utils.n_elts' is from the 'neuronxcc' package which is not supported in NKI kernels; use the 'nki' package instead
  assert n_elts(in_shape) == n_elts(in_tensor.shape), "tensor shape is invalid"
         ^
/opt/aws_neuronx_venv_pytorch_inference_vllm_0_16/lib/python3.12/site-packages/neuronxcc/private_nkl/transpose.py:41:30: warning: 'neuronxcc.private_nkl.transpose_utils.n_elts' is from the 'neuronxcc' package which is not supported in NKI kernels; use the 'nki' package instead
  assert n_elts(in_shape) == n_elts(in_tensor.shape), "tensor shape is invalid"
                             ^
/opt/aws_neuronx_venv_pytorch_inference_vllm_0_16/lib/python3.12/site-packages/neuronxcc/private_nkl/transpose.py:32:20: warning: 'neuronxcc.private_nkl.utils.StackAllocator.sizeinbytes' is from the 'neuronxcc' package which is not supported in NKI kernels; use the 'nki' package instead
  return (98304 // sizeinbytes(dtype)) // 2
                   ^
/opt/aws_neuronx_venv_pytorch_inference_vllm_0_16/lib/python3.12/site-packages/neuronxcc/private_nkl/transpose.py:886:29: warning: 'neuronxcc.private_nkl.utils.kernel_helpers.get_program_sharding_info' is from the 'neuronxcc' package which is not supported in NKI kernels; use the 'nki' package instead
  _, num_shards, shard_id = get_program_sharding_info()
                            ^
/opt/aws_neuronx_venv_pytorch_inference_vllm_0_16/lib/python3.12/site-packages/neuronxcc/private_nkl/transpose.py:887:9: warning: 'neuronxcc.private_nkl.transpose._pe_transpose' is from the 'neuronxcc' package which is not supported in NKI kernels; use the 'nki' package instead
  out = _pe_transpose(in_tensor, in_shape, permutation, out_dtype, num_shards, shard_id)
        ^
/opt/aws_neuronx_venv_pytorch_inference_vllm_0_16/lib/python3.12/site-packages/neuronxcc/private_nkl/transpose_utils.py:71:10: warning: 'neuronxcc.private_nkl.transpose_utils.is_valid_permutation' is from the 'neuronxcc' package which is not supported in NKI kernels; use the 'nki' package instead
  if not is_valid_permutation(permutation):
         ^
/opt/aws_neuronx_venv_pytorch_inference_vllm_0_16/lib/python3.12/site-packages/neuronxcc/private_nkl/utils/tiled_range.py:66:23: warning: 'neuronxcc.private_nkl.utils.tiled_range.TiledRangeIterator' is from the 'neuronxcc' package which is not supported in NKI kernels; use the 'nki' package instead
  if isinstance(size, TiledRangeIterator):
                      ^
/opt/aws_neuronx_venv_pytorch_inference_vllm_0_16/lib/python3.12/site-packages/neuronxcc/private_nkl/utils/tiled_range.py:84:22: warning: 'neuronxcc.private_nkl.utils.tiled_range.TiledRangeIterator' is from the 'neuronxcc' package which is not supported in NKI kernels; use the 'nki' package instead
    iterators.append(TiledRangeIterator(current_tile_size, i, base_offset + relative_offset))
                     ^
/opt/aws_neuronx_venv_pytorch_inference_vllm_0_16/lib/python3.12/site-packages/neuronxcc/private_nkl/transpose.py:69:16: warning: 'neuronxcc.private_nkl.transpose.max_f_size' is from the 'neuronxcc' package which is not supported in NKI kernels; use the 'nki' package instead
  MAX_F_SIZE = max_f_size(in_tensor.dtype)
               ^
/opt/aws_neuronx_venv_pytorch_inference_vllm_0_16/lib/python3.12/site-packages/neuronxcc/private_nkl/transpose.py:74:25: warning: 'neuronxcc.private_nkl.transpose_utils.n_elts' is from the 'neuronxcc' package which is not supported in NKI kernels; use the 'nki' package instead
  flattened_B_dim = int(n_elts(in_shape[:-2])) if in_shape[:-2] else 1
                        ^
/opt/aws_neuronx_venv_pytorch_inference_vllm_0_16/lib/python3.12/site-packages/neuronxcc/private_nkl/transpose.py:77:18: warning: 'neuronxcc.private_nkl.transpose_utils.factor_within_limit' is from the 'neuronxcc' package which is not supported in NKI kernels; use the 'nki' package instead
    i_division = factor_within_limit(I, MAX_F_SIZE)
                 ^
/opt/aws_neuronx_venv_pytorch_inference_vllm_0_16/lib/python3.12/site-packages/neuronxcc/private_nkl/transpose.py:79:22: warning: 'neuronxcc.private_nkl.utils.kernel_helpers.div_ceil' is from the 'neuronxcc' package which is not supported in NKI kernels; use the 'nki' package instead
    i_division_num = div_ceil(I, i_division)
                     ^
/opt/aws_neuronx_venv_pytorch_inference_vllm_0_16/lib/python3.12/site-packages/neuronxcc/private_nkl/transpose.py:87:16: warning: 'neuronxcc.private_nkl.utils.kernel_helpers.div_ceil' is from the 'neuronxcc' package which is not supported in NKI kernels; use the 'nki' package instead
  num_j_divs = div_ceil(J, j_division)
               ^
/opt/aws_neuronx_venv_pytorch_inference_vllm_0_16/lib/python3.12/site-packages/neuronxcc/private_nkl/transpose.py:91:18: warning: 'neuronxcc.private_nkl.utils.kernel_helpers.div_ceil' is from the 'neuronxcc' package which is not supported in NKI kernels; use the 'nki' package instead
    num_j_divs = div_ceil(J, j_division)
                 ^
/opt/aws_neuronx_venv_pytorch_inference_vllm_0_16/lib/python3.12/site-packages/neuronxcc/private_nkl/transpose.py:93:22: warning: 'neuronxcc.private_nkl.utils.kernel_helpers.div_ceil' is from the 'neuronxcc' package which is not supported in NKI kernels; use the 'nki' package instead
    i_division_num = div_ceil(I, i_division)
                     ^
/opt/aws_neuronx_venv_pytorch_inference_vllm_0_16/lib/python3.12/site-packages/neuronxcc/private_nkl/transpose.py:95:33: warning: 'neuronxcc.private_nkl.utils.kernel_helpers.div_ceil' is from the 'neuronxcc' package which is not supported in NKI kernels; use the 'nki' package instead
  DVE_ACT_LOAD_BALANCE_FACTOR = div_ceil(i_division, MIN_DVE_ACT_CYCLES)
                                ^
/opt/aws_neuronx_venv_pytorch_inference_vllm_0_16/lib/python3.12/site-packages/neuronxcc/private_nkl/transpose.py:97:17: warning: 'neuronxcc.private_nkl.utils.kernel_helpers.div_ceil' is from the 'neuronxcc' package which is not supported in NKI kernels; use the 'nki' package instead
  num_i_tiles = div_ceil(i_division, i_tile_size)
                ^
/opt/aws_neuronx_venv_pytorch_inference_vllm_0_16/lib/python3.12/site-packages/neuronxcc/private_nkl/transpose.py:100:13: warning: 'neuronxcc.private_nkl.utils.kernel_helpers.div_ceil' is from the 'neuronxcc' package which is not supported in NKI kernels; use the 'nki' package instead
  j_tiles = div_ceil(j_division, j_tile_size)
            ^
/opt/aws_neuronx_venv_pytorch_inference_vllm_0_16/lib/python3.12/site-packages/neuronxcc/private_nkl/transpose.py:103:17: warning: 'neuronxcc.private_nkl.utils.kernel_helpers.div_ceil' is from the 'neuronxcc' package which is not supported in NKI kernels; use the 'nki' package instead
  b_per_shard = div_ceil(flattened_B_dim, num_shards)
                ^
/opt/aws_neuronx_venv_pytorch_inference_vllm_0_16/lib/python3.12/site-packages/neuronxcc/private_nkl/transpose.py:107:17: warning: 'neuronxcc.private_nkl.utils.kernel_helpers.div_ceil' is from the 'neuronxcc' package which is not supported in NKI kernels; use the 'nki' package instead
  num_p_tiles = div_ceil(b_per_shard, MAX_P)
                ^
/opt/aws_neuronx_venv_pytorch_inference_vllm_0_16/lib/python3.12/site-packages/neuronxcc/private_nkl/transpose.py:159:13: warning: 'neuronxcc.private_nkl.transpose._copy_with_engine' is from the 'neuronxcc' package which is not supported in NKI kernels; use the 'nki' package instead
            _copy_with_engine(
            ^
/opt/aws_neuronx_venv_pytorch_inference_vllm_0_16/lib/python3.12/site-packages/neuronxcc/private_nkl/transpose.py:199:16: warning: 'neuronxcc.private_nkl.transpose.max_f_size' is from the 'neuronxcc' package which is not supported in NKI kernels; use the 'nki' package instead
  MAX_F_SIZE = max_f_size(in_tensor.dtype)
               ^
/opt/aws_neuronx_venv_pytorch_inference_vllm_0_16/lib/python3.12/site-packages/neuronxcc/private_nkl/transpose.py:204:25: warning: 'neuronxcc.private_nkl.transpose_utils.n_elts' is from the 'neuronxcc' package which is not supported in NKI kernels; use the 'nki' package instead
  flattened_B_dim = int(n_elts(in_shape[:-2])) if in_shape[:-2] else 1
                        ^
/opt/aws_neuronx_venv_pytorch_inference_vllm_0_16/lib/python3.12/site-packages/neuronxcc/private_nkl/transpose.py:207:17: warning: 'neuronxcc.private_nkl.utils.kernel_helpers.div_ceil' is from the 'neuronxcc' package which is not supported in NKI kernels; use the 'nki' package instead
  b_per_shard = div_ceil(flattened_B_dim, num_shards)
                ^
/opt/aws_neuronx_venv_pytorch_inference_vllm_0_16/lib/python3.12/site-packages/neuronxcc/private_nkl/transpose.py:211:17: warning: 'neuronxcc.private_nkl.utils.kernel_helpers.div_ceil' is from the 'neuronxcc' package which is not supported in NKI kernels; use the 'nki' package instead
  num_p_tiles = div_ceil(b_per_shard, P)
                ^
/opt/aws_neuronx_venv_pytorch_inference_vllm_0_16/lib/python3.12/site-packages/neuronxcc/private_nkl/transpose.py:218:13: warning: 'neuronxcc.private_nkl.utils.kernel_helpers.div_ceil' is from the 'neuronxcc' package which is not supported in NKI kernels; use the 'nki' package instead
  i_tiles = div_ceil(I, i_tile_size)
            ^
/opt/aws_neuronx_venv_pytorch_inference_vllm_0_16/lib/python3.12/site-packages/neuronxcc/private_nkl/transpose.py:224:19: warning: 'neuronxcc.private_nkl.utils.kernel_helpers.div_ceil' is from the 'neuronxcc' package which is not supported in NKI kernels; use the 'nki' package instead
    j_tile_size = div_ceil(J, J_LOAD_BALANCING_FACTOR)
                  ^
/opt/aws_neuronx_venv_pytorch_inference_vllm_0_16/lib/python3.12/site-packages/neuronxcc/private_nkl/transpose.py:251:9: warning: 'neuronxcc.private_nkl.transpose._copy_with_engine' is from the 'neuronxcc' package which is not supported in NKI kernels; use the 'nki' package instead
        _copy_with_engine(
        ^
/opt/aws_neuronx_venv_pytorch_inference_vllm_0_16/lib/python3.12/site-packages/neuronxcc/private_nkl/transpose.py:458:17: warning: 'neuronxcc.private_nkl.utils.tiled_range.TiledRange' is from the 'neuronxcc' package which is not supported in NKI kernels; use the 'nki' package instead
  I_128_tiles = TiledRange(I_tile, nl.tile_size.pmax)
                ^
/opt/aws_neuronx_venv_pytorch_inference_vllm_0_16/lib/python3.12/site-packages/neuronxcc/private_nkl/transpose.py:465:33: warning: 'neuronxcc.private_nkl.utils.tiled_range.TiledRange' is from the 'neuronxcc' package which is not supported in NKI kernels; use the 'nki' package instead
    for vectorization_factor in TiledRange(num_full_128_tiles_per_I_tile, VECTORIZATION_FACTOR):
                                ^
/opt/aws_neuronx_venv_pytorch_inference_vllm_0_16/lib/python3.12/site-packages/neuronxcc/private_nkl/transpose.py:284:16: warning: 'neuronxcc.private_nkl.transpose.max_f_size' is from the 'neuronxcc' package which is not supported in NKI kernels; use the 'nki' package instead
  MAX_F_SIZE = max_f_size(dtype)
               ^
/opt/aws_neuronx_venv_pytorch_inference_vllm_0_16/lib/python3.12/site-packages/neuronxcc/private_nkl/transpose.py:289:15: warning: 'neuronxcc.private_nkl.transpose_utils.next_multiple' is from the 'neuronxcc' package which is not supported in NKI kernels; use the 'nki' package instead
    return I, next_multiple(min(J, MAX_F_SIZE), 128)
              ^
/opt/aws_neuronx_venv_pytorch_inference_vllm_0_16/lib/python3.12/site-packages/neuronxcc/private_nkl/transpose.py:291:12: warning: 'neuronxcc.private_nkl.transpose_utils.next_multiple' is from the 'neuronxcc' package which is not supported in NKI kernels; use the 'nki' package instead
    return next_multiple(min(I, MAX_F_SIZE), 128), J
           ^
/opt/aws_neuronx_venv_pytorch_inference_vllm_0_16/lib/python3.12/site-packages/neuronxcc/private_nkl/transpose.py:302:19: warning: 'neuronxcc.private_nkl.transpose_utils.next_multiple' is from the 'neuronxcc' package which is not supported in NKI kernels; use the 'nki' package instead
    I_tile_size = next_multiple(I_tile_size, 128)
                  ^
/opt/aws_neuronx_venv_pytorch_inference_vllm_0_16/lib/python3.12/site-packages/neuronxcc/private_nkl/transpose.py:303:19: warning: 'neuronxcc.private_nkl.transpose_utils.next_multiple' is from the 'neuronxcc' package which is not supported in NKI kernels; use the 'nki' package instead
    J_tile_size = next_multiple(J_tile_size, 128)
                  ^
/opt/aws_neuronx_venv_pytorch_inference_vllm_0_16/lib/python3.12/site-packages/neuronxcc/private_nkl/transpose.py:681:17: warning: 'neuronxcc.private_nkl.utils.tiled_range.TiledRange' is from the 'neuronxcc' package which is not supported in NKI kernels; use the 'nki' package instead
  J_128_tiles = TiledRange(J_tile, nl.tile_size.pmax)
                ^
/opt/aws_neuronx_venv_pytorch_inference_vllm_0_16/lib/python3.12/site-packages/neuronxcc/private_nkl/transpose.py:688:33: warning: 'neuronxcc.private_nkl.utils.tiled_range.TiledRange' is from the 'neuronxcc' package which is not supported in NKI kernels; use the 'nki' package instead
    for vectorization_factor in TiledRange(num_full_128_tiles_per_J_tile, VECTORIZATION_FACTOR):
                                ^
/opt/aws_neuronx_venv_pytorch_inference_vllm_0_16/lib/python3.12/site-packages/neuronxcc/private_nkl/transpose.py:373:25: warning: 'neuronxcc.private_nkl.transpose_utils.n_elts' is from the 'neuronxcc' package which is not supported in NKI kernels; use the 'nki' package instead
  flattened_B_dim = int(n_elts(in_shape[:-2])) if in_shape[:-2] else 1
                        ^
/opt/aws_neuronx_venv_pytorch_inference_vllm_0_16/lib/python3.12/site-packages/neuronxcc/private_nkl/transpose.py:378:30: warning: 'neuronxcc.private_nkl.transpose._pe_optimal_tile_sizes' is from the 'neuronxcc' package which is not supported in NKI kernels; use the 'nki' package instead
  I_tile_size, J_tile_size = _pe_optimal_tile_sizes(I, J, in_tensor.dtype)
                             ^
/opt/aws_neuronx_venv_pytorch_inference_vllm_0_16/lib/python3.12/site-packages/neuronxcc/private_nkl/transpose.py:381:17: warning: 'neuronxcc.private_nkl.utils.kernel_helpers.div_ceil' is from the 'neuronxcc' package which is not supported in NKI kernels; use the 'nki' package instead
  b_per_shard = div_ceil(flattened_B_dim, num_shards)
                ^
/opt/aws_neuronx_venv_pytorch_inference_vllm_0_16/lib/python3.12/site-packages/neuronxcc/private_nkl/transpose.py:384:19: warning: 'neuronxcc.private_nkl.transpose._to_compute_dtype' is from the 'neuronxcc' package which is not supported in NKI kernels; use the 'nki' package instead
  compute_dtype = _to_compute_dtype(in_tensor.dtype)
                  ^
/opt/aws_neuronx_venv_pytorch_inference_vllm_0_16/lib/python3.12/site-packages/neuronxcc/private_nkl/transpose.py:398:19: warning: 'neuronxcc.private_nkl.utils.tiled_range.TiledRange' is from the 'neuronxcc' package which is not supported in NKI kernels; use the 'nki' package instead
    for I_tile in TiledRange(I, I_tile_size):
                  ^
/opt/aws_neuronx_venv_pytorch_inference_vllm_0_16/lib/python3.12/site-packages/neuronxcc/private_nkl/transpose.py:399:21: warning: 'neuronxcc.private_nkl.utils.tiled_range.TiledRange' is from the 'neuronxcc' package which is not supported in NKI kernels; use the 'nki' package instead
      for J_tile in TiledRange(J, J_tile_size):
                    ^
/opt/aws_neuronx_venv_pytorch_inference_vllm_0_16/lib/python3.12/site-packages/neuronxcc/private_nkl/transpose.py:400:23: warning: 'neuronxcc.private_nkl.utils.tiled_range.TiledRange' is from the 'neuronxcc' package which is not supported in NKI kernels; use the 'nki' package instead
        I_128_tiles = TiledRange(I_tile, nl.tile_size.pmax)
                      ^
/opt/aws_neuronx_venv_pytorch_inference_vllm_0_16/lib/python3.12/site-packages/neuronxcc/private_nkl/transpose.py:405:23: warning: 'neuronxcc.private_nkl.utils.tiled_range.TiledRange' is from the 'neuronxcc' package which is not supported in NKI kernels; use the 'nki' package instead
        J_128_tiles = TiledRange(J_tile, nl.tile_size.pmax)
                      ^
/opt/aws_neuronx_venv_pytorch_inference_vllm_0_16/lib/python3.12/site-packages/neuronxcc/private_nkl/transpose.py:411:9: warning: 'neuronxcc.private_nkl.transpose._pe_load_tile' is from the 'neuronxcc' package which is not supported in NKI kernels; use the 'nki' package instead
        _pe_load_tile(
        ^
/opt/aws_neuronx_venv_pytorch_inference_vllm_0_16/lib/python3.12/site-packages/neuronxcc/private_nkl/transpose.py:422:11: warning: 'neuronxcc.private_nkl.transpose._pe_transpose_tile_I_vectorized' is from the 'neuronxcc' package which is not supported in NKI kernels; use the 'nki' package instead
          _pe_transpose_tile_I_vectorized(
          ^
/opt/aws_neuronx_venv_pytorch_inference_vllm_0_16/lib/python3.12/site-packages/neuronxcc/private_nkl/transpose.py:430:11: warning: 'neuronxcc.private_nkl.transpose._pe_transpose_tile_J_vectorized' is from the 'neuronxcc' package which is not supported in NKI kernels; use the 'nki' package instead
          _pe_transpose_tile_J_vectorized(
          ^
/opt/aws_neuronx_venv_pytorch_inference_vllm_0_16/lib/python3.12/site-packages/neuronxcc/private_nkl/transpose.py:438:9: warning: 'neuronxcc.private_nkl.transpose._pe_store_tile' is from the 'neuronxcc' package which is not supported in NKI kernels; use the 'nki' package instead
        _pe_store_tile(
        ^
/opt/aws_neuronx_venv_pytorch_inference_vllm_0_16/lib/python3.12/site-packages/neuronxcc/private_nkl/transpose.py:527:17: warning: 'neuronxcc.private_nkl.utils.tiled_range.TiledRange' is from the 'neuronxcc' package which is not supported in NKI kernels; use the 'nki' package instead
  I_128_tiles = TiledRange(I_tile, nl.tile_size.pmax)
                ^
/opt/aws_neuronx_venv_pytorch_inference_vllm_0_16/lib/python3.12/site-packages/neuronxcc/private_nkl/transpose.py:529:17: warning: 'neuronxcc.private_nkl.utils.tiled_range.TiledRange' is from the 'neuronxcc' package which is not supported in NKI kernels; use the 'nki' package instead
  J_128_tiles = TiledRange(J_tile, nl.tile_size.pmax)
                ^
/opt/aws_neuronx_venv_pytorch_inference_vllm_0_16/lib/python3.12/site-packages/neuronxcc/private_nkl/transpose.py:538:21: warning: 'neuronxcc.private_nkl.utils.tiled_range.TiledRange' is from the 'neuronxcc' package which is not supported in NKI kernels; use the 'nki' package instead
  for J_128_tile in TiledRange(J_tile.size, nl.tile_size.pmax):
                    ^
/opt/aws_neuronx_venv_pytorch_inference_vllm_0_16/lib/python3.12/site-packages/neuronxcc/private_nkl/transpose.py:539:23: warning: 'neuronxcc.private_nkl.utils.tiled_range.TiledRange' is from the 'neuronxcc' package which is not supported in NKI kernels; use the 'nki' package instead
    for I_512_tile in TiledRange(I_tile.size, nl.tile_size.psum_fmax):
                      ^
/opt/aws_neuronx_venv_pytorch_inference_vllm_0_16/lib/python3.12/site-packages/neuronxcc/private_nkl/transpose.py:551:25: warning: 'neuronxcc.private_nkl.utils.tiled_range.TiledRange' is from the 'neuronxcc' package which is not supported in NKI kernels; use the 'nki' package instead
      for I_128_tile in TiledRange(I_512_tile, nl.tile_size.pmax):
                        ^
/opt/aws_neuronx_venv_pytorch_inference_vllm_0_16/lib/python3.12/site-packages/neuronxcc/private_nkl/transpose.py:569:7: warning: 'neuronxcc.private_nkl.transpose._copy_with_engine' is from the 'neuronxcc' package which is not supported in NKI kernels; use the 'nki' package instead
      _copy_with_engine(
      ^
/opt/aws_neuronx_venv_pytorch_inference_vllm_0_16/lib/python3.12/site-packages/neuronxcc/private_nkl/transpose.py:586:17: warning: 'neuronxcc.private_nkl.utils.tiled_range.TiledRange' is from the 'neuronxcc' package which is not supported in NKI kernels; use the 'nki' package instead
  I_128_tiles = TiledRange(I_tile, nl.tile_size.pmax)
                ^
/opt/aws_neuronx_venv_pytorch_inference_vllm_0_16/lib/python3.12/site-packages/neuronxcc/private_nkl/transpose.py:588:17: warning: 'neuronxcc.private_nkl.utils.tiled_range.TiledRange' is from the 'neuronxcc' package which is not supported in NKI kernels; use the 'nki' package instead
  J_128_tiles = TiledRange(J_tile, nl.tile_size.pmax)
                ^
/opt/aws_neuronx_venv_pytorch_inference_vllm_0_16/lib/python3.12/site-packages/neuronxcc/private_nkl/transpose.py:596:21: warning: 'neuronxcc.private_nkl.utils.tiled_range.TiledRange' is from the 'neuronxcc' package which is not supported in NKI kernels; use the 'nki' package instead
  for I_128_tile in TiledRange(I_tile.size, nl.tile_size.pmax):
                    ^
/opt/aws_neuronx_venv_pytorch_inference_vllm_0_16/lib/python3.12/site-packages/neuronxcc/private_nkl/transpose.py:597:23: warning: 'neuronxcc.private_nkl.utils.tiled_range.TiledRange' is from the 'neuronxcc' package which is not supported in NKI kernels; use the 'nki' package instead
    for J_512_tile in TiledRange(J_tile.size, nl.tile_size.psum_fmax):
                      ^
/opt/aws_neuronx_venv_pytorch_inference_vllm_0_16/lib/python3.12/site-packages/neuronxcc/private_nkl/transpose.py:609:25: warning: 'neuronxcc.private_nkl.utils.tiled_range.TiledRange' is from the 'neuronxcc' package which is not supported in NKI kernels; use the 'nki' package instead
      for J_128_tile in TiledRange(J_512_tile, nl.tile_size.pmax):
                        ^
/opt/aws_neuronx_venv_pytorch_inference_vllm_0_16/lib/python3.12/site-packages/neuronxcc/private_nkl/transpose.py:628:9: warning: 'neuronxcc.private_nkl.transpose._copy_with_engine' is from the 'neuronxcc' package which is not supported in NKI kernels; use the 'nki' package instead
        _copy_with_engine(
        ^
/opt/aws_neuronx_venv_pytorch_inference_vllm_0_16/lib/python3.12/site-packages/neuronxcc/private_nkl/transpose.py:652:9: warning: 'neuronxcc.private_nkl.transpose._copy_with_engine' is from the 'neuronxcc' package which is not supported in NKI kernels; use the 'nki' package instead
        _copy_with_engine(
        ^
/opt/aws_neuronx_venv_pytorch_inference_vllm_0_16/lib/python3.12/site-packages/neuronxcc/private_nkl/transpose.py:784:3: warning: 'neuronxcc.private_nkl.transpose.check_input_transpose' is from the 'neuronxcc' package which is not supported in NKI kernels; use the 'nki' package instead
  check_input_transpose(in_tensor, in_shape, permutation)
  ^
/opt/aws_neuronx_venv_pytorch_inference_vllm_0_16/lib/python3.12/site-packages/neuronxcc/private_nkl/transpose.py:790:33: warning: 'neuronxcc.private_nkl.transpose_utils.permutation_reduction' is from the 'neuronxcc' package which is not supported in NKI kernels; use the 'nki' package instead
  reduced_perm, reduced_shape = permutation_reduction(in_shape, permutation)
                                ^
/opt/aws_neuronx_venv_pytorch_inference_vllm_0_16/lib/python3.12/site-packages/neuronxcc/private_nkl/transpose.py:791:10: warning: 'neuronxcc.private_nkl.transpose_utils.permutes_last_two_dims' is from the 'neuronxcc' package which is not supported in NKI kernels; use the 'nki' package instead
  assert permutes_last_two_dims(reduced_perm), f"must permutate last two dims, got {reduced_perm}"
         ^
/opt/aws_neuronx_venv_pytorch_inference_vllm_0_16/lib/python3.12/site-packages/neuronxcc/private_nkl/transpose.py:796:11: warning: 'neuronxcc.private_nkl.transpose._str_to_dtype' is from the 'neuronxcc' package which is not supported in NKI kernels; use the 'nki' package instead
    dtype=_str_to_dtype(out_dtype),
          ^
/opt/aws_neuronx_venv_pytorch_inference_vllm_0_16/lib/python3.12/site-packages/neuronxcc/private_nkl/transpose.py:797:12: warning: 'neuronxcc.private_nkl.transpose_utils._get_hbm_buffer' is from the 'neuronxcc' package which is not supported in NKI kernels; use the 'nki' package instead
    buffer=_get_hbm_buffer(),
           ^
/opt/aws_neuronx_venv_pytorch_inference_vllm_0_16/lib/python3.12/site-packages/neuronxcc/private_nkl/transpose.py:805:16: warning: 'neuronxcc.private_nkl.transpose.max_f_size' is from the 'neuronxcc' package which is not supported in NKI kernels; use the 'nki' package instead
  MAX_F_SIZE = max_f_size(in_tensor.dtype)
               ^
/opt/aws_neuronx_venv_pytorch_inference_vllm_0_16/lib/python3.12/site-packages/neuronxcc/private_nkl/transpose.py:808:5: warning: 'neuronxcc.private_nkl.transpose._dve_transpose_large_cols_impl' is from the 'neuronxcc' package which is not supported in NKI kernels; use the 'nki' package instead
    _dve_transpose_large_cols_impl(in_tensor, out_tensor, num_shards, shard_id)
    ^
/opt/aws_neuronx_venv_pytorch_inference_vllm_0_16/lib/python3.12/site-packages/neuronxcc/private_nkl/transpose.py:810:5: warning: 'neuronxcc.private_nkl.transpose._dve_transpose_large_rows_impl' is from the 'neuronxcc' package which is not supported in NKI kernels; use the 'nki' package instead
    _dve_transpose_large_rows_impl(in_tensor, out_tensor, num_shards, shard_id)
    ^
/opt/aws_neuronx_venv_pytorch_inference_vllm_0_16/lib/python3.12/site-packages/neuronxcc/private_nkl/transpose.py:812:5: warning: 'neuronxcc.private_nkl.transpose._pe_transpose_impl' is from the 'neuronxcc' package which is not supported in NKI kernels; use the 'nki' package instead
    _pe_transpose_impl(in_tensor, out_tensor, num_shards, shard_id)
    ^
/opt/aws_neuronx_venv_pytorch_inference_vllm_0_16/lib/python3.12/site-packages/neuronxcc/private_nkl/transpose.py:38:10: warning: 'neuronxcc.private_nkl.transpose_utils.is_valid_permutation' is from the 'neuronxcc' package which is not supported in NKI kernels; use the 'nki' package instead
  assert is_valid_permutation(permutation), "input permutation is invalid"
         ^
/opt/aws_neuronx_venv_pytorch_inference_vllm_0_16/lib/python3.12/site-packages/neuronxcc/private_nkl/transpose.py:41:10: warning: 'neuronxcc.private_nkl.transpose_utils.n_elts' is from the 'neuronxcc' package which is not supported in NKI kernels; use the 'nki' package instead
  assert n_elts(in_shape) == n_elts(in_tensor.shape), "tensor shape is invalid"
         ^
/opt/aws_neuronx_venv_pytorch_inference_vllm_0_16/lib/python3.12/site-packages/neuronxcc/private_nkl/transpose.py:41:30: warning: 'neuronxcc.private_nkl.transpose_utils.n_elts' is from the 'neuronxcc' package which is not supported in NKI kernels; use the 'nki' package instead
  assert n_elts(in_shape) == n_elts(in_tensor.shape), "tensor shape is invalid"
                             ^
/opt/aws_neuronx_venv_pytorch_inference_vllm_0_16/lib/python3.12/site-packages/neuronxcc/private_nkl/transpose.py:32:20: warning: 'neuronxcc.private_nkl.utils.StackAllocator.sizeinbytes' is from the 'neuronxcc' package which is not supported in NKI kernels; use the 'nki' package instead
  return (98304 // sizeinbytes(dtype)) // 2
                   ^
/opt/aws_neuronx_venv_pytorch_inference_vllm_0_16/lib/python3.12/site-packages/neuronxcc/private_nkl/transpose.py:862:29: warning: 'neuronxcc.private_nkl.utils.kernel_helpers.get_program_sharding_info' is from the 'neuronxcc' package which is not supported in NKI kernels; use the 'nki' package instead
  _, num_shards, shard_id = get_program_sharding_info()
                            ^
/opt/aws_neuronx_venv_pytorch_inference_vllm_0_16/lib/python3.12/site-packages/neuronxcc/private_nkl/transpose.py:863:9: warning: 'neuronxcc.private_nkl.transpose._transpose_last_two_dims' is from the 'neuronxcc' package which is not supported in NKI kernels; use the 'nki' package instead
  out = _transpose_last_two_dims(in_tensor, in_shape, permutation, out_dtype, num_shards, shard_id)
        ^
/opt/aws_neuronx_venv_pytorch_inference_vllm_0_16/lib/python3.12/site-packages/neuronxcc/private_nkl/transpose_utils.py:71:10: warning: 'neuronxcc.private_nkl.transpose_utils.is_valid_permutation' is from the 'neuronxcc' package which is not supported in NKI kernels; use the 'nki' package instead
  if not is_valid_permutation(permutation):
         ^
/opt/aws_neuronx_venv_pytorch_inference_vllm_0_16/lib/python3.12/site-packages/neuronxcc/private_nkl/utils/tiled_range.py:66:23: warning: 'neuronxcc.private_nkl.utils.tiled_range.TiledRangeIterator' is from the 'neuronxcc' package which is not supported in NKI kernels; use the 'nki' package instead
  if isinstance(size, TiledRangeIterator):
                      ^
/opt/aws_neuronx_venv_pytorch_inference_vllm_0_16/lib/python3.12/site-packages/neuronxcc/private_nkl/utils/tiled_range.py:84:22: warning: 'neuronxcc.private_nkl.utils.tiled_range.TiledRangeIterator' is from the 'neuronxcc' package which is not supported in NKI kernels; use the 'nki' package instead
    iterators.append(TiledRangeIterator(current_tile_size, i, base_offset + relative_offset))
                     ^
/opt/aws_neuronx_venv_pytorch_inference_vllm_0_16/lib/python3.12/site-packages/neuronxcc/private_nkl/transpose.py:458:17: warning: 'neuronxcc.private_nkl.utils.tiled_range.TiledRange' is from the 'neuronxcc' package which is not supported in NKI kernels; use the 'nki' package instead
  I_128_tiles = TiledRange(I_tile, nl.tile_size.pmax)
                ^
/opt/aws_neuronx_venv_pytorch_inference_vllm_0_16/lib/python3.12/site-packages/neuronxcc/private_nkl/transpose.py:465:33: warning: 'neuronxcc.private_nkl.utils.tiled_range.TiledRange' is from the 'neuronxcc' package which is not supported in NKI kernels; use the 'nki' package instead
    for vectorization_factor in TiledRange(num_full_128_tiles_per_I_tile, VECTORIZATION_FACTOR):
                                ^
/opt/aws_neuronx_venv_pytorch_inference_vllm_0_16/lib/python3.12/site-packages/neuronxcc/private_nkl/transpose.py:284:16: warning: 'neuronxcc.private_nkl.transpose.max_f_size' is from the 'neuronxcc' package which is not supported in NKI kernels; use the 'nki' package instead
  MAX_F_SIZE = max_f_size(dtype)
               ^
/opt/aws_neuronx_venv_pytorch_inference_vllm_0_16/lib/python3.12/site-packages/neuronxcc/private_nkl/transpose.py:289:15: warning: 'neuronxcc.private_nkl.transpose_utils.next_multiple' is from the 'neuronxcc' package which is not supported in NKI kernels; use the 'nki' package instead
    return I, next_multiple(min(J, MAX_F_SIZE), 128)
              ^
/opt/aws_neuronx_venv_pytorch_inference_vllm_0_16/lib/python3.12/site-packages/neuronxcc/private_nkl/transpose.py:291:12: warning: 'neuronxcc.private_nkl.transpose_utils.next_multiple' is from the 'neuronxcc' package which is not supported in NKI kernels; use the 'nki' package instead
    return next_multiple(min(I, MAX_F_SIZE), 128), J
           ^
/opt/aws_neuronx_venv_pytorch_inference_vllm_0_16/lib/python3.12/site-packages/neuronxcc/private_nkl/transpose.py:302:19: warning: 'neuronxcc.private_nkl.transpose_utils.next_multiple' is from the 'neuronxcc' package which is not supported in NKI kernels; use the 'nki' package instead
    I_tile_size = next_multiple(I_tile_size, 128)
                  ^
/opt/aws_neuronx_venv_pytorch_inference_vllm_0_16/lib/python3.12/site-packages/neuronxcc/private_nkl/transpose.py:303:19: warning: 'neuronxcc.private_nkl.transpose_utils.next_multiple' is from the 'neuronxcc' package which is not supported in NKI kernels; use the 'nki' package instead
    J_tile_size = next_multiple(J_tile_size, 128)
                  ^
/opt/aws_neuronx_venv_pytorch_inference_vllm_0_16/lib/python3.12/site-packages/neuronxcc/private_nkl/transpose.py:681:17: warning: 'neuronxcc.private_nkl.utils.tiled_range.TiledRange' is from the 'neuronxcc' package which is not supported in NKI kernels; use the 'nki' package instead
  J_128_tiles = TiledRange(J_tile, nl.tile_size.pmax)
                ^
/opt/aws_neuronx_venv_pytorch_inference_vllm_0_16/lib/python3.12/site-packages/neuronxcc/private_nkl/transpose.py:688:33: warning: 'neuronxcc.private_nkl.utils.tiled_range.TiledRange' is from the 'neuronxcc' package which is not supported in NKI kernels; use the 'nki' package instead
    for vectorization_factor in TiledRange(num_full_128_tiles_per_J_tile, VECTORIZATION_FACTOR):
                                ^
/opt/aws_neuronx_venv_pytorch_inference_vllm_0_16/lib/python3.12/site-packages/neuronxcc/private_nkl/transpose.py:751:3: warning: 'neuronxcc.private_nkl.transpose.check_input_transpose' is from the 'neuronxcc' package which is not supported in NKI kernels; use the 'nki' package instead
  check_input_transpose(in_tensor, in_shape, permutation)
  ^
/opt/aws_neuronx_venv_pytorch_inference_vllm_0_16/lib/python3.12/site-packages/neuronxcc/private_nkl/transpose.py:757:33: warning: 'neuronxcc.private_nkl.transpose_utils.permutation_reduction' is from the 'neuronxcc' package which is not supported in NKI kernels; use the 'nki' package instead
  reduced_perm, reduced_shape = permutation_reduction(in_shape, permutation)
                                ^
/opt/aws_neuronx_venv_pytorch_inference_vllm_0_16/lib/python3.12/site-packages/neuronxcc/private_nkl/transpose.py:758:10: warning: 'neuronxcc.private_nkl.transpose_utils.permutes_last_two_dims' is from the 'neuronxcc' package which is not supported in NKI kernels; use the 'nki' package instead
  assert permutes_last_two_dims(reduced_perm), f"must permutate last two dims, got {reduced_perm}"
         ^
/opt/aws_neuronx_venv_pytorch_inference_vllm_0_16/lib/python3.12/site-packages/neuronxcc/private_nkl/transpose.py:763:11: warning: 'neuronxcc.private_nkl.transpose._str_to_dtype' is from the 'neuronxcc' package which is not supported in NKI kernels; use the 'nki' package instead
    dtype=_str_to_dtype(out_dtype),
          ^
/opt/aws_neuronx_venv_pytorch_inference_vllm_0_16/lib/python3.12/site-packages/neuronxcc/private_nkl/transpose.py:764:12: warning: 'neuronxcc.private_nkl.transpose_utils._get_hbm_buffer' is from the 'neuronxcc' package which is not supported in NKI kernels; use the 'nki' package instead
    buffer=_get_hbm_buffer(),
           ^
/opt/aws_neuronx_venv_pytorch_inference_vllm_0_16/lib/python3.12/site-packages/neuronxcc/private_nkl/transpose.py:767:3: warning: 'neuronxcc.private_nkl.transpose._pe_transpose_impl' is from the 'neuronxcc' package which is not supported in NKI kernels; use the 'nki' package instead
  _pe_transpose_impl(in_tensor, out_tensor, num_shards, shard_id)
  ^
/opt/aws_neuronx_venv_pytorch_inference_vllm_0_16/lib/python3.12/site-packages/neuronxcc/private_nkl/transpose.py:373:25: warning: 'neuronxcc.private_nkl.transpose_utils.n_elts' is from the 'neuronxcc' package which is not supported in NKI kernels; use the 'nki' package instead
  flattened_B_dim = int(n_elts(in_shape[:-2])) if in_shape[:-2] else 1
                        ^
/opt/aws_neuronx_venv_pytorch_inference_vllm_0_16/lib/python3.12/site-packages/neuronxcc/private_nkl/transpose.py:378:30: warning: 'neuronxcc.private_nkl.transpose._pe_optimal_tile_sizes' is from the 'neuronxcc' package which is not supported in NKI kernels; use the 'nki' package instead
  I_tile_size, J_tile_size = _pe_optimal_tile_sizes(I, J, in_tensor.dtype)
                             ^
/opt/aws_neuronx_venv_pytorch_inference_vllm_0_16/lib/python3.12/site-packages/neuronxcc/private_nkl/transpose.py:381:17: warning: 'neuronxcc.private_nkl.utils.kernel_helpers.div_ceil' is from the 'neuronxcc' package which is not supported in NKI kernels; use the 'nki' package instead
  b_per_shard = div_ceil(flattened_B_dim, num_shards)
                ^
/opt/aws_neuronx_venv_pytorch_inference_vllm_0_16/lib/python3.12/site-packages/neuronxcc/private_nkl/transpose.py:384:19: warning: 'neuronxcc.private_nkl.transpose._to_compute_dtype' is from the 'neuronxcc' package which is not supported in NKI kernels; use the 'nki' package instead
  compute_dtype = _to_compute_dtype(in_tensor.dtype)
                  ^
/opt/aws_neuronx_venv_pytorch_inference_vllm_0_16/lib/python3.12/site-packages/neuronxcc/private_nkl/transpose.py:398:19: warning: 'neuronxcc.private_nkl.utils.tiled_range.TiledRange' is from the 'neuronxcc' package which is not supported in NKI kernels; use the 'nki' package instead
    for I_tile in TiledRange(I, I_tile_size):
                  ^
/opt/aws_neuronx_venv_pytorch_inference_vllm_0_16/lib/python3.12/site-packages/neuronxcc/private_nkl/transpose.py:399:21: warning: 'neuronxcc.private_nkl.utils.tiled_range.TiledRange' is from the 'neuronxcc' package which is not supported in NKI kernels; use the 'nki' package instead
      for J_tile in TiledRange(J, J_tile_size):
                    ^
/opt/aws_neuronx_venv_pytorch_inference_vllm_0_16/lib/python3.12/site-packages/neuronxcc/private_nkl/transpose.py:400:23: warning: 'neuronxcc.private_nkl.utils.tiled_range.TiledRange' is from the 'neuronxcc' package which is not supported in NKI kernels; use the 'nki' package instead
        I_128_tiles = TiledRange(I_tile, nl.tile_size.pmax)
                      ^
/opt/aws_neuronx_venv_pytorch_inference_vllm_0_16/lib/python3.12/site-packages/neuronxcc/private_nkl/transpose.py:405:23: warning: 'neuronxcc.private_nkl.utils.tiled_range.TiledRange' is from the 'neuronxcc' package which is not supported in NKI kernels; use the 'nki' package instead
        J_128_tiles = TiledRange(J_tile, nl.tile_size.pmax)
                      ^
/opt/aws_neuronx_venv_pytorch_inference_vllm_0_16/lib/python3.12/site-packages/neuronxcc/private_nkl/transpose.py:411:9: warning: 'neuronxcc.private_nkl.transpose._pe_load_tile' is from the 'neuronxcc' package which is not supported in NKI kernels; use the 'nki' package instead
        _pe_load_tile(
        ^
/opt/aws_neuronx_venv_pytorch_inference_vllm_0_16/lib/python3.12/site-packages/neuronxcc/private_nkl/transpose.py:422:11: warning: 'neuronxcc.private_nkl.transpose._pe_transpose_tile_I_vectorized' is from the 'neuronxcc' package which is not supported in NKI kernels; use the 'nki' package instead
          _pe_transpose_tile_I_vectorized(
          ^
/opt/aws_neuronx_venv_pytorch_inference_vllm_0_16/lib/python3.12/site-packages/neuronxcc/private_nkl/transpose.py:430:11: warning: 'neuronxcc.private_nkl.transpose._pe_transpose_tile_J_vectorized' is from the 'neuronxcc' package which is not supported in NKI kernels; use the 'nki' package instead
          _pe_transpose_tile_J_vectorized(
          ^
/opt/aws_neuronx_venv_pytorch_inference_vllm_0_16/lib/python3.12/site-packages/neuronxcc/private_nkl/transpose.py:438:9: warning: 'neuronxcc.private_nkl.transpose._pe_store_tile' is from the 'neuronxcc' package which is not supported in NKI kernels; use the 'nki' package instead
        _pe_store_tile(
        ^
/opt/aws_neuronx_venv_pytorch_inference_vllm_0_16/lib/python3.12/site-packages/neuronxcc/private_nkl/transpose.py:527:17: warning: 'neuronxcc.private_nkl.utils.tiled_range.TiledRange' is from the 'neuronxcc' package which is not supported in NKI kernels; use the 'nki' package instead
  I_128_tiles = TiledRange(I_tile, nl.tile_size.pmax)
                ^
/opt/aws_neuronx_venv_pytorch_inference_vllm_0_16/lib/python3.12/site-packages/neuronxcc/private_nkl/transpose.py:529:17: warning: 'neuronxcc.private_nkl.utils.tiled_range.TiledRange' is from the 'neuronxcc' package which is not supported in NKI kernels; use the 'nki' package instead
  J_128_tiles = TiledRange(J_tile, nl.tile_size.pmax)
                ^
/opt/aws_neuronx_venv_pytorch_inference_vllm_0_16/lib/python3.12/site-packages/neuronxcc/private_nkl/transpose.py:538:21: warning: 'neuronxcc.private_nkl.utils.tiled_range.TiledRange' is from the 'neuronxcc' package which is not supported in NKI kernels; use the 'nki' package instead
  for J_128_tile in TiledRange(J_tile.size, nl.tile_size.pmax):
                    ^
/opt/aws_neuronx_venv_pytorch_inference_vllm_0_16/lib/python3.12/site-packages/neuronxcc/private_nkl/transpose.py:539:23: warning: 'neuronxcc.private_nkl.utils.tiled_range.TiledRange' is from the 'neuronxcc' package which is not supported in NKI kernels; use the 'nki' package instead
    for I_512_tile in TiledRange(I_tile.size, nl.tile_size.psum_fmax):
                      ^
/opt/aws_neuronx_venv_pytorch_inference_vllm_0_16/lib/python3.12/site-packages/neuronxcc/private_nkl/transpose.py:551:25: warning: 'neuronxcc.private_nkl.utils.tiled_range.TiledRange' is from the 'neuronxcc' package which is not supported in NKI kernels; use the 'nki' package instead
      for I_128_tile in TiledRange(I_512_tile, nl.tile_size.pmax):
                        ^
/opt/aws_neuronx_venv_pytorch_inference_vllm_0_16/lib/python3.12/site-packages/neuronxcc/private_nkl/transpose.py:569:7: warning: 'neuronxcc.private_nkl.transpose._copy_with_engine' is from the 'neuronxcc' package which is not supported in NKI kernels; use the 'nki' package instead
      _copy_with_engine(
      ^
/opt/aws_neuronx_venv_pytorch_inference_vllm_0_16/lib/python3.12/site-packages/neuronxcc/private_nkl/transpose.py:586:17: warning: 'neuronxcc.private_nkl.utils.tiled_range.TiledRange' is from the 'neuronxcc' package which is not supported in NKI kernels; use the 'nki' package instead
  I_128_tiles = TiledRange(I_tile, nl.tile_size.pmax)
                ^
/opt/aws_neuronx_venv_pytorch_inference_vllm_0_16/lib/python3.12/site-packages/neuronxcc/private_nkl/transpose.py:588:17: warning: 'neuronxcc.private_nkl.utils.tiled_range.TiledRange' is from the 'neuronxcc' package which is not supported in NKI kernels; use the 'nki' package instead
  J_128_tiles = TiledRange(J_tile, nl.tile_size.pmax)
                ^
/opt/aws_neuronx_venv_pytorch_inference_vllm_0_16/lib/python3.12/site-packages/neuronxcc/private_nkl/transpose.py:596:21: warning: 'neuronxcc.private_nkl.utils.tiled_range.TiledRange' is from the 'neuronxcc' package which is not supported in NKI kernels; use the 'nki' package instead
  for I_128_tile in TiledRange(I_tile.size, nl.tile_size.pmax):
                    ^
/opt/aws_neuronx_venv_pytorch_inference_vllm_0_16/lib/python3.12/site-packages/neuronxcc/private_nkl/transpose.py:597:23: warning: 'neuronxcc.private_nkl.utils.tiled_range.TiledRange' is from the 'neuronxcc' package which is not supported in NKI kernels; use the 'nki' package instead
    for J_512_tile in TiledRange(J_tile.size, nl.tile_size.psum_fmax):
                      ^
/opt/aws_neuronx_venv_pytorch_inference_vllm_0_16/lib/python3.12/site-packages/neuronxcc/private_nkl/transpose.py:609:25: warning: 'neuronxcc.private_nkl.utils.tiled_range.TiledRange' is from the 'neuronxcc' package which is not supported in NKI kernels; use the 'nki' package instead
      for J_128_tile in TiledRange(J_512_tile, nl.tile_size.pmax):
                        ^
/opt/aws_neuronx_venv_pytorch_inference_vllm_0_16/lib/python3.12/site-packages/neuronxcc/private_nkl/transpose.py:628:9: warning: 'neuronxcc.private_nkl.transpose._copy_with_engine' is from the 'neuronxcc' package which is not supported in NKI kernels; use the 'nki' package instead
        _copy_with_engine(
        ^
/opt/aws_neuronx_venv_pytorch_inference_vllm_0_16/lib/python3.12/site-packages/neuronxcc/private_nkl/transpose.py:652:9: warning: 'neuronxcc.private_nkl.transpose._copy_with_engine' is from the 'neuronxcc' package which is not supported in NKI kernels; use the 'nki' package instead
        _copy_with_engine(
        ^
/opt/aws_neuronx_venv_pytorch_inference_vllm_0_16/lib/python3.12/site-packages/neuronxcc/private_nkl/transpose.py:38:10: warning: 'neuronxcc.private_nkl.transpose_utils.is_valid_permutation' is from the 'neuronxcc' package which is not supported in NKI kernels; use the 'nki' package instead
  assert is_valid_permutation(permutation), "input permutation is invalid"
         ^
/opt/aws_neuronx_venv_pytorch_inference_vllm_0_16/lib/python3.12/site-packages/neuronxcc/private_nkl/transpose.py:41:10: warning: 'neuronxcc.private_nkl.transpose_utils.n_elts' is from the 'neuronxcc' package which is not supported in NKI kernels; use the 'nki' package instead
  assert n_elts(in_shape) == n_elts(in_tensor.shape), "tensor shape is invalid"
         ^
/opt/aws_neuronx_venv_pytorch_inference_vllm_0_16/lib/python3.12/site-packages/neuronxcc/private_nkl/transpose.py:41:30: warning: 'neuronxcc.private_nkl.transpose_utils.n_elts' is from the 'neuronxcc' package which is not supported in NKI kernels; use the 'nki' package instead
  assert n_elts(in_shape) == n_elts(in_tensor.shape), "tensor shape is invalid"
                             ^
/opt/aws_neuronx_venv_pytorch_inference_vllm_0_16/lib/python3.12/site-packages/neuronxcc/private_nkl/transpose.py:32:20: warning: 'neuronxcc.private_nkl.utils.StackAllocator.sizeinbytes' is from the 'neuronxcc' package which is not supported in NKI kernels; use the 'nki' package instead
  return (98304 // sizeinbytes(dtype)) // 2
                   ^
/opt/aws_neuronx_venv_pytorch_inference_vllm_0_16/lib/python3.12/site-packages/neuronxcc/private_nkl/transpose.py:886:29: warning: 'neuronxcc.private_nkl.utils.kernel_helpers.get_program_sharding_info' is from the 'neuronxcc' package which is not supported in NKI kernels; use the 'nki' package instead
  _, num_shards, shard_id = get_program_sharding_info()
                            ^
/opt/aws_neuronx_venv_pytorch_inference_vllm_0_16/lib/python3.12/site-packages/neuronxcc/private_nkl/transpose.py:887:9: warning: 'neuronxcc.private_nkl.transpose._pe_transpose' is from the 'neuronxcc' package which is not supported in NKI kernels; use the 'nki' package instead
  out = _pe_transpose(in_tensor, in_shape, permutation, out_dtype, num_shards, shard_id)
        ^
/opt/aws_neuronx_venv_pytorch_inference_vllm_0_16/lib/python3.12/site-packages/neuronxcc/private_nkl/transpose_utils.py:71:10: warning: 'neuronxcc.private_nkl.transpose_utils.is_valid_permutation' is from the 'neuronxcc' package which is not supported in NKI kernels; use the 'nki' package instead
  if not is_valid_permutation(permutation):
         ^
/opt/aws_neuronx_venv_pytorch_inference_vllm_0_16/lib/python3.12/site-packages/neuronxcc/private_nkl/utils/tiled_range.py:66:23: warning: 'neuronxcc.private_nkl.utils.tiled_range.TiledRangeIterator' is from the 'neuronxcc' package which is not supported in NKI kernels; use the 'nki' package instead
  if isinstance(size, TiledRangeIterator):
                      ^
/opt/aws_neuronx_venv_pytorch_inference_vllm_0_16/lib/python3.12/site-packages/neuronxcc/private_nkl/utils/tiled_range.py:84:22: warning: 'neuronxcc.private_nkl.utils.tiled_range.TiledRangeIterator' is from the 'neuronxcc' package which is not supported in NKI kernels; use the 'nki' package instead
    iterators.append(TiledRangeIterator(current_tile_size, i, base_offset + relative_offset))
                     ^
/opt/aws_neuronx_venv_pytorch_inference_vllm_0_16/lib/python3.12/site-packages/neuronxcc/private_nkl/transpose.py:458:17: warning: 'neuronxcc.private_nkl.utils.tiled_range.TiledRange' is from the 'neuronxcc' package which is not supported in NKI kernels; use the 'nki' package instead
  I_128_tiles = TiledRange(I_tile, nl.tile_size.pmax)
                ^
/opt/aws_neuronx_venv_pytorch_inference_vllm_0_16/lib/python3.12/site-packages/neuronxcc/private_nkl/transpose.py:465:33: warning: 'neuronxcc.private_nkl.utils.tiled_range.TiledRange' is from the 'neuronxcc' package which is not supported in NKI kernels; use the 'nki' package instead
    for vectorization_factor in TiledRange(num_full_128_tiles_per_I_tile, VECTORIZATION_FACTOR):
                                ^
/opt/aws_neuronx_venv_pytorch_inference_vllm_0_16/lib/python3.12/site-packages/neuronxcc/private_nkl/transpose.py:284:16: warning: 'neuronxcc.private_nkl.transpose.max_f_size' is from the 'neuronxcc' package which is not supported in NKI kernels; use the 'nki' package instead
  MAX_F_SIZE = max_f_size(dtype)
               ^
/opt/aws_neuronx_venv_pytorch_inference_vllm_0_16/lib/python3.12/site-packages/neuronxcc/private_nkl/transpose.py:289:15: warning: 'neuronxcc.private_nkl.transpose_utils.next_multiple' is from the 'neuronxcc' package which is not supported in NKI kernels; use the 'nki' package instead
    return I, next_multiple(min(J, MAX_F_SIZE), 128)
              ^
/opt/aws_neuronx_venv_pytorch_inference_vllm_0_16/lib/python3.12/site-packages/neuronxcc/private_nkl/transpose.py:291:12: warning: 'neuronxcc.private_nkl.transpose_utils.next_multiple' is from the 'neuronxcc' package which is not supported in NKI kernels; use the 'nki' package instead
    return next_multiple(min(I, MAX_F_SIZE), 128), J
           ^
/opt/aws_neuronx_venv_pytorch_inference_vllm_0_16/lib/python3.12/site-packages/neuronxcc/private_nkl/transpose.py:302:19: warning: 'neuronxcc.private_nkl.transpose_utils.next_multiple' is from the 'neuronxcc' package which is not supported in NKI kernels; use the 'nki' package instead
    I_tile_size = next_multiple(I_tile_size, 128)
                  ^
/opt/aws_neuronx_venv_pytorch_inference_vllm_0_16/lib/python3.12/site-packages/neuronxcc/private_nkl/transpose.py:303:19: warning: 'neuronxcc.private_nkl.transpose_utils.next_multiple' is from the 'neuronxcc' package which is not supported in NKI kernels; use the 'nki' package instead
    J_tile_size = next_multiple(J_tile_size, 128)
                  ^
/opt/aws_neuronx_venv_pytorch_inference_vllm_0_16/lib/python3.12/site-packages/neuronxcc/private_nkl/transpose.py:681:17: warning: 'neuronxcc.private_nkl.utils.tiled_range.TiledRange' is from the 'neuronxcc' package which is not supported in NKI kernels; use the 'nki' package instead
  J_128_tiles = TiledRange(J_tile, nl.tile_size.pmax)
                ^
/opt/aws_neuronx_venv_pytorch_inference_vllm_0_16/lib/python3.12/site-packages/neuronxcc/private_nkl/transpose.py:688:33: warning: 'neuronxcc.private_nkl.utils.tiled_range.TiledRange' is from the 'neuronxcc' package which is not supported in NKI kernels; use the 'nki' package instead
    for vectorization_factor in TiledRange(num_full_128_tiles_per_J_tile, VECTORIZATION_FACTOR):
                                ^
/opt/aws_neuronx_venv_pytorch_inference_vllm_0_16/lib/python3.12/site-packages/neuronxcc/private_nkl/transpose.py:751:3: warning: 'neuronxcc.private_nkl.transpose.check_input_transpose' is from the 'neuronxcc' package which is not supported in NKI kernels; use the 'nki' package instead
  check_input_transpose(in_tensor, in_shape, permutation)
  ^
/opt/aws_neuronx_venv_pytorch_inference_vllm_0_16/lib/python3.12/site-packages/neuronxcc/private_nkl/transpose.py:757:33: warning: 'neuronxcc.private_nkl.transpose_utils.permutation_reduction' is from the 'neuronxcc' package which is not supported in NKI kernels; use the 'nki' package instead
  reduced_perm, reduced_shape = permutation_reduction(in_shape, permutation)
                                ^
/opt/aws_neuronx_venv_pytorch_inference_vllm_0_16/lib/python3.12/site-packages/neuronxcc/private_nkl/transpose.py:758:10: warning: 'neuronxcc.private_nkl.transpose_utils.permutes_last_two_dims' is from the 'neuronxcc' package which is not supported in NKI kernels; use the 'nki' package instead
  assert permutes_last_two_dims(reduced_perm), f"must permutate last two dims, got {reduced_perm}"
         ^
/opt/aws_neuronx_venv_pytorch_inference_vllm_0_16/lib/python3.12/site-packages/neuronxcc/private_nkl/transpose.py:763:11: warning: 'neuronxcc.private_nkl.transpose._str_to_dtype' is from the 'neuronxcc' package which is not supported in NKI kernels; use the 'nki' package instead
    dtype=_str_to_dtype(out_dtype),
          ^
/opt/aws_neuronx_venv_pytorch_inference_vllm_0_16/lib/python3.12/site-packages/neuronxcc/private_nkl/transpose.py:764:12: warning: 'neuronxcc.private_nkl.transpose_utils._get_hbm_buffer' is from the 'neuronxcc' package which is not supported in NKI kernels; use the 'nki' package instead
    buffer=_get_hbm_buffer(),
           ^
/opt/aws_neuronx_venv_pytorch_inference_vllm_0_16/lib/python3.12/site-packages/neuronxcc/private_nkl/transpose.py:767:3: warning: 'neuronxcc.private_nkl.transpose._pe_transpose_impl' is from the 'neuronxcc' package which is not supported in NKI kernels; use the 'nki' package instead
  _pe_transpose_impl(in_tensor, out_tensor, num_shards, shard_id)
  ^
/opt/aws_neuronx_venv_pytorch_inference_vllm_0_16/lib/python3.12/site-packages/neuronxcc/private_nkl/transpose.py:373:25: warning: 'neuronxcc.private_nkl.transpose_utils.n_elts' is from the 'neuronxcc' package which is not supported in NKI kernels; use the 'nki' package instead
  flattened_B_dim = int(n_elts(in_shape[:-2])) if in_shape[:-2] else 1
                        ^
/opt/aws_neuronx_venv_pytorch_inference_vllm_0_16/lib/python3.12/site-packages/neuronxcc/private_nkl/transpose.py:378:30: warning: 'neuronxcc.private_nkl.transpose._pe_optimal_tile_sizes' is from the 'neuronxcc' package which is not supported in NKI kernels; use the 'nki' package instead
  I_tile_size, J_tile_size = _pe_optimal_tile_sizes(I, J, in_tensor.dtype)
                             ^
/opt/aws_neuronx_venv_pytorch_inference_vllm_0_16/lib/python3.12/site-packages/neuronxcc/private_nkl/transpose.py:381:17: warning: 'neuronxcc.private_nkl.utils.kernel_helpers.div_ceil' is from the 'neuronxcc' package which is not supported in NKI kernels; use the 'nki' package instead
  b_per_shard = div_ceil(flattened_B_dim, num_shards)
                ^
/opt/aws_neuronx_venv_pytorch_inference_vllm_0_16/lib/python3.12/site-packages/neuronxcc/private_nkl/transpose.py:384:19: warning: 'neuronxcc.private_nkl.transpose._to_compute_dtype' is from the 'neuronxcc' package which is not supported in NKI kernels; use the 'nki' package instead
  compute_dtype = _to_compute_dtype(in_tensor.dtype)
                  ^
/opt/aws_neuronx_venv_pytorch_inference_vllm_0_16/lib/python3.12/site-packages/neuronxcc/private_nkl/transpose.py:398:19: warning: 'neuronxcc.private_nkl.utils.tiled_range.TiledRange' is from the 'neuronxcc' package which is not supported in NKI kernels; use the 'nki' package instead
    for I_tile in TiledRange(I, I_tile_size):
                  ^
/opt/aws_neuronx_venv_pytorch_inference_vllm_0_16/lib/python3.12/site-packages/neuronxcc/private_nkl/transpose.py:399:21: warning: 'neuronxcc.private_nkl.utils.tiled_range.TiledRange' is from the 'neuronxcc' package which is not supported in NKI kernels; use the 'nki' package instead
      for J_tile in TiledRange(J, J_tile_size):
                    ^
/opt/aws_neuronx_venv_pytorch_inference_vllm_0_16/lib/python3.12/site-packages/neuronxcc/private_nkl/transpose.py:400:23: warning: 'neuronxcc.private_nkl.utils.tiled_range.TiledRange' is from the 'neuronxcc' package which is not supported in NKI kernels; use the 'nki' package instead
        I_128_tiles = TiledRange(I_tile, nl.tile_size.pmax)
                      ^
/opt/aws_neuronx_venv_pytorch_inference_vllm_0_16/lib/python3.12/site-packages/neuronxcc/private_nkl/transpose.py:405:23: warning: 'neuronxcc.private_nkl.utils.tiled_range.TiledRange' is from the 'neuronxcc' package which is not supported in NKI kernels; use the 'nki' package instead
        J_128_tiles = TiledRange(J_tile, nl.tile_size.pmax)
                      ^
/opt/aws_neuronx_venv_pytorch_inference_vllm_0_16/lib/python3.12/site-packages/neuronxcc/private_nkl/transpose.py:411:9: warning: 'neuronxcc.private_nkl.transpose._pe_load_tile' is from the 'neuronxcc' package which is not supported in NKI kernels; use the 'nki' package instead
        _pe_load_tile(
        ^
/opt/aws_neuronx_venv_pytorch_inference_vllm_0_16/lib/python3.12/site-packages/neuronxcc/private_nkl/transpose.py:422:11: warning: 'neuronxcc.private_nkl.transpose._pe_transpose_tile_I_vectorized' is from the 'neuronxcc' package which is not supported in NKI kernels; use the 'nki' package instead
          _pe_transpose_tile_I_vectorized(
          ^
/opt/aws_neuronx_venv_pytorch_inference_vllm_0_16/lib/python3.12/site-packages/neuronxcc/private_nkl/transpose.py:430:11: warning: 'neuronxcc.private_nkl.transpose._pe_transpose_tile_J_vectorized' is from the 'neuronxcc' package which is not supported in NKI kernels; use the 'nki' package instead
          _pe_transpose_tile_J_vectorized(
          ^
/opt/aws_neuronx_venv_pytorch_inference_vllm_0_16/lib/python3.12/site-packages/neuronxcc/private_nkl/transpose.py:438:9: warning: 'neuronxcc.private_nkl.transpose._pe_store_tile' is from the 'neuronxcc' package which is not supported in NKI kernels; use the 'nki' package instead
        _pe_store_tile(
        ^
/opt/aws_neuronx_venv_pytorch_inference_vllm_0_16/lib/python3.12/site-packages/neuronxcc/private_nkl/transpose.py:527:17: warning: 'neuronxcc.private_nkl.utils.tiled_range.TiledRange' is from the 'neuronxcc' package which is not supported in NKI kernels; use the 'nki' package instead
  I_128_tiles = TiledRange(I_tile, nl.tile_size.pmax)
                ^
/opt/aws_neuronx_venv_pytorch_inference_vllm_0_16/lib/python3.12/site-packages/neuronxcc/private_nkl/transpose.py:529:17: warning: 'neuronxcc.private_nkl.utils.tiled_range.TiledRange' is from the 'neuronxcc' package which is not supported in NKI kernels; use the 'nki' package instead
  J_128_tiles = TiledRange(J_tile, nl.tile_size.pmax)
                ^
/opt/aws_neuronx_venv_pytorch_inference_vllm_0_16/lib/python3.12/site-packages/neuronxcc/private_nkl/transpose.py:538:21: warning: 'neuronxcc.private_nkl.utils.tiled_range.TiledRange' is from the 'neuronxcc' package which is not supported in NKI kernels; use the 'nki' package instead
  for J_128_tile in TiledRange(J_tile.size, nl.tile_size.pmax):
                    ^
/opt/aws_neuronx_venv_pytorch_inference_vllm_0_16/lib/python3.12/site-packages/neuronxcc/private_nkl/transpose.py:539:23: warning: 'neuronxcc.private_nkl.utils.tiled_range.TiledRange' is from the 'neuronxcc' package which is not supported in NKI kernels; use the 'nki' package instead
    for I_512_tile in TiledRange(I_tile.size, nl.tile_size.psum_fmax):
                      ^
/opt/aws_neuronx_venv_pytorch_inference_vllm_0_16/lib/python3.12/site-packages/neuronxcc/private_nkl/transpose.py:551:25: warning: 'neuronxcc.private_nkl.utils.tiled_range.TiledRange' is from the 'neuronxcc' package which is not supported in NKI kernels; use the 'nki' package instead
      for I_128_tile in TiledRange(I_512_tile, nl.tile_size.pmax):
                        ^
/opt/aws_neuronx_venv_pytorch_inference_vllm_0_16/lib/python3.12/site-packages/neuronxcc/private_nkl/transpose.py:569:7: warning: 'neuronxcc.private_nkl.transpose._copy_with_engine' is from the 'neuronxcc' package which is not supported in NKI kernels; use the 'nki' package instead
      _copy_with_engine(
      ^
/opt/aws_neuronx_venv_pytorch_inference_vllm_0_16/lib/python3.12/site-packages/neuronxcc/private_nkl/transpose.py:586:17: warning: 'neuronxcc.private_nkl.utils.tiled_range.TiledRange' is from the 'neuronxcc' package which is not supported in NKI kernels; use the 'nki' package instead
  I_128_tiles = TiledRange(I_tile, nl.tile_size.pmax)
                ^
/opt/aws_neuronx_venv_pytorch_inference_vllm_0_16/lib/python3.12/site-packages/neuronxcc/private_nkl/transpose.py:588:17: warning: 'neuronxcc.private_nkl.utils.tiled_range.TiledRange' is from the 'neuronxcc' package which is not supported in NKI kernels; use the 'nki' package instead
  J_128_tiles = TiledRange(J_tile, nl.tile_size.pmax)
                ^
/opt/aws_neuronx_venv_pytorch_inference_vllm_0_16/lib/python3.12/site-packages/neuronxcc/private_nkl/transpose.py:596:21: warning: 'neuronxcc.private_nkl.utils.tiled_range.TiledRange' is from the 'neuronxcc' package which is not supported in NKI kernels; use the 'nki' package instead
  for I_128_tile in TiledRange(I_tile.size, nl.tile_size.pmax):
                    ^
/opt/aws_neuronx_venv_pytorch_inference_vllm_0_16/lib/python3.12/site-packages/neuronxcc/private_nkl/transpose.py:597:23: warning: 'neuronxcc.private_nkl.utils.tiled_range.TiledRange' is from the 'neuronxcc' package which is not supported in NKI kernels; use the 'nki' package instead
    for J_512_tile in TiledRange(J_tile.size, nl.tile_size.psum_fmax):
                      ^
/opt/aws_neuronx_venv_pytorch_inference_vllm_0_16/lib/python3.12/site-packages/neuronxcc/private_nkl/transpose.py:609:25: warning: 'neuronxcc.private_nkl.utils.tiled_range.TiledRange' is from the 'neuronxcc' package which is not supported in NKI kernels; use the 'nki' package instead
      for J_128_tile in TiledRange(J_512_tile, nl.tile_size.pmax):
                        ^
/opt/aws_neuronx_venv_pytorch_inference_vllm_0_16/lib/python3.12/site-packages/neuronxcc/private_nkl/transpose.py:628:9: warning: 'neuronxcc.private_nkl.transpose._copy_with_engine' is from the 'neuronxcc' package which is not supported in NKI kernels; use the 'nki' package instead
        _copy_with_engine(
        ^
/opt/aws_neuronx_venv_pytorch_inference_vllm_0_16/lib/python3.12/site-packages/neuronxcc/private_nkl/transpose.py:652:9: warning: 'neuronxcc.private_nkl.transpose._copy_with_engine' is from the 'neuronxcc' package which is not supported in NKI kernels; use the 'nki' package instead
        _copy_with_engine(
        ^
/opt/aws_neuronx_venv_pytorch_inference_vllm_0_16/lib/python3.12/site-packages/neuronxcc/private_nkl/transpose.py:38:10: warning: 'neuronxcc.private_nkl.transpose_utils.is_valid_permutation' is from the 'neuronxcc' package which is not supported in NKI kernels; use the 'nki' package instead
  assert is_valid_permutation(permutation), "input permutation is invalid"
         ^
/opt/aws_neuronx_venv_pytorch_inference_vllm_0_16/lib/python3.12/site-packages/neuronxcc/private_nkl/transpose.py:41:10: warning: 'neuronxcc.private_nkl.transpose_utils.n_elts' is from the 'neuronxcc' package which is not supported in NKI kernels; use the 'nki' package instead
  assert n_elts(in_shape) == n_elts(in_tensor.shape), "tensor shape is invalid"
         ^
/opt/aws_neuronx_venv_pytorch_inference_vllm_0_16/lib/python3.12/site-packages/neuronxcc/private_nkl/transpose.py:41:30: warning: 'neuronxcc.private_nkl.transpose_utils.n_elts' is from the 'neuronxcc' package which is not supported in NKI kernels; use the 'nki' package instead
  assert n_elts(in_shape) == n_elts(in_tensor.shape), "tensor shape is invalid"
                             ^
/opt/aws_neuronx_venv_pytorch_inference_vllm_0_16/lib/python3.12/site-packages/neuronxcc/private_nkl/transpose.py:32:20: warning: 'neuronxcc.private_nkl.utils.StackAllocator.sizeinbytes' is from the 'neuronxcc' package which is not supported in NKI kernels; use the 'nki' package instead
  return (98304 // sizeinbytes(dtype)) // 2
                   ^
/opt/aws_neuronx_venv_pytorch_inference_vllm_0_16/lib/python3.12/site-packages/neuronxcc/private_nkl/transpose.py:886:29: warning: 'neuronxcc.private_nkl.utils.kernel_helpers.get_program_sharding_info' is from the 'neuronxcc' package which is not supported in NKI kernels; use the 'nki' package instead
  _, num_shards, shard_id = get_program_sharding_info()
                            ^
/opt/aws_neuronx_venv_pytorch_inference_vllm_0_16/lib/python3.12/site-packages/neuronxcc/private_nkl/transpose.py:887:9: warning: 'neuronxcc.private_nkl.transpose._pe_transpose' is from the 'neuronxcc' package which is not supported in NKI kernels; use the 'nki' package instead
  out = _pe_transpose(in_tensor, in_shape, permutation, out_dtype, num_shards, shard_id)
        ^
/opt/aws_neuronx_venv_pytorch_inference_vllm_0_16/lib/python3.12/site-packages/neuronxcc/private_nkl/transpose_utils.py:71:10: warning: 'neuronxcc.private_nkl.transpose_utils.is_valid_permutation' is from the 'neuronxcc' package which is not supported in NKI kernels; use the 'nki' package instead
  if not is_valid_permutation(permutation):
         ^
/opt/aws_neuronx_venv_pytorch_inference_vllm_0_16/lib/python3.12/site-packages/neuronxcc/private_nkl/utils/tiled_range.py:66:23: warning: 'neuronxcc.private_nkl.utils.tiled_range.TiledRangeIterator' is from the 'neuronxcc' package which is not supported in NKI kernels; use the 'nki' package instead
  if isinstance(size, TiledRangeIterator):
                      ^
/opt/aws_neuronx_venv_pytorch_inference_vllm_0_16/lib/python3.12/site-packages/neuronxcc/private_nkl/utils/tiled_range.py:84:22: warning: 'neuronxcc.private_nkl.utils.tiled_range.TiledRangeIterator' is from the 'neuronxcc' package which is not supported in NKI kernels; use the 'nki' package instead
    iterators.append(TiledRangeIterator(current_tile_size, i, base_offset + relative_offset))
                     ^
/opt/aws_neuronx_venv_pytorch_inference_vllm_0_16/lib/python3.12/site-packages/neuronxcc/private_nkl/transpose.py:69:16: warning: 'neuronxcc.private_nkl.transpose.max_f_size' is from the 'neuronxcc' package which is not supported in NKI kernels; use the 'nki' package instead
  MAX_F_SIZE = max_f_size(in_tensor.dtype)
               ^
/opt/aws_neuronx_venv_pytorch_inference_vllm_0_16/lib/python3.12/site-packages/neuronxcc/private_nkl/transpose.py:74:25: warning: 'neuronxcc.private_nkl.transpose_utils.n_elts' is from the 'neuronxcc' package which is not supported in NKI kernels; use the 'nki' package instead
  flattened_B_dim = int(n_elts(in_shape[:-2])) if in_shape[:-2] else 1
                        ^
/opt/aws_neuronx_venv_pytorch_inference_vllm_0_16/lib/python3.12/site-packages/neuronxcc/private_nkl/transpose.py:77:18: warning: 'neuronxcc.private_nkl.transpose_utils.factor_within_limit' is from the 'neuronxcc' package which is not supported in NKI kernels; use the 'nki' package instead
    i_division = factor_within_limit(I, MAX_F_SIZE)
                 ^
/opt/aws_neuronx_venv_pytorch_inference_vllm_0_16/lib/python3.12/site-packages/neuronxcc/private_nkl/transpose.py:79:22: warning: 'neuronxcc.private_nkl.utils.kernel_helpers.div_ceil' is from the 'neuronxcc' package which is not supported in NKI kernels; use the 'nki' package instead
    i_division_num = div_ceil(I, i_division)
                     ^
/opt/aws_neuronx_venv_pytorch_inference_vllm_0_16/lib/python3.12/site-packages/neuronxcc/private_nkl/transpose.py:87:16: warning: 'neuronxcc.private_nkl.utils.kernel_helpers.div_ceil' is from the 'neuronxcc' package which is not supported in NKI kernels; use the 'nki' package instead
  num_j_divs = div_ceil(J, j_division)
               ^
/opt/aws_neuronx_venv_pytorch_inference_vllm_0_16/lib/python3.12/site-packages/neuronxcc/private_nkl/transpose.py:91:18: warning: 'neuronxcc.private_nkl.utils.kernel_helpers.div_ceil' is from the 'neuronxcc' package which is not supported in NKI kernels; use the 'nki' package instead
    num_j_divs = div_ceil(J, j_division)
                 ^
/opt/aws_neuronx_venv_pytorch_inference_vllm_0_16/lib/python3.12/site-packages/neuronxcc/private_nkl/transpose.py:93:22: warning: 'neuronxcc.private_nkl.utils.kernel_helpers.div_ceil' is from the 'neuronxcc' package which is not supported in NKI kernels; use the 'nki' package instead
    i_division_num = div_ceil(I, i_division)
                     ^
/opt/aws_neuronx_venv_pytorch_inference_vllm_0_16/lib/python3.12/site-packages/neuronxcc/private_nkl/transpose.py:95:33: warning: 'neuronxcc.private_nkl.utils.kernel_helpers.div_ceil' is from the 'neuronxcc' package which is not supported in NKI kernels; use the 'nki' package instead
  DVE_ACT_LOAD_BALANCE_FACTOR = div_ceil(i_division, MIN_DVE_ACT_CYCLES)
                                ^
/opt/aws_neuronx_venv_pytorch_inference_vllm_0_16/lib/python3.12/site-packages/neuronxcc/private_nkl/transpose.py:97:17: warning: 'neuronxcc.private_nkl.utils.kernel_helpers.div_ceil' is from the 'neuronxcc' package which is not supported in NKI kernels; use the 'nki' package instead
  num_i_tiles = div_ceil(i_division, i_tile_size)
                ^
/opt/aws_neuronx_venv_pytorch_inference_vllm_0_16/lib/python3.12/site-packages/neuronxcc/private_nkl/transpose.py:100:13: warning: 'neuronxcc.private_nkl.utils.kernel_helpers.div_ceil' is from the 'neuronxcc' package which is not supported in NKI kernels; use the 'nki' package instead
  j_tiles = div_ceil(j_division, j_tile_size)
            ^
/opt/aws_neuronx_venv_pytorch_inference_vllm_0_16/lib/python3.12/site-packages/neuronxcc/private_nkl/transpose.py:103:17: warning: 'neuronxcc.private_nkl.utils.kernel_helpers.div_ceil' is from the 'neuronxcc' package which is not supported in NKI kernels; use the 'nki' package instead
  b_per_shard = div_ceil(flattened_B_dim, num_shards)
                ^
/opt/aws_neuronx_venv_pytorch_inference_vllm_0_16/lib/python3.12/site-packages/neuronxcc/private_nkl/transpose.py:107:17: warning: 'neuronxcc.private_nkl.utils.kernel_helpers.div_ceil' is from the 'neuronxcc' package which is not supported in NKI kernels; use the 'nki' package instead
  num_p_tiles = div_ceil(b_per_shard, MAX_P)
                ^
/opt/aws_neuronx_venv_pytorch_inference_vllm_0_16/lib/python3.12/site-packages/neuronxcc/private_nkl/transpose.py:159:13: warning: 'neuronxcc.private_nkl.transpose._copy_with_engine' is from the 'neuronxcc' package which is not supported in NKI kernels; use the 'nki' package instead
            _copy_with_engine(
            ^
/opt/aws_neuronx_venv_pytorch_inference_vllm_0_16/lib/python3.12/site-packages/neuronxcc/private_nkl/transpose.py:199:16: warning: 'neuronxcc.private_nkl.transpose.max_f_size' is from the 'neuronxcc' package which is not supported in NKI kernels; use the 'nki' package instead
  MAX_F_SIZE = max_f_size(in_tensor.dtype)
               ^
/opt/aws_neuronx_venv_pytorch_inference_vllm_0_16/lib/python3.12/site-packages/neuronxcc/private_nkl/transpose.py:204:25: warning: 'neuronxcc.private_nkl.transpose_utils.n_elts' is from the 'neuronxcc' package which is not supported in NKI kernels; use the 'nki' package instead
  flattened_B_dim = int(n_elts(in_shape[:-2])) if in_shape[:-2] else 1
                        ^
/opt/aws_neuronx_venv_pytorch_inference_vllm_0_16/lib/python3.12/site-packages/neuronxcc/private_nkl/transpose.py:207:17: warning: 'neuronxcc.private_nkl.utils.kernel_helpers.div_ceil' is from the 'neuronxcc' package which is not supported in NKI kernels; use the 'nki' package instead
  b_per_shard = div_ceil(flattened_B_dim, num_shards)
                ^
/opt/aws_neuronx_venv_pytorch_inference_vllm_0_16/lib/python3.12/site-packages/neuronxcc/private_nkl/transpose.py:211:17: warning: 'neuronxcc.private_nkl.utils.kernel_helpers.div_ceil' is from the 'neuronxcc' package which is not supported in NKI kernels; use the 'nki' package instead
  num_p_tiles = div_ceil(b_per_shard, P)
                ^
/opt/aws_neuronx_venv_pytorch_inference_vllm_0_16/lib/python3.12/site-packages/neuronxcc/private_nkl/transpose.py:218:13: warning: 'neuronxcc.private_nkl.utils.kernel_helpers.div_ceil' is from the 'neuronxcc' package which is not supported in NKI kernels; use the 'nki' package instead
  i_tiles = div_ceil(I, i_tile_size)
            ^
/opt/aws_neuronx_venv_pytorch_inference_vllm_0_16/lib/python3.12/site-packages/neuronxcc/private_nkl/transpose.py:224:19: warning: 'neuronxcc.private_nkl.utils.kernel_helpers.div_ceil' is from the 'neuronxcc' package which is not supported in NKI kernels; use the 'nki' package instead
    j_tile_size = div_ceil(J, J_LOAD_BALANCING_FACTOR)
                  ^
/opt/aws_neuronx_venv_pytorch_inference_vllm_0_16/lib/python3.12/site-packages/neuronxcc/private_nkl/transpose.py:251:9: warning: 'neuronxcc.private_nkl.transpose._copy_with_engine' is from the 'neuronxcc' package which is not supported in NKI kernels; use the 'nki' package instead
        _copy_with_engine(
        ^
/opt/aws_neuronx_venv_pytorch_inference_vllm_0_16/lib/python3.12/site-packages/neuronxcc/private_nkl/transpose.py:458:17: warning: 'neuronxcc.private_nkl.utils.tiled_range.TiledRange' is from the 'neuronxcc' package which is not supported in NKI kernels; use the 'nki' package instead
  I_128_tiles = TiledRange(I_tile, nl.tile_size.pmax)
                ^
/opt/aws_neuronx_venv_pytorch_inference_vllm_0_16/lib/python3.12/site-packages/neuronxcc/private_nkl/transpose.py:465:33: warning: 'neuronxcc.private_nkl.utils.tiled_range.TiledRange' is from the 'neuronxcc' package which is not supported in NKI kernels; use the 'nki' package instead
    for vectorization_factor in TiledRange(num_full_128_tiles_per_I_tile, VECTORIZATION_FACTOR):
                                ^
/opt/aws_neuronx_venv_pytorch_inference_vllm_0_16/lib/python3.12/site-packages/neuronxcc/private_nkl/transpose.py:284:16: warning: 'neuronxcc.private_nkl.transpose.max_f_size' is from the 'neuronxcc' package which is not supported in NKI kernels; use the 'nki' package instead
  MAX_F_SIZE = max_f_size(dtype)
               ^
/opt/aws_neuronx_venv_pytorch_inference_vllm_0_16/lib/python3.12/site-packages/neuronxcc/private_nkl/transpose.py:289:15: warning: 'neuronxcc.private_nkl.transpose_utils.next_multiple' is from the 'neuronxcc' package which is not supported in NKI kernels; use the 'nki' package instead
    return I, next_multiple(min(J, MAX_F_SIZE), 128)
              ^
/opt/aws_neuronx_venv_pytorch_inference_vllm_0_16/lib/python3.12/site-packages/neuronxcc/private_nkl/transpose.py:291:12: warning: 'neuronxcc.private_nkl.transpose_utils.next_multiple' is from the 'neuronxcc' package which is not supported in NKI kernels; use the 'nki' package instead
    return next_multiple(min(I, MAX_F_SIZE), 128), J
           ^
/opt/aws_neuronx_venv_pytorch_inference_vllm_0_16/lib/python3.12/site-packages/neuronxcc/private_nkl/transpose.py:302:19: warning: 'neuronxcc.private_nkl.transpose_utils.next_multiple' is from the 'neuronxcc' package which is not supported in NKI kernels; use the 'nki' package instead
    I_tile_size = next_multiple(I_tile_size, 128)
                  ^
/opt/aws_neuronx_venv_pytorch_inference_vllm_0_16/lib/python3.12/site-packages/neuronxcc/private_nkl/transpose.py:303:19: warning: 'neuronxcc.private_nkl.transpose_utils.next_multiple' is from the 'neuronxcc' package which is not supported in NKI kernels; use the 'nki' package instead
    J_tile_size = next_multiple(J_tile_size, 128)
                  ^
/opt/aws_neuronx_venv_pytorch_inference_vllm_0_16/lib/python3.12/site-packages/neuronxcc/private_nkl/transpose.py:681:17: warning: 'neuronxcc.private_nkl.utils.tiled_range.TiledRange' is from the 'neuronxcc' package which is not supported in NKI kernels; use the 'nki' package instead
  J_128_tiles = TiledRange(J_tile, nl.tile_size.pmax)
                ^
/opt/aws_neuronx_venv_pytorch_inference_vllm_0_16/lib/python3.12/site-packages/neuronxcc/private_nkl/transpose.py:688:33: warning: 'neuronxcc.private_nkl.utils.tiled_range.TiledRange' is from the 'neuronxcc' package which is not supported in NKI kernels; use the 'nki' package instead
    for vectorization_factor in TiledRange(num_full_128_tiles_per_J_tile, VECTORIZATION_FACTOR):
                                ^
/opt/aws_neuronx_venv_pytorch_inference_vllm_0_16/lib/python3.12/site-packages/neuronxcc/private_nkl/transpose.py:373:25: warning: 'neuronxcc.private_nkl.transpose_utils.n_elts' is from the 'neuronxcc' package which is not supported in NKI kernels; use the 'nki' package instead
  flattened_B_dim = int(n_elts(in_shape[:-2])) if in_shape[:-2] else 1
                        ^
/opt/aws_neuronx_venv_pytorch_inference_vllm_0_16/lib/python3.12/site-packages/neuronxcc/private_nkl/transpose.py:378:30: warning: 'neuronxcc.private_nkl.transpose._pe_optimal_tile_sizes' is from the 'neuronxcc' package which is not supported in NKI kernels; use the 'nki' package instead
  I_tile_size, J_tile_size = _pe_optimal_tile_sizes(I, J, in_tensor.dtype)
                             ^
/opt/aws_neuronx_venv_pytorch_inference_vllm_0_16/lib/python3.12/site-packages/neuronxcc/private_nkl/transpose.py:381:17: warning: 'neuronxcc.private_nkl.utils.kernel_helpers.div_ceil' is from the 'neuronxcc' package which is not supported in NKI kernels; use the 'nki' package instead
  b_per_shard = div_ceil(flattened_B_dim, num_shards)
                ^
/opt/aws_neuronx_venv_pytorch_inference_vllm_0_16/lib/python3.12/site-packages/neuronxcc/private_nkl/transpose.py:384:19: warning: 'neuronxcc.private_nkl.transpose._to_compute_dtype' is from the 'neuronxcc' package which is not supported in NKI kernels; use the 'nki' package instead
  compute_dtype = _to_compute_dtype(in_tensor.dtype)
                  ^
/opt/aws_neuronx_venv_pytorch_inference_vllm_0_16/lib/python3.12/site-packages/neuronxcc/private_nkl/transpose.py:398:19: warning: 'neuronxcc.private_nkl.utils.tiled_range.TiledRange' is from the 'neuronxcc' package which is not supported in NKI kernels; use the 'nki' package instead
    for I_tile in TiledRange(I, I_tile_size):
                  ^
/opt/aws_neuronx_venv_pytorch_inference_vllm_0_16/lib/python3.12/site-packages/neuronxcc/private_nkl/transpose.py:399:21: warning: 'neuronxcc.private_nkl.utils.tiled_range.TiledRange' is from the 'neuronxcc' package which is not supported in NKI kernels; use the 'nki' package instead
      for J_tile in TiledRange(J, J_tile_size):
                    ^
/opt/aws_neuronx_venv_pytorch_inference_vllm_0_16/lib/python3.12/site-packages/neuronxcc/private_nkl/transpose.py:400:23: warning: 'neuronxcc.private_nkl.utils.tiled_range.TiledRange' is from the 'neuronxcc' package which is not supported in NKI kernels; use the 'nki' package instead
        I_128_tiles = TiledRange(I_tile, nl.tile_size.pmax)
                      ^
/opt/aws_neuronx_venv_pytorch_inference_vllm_0_16/lib/python3.12/site-packages/neuronxcc/private_nkl/transpose.py:405:23: warning: 'neuronxcc.private_nkl.utils.tiled_range.TiledRange' is from the 'neuronxcc' package which is not supported in NKI kernels; use the 'nki' package instead
        J_128_tiles = TiledRange(J_tile, nl.tile_size.pmax)
                      ^
/opt/aws_neuronx_venv_pytorch_inference_vllm_0_16/lib/python3.12/site-packages/neuronxcc/private_nkl/transpose.py:411:9: warning: 'neuronxcc.private_nkl.transpose._pe_load_tile' is from the 'neuronxcc' package which is not supported in NKI kernels; use the 'nki' package instead
        _pe_load_tile(
        ^
/opt/aws_neuronx_venv_pytorch_inference_vllm_0_16/lib/python3.12/site-packages/neuronxcc/private_nkl/transpose.py:422:11: warning: 'neuronxcc.private_nkl.transpose._pe_transpose_tile_I_vectorized' is from the 'neuronxcc' package which is not supported in NKI kernels; use the 'nki' package instead
          _pe_transpose_tile_I_vectorized(
          ^
/opt/aws_neuronx_venv_pytorch_inference_vllm_0_16/lib/python3.12/site-packages/neuronxcc/private_nkl/transpose.py:430:11: warning: 'neuronxcc.private_nkl.transpose._pe_transpose_tile_J_vectorized' is from the 'neuronxcc' package which is not supported in NKI kernels; use the 'nki' package instead
          _pe_transpose_tile_J_vectorized(
          ^
/opt/aws_neuronx_venv_pytorch_inference_vllm_0_16/lib/python3.12/site-packages/neuronxcc/private_nkl/transpose.py:438:9: warning: 'neuronxcc.private_nkl.transpose._pe_store_tile' is from the 'neuronxcc' package which is not supported in NKI kernels; use the 'nki' package instead
        _pe_store_tile(
        ^
/opt/aws_neuronx_venv_pytorch_inference_vllm_0_16/lib/python3.12/site-packages/neuronxcc/private_nkl/transpose.py:527:17: warning: 'neuronxcc.private_nkl.utils.tiled_range.TiledRange' is from the 'neuronxcc' package which is not supported in NKI kernels; use the 'nki' package instead
  I_128_tiles = TiledRange(I_tile, nl.tile_size.pmax)
                ^
/opt/aws_neuronx_venv_pytorch_inference_vllm_0_16/lib/python3.12/site-packages/neuronxcc/private_nkl/transpose.py:529:17: warning: 'neuronxcc.private_nkl.utils.tiled_range.TiledRange' is from the 'neuronxcc' package which is not supported in NKI kernels; use the 'nki' package instead
  J_128_tiles = TiledRange(J_tile, nl.tile_size.pmax)
                ^
/opt/aws_neuronx_venv_pytorch_inference_vllm_0_16/lib/python3.12/site-packages/neuronxcc/private_nkl/transpose.py:538:21: warning: 'neuronxcc.private_nkl.utils.tiled_range.TiledRange' is from the 'neuronxcc' package which is not supported in NKI kernels; use the 'nki' package instead
  for J_128_tile in TiledRange(J_tile.size, nl.tile_size.pmax):
                    ^
/opt/aws_neuronx_venv_pytorch_inference_vllm_0_16/lib/python3.12/site-packages/neuronxcc/private_nkl/transpose.py:539:23: warning: 'neuronxcc.private_nkl.utils.tiled_range.TiledRange' is from the 'neuronxcc' package which is not supported in NKI kernels; use the 'nki' package instead
    for I_512_tile in TiledRange(I_tile.size, nl.tile_size.psum_fmax):
                      ^
/opt/aws_neuronx_venv_pytorch_inference_vllm_0_16/lib/python3.12/site-packages/neuronxcc/private_nkl/transpose.py:551:25: warning: 'neuronxcc.private_nkl.utils.tiled_range.TiledRange' is from the 'neuronxcc' package which is not supported in NKI kernels; use the 'nki' package instead
      for I_128_tile in TiledRange(I_512_tile, nl.tile_size.pmax):
                        ^
/opt/aws_neuronx_venv_pytorch_inference_vllm_0_16/lib/python3.12/site-packages/neuronxcc/private_nkl/transpose.py:569:7: warning: 'neuronxcc.private_nkl.transpose._copy_with_engine' is from the 'neuronxcc' package which is not supported in NKI kernels; use the 'nki' package instead
      _copy_with_engine(
      ^
/opt/aws_neuronx_venv_pytorch_inference_vllm_0_16/lib/python3.12/site-packages/neuronxcc/private_nkl/transpose.py:586:17: warning: 'neuronxcc.private_nkl.utils.tiled_range.TiledRange' is from the 'neuronxcc' package which is not supported in NKI kernels; use the 'nki' package instead
  I_128_tiles = TiledRange(I_tile, nl.tile_size.pmax)
                ^
/opt/aws_neuronx_venv_pytorch_inference_vllm_0_16/lib/python3.12/site-packages/neuronxcc/private_nkl/transpose.py:588:17: warning: 'neuronxcc.private_nkl.utils.tiled_range.TiledRange' is from the 'neuronxcc' package which is not supported in NKI kernels; use the 'nki' package instead
  J_128_tiles = TiledRange(J_tile, nl.tile_size.pmax)
                ^
/opt/aws_neuronx_venv_pytorch_inference_vllm_0_16/lib/python3.12/site-packages/neuronxcc/private_nkl/transpose.py:596:21: warning: 'neuronxcc.private_nkl.utils.tiled_range.TiledRange' is from the 'neuronxcc' package which is not supported in NKI kernels; use the 'nki' package instead
  for I_128_tile in TiledRange(I_tile.size, nl.tile_size.pmax):
                    ^
/opt/aws_neuronx_venv_pytorch_inference_vllm_0_16/lib/python3.12/site-packages/neuronxcc/private_nkl/transpose.py:597:23: warning: 'neuronxcc.private_nkl.utils.tiled_range.TiledRange' is from the 'neuronxcc' package which is not supported in NKI kernels; use the 'nki' package instead
    for J_512_tile in TiledRange(J_tile.size, nl.tile_size.psum_fmax):
                      ^
/opt/aws_neuronx_venv_pytorch_inference_vllm_0_16/lib/python3.12/site-packages/neuronxcc/private_nkl/transpose.py:609:25: warning: 'neuronxcc.private_nkl.utils.tiled_range.TiledRange' is from the 'neuronxcc' package which is not supported in NKI kernels; use the 'nki' package instead
      for J_128_tile in TiledRange(J_512_tile, nl.tile_size.pmax):
                        ^
/opt/aws_neuronx_venv_pytorch_inference_vllm_0_16/lib/python3.12/site-packages/neuronxcc/private_nkl/transpose.py:628:9: warning: 'neuronxcc.private_nkl.transpose._copy_with_engine' is from the 'neuronxcc' package which is not supported in NKI kernels; use the 'nki' package instead
        _copy_with_engine(
        ^
/opt/aws_neuronx_venv_pytorch_inference_vllm_0_16/lib/python3.12/site-packages/neuronxcc/private_nkl/transpose.py:652:9: warning: 'neuronxcc.private_nkl.transpose._copy_with_engine' is from the 'neuronxcc' package which is not supported in NKI kernels; use the 'nki' package instead
        _copy_with_engine(
        ^
/opt/aws_neuronx_venv_pytorch_inference_vllm_0_16/lib/python3.12/site-packages/neuronxcc/private_nkl/transpose.py:784:3: warning: 'neuronxcc.private_nkl.transpose.check_input_transpose' is from the 'neuronxcc' package which is not supported in NKI kernels; use the 'nki' package instead
  check_input_transpose(in_tensor, in_shape, permutation)
  ^
/opt/aws_neuronx_venv_pytorch_inference_vllm_0_16/lib/python3.12/site-packages/neuronxcc/private_nkl/transpose.py:790:33: warning: 'neuronxcc.private_nkl.transpose_utils.permutation_reduction' is from the 'neuronxcc' package which is not supported in NKI kernels; use the 'nki' package instead
  reduced_perm, reduced_shape = permutation_reduction(in_shape, permutation)
                                ^
/opt/aws_neuronx_venv_pytorch_inference_vllm_0_16/lib/python3.12/site-packages/neuronxcc/private_nkl/transpose.py:791:10: warning: 'neuronxcc.private_nkl.transpose_utils.permutes_last_two_dims' is from the 'neuronxcc' package which is not supported in NKI kernels; use the 'nki' package instead
  assert permutes_last_two_dims(reduced_perm), f"must permutate last two dims, got {reduced_perm}"
         ^
/opt/aws_neuronx_venv_pytorch_inference_vllm_0_16/lib/python3.12/site-packages/neuronxcc/private_nkl/transpose.py:796:11: warning: 'neuronxcc.private_nkl.transpose._str_to_dtype' is from the 'neuronxcc' package which is not supported in NKI kernels; use the 'nki' package instead
    dtype=_str_to_dtype(out_dtype),
          ^
/opt/aws_neuronx_venv_pytorch_inference_vllm_0_16/lib/python3.12/site-packages/neuronxcc/private_nkl/transpose.py:797:12: warning: 'neuronxcc.private_nkl.transpose_utils._get_hbm_buffer' is from the 'neuronxcc' package which is not supported in NKI kernels; use the 'nki' package instead
    buffer=_get_hbm_buffer(),
           ^
/opt/aws_neuronx_venv_pytorch_inference_vllm_0_16/lib/python3.12/site-packages/neuronxcc/private_nkl/transpose.py:805:16: warning: 'neuronxcc.private_nkl.transpose.max_f_size' is from the 'neuronxcc' package which is not supported in NKI kernels; use the 'nki' package instead
  MAX_F_SIZE = max_f_size(in_tensor.dtype)
               ^
/opt/aws_neuronx_venv_pytorch_inference_vllm_0_16/lib/python3.12/site-packages/neuronxcc/private_nkl/transpose.py:808:5: warning: 'neuronxcc.private_nkl.transpose._dve_transpose_large_cols_impl' is from the 'neuronxcc' package which is not supported in NKI kernels; use the 'nki' package instead
    _dve_transpose_large_cols_impl(in_tensor, out_tensor, num_shards, shard_id)
    ^
/opt/aws_neuronx_venv_pytorch_inference_vllm_0_16/lib/python3.12/site-packages/neuronxcc/private_nkl/transpose.py:810:5: warning: 'neuronxcc.private_nkl.transpose._dve_transpose_large_rows_impl' is from the 'neuronxcc' package which is not supported in NKI kernels; use the 'nki' package instead
    _dve_transpose_large_rows_impl(in_tensor, out_tensor, num_shards, shard_id)
    ^
/opt/aws_neuronx_venv_pytorch_inference_vllm_0_16/lib/python3.12/site-packages/neuronxcc/private_nkl/transpose.py:812:5: warning: 'neuronxcc.private_nkl.transpose._pe_transpose_impl' is from the 'neuronxcc' package which is not supported in NKI kernels; use the 'nki' package instead
    _pe_transpose_impl(in_tensor, out_tensor, num_shards, shard_id)
    ^
/opt/aws_neuronx_venv_pytorch_inference_vllm_0_16/lib/python3.12/site-packages/neuronxcc/private_nkl/transpose.py:38:10: warning: 'neuronxcc.private_nkl.transpose_utils.is_valid_permutation' is from the 'neuronxcc' package which is not supported in NKI kernels; use the 'nki' package instead
  assert is_valid_permutation(permutation), "input permutation is invalid"
         ^
/opt/aws_neuronx_venv_pytorch_inference_vllm_0_16/lib/python3.12/site-packages/neuronxcc/private_nkl/transpose.py:41:10: warning: 'neuronxcc.private_nkl.transpose_utils.n_elts' is from the 'neuronxcc' package which is not supported in NKI kernels; use the 'nki' package instead
  assert n_elts(in_shape) == n_elts(in_tensor.shape), "tensor shape is invalid"
         ^
/opt/aws_neuronx_venv_pytorch_inference_vllm_0_16/lib/python3.12/site-packages/neuronxcc/private_nkl/transpose.py:41:30: warning: 'neuronxcc.private_nkl.transpose_utils.n_elts' is from the 'neuronxcc' package which is not supported in NKI kernels; use the 'nki' package instead
  assert n_elts(in_shape) == n_elts(in_tensor.shape), "tensor shape is invalid"
                             ^
/opt/aws_neuronx_venv_pytorch_inference_vllm_0_16/lib/python3.12/site-packages/neuronxcc/private_nkl/transpose.py:32:20: warning: 'neuronxcc.private_nkl.utils.StackAllocator.sizeinbytes' is from the 'neuronxcc' package which is not supported in NKI kernels; use the 'nki' package instead
  return (98304 // sizeinbytes(dtype)) // 2
                   ^
/opt/aws_neuronx_venv_pytorch_inference_vllm_0_16/lib/python3.12/site-packages/neuronxcc/private_nkl/transpose.py:862:29: warning: 'neuronxcc.private_nkl.utils.kernel_helpers.get_program_sharding_info' is from the 'neuronxcc' package which is not supported in NKI kernels; use the 'nki' package instead
  _, num_shards, shard_id = get_program_sharding_info()
                            ^
/opt/aws_neuronx_venv_pytorch_inference_vllm_0_16/lib/python3.12/site-packages/neuronxcc/private_nkl/transpose.py:863:9: warning: 'neuronxcc.private_nkl.transpose._transpose_last_two_dims' is from the 'neuronxcc' package which is not supported in NKI kernels; use the 'nki' package instead
  out = _transpose_last_two_dims(in_tensor, in_shape, permutation, out_dtype, num_shards, shard_id)
        ^
/opt/aws_neuronx_venv_pytorch_inference_vllm_0_16/lib/python3.12/site-packages/neuronxcc/private_nkl/transpose_utils.py:71:10: warning: 'neuronxcc.private_nkl.transpose_utils.is_valid_permutation' is from the 'neuronxcc' package which is not supported in NKI kernels; use the 'nki' package instead
  if not is_valid_permutation(permutation):
         ^
/opt/aws_neuronx_venv_pytorch_inference_vllm_0_16/lib/python3.12/site-packages/neuronxcc/private_nkl/utils/tiled_range.py:66:23: warning: 'neuronxcc.private_nkl.utils.tiled_range.TiledRangeIterator' is from the 'neuronxcc' package which is not supported in NKI kernels; use the 'nki' package instead
  if isinstance(size, TiledRangeIterator):
                      ^
/opt/aws_neuronx_venv_pytorch_inference_vllm_0_16/lib/python3.12/site-packages/neuronxcc/private_nkl/utils/tiled_range.py:84:22: warning: 'neuronxcc.private_nkl.utils.tiled_range.TiledRangeIterator' is from the 'neuronxcc' package which is not supported in NKI kernels; use the 'nki' package instead
    iterators.append(TiledRangeIterator(current_tile_size, i, base_offset + relative_offset))
                     ^
/opt/aws_neuronx_venv_pytorch_inference_vllm_0_16/lib/python3.12/site-packages/neuronxcc/private_nkl/transpose.py:458:17: warning: 'neuronxcc.private_nkl.utils.tiled_range.TiledRange' is from the 'neuronxcc' package which is not supported in NKI kernels; use the 'nki' package instead
  I_128_tiles = TiledRange(I_tile, nl.tile_size.pmax)
                ^
/opt/aws_neuronx_venv_pytorch_inference_vllm_0_16/lib/python3.12/site-packages/neuronxcc/private_nkl/transpose.py:465:33: warning: 'neuronxcc.private_nkl.utils.tiled_range.TiledRange' is from the 'neuronxcc' package which is not supported in NKI kernels; use the 'nki' package instead
    for vectorization_factor in TiledRange(num_full_128_tiles_per_I_tile, VECTORIZATION_FACTOR):
                                ^
/opt/aws_neuronx_venv_pytorch_inference_vllm_0_16/lib/python3.12/site-packages/neuronxcc/private_nkl/transpose.py:284:16: warning: 'neuronxcc.private_nkl.transpose.max_f_size' is from the 'neuronxcc' package which is not supported in NKI kernels; use the 'nki' package instead
  MAX_F_SIZE = max_f_size(dtype)
               ^
/opt/aws_neuronx_venv_pytorch_inference_vllm_0_16/lib/python3.12/site-packages/neuronxcc/private_nkl/transpose.py:289:15: warning: 'neuronxcc.private_nkl.transpose_utils.next_multiple' is from the 'neuronxcc' package which is not supported in NKI kernels; use the 'nki' package instead
    return I, next_multiple(min(J, MAX_F_SIZE), 128)
              ^
/opt/aws_neuronx_venv_pytorch_inference_vllm_0_16/lib/python3.12/site-packages/neuronxcc/private_nkl/transpose.py:291:12: warning: 'neuronxcc.private_nkl.transpose_utils.next_multiple' is from the 'neuronxcc' package which is not supported in NKI kernels; use the 'nki' package instead
    return next_multiple(min(I, MAX_F_SIZE), 128), J
           ^
/opt/aws_neuronx_venv_pytorch_inference_vllm_0_16/lib/python3.12/site-packages/neuronxcc/private_nkl/transpose.py:302:19: warning: 'neuronxcc.private_nkl.transpose_utils.next_multiple' is from the 'neuronxcc' package which is not supported in NKI kernels; use the 'nki' package instead
    I_tile_size = next_multiple(I_tile_size, 128)
                  ^
/opt/aws_neuronx_venv_pytorch_inference_vllm_0_16/lib/python3.12/site-packages/neuronxcc/private_nkl/transpose.py:303:19: warning: 'neuronxcc.private_nkl.transpose_utils.next_multiple' is from the 'neuronxcc' package which is not supported in NKI kernels; use the 'nki' package instead
    J_tile_size = next_multiple(J_tile_size, 128)
                  ^
/opt/aws_neuronx_venv_pytorch_inference_vllm_0_16/lib/python3.12/site-packages/neuronxcc/private_nkl/transpose.py:681:17: warning: 'neuronxcc.private_nkl.utils.tiled_range.TiledRange' is from the 'neuronxcc' package which is not supported in NKI kernels; use the 'nki' package instead
  J_128_tiles = TiledRange(J_tile, nl.tile_size.pmax)
                ^
/opt/aws_neuronx_venv_pytorch_inference_vllm_0_16/lib/python3.12/site-packages/neuronxcc/private_nkl/transpose.py:688:33: warning: 'neuronxcc.private_nkl.utils.tiled_range.TiledRange' is from the 'neuronxcc' package which is not supported in NKI kernels; use the 'nki' package instead
    for vectorization_factor in TiledRange(num_full_128_tiles_per_J_tile, VECTORIZATION_FACTOR):
                                ^
/opt/aws_neuronx_venv_pytorch_inference_vllm_0_16/lib/python3.12/site-packages/neuronxcc/private_nkl/transpose.py:751:3: warning: 'neuronxcc.private_nkl.transpose.check_input_transpose' is from the 'neuronxcc' package which is not supported in NKI kernels; use the 'nki' package instead
  check_input_transpose(in_tensor, in_shape, permutation)
  ^
/opt/aws_neuronx_venv_pytorch_inference_vllm_0_16/lib/python3.12/site-packages/neuronxcc/private_nkl/transpose.py:757:33: warning: 'neuronxcc.private_nkl.transpose_utils.permutation_reduction' is from the 'neuronxcc' package which is not supported in NKI kernels; use the 'nki' package instead
  reduced_perm, reduced_shape = permutation_reduction(in_shape, permutation)
                                ^
/opt/aws_neuronx_venv_pytorch_inference_vllm_0_16/lib/python3.12/site-packages/neuronxcc/private_nkl/transpose.py:758:10: warning: 'neuronxcc.private_nkl.transpose_utils.permutes_last_two_dims' is from the 'neuronxcc' package which is not supported in NKI kernels; use the 'nki' package instead
  assert permutes_last_two_dims(reduced_perm), f"must permutate last two dims, got {reduced_perm}"
         ^
/opt/aws_neuronx_venv_pytorch_inference_vllm_0_16/lib/python3.12/site-packages/neuronxcc/private_nkl/transpose.py:763:11: warning: 'neuronxcc.private_nkl.transpose._str_to_dtype' is from the 'neuronxcc' package which is not supported in NKI kernels; use the 'nki' package instead
    dtype=_str_to_dtype(out_dtype),
          ^
/opt/aws_neuronx_venv_pytorch_inference_vllm_0_16/lib/python3.12/site-packages/neuronxcc/private_nkl/transpose.py:764:12: warning: 'neuronxcc.private_nkl.transpose_utils._get_hbm_buffer' is from the 'neuronxcc' package which is not supported in NKI kernels; use the 'nki' package instead
    buffer=_get_hbm_buffer(),
           ^
/opt/aws_neuronx_venv_pytorch_inference_vllm_0_16/lib/python3.12/site-packages/neuronxcc/private_nkl/transpose.py:767:3: warning: 'neuronxcc.private_nkl.transpose._pe_transpose_impl' is from the 'neuronxcc' package which is not supported in NKI kernels; use the 'nki' package instead
  _pe_transpose_impl(in_tensor, out_tensor, num_shards, shard_id)
  ^
/opt/aws_neuronx_venv_pytorch_inference_vllm_0_16/lib/python3.12/site-packages/neuronxcc/private_nkl/transpose.py:373:25: warning: 'neuronxcc.private_nkl.transpose_utils.n_elts' is from the 'neuronxcc' package which is not supported in NKI kernels; use the 'nki' package instead
  flattened_B_dim = int(n_elts(in_shape[:-2])) if in_shape[:-2] else 1
                        ^
/opt/aws_neuronx_venv_pytorch_inference_vllm_0_16/lib/python3.12/site-packages/neuronxcc/private_nkl/transpose.py:378:30: warning: 'neuronxcc.private_nkl.transpose._pe_optimal_tile_sizes' is from the 'neuronxcc' package which is not supported in NKI kernels; use the 'nki' package instead
  I_tile_size, J_tile_size = _pe_optimal_tile_sizes(I, J, in_tensor.dtype)
                             ^
/opt/aws_neuronx_venv_pytorch_inference_vllm_0_16/lib/python3.12/site-packages/neuronxcc/private_nkl/transpose.py:381:17: warning: 'neuronxcc.private_nkl.utils.kernel_helpers.div_ceil' is from the 'neuronxcc' package which is not supported in NKI kernels; use the 'nki' package instead
  b_per_shard = div_ceil(flattened_B_dim, num_shards)
                ^
/opt/aws_neuronx_venv_pytorch_inference_vllm_0_16/lib/python3.12/site-packages/neuronxcc/private_nkl/transpose.py:384:19: warning: 'neuronxcc.private_nkl.transpose._to_compute_dtype' is from the 'neuronxcc' package which is not supported in NKI kernels; use the 'nki' package instead
  compute_dtype = _to_compute_dtype(in_tensor.dtype)
                  ^
/opt/aws_neuronx_venv_pytorch_inference_vllm_0_16/lib/python3.12/site-packages/neuronxcc/private_nkl/transpose.py:398:19: warning: 'neuronxcc.private_nkl.utils.tiled_range.TiledRange' is from the 'neuronxcc' package which is not supported in NKI kernels; use the 'nki' package instead
    for I_tile in TiledRange(I, I_tile_size):
                  ^
/opt/aws_neuronx_venv_pytorch_inference_vllm_0_16/lib/python3.12/site-packages/neuronxcc/private_nkl/transpose.py:399:21: warning: 'neuronxcc.private_nkl.utils.tiled_range.TiledRange' is from the 'neuronxcc' package which is not supported in NKI kernels; use the 'nki' package instead
      for J_tile in TiledRange(J, J_tile_size):
                    ^
/opt/aws_neuronx_venv_pytorch_inference_vllm_0_16/lib/python3.12/site-packages/neuronxcc/private_nkl/transpose.py:400:23: warning: 'neuronxcc.private_nkl.utils.tiled_range.TiledRange' is from the 'neuronxcc' package which is not supported in NKI kernels; use the 'nki' package instead
        I_128_tiles = TiledRange(I_tile, nl.tile_size.pmax)
                      ^
/opt/aws_neuronx_venv_pytorch_inference_vllm_0_16/lib/python3.12/site-packages/neuronxcc/private_nkl/transpose.py:405:23: warning: 'neuronxcc.private_nkl.utils.tiled_range.TiledRange' is from the 'neuronxcc' package which is not supported in NKI kernels; use the 'nki' package instead
        J_128_tiles = TiledRange(J_tile, nl.tile_size.pmax)
                      ^
/opt/aws_neuronx_venv_pytorch_inference_vllm_0_16/lib/python3.12/site-packages/neuronxcc/private_nkl/transpose.py:411:9: warning: 'neuronxcc.private_nkl.transpose._pe_load_tile' is from the 'neuronxcc' package which is not supported in NKI kernels; use the 'nki' package instead
        _pe_load_tile(
        ^
/opt/aws_neuronx_venv_pytorch_inference_vllm_0_16/lib/python3.12/site-packages/neuronxcc/private_nkl/transpose.py:422:11: warning: 'neuronxcc.private_nkl.transpose._pe_transpose_tile_I_vectorized' is from the 'neuronxcc' package which is not supported in NKI kernels; use the 'nki' package instead
          _pe_transpose_tile_I_vectorized(
          ^
/opt/aws_neuronx_venv_pytorch_inference_vllm_0_16/lib/python3.12/site-packages/neuronxcc/private_nkl/transpose.py:430:11: warning: 'neuronxcc.private_nkl.transpose._pe_transpose_tile_J_vectorized' is from the 'neuronxcc' package which is not supported in NKI kernels; use the 'nki' package instead
          _pe_transpose_tile_J_vectorized(
          ^
/opt/aws_neuronx_venv_pytorch_inference_vllm_0_16/lib/python3.12/site-packages/neuronxcc/private_nkl/transpose.py:438:9: warning: 'neuronxcc.private_nkl.transpose._pe_store_tile' is from the 'neuronxcc' package which is not supported in NKI kernels; use the 'nki' package instead
        _pe_store_tile(
        ^
/opt/aws_neuronx_venv_pytorch_inference_vllm_0_16/lib/python3.12/site-packages/neuronxcc/private_nkl/transpose.py:527:17: warning: 'neuronxcc.private_nkl.utils.tiled_range.TiledRange' is from the 'neuronxcc' package which is not supported in NKI kernels; use the 'nki' package instead
  I_128_tiles = TiledRange(I_tile, nl.tile_size.pmax)
                ^
/opt/aws_neuronx_venv_pytorch_inference_vllm_0_16/lib/python3.12/site-packages/neuronxcc/private_nkl/transpose.py:529:17: warning: 'neuronxcc.private_nkl.utils.tiled_range.TiledRange' is from the 'neuronxcc' package which is not supported in NKI kernels; use the 'nki' package instead
  J_128_tiles = TiledRange(J_tile, nl.tile_size.pmax)
                ^
/opt/aws_neuronx_venv_pytorch_inference_vllm_0_16/lib/python3.12/site-packages/neuronxcc/private_nkl/transpose.py:538:21: warning: 'neuronxcc.private_nkl.utils.tiled_range.TiledRange' is from the 'neuronxcc' package which is not supported in NKI kernels; use the 'nki' package instead
  for J_128_tile in TiledRange(J_tile.size, nl.tile_size.pmax):
                    ^
/opt/aws_neuronx_venv_pytorch_inference_vllm_0_16/lib/python3.12/site-packages/neuronxcc/private_nkl/transpose.py:539:23: warning: 'neuronxcc.private_nkl.utils.tiled_range.TiledRange' is from the 'neuronxcc' package which is not supported in NKI kernels; use the 'nki' package instead
    for I_512_tile in TiledRange(I_tile.size, nl.tile_size.psum_fmax):
                      ^
/opt/aws_neuronx_venv_pytorch_inference_vllm_0_16/lib/python3.12/site-packages/neuronxcc/private_nkl/transpose.py:551:25: warning: 'neuronxcc.private_nkl.utils.tiled_range.TiledRange' is from the 'neuronxcc' package which is not supported in NKI kernels; use the 'nki' package instead
      for I_128_tile in TiledRange(I_512_tile, nl.tile_size.pmax):
                        ^
/opt/aws_neuronx_venv_pytorch_inference_vllm_0_16/lib/python3.12/site-packages/neuronxcc/private_nkl/transpose.py:569:7: warning: 'neuronxcc.private_nkl.transpose._copy_with_engine' is from the 'neuronxcc' package which is not supported in NKI kernels; use the 'nki' package instead
      _copy_with_engine(
      ^
/opt/aws_neuronx_venv_pytorch_inference_vllm_0_16/lib/python3.12/site-packages/neuronxcc/private_nkl/transpose.py:586:17: warning: 'neuronxcc.private_nkl.utils.tiled_range.TiledRange' is from the 'neuronxcc' package which is not supported in NKI kernels; use the 'nki' package instead
  I_128_tiles = TiledRange(I_tile, nl.tile_size.pmax)
                ^
/opt/aws_neuronx_venv_pytorch_inference_vllm_0_16/lib/python3.12/site-packages/neuronxcc/private_nkl/transpose.py:588:17: warning: 'neuronxcc.private_nkl.utils.tiled_range.TiledRange' is from the 'neuronxcc' package which is not supported in NKI kernels; use the 'nki' package instead
  J_128_tiles = TiledRange(J_tile, nl.tile_size.pmax)
                ^
/opt/aws_neuronx_venv_pytorch_inference_vllm_0_16/lib/python3.12/site-packages/neuronxcc/private_nkl/transpose.py:596:21: warning: 'neuronxcc.private_nkl.utils.tiled_range.TiledRange' is from the 'neuronxcc' package which is not supported in NKI kernels; use the 'nki' package instead
  for I_128_tile in TiledRange(I_tile.size, nl.tile_size.pmax):
                    ^
/opt/aws_neuronx_venv_pytorch_inference_vllm_0_16/lib/python3.12/site-packages/neuronxcc/private_nkl/transpose.py:597:23: warning: 'neuronxcc.private_nkl.utils.tiled_range.TiledRange' is from the 'neuronxcc' package which is not supported in NKI kernels; use the 'nki' package instead
    for J_512_tile in TiledRange(J_tile.size, nl.tile_size.psum_fmax):
                      ^
/opt/aws_neuronx_venv_pytorch_inference_vllm_0_16/lib/python3.12/site-packages/neuronxcc/private_nkl/transpose.py:609:25: warning: 'neuronxcc.private_nkl.utils.tiled_range.TiledRange' is from the 'neuronxcc' package which is not supported in NKI kernels; use the 'nki' package instead
      for J_128_tile in TiledRange(J_512_tile, nl.tile_size.pmax):
                        ^
/opt/aws_neuronx_venv_pytorch_inference_vllm_0_16/lib/python3.12/site-packages/neuronxcc/private_nkl/transpose.py:628:9: warning: 'neuronxcc.private_nkl.transpose._copy_with_engine' is from the 'neuronxcc' package which is not supported in NKI kernels; use the 'nki' package instead
        _copy_with_engine(
        ^
/opt/aws_neuronx_venv_pytorch_inference_vllm_0_16/lib/python3.12/site-packages/neuronxcc/private_nkl/transpose.py:652:9: warning: 'neuronxcc.private_nkl.transpose._copy_with_engine' is from the 'neuronxcc' package which is not supported in NKI kernels; use the 'nki' package instead
        _copy_with_engine(
        ^
/opt/aws_neuronx_venv_pytorch_inference_vllm_0_16/lib/python3.12/site-packages/neuronxcc/private_nkl/transpose.py:38:10: warning: 'neuronxcc.private_nkl.transpose_utils.is_valid_permutation' is from the 'neuronxcc' package which is not supported in NKI kernels; use the 'nki' package instead
  assert is_valid_permutation(permutation), "input permutation is invalid"
         ^
/opt/aws_neuronx_venv_pytorch_inference_vllm_0_16/lib/python3.12/site-packages/neuronxcc/private_nkl/transpose.py:41:10: warning: 'neuronxcc.private_nkl.transpose_utils.n_elts' is from the 'neuronxcc' package which is not supported in NKI kernels; use the 'nki' package instead
  assert n_elts(in_shape) == n_elts(in_tensor.shape), "tensor shape is invalid"
         ^
/opt/aws_neuronx_venv_pytorch_inference_vllm_0_16/lib/python3.12/site-packages/neuronxcc/private_nkl/transpose.py:41:30: warning: 'neuronxcc.private_nkl.transpose_utils.n_elts' is from the 'neuronxcc' package which is not supported in NKI kernels; use the 'nki' package instead
  assert n_elts(in_shape) == n_elts(in_tensor.shape), "tensor shape is invalid"
                             ^
/opt/aws_neuronx_venv_pytorch_inference_vllm_0_16/lib/python3.12/site-packages/neuronxcc/private_nkl/transpose.py:32:20: warning: 'neuronxcc.private_nkl.utils.StackAllocator.sizeinbytes' is from the 'neuronxcc' package which is not supported in NKI kernels; use the 'nki' package instead
  return (98304 // sizeinbytes(dtype)) // 2
                   ^
/opt/aws_neuronx_venv_pytorch_inference_vllm_0_16/lib/python3.12/site-packages/neuronxcc/private_nkl/transpose.py:886:29: warning: 'neuronxcc.private_nkl.utils.kernel_helpers.get_program_sharding_info' is from the 'neuronxcc' package which is not supported in NKI kernels; use the 'nki' package instead
  _, num_shards, shard_id = get_program_sharding_info()
                            ^
/opt/aws_neuronx_venv_pytorch_inference_vllm_0_16/lib/python3.12/site-packages/neuronxcc/private_nkl/transpose.py:887:9: warning: 'neuronxcc.private_nkl.transpose._pe_transpose' is from the 'neuronxcc' package which is not supported in NKI kernels; use the 'nki' package instead
  out = _pe_transpose(in_tensor, in_shape, permutation, out_dtype, num_shards, shard_id)
        ^
/opt/aws_neuronx_venv_pytorch_inference_vllm_0_16/lib/python3.12/site-packages/neuronxcc/private_nkl/transpose_utils.py:71:10: warning: 'neuronxcc.private_nkl.transpose_utils.is_valid_permutation' is from the 'neuronxcc' package which is not supported in NKI kernels; use the 'nki' package instead
  if not is_valid_permutation(permutation):
         ^
/opt/aws_neuronx_venv_pytorch_inference_vllm_0_16/lib/python3.12/site-packages/neuronxcc/private_nkl/utils/tiled_range.py:66:23: warning: 'neuronxcc.private_nkl.utils.tiled_range.TiledRangeIterator' is from the 'neuronxcc' package which is not supported in NKI kernels; use the 'nki' package instead
  if isinstance(size, TiledRangeIterator):
                      ^
/opt/aws_neuronx_venv_pytorch_inference_vllm_0_16/lib/python3.12/site-packages/neuronxcc/private_nkl/utils/tiled_range.py:84:22: warning: 'neuronxcc.private_nkl.utils.tiled_range.TiledRangeIterator' is from the 'neuronxcc' package which is not supported in NKI kernels; use the 'nki' package instead
    iterators.append(TiledRangeIterator(current_tile_size, i, base_offset + relative_offset))
                     ^
/opt/aws_neuronx_venv_pytorch_inference_vllm_0_16/lib/python3.12/site-packages/neuronxcc/private_nkl/transpose.py:458:17: warning: 'neuronxcc.private_nkl.utils.tiled_range.TiledRange' is from the 'neuronxcc' package which is not supported in NKI kernels; use the 'nki' package instead
  I_128_tiles = TiledRange(I_tile, nl.tile_size.pmax)
                ^
/opt/aws_neuronx_venv_pytorch_inference_vllm_0_16/lib/python3.12/site-packages/neuronxcc/private_nkl/transpose.py:465:33: warning: 'neuronxcc.private_nkl.utils.tiled_range.TiledRange' is from the 'neuronxcc' package which is not supported in NKI kernels; use the 'nki' package instead
    for vectorization_factor in TiledRange(num_full_128_tiles_per_I_tile, VECTORIZATION_FACTOR):
                                ^
/opt/aws_neuronx_venv_pytorch_inference_vllm_0_16/lib/python3.12/site-packages/neuronxcc/private_nkl/transpose.py:284:16: warning: 'neuronxcc.private_nkl.transpose.max_f_size' is from the 'neuronxcc' package which is not supported in NKI kernels; use the 'nki' package instead
  MAX_F_SIZE = max_f_size(dtype)
               ^
/opt/aws_neuronx_venv_pytorch_inference_vllm_0_16/lib/python3.12/site-packages/neuronxcc/private_nkl/transpose.py:289:15: warning: 'neuronxcc.private_nkl.transpose_utils.next_multiple' is from the 'neuronxcc' package which is not supported in NKI kernels; use the 'nki' package instead
    return I, next_multiple(min(J, MAX_F_SIZE), 128)
              ^
/opt/aws_neuronx_venv_pytorch_inference_vllm_0_16/lib/python3.12/site-packages/neuronxcc/private_nkl/transpose.py:291:12: warning: 'neuronxcc.private_nkl.transpose_utils.next_multiple' is from the 'neuronxcc' package which is not supported in NKI kernels; use the 'nki' package instead
    return next_multiple(min(I, MAX_F_SIZE), 128), J
           ^
/opt/aws_neuronx_venv_pytorch_inference_vllm_0_16/lib/python3.12/site-packages/neuronxcc/private_nkl/transpose.py:302:19: warning: 'neuronxcc.private_nkl.transpose_utils.next_multiple' is from the 'neuronxcc' package which is not supported in NKI kernels; use the 'nki' package instead
    I_tile_size = next_multiple(I_tile_size, 128)
                  ^
/opt/aws_neuronx_venv_pytorch_inference_vllm_0_16/lib/python3.12/site-packages/neuronxcc/private_nkl/transpose.py:303:19: warning: 'neuronxcc.private_nkl.transpose_utils.next_multiple' is from the 'neuronxcc' package which is not supported in NKI kernels; use the 'nki' package instead
    J_tile_size = next_multiple(J_tile_size, 128)
                  ^
/opt/aws_neuronx_venv_pytorch_inference_vllm_0_16/lib/python3.12/site-packages/neuronxcc/private_nkl/transpose.py:681:17: warning: 'neuronxcc.private_nkl.utils.tiled_range.TiledRange' is from the 'neuronxcc' package which is not supported in NKI kernels; use the 'nki' package instead
  J_128_tiles = TiledRange(J_tile, nl.tile_size.pmax)
                ^
/opt/aws_neuronx_venv_pytorch_inference_vllm_0_16/lib/python3.12/site-packages/neuronxcc/private_nkl/transpose.py:688:33: warning: 'neuronxcc.private_nkl.utils.tiled_range.TiledRange' is from the 'neuronxcc' package which is not supported in NKI kernels; use the 'nki' package instead
    for vectorization_factor in TiledRange(num_full_128_tiles_per_J_tile, VECTORIZATION_FACTOR):
                                ^
/opt/aws_neuronx_venv_pytorch_inference_vllm_0_16/lib/python3.12/site-packages/neuronxcc/private_nkl/transpose.py:751:3: warning: 'neuronxcc.private_nkl.transpose.check_input_transpose' is from the 'neuronxcc' package which is not supported in NKI kernels; use the 'nki' package instead
  check_input_transpose(in_tensor, in_shape, permutation)
  ^
/opt/aws_neuronx_venv_pytorch_inference_vllm_0_16/lib/python3.12/site-packages/neuronxcc/private_nkl/transpose.py:757:33: warning: 'neuronxcc.private_nkl.transpose_utils.permutation_reduction' is from the 'neuronxcc' package which is not supported in NKI kernels; use the 'nki' package instead
  reduced_perm, reduced_shape = permutation_reduction(in_shape, permutation)
                                ^
/opt/aws_neuronx_venv_pytorch_inference_vllm_0_16/lib/python3.12/site-packages/neuronxcc/private_nkl/transpose.py:758:10: warning: 'neuronxcc.private_nkl.transpose_utils.permutes_last_two_dims' is from the 'neuronxcc' package which is not supported in NKI kernels; use the 'nki' package instead
  assert permutes_last_two_dims(reduced_perm), f"must permutate last two dims, got {reduced_perm}"
         ^
/opt/aws_neuronx_venv_pytorch_inference_vllm_0_16/lib/python3.12/site-packages/neuronxcc/private_nkl/transpose.py:763:11: warning: 'neuronxcc.private_nkl.transpose._str_to_dtype' is from the 'neuronxcc' package which is not supported in NKI kernels; use the 'nki' package instead
    dtype=_str_to_dtype(out_dtype),
          ^
/opt/aws_neuronx_venv_pytorch_inference_vllm_0_16/lib/python3.12/site-packages/neuronxcc/private_nkl/transpose.py:764:12: warning: 'neuronxcc.private_nkl.transpose_utils._get_hbm_buffer' is from the 'neuronxcc' package which is not supported in NKI kernels; use the 'nki' package instead
    buffer=_get_hbm_buffer(),
           ^
/opt/aws_neuronx_venv_pytorch_inference_vllm_0_16/lib/python3.12/site-packages/neuronxcc/private_nkl/transpose.py:767:3: warning: 'neuronxcc.private_nkl.transpose._pe_transpose_impl' is from the 'neuronxcc' package which is not supported in NKI kernels; use the 'nki' package instead
  _pe_transpose_impl(in_tensor, out_tensor, num_shards, shard_id)
  ^
/opt/aws_neuronx_venv_pytorch_inference_vllm_0_16/lib/python3.12/site-packages/neuronxcc/private_nkl/transpose.py:373:25: warning: 'neuronxcc.private_nkl.transpose_utils.n_elts' is from the 'neuronxcc' package which is not supported in NKI kernels; use the 'nki' package instead
  flattened_B_dim = int(n_elts(in_shape[:-2])) if in_shape[:-2] else 1
                        ^
/opt/aws_neuronx_venv_pytorch_inference_vllm_0_16/lib/python3.12/site-packages/neuronxcc/private_nkl/transpose.py:378:30: warning: 'neuronxcc.private_nkl.transpose._pe_optimal_tile_sizes' is from the 'neuronxcc' package which is not supported in NKI kernels; use the 'nki' package instead
  I_tile_size, J_tile_size = _pe_optimal_tile_sizes(I, J, in_tensor.dtype)
                             ^
/opt/aws_neuronx_venv_pytorch_inference_vllm_0_16/lib/python3.12/site-packages/neuronxcc/private_nkl/transpose.py:381:17: warning: 'neuronxcc.private_nkl.utils.kernel_helpers.div_ceil' is from the 'neuronxcc' package which is not supported in NKI kernels; use the 'nki' package instead
  b_per_shard = div_ceil(flattened_B_dim, num_shards)
                ^
/opt/aws_neuronx_venv_pytorch_inference_vllm_0_16/lib/python3.12/site-packages/neuronxcc/private_nkl/transpose.py:384:19: warning: 'neuronxcc.private_nkl.transpose._to_compute_dtype' is from the 'neuronxcc' package which is not supported in NKI kernels; use the 'nki' package instead
  compute_dtype = _to_compute_dtype(in_tensor.dtype)
                  ^
/opt/aws_neuronx_venv_pytorch_inference_vllm_0_16/lib/python3.12/site-packages/neuronxcc/private_nkl/transpose.py:398:19: warning: 'neuronxcc.private_nkl.utils.tiled_range.TiledRange' is from the 'neuronxcc' package which is not supported in NKI kernels; use the 'nki' package instead
    for I_tile in TiledRange(I, I_tile_size):
                  ^
/opt/aws_neuronx_venv_pytorch_inference_vllm_0_16/lib/python3.12/site-packages/neuronxcc/private_nkl/transpose.py:399:21: warning: 'neuronxcc.private_nkl.utils.tiled_range.TiledRange' is from the 'neuronxcc' package which is not supported in NKI kernels; use the 'nki' package instead
      for J_tile in TiledRange(J, J_tile_size):
                    ^
/opt/aws_neuronx_venv_pytorch_inference_vllm_0_16/lib/python3.12/site-packages/neuronxcc/private_nkl/transpose.py:400:23: warning: 'neuronxcc.private_nkl.utils.tiled_range.TiledRange' is from the 'neuronxcc' package which is not supported in NKI kernels; use the 'nki' package instead
        I_128_tiles = TiledRange(I_tile, nl.tile_size.pmax)
                      ^
/opt/aws_neuronx_venv_pytorch_inference_vllm_0_16/lib/python3.12/site-packages/neuronxcc/private_nkl/transpose.py:405:23: warning: 'neuronxcc.private_nkl.utils.tiled_range.TiledRange' is from the 'neuronxcc' package which is not supported in NKI kernels; use the 'nki' package instead
        J_128_tiles = TiledRange(J_tile, nl.tile_size.pmax)
                      ^
/opt/aws_neuronx_venv_pytorch_inference_vllm_0_16/lib/python3.12/site-packages/neuronxcc/private_nkl/transpose.py:411:9: warning: 'neuronxcc.private_nkl.transpose._pe_load_tile' is from the 'neuronxcc' package which is not supported in NKI kernels; use the 'nki' package instead
        _pe_load_tile(
        ^
/opt/aws_neuronx_venv_pytorch_inference_vllm_0_16/lib/python3.12/site-packages/neuronxcc/private_nkl/transpose.py:422:11: warning: 'neuronxcc.private_nkl.transpose._pe_transpose_tile_I_vectorized' is from the 'neuronxcc' package which is not supported in NKI kernels; use the 'nki' package instead
          _pe_transpose_tile_I_vectorized(
          ^
/opt/aws_neuronx_venv_pytorch_inference_vllm_0_16/lib/python3.12/site-packages/neuronxcc/private_nkl/transpose.py:430:11: warning: 'neuronxcc.private_nkl.transpose._pe_transpose_tile_J_vectorized' is from the 'neuronxcc' package which is not supported in NKI kernels; use the 'nki' package instead
          _pe_transpose_tile_J_vectorized(
          ^
/opt/aws_neuronx_venv_pytorch_inference_vllm_0_16/lib/python3.12/site-packages/neuronxcc/private_nkl/transpose.py:438:9: warning: 'neuronxcc.private_nkl.transpose._pe_store_tile' is from the 'neuronxcc' package which is not supported in NKI kernels; use the 'nki' package instead
        _pe_store_tile(
        ^
/opt/aws_neuronx_venv_pytorch_inference_vllm_0_16/lib/python3.12/site-packages/neuronxcc/private_nkl/transpose.py:527:17: warning: 'neuronxcc.private_nkl.utils.tiled_range.TiledRange' is from the 'neuronxcc' package which is not supported in NKI kernels; use the 'nki' package instead
  I_128_tiles = TiledRange(I_tile, nl.tile_size.pmax)
                ^
/opt/aws_neuronx_venv_pytorch_inference_vllm_0_16/lib/python3.12/site-packages/neuronxcc/private_nkl/transpose.py:529:17: warning: 'neuronxcc.private_nkl.utils.tiled_range.TiledRange' is from the 'neuronxcc' package which is not supported in NKI kernels; use the 'nki' package instead
  J_128_tiles = TiledRange(J_tile, nl.tile_size.pmax)
                ^
/opt/aws_neuronx_venv_pytorch_inference_vllm_0_16/lib/python3.12/site-packages/neuronxcc/private_nkl/transpose.py:538:21: warning: 'neuronxcc.private_nkl.utils.tiled_range.TiledRange' is from the 'neuronxcc' package which is not supported in NKI kernels; use the 'nki' package instead
  for J_128_tile in TiledRange(J_tile.size, nl.tile_size.pmax):
                    ^
/opt/aws_neuronx_venv_pytorch_inference_vllm_0_16/lib/python3.12/site-packages/neuronxcc/private_nkl/transpose.py:539:23: warning: 'neuronxcc.private_nkl.utils.tiled_range.TiledRange' is from the 'neuronxcc' package which is not supported in NKI kernels; use the 'nki' package instead
    for I_512_tile in TiledRange(I_tile.size, nl.tile_size.psum_fmax):
                      ^
/opt/aws_neuronx_venv_pytorch_inference_vllm_0_16/lib/python3.12/site-packages/neuronxcc/private_nkl/transpose.py:551:25: warning: 'neuronxcc.private_nkl.utils.tiled_range.TiledRange' is from the 'neuronxcc' package which is not supported in NKI kernels; use the 'nki' package instead
      for I_128_tile in TiledRange(I_512_tile, nl.tile_size.pmax):
                        ^
/opt/aws_neuronx_venv_pytorch_inference_vllm_0_16/lib/python3.12/site-packages/neuronxcc/private_nkl/transpose.py:569:7: warning: 'neuronxcc.private_nkl.transpose._copy_with_engine' is from the 'neuronxcc' package which is not supported in NKI kernels; use the 'nki' package instead
      _copy_with_engine(
      ^
/opt/aws_neuronx_venv_pytorch_inference_vllm_0_16/lib/python3.12/site-packages/neuronxcc/private_nkl/transpose.py:586:17: warning: 'neuronxcc.private_nkl.utils.tiled_range.TiledRange' is from the 'neuronxcc' package which is not supported in NKI kernels; use the 'nki' package instead
  I_128_tiles = TiledRange(I_tile, nl.tile_size.pmax)
                ^
/opt/aws_neuronx_venv_pytorch_inference_vllm_0_16/lib/python3.12/site-packages/neuronxcc/private_nkl/transpose.py:588:17: warning: 'neuronxcc.private_nkl.utils.tiled_range.TiledRange' is from the 'neuronxcc' package which is not supported in NKI kernels; use the 'nki' package instead
  J_128_tiles = TiledRange(J_tile, nl.tile_size.pmax)
                ^
/opt/aws_neuronx_venv_pytorch_inference_vllm_0_16/lib/python3.12/site-packages/neuronxcc/private_nkl/transpose.py:596:21: warning: 'neuronxcc.private_nkl.utils.tiled_range.TiledRange' is from the 'neuronxcc' package which is not supported in NKI kernels; use the 'nki' package instead
  for I_128_tile in TiledRange(I_tile.size, nl.tile_size.pmax):
                    ^
/opt/aws_neuronx_venv_pytorch_inference_vllm_0_16/lib/python3.12/site-packages/neuronxcc/private_nkl/transpose.py:597:23: warning: 'neuronxcc.private_nkl.utils.tiled_range.TiledRange' is from the 'neuronxcc' package which is not supported in NKI kernels; use the 'nki' package instead
    for J_512_tile in TiledRange(J_tile.size, nl.tile_size.psum_fmax):
                      ^
/opt/aws_neuronx_venv_pytorch_inference_vllm_0_16/lib/python3.12/site-packages/neuronxcc/private_nkl/transpose.py:609:25: warning: 'neuronxcc.private_nkl.utils.tiled_range.TiledRange' is from the 'neuronxcc' package which is not supported in NKI kernels; use the 'nki' package instead
      for J_128_tile in TiledRange(J_512_tile, nl.tile_size.pmax):
                        ^
/opt/aws_neuronx_venv_pytorch_inference_vllm_0_16/lib/python3.12/site-packages/neuronxcc/private_nkl/transpose.py:628:9: warning: 'neuronxcc.private_nkl.transpose._copy_with_engine' is from the 'neuronxcc' package which is not supported in NKI kernels; use the 'nki' package instead
        _copy_with_engine(
        ^
/opt/aws_neuronx_venv_pytorch_inference_vllm_0_16/lib/python3.12/site-packages/neuronxcc/private_nkl/transpose.py:652:9: warning: 'neuronxcc.private_nkl.transpose._copy_with_engine' is from the 'neuronxcc' package which is not supported in NKI kernels; use the 'nki' package instead
        _copy_with_engine(
        ^
/opt/aws_neuronx_venv_pytorch_inference_vllm_0_16/lib/python3.12/site-packages/neuronxcc/private_nkl/transpose.py:38:10: warning: 'neuronxcc.private_nkl.transpose_utils.is_valid_permutation' is from the 'neuronxcc' package which is not supported in NKI kernels; use the 'nki' package instead
  assert is_valid_permutation(permutation), "input permutation is invalid"
         ^
/opt/aws_neuronx_venv_pytorch_inference_vllm_0_16/lib/python3.12/site-packages/neuronxcc/private_nkl/transpose.py:41:10: warning: 'neuronxcc.private_nkl.transpose_utils.n_elts' is from the 'neuronxcc' package which is not supported in NKI kernels; use the 'nki' package instead
  assert n_elts(in_shape) == n_elts(in_tensor.shape), "tensor shape is invalid"
         ^
/opt/aws_neuronx_venv_pytorch_inference_vllm_0_16/lib/python3.12/site-packages/neuronxcc/private_nkl/transpose.py:41:30: warning: 'neuronxcc.private_nkl.transpose_utils.n_elts' is from the 'neuronxcc' package which is not supported in NKI kernels; use the 'nki' package instead
  assert n_elts(in_shape) == n_elts(in_tensor.shape), "tensor shape is invalid"
                             ^
/opt/aws_neuronx_venv_pytorch_inference_vllm_0_16/lib/python3.12/site-packages/neuronxcc/private_nkl/transpose.py:32:20: warning: 'neuronxcc.private_nkl.utils.StackAllocator.sizeinbytes' is from the 'neuronxcc' package which is not supported in NKI kernels; use the 'nki' package instead
  return (98304 // sizeinbytes(dtype)) // 2
                   ^
/opt/aws_neuronx_venv_pytorch_inference_vllm_0_16/lib/python3.12/site-packages/neuronxcc/private_nkl/transpose.py:886:29: warning: 'neuronxcc.private_nkl.utils.kernel_helpers.get_program_sharding_info' is from the 'neuronxcc' package which is not supported in NKI kernels; use the 'nki' package instead
  _, num_shards, shard_id = get_program_sharding_info()
                            ^
/opt/aws_neuronx_venv_pytorch_inference_vllm_0_16/lib/python3.12/site-packages/neuronxcc/private_nkl/transpose.py:887:9: warning: 'neuronxcc.private_nkl.transpose._pe_transpose' is from the 'neuronxcc' package which is not supported in NKI kernels; use the 'nki' package instead
  out = _pe_transpose(in_tensor, in_shape, permutation, out_dtype, num_shards, shard_id)
        ^
/opt/aws_neuronx_venv_pytorch_inference_vllm_0_16/lib/python3.12/site-packages/neuronxcc/private_nkl/transpose_utils.py:71:10: warning: 'neuronxcc.private_nkl.transpose_utils.is_valid_permutation' is from the 'neuronxcc' package which is not supported in NKI kernels; use the 'nki' package instead
  if not is_valid_permutation(permutation):
         ^
/opt/aws_neuronx_venv_pytorch_inference_vllm_0_16/lib/python3.12/site-packages/neuronxcc/private_nkl/utils/tiled_range.py:66:23: warning: 'neuronxcc.private_nkl.utils.tiled_range.TiledRangeIterator' is from the 'neuronxcc' package which is not supported in NKI kernels; use the 'nki' package instead
  if isinstance(size, TiledRangeIterator):
                      ^
/opt/aws_neuronx_venv_pytorch_inference_vllm_0_16/lib/python3.12/site-packages/neuronxcc/private_nkl/utils/tiled_range.py:84:22: warning: 'neuronxcc.private_nkl.utils.tiled_range.TiledRangeIterator' is from the 'neuronxcc' package which is not supported in NKI kernels; use the 'nki' package instead
    iterators.append(TiledRangeIterator(current_tile_size, i, base_offset + relative_offset))
                     ^
/opt/aws_neuronx_venv_pytorch_inference_vllm_0_16/lib/python3.12/site-packages/neuronxcc/private_nkl/transpose.py:458:17: warning: 'neuronxcc.private_nkl.utils.tiled_range.TiledRange' is from the 'neuronxcc' package which is not supported in NKI kernels; use the 'nki' package instead
  I_128_tiles = TiledRange(I_tile, nl.tile_size.pmax)
                ^
/opt/aws_neuronx_venv_pytorch_inference_vllm_0_16/lib/python3.12/site-packages/neuronxcc/private_nkl/transpose.py:465:33: warning: 'neuronxcc.private_nkl.utils.tiled_range.TiledRange' is from the 'neuronxcc' package which is not supported in NKI kernels; use the 'nki' package instead
    for vectorization_factor in TiledRange(num_full_128_tiles_per_I_tile, VECTORIZATION_FACTOR):
                                ^
/opt/aws_neuronx_venv_pytorch_inference_vllm_0_16/lib/python3.12/site-packages/neuronxcc/private_nkl/transpose.py:284:16: warning: 'neuronxcc.private_nkl.transpose.max_f_size' is from the 'neuronxcc' package which is not supported in NKI kernels; use the 'nki' package instead
  MAX_F_SIZE = max_f_size(dtype)
               ^
/opt/aws_neuronx_venv_pytorch_inference_vllm_0_16/lib/python3.12/site-packages/neuronxcc/private_nkl/transpose.py:289:15: warning: 'neuronxcc.private_nkl.transpose_utils.next_multiple' is from the 'neuronxcc' package which is not supported in NKI kernels; use the 'nki' package instead
    return I, next_multiple(min(J, MAX_F_SIZE), 128)
              ^
/opt/aws_neuronx_venv_pytorch_inference_vllm_0_16/lib/python3.12/site-packages/neuronxcc/private_nkl/transpose.py:291:12: warning: 'neuronxcc.private_nkl.transpose_utils.next_multiple' is from the 'neuronxcc' package which is not supported in NKI kernels; use the 'nki' package instead
    return next_multiple(min(I, MAX_F_SIZE), 128), J
           ^
/opt/aws_neuronx_venv_pytorch_inference_vllm_0_16/lib/python3.12/site-packages/neuronxcc/private_nkl/transpose.py:302:19: warning: 'neuronxcc.private_nkl.transpose_utils.next_multiple' is from the 'neuronxcc' package which is not supported in NKI kernels; use the 'nki' package instead
    I_tile_size = next_multiple(I_tile_size, 128)
                  ^
/opt/aws_neuronx_venv_pytorch_inference_vllm_0_16/lib/python3.12/site-packages/neuronxcc/private_nkl/transpose.py:303:19: warning: 'neuronxcc.private_nkl.transpose_utils.next_multiple' is from the 'neuronxcc' package which is not supported in NKI kernels; use the 'nki' package instead
    J_tile_size = next_multiple(J_tile_size, 128)
                  ^
/opt/aws_neuronx_venv_pytorch_inference_vllm_0_16/lib/python3.12/site-packages/neuronxcc/private_nkl/transpose.py:681:17: warning: 'neuronxcc.private_nkl.utils.tiled_range.TiledRange' is from the 'neuronxcc' package which is not supported in NKI kernels; use the 'nki' package instead
  J_128_tiles = TiledRange(J_tile, nl.tile_size.pmax)
                ^
/opt/aws_neuronx_venv_pytorch_inference_vllm_0_16/lib/python3.12/site-packages/neuronxcc/private_nkl/transpose.py:688:33: warning: 'neuronxcc.private_nkl.utils.tiled_range.TiledRange' is from the 'neuronxcc' package which is not supported in NKI kernels; use the 'nki' package instead
    for vectorization_factor in TiledRange(num_full_128_tiles_per_J_tile, VECTORIZATION_FACTOR):
                                ^
/opt/aws_neuronx_venv_pytorch_inference_vllm_0_16/lib/python3.12/site-packages/neuronxcc/private_nkl/transpose.py:751:3: warning: 'neuronxcc.private_nkl.transpose.check_input_transpose' is from the 'neuronxcc' package which is not supported in NKI kernels; use the 'nki' package instead
  check_input_transpose(in_tensor, in_shape, permutation)
  ^
/opt/aws_neuronx_venv_pytorch_inference_vllm_0_16/lib/python3.12/site-packages/neuronxcc/private_nkl/transpose.py:757:33: warning: 'neuronxcc.private_nkl.transpose_utils.permutation_reduction' is from the 'neuronxcc' package which is not supported in NKI kernels; use the 'nki' package instead
  reduced_perm, reduced_shape = permutation_reduction(in_shape, permutation)
                                ^
/opt/aws_neuronx_venv_pytorch_inference_vllm_0_16/lib/python3.12/site-packages/neuronxcc/private_nkl/transpose.py:758:10: warning: 'neuronxcc.private_nkl.transpose_utils.permutes_last_two_dims' is from the 'neuronxcc' package which is not supported in NKI kernels; use the 'nki' package instead
  assert permutes_last_two_dims(reduced_perm), f"must permutate last two dims, got {reduced_perm}"
         ^
/opt/aws_neuronx_venv_pytorch_inference_vllm_0_16/lib/python3.12/site-packages/neuronxcc/private_nkl/transpose.py:763:11: warning: 'neuronxcc.private_nkl.transpose._str_to_dtype' is from the 'neuronxcc' package which is not supported in NKI kernels; use the 'nki' package instead
    dtype=_str_to_dtype(out_dtype),
          ^
/opt/aws_neuronx_venv_pytorch_inference_vllm_0_16/lib/python3.12/site-packages/neuronxcc/private_nkl/transpose.py:764:12: warning: 'neuronxcc.private_nkl.transpose_utils._get_hbm_buffer' is from the 'neuronxcc' package which is not supported in NKI kernels; use the 'nki' package instead
    buffer=_get_hbm_buffer(),
           ^
/opt/aws_neuronx_venv_pytorch_inference_vllm_0_16/lib/python3.12/site-packages/neuronxcc/private_nkl/transpose.py:767:3: warning: 'neuronxcc.private_nkl.transpose._pe_transpose_impl' is from the 'neuronxcc' package which is not supported in NKI kernels; use the 'nki' package instead
  _pe_transpose_impl(in_tensor, out_tensor, num_shards, shard_id)
  ^
/opt/aws_neuronx_venv_pytorch_inference_vllm_0_16/lib/python3.12/site-packages/neuronxcc/private_nkl/transpose.py:373:25: warning: 'neuronxcc.private_nkl.transpose_utils.n_elts' is from the 'neuronxcc' package which is not supported in NKI kernels; use the 'nki' package instead
  flattened_B_dim = int(n_elts(in_shape[:-2])) if in_shape[:-2] else 1
                        ^
/opt/aws_neuronx_venv_pytorch_inference_vllm_0_16/lib/python3.12/site-packages/neuronxcc/private_nkl/transpose.py:378:30: warning: 'neuronxcc.private_nkl.transpose._pe_optimal_tile_sizes' is from the 'neuronxcc' package which is not supported in NKI kernels; use the 'nki' package instead
  I_tile_size, J_tile_size = _pe_optimal_tile_sizes(I, J, in_tensor.dtype)
                             ^
/opt/aws_neuronx_venv_pytorch_inference_vllm_0_16/lib/python3.12/site-packages/neuronxcc/private_nkl/transpose.py:381:17: warning: 'neuronxcc.private_nkl.utils.kernel_helpers.div_ceil' is from the 'neuronxcc' package which is not supported in NKI kernels; use the 'nki' package instead
  b_per_shard = div_ceil(flattened_B_dim, num_shards)
                ^
/opt/aws_neuronx_venv_pytorch_inference_vllm_0_16/lib/python3.12/site-packages/neuronxcc/private_nkl/transpose.py:384:19: warning: 'neuronxcc.private_nkl.transpose._to_compute_dtype' is from the 'neuronxcc' package which is not supported in NKI kernels; use the 'nki' package instead
  compute_dtype = _to_compute_dtype(in_tensor.dtype)
                  ^
/opt/aws_neuronx_venv_pytorch_inference_vllm_0_16/lib/python3.12/site-packages/neuronxcc/private_nkl/transpose.py:398:19: warning: 'neuronxcc.private_nkl.utils.tiled_range.TiledRange' is from the 'neuronxcc' package which is not supported in NKI kernels; use the 'nki' package instead
    for I_tile in TiledRange(I, I_tile_size):
                  ^
/opt/aws_neuronx_venv_pytorch_inference_vllm_0_16/lib/python3.12/site-packages/neuronxcc/private_nkl/transpose.py:399:21: warning: 'neuronxcc.private_nkl.utils.tiled_range.TiledRange' is from the 'neuronxcc' package which is not supported in NKI kernels; use the 'nki' package instead
      for J_tile in TiledRange(J, J_tile_size):
                    ^
/opt/aws_neuronx_venv_pytorch_inference_vllm_0_16/lib/python3.12/site-packages/neuronxcc/private_nkl/transpose.py:400:23: warning: 'neuronxcc.private_nkl.utils.tiled_range.TiledRange' is from the 'neuronxcc' package which is not supported in NKI kernels; use the 'nki' package instead
        I_128_tiles = TiledRange(I_tile, nl.tile_size.pmax)
                      ^
/opt/aws_neuronx_venv_pytorch_inference_vllm_0_16/lib/python3.12/site-packages/neuronxcc/private_nkl/transpose.py:405:23: warning: 'neuronxcc.private_nkl.utils.tiled_range.TiledRange' is from the 'neuronxcc' package which is not supported in NKI kernels; use the 'nki' package instead
        J_128_tiles = TiledRange(J_tile, nl.tile_size.pmax)
                      ^
/opt/aws_neuronx_venv_pytorch_inference_vllm_0_16/lib/python3.12/site-packages/neuronxcc/private_nkl/transpose.py:411:9: warning: 'neuronxcc.private_nkl.transpose._pe_load_tile' is from the 'neuronxcc' package which is not supported in NKI kernels; use the 'nki' package instead
        _pe_load_tile(
        ^
/opt/aws_neuronx_venv_pytorch_inference_vllm_0_16/lib/python3.12/site-packages/neuronxcc/private_nkl/transpose.py:422:11: warning: 'neuronxcc.private_nkl.transpose._pe_transpose_tile_I_vectorized' is from the 'neuronxcc' package which is not supported in NKI kernels; use the 'nki' package instead
          _pe_transpose_tile_I_vectorized(
          ^
/opt/aws_neuronx_venv_pytorch_inference_vllm_0_16/lib/python3.12/site-packages/neuronxcc/private_nkl/transpose.py:430:11: warning: 'neuronxcc.private_nkl.transpose._pe_transpose_tile_J_vectorized' is from the 'neuronxcc' package which is not supported in NKI kernels; use the 'nki' package instead
          _pe_transpose_tile_J_vectorized(
          ^
/opt/aws_neuronx_venv_pytorch_inference_vllm_0_16/lib/python3.12/site-packages/neuronxcc/private_nkl/transpose.py:438:9: warning: 'neuronxcc.private_nkl.transpose._pe_store_tile' is from the 'neuronxcc' package which is not supported in NKI kernels; use the 'nki' package instead
        _pe_store_tile(
        ^
/opt/aws_neuronx_venv_pytorch_inference_vllm_0_16/lib/python3.12/site-packages/neuronxcc/private_nkl/transpose.py:527:17: warning: 'neuronxcc.private_nkl.utils.tiled_range.TiledRange' is from the 'neuronxcc' package which is not supported in NKI kernels; use the 'nki' package instead
  I_128_tiles = TiledRange(I_tile, nl.tile_size.pmax)
                ^
/opt/aws_neuronx_venv_pytorch_inference_vllm_0_16/lib/python3.12/site-packages/neuronxcc/private_nkl/transpose.py:529:17: warning: 'neuronxcc.private_nkl.utils.tiled_range.TiledRange' is from the 'neuronxcc' package which is not supported in NKI kernels; use the 'nki' package instead
  J_128_tiles = TiledRange(J_tile, nl.tile_size.pmax)
                ^
/opt/aws_neuronx_venv_pytorch_inference_vllm_0_16/lib/python3.12/site-packages/neuronxcc/private_nkl/transpose.py:538:21: warning: 'neuronxcc.private_nkl.utils.tiled_range.TiledRange' is from the 'neuronxcc' package which is not supported in NKI kernels; use the 'nki' package instead
  for J_128_tile in TiledRange(J_tile.size, nl.tile_size.pmax):
                    ^
/opt/aws_neuronx_venv_pytorch_inference_vllm_0_16/lib/python3.12/site-packages/neuronxcc/private_nkl/transpose.py:539:23: warning: 'neuronxcc.private_nkl.utils.tiled_range.TiledRange' is from the 'neuronxcc' package which is not supported in NKI kernels; use the 'nki' package instead
    for I_512_tile in TiledRange(I_tile.size, nl.tile_size.psum_fmax):
                      ^
/opt/aws_neuronx_venv_pytorch_inference_vllm_0_16/lib/python3.12/site-packages/neuronxcc/private_nkl/transpose.py:551:25: warning: 'neuronxcc.private_nkl.utils.tiled_range.TiledRange' is from the 'neuronxcc' package which is not supported in NKI kernels; use the 'nki' package instead
      for I_128_tile in TiledRange(I_512_tile, nl.tile_size.pmax):
                        ^
/opt/aws_neuronx_venv_pytorch_inference_vllm_0_16/lib/python3.12/site-packages/neuronxcc/private_nkl/transpose.py:569:7: warning: 'neuronxcc.private_nkl.transpose._copy_with_engine' is from the 'neuronxcc' package which is not supported in NKI kernels; use the 'nki' package instead
      _copy_with_engine(
      ^
/opt/aws_neuronx_venv_pytorch_inference_vllm_0_16/lib/python3.12/site-packages/neuronxcc/private_nkl/transpose.py:586:17: warning: 'neuronxcc.private_nkl.utils.tiled_range.TiledRange' is from the 'neuronxcc' package which is not supported in NKI kernels; use the 'nki' package instead
  I_128_tiles = TiledRange(I_tile, nl.tile_size.pmax)
                ^
/opt/aws_neuronx_venv_pytorch_inference_vllm_0_16/lib/python3.12/site-packages/neuronxcc/private_nkl/transpose.py:588:17: warning: 'neuronxcc.private_nkl.utils.tiled_range.TiledRange' is from the 'neuronxcc' package which is not supported in NKI kernels; use the 'nki' package instead
  J_128_tiles = TiledRange(J_tile, nl.tile_size.pmax)
                ^
/opt/aws_neuronx_venv_pytorch_inference_vllm_0_16/lib/python3.12/site-packages/neuronxcc/private_nkl/transpose.py:596:21: warning: 'neuronxcc.private_nkl.utils.tiled_range.TiledRange' is from the 'neuronxcc' package which is not supported in NKI kernels; use the 'nki' package instead
  for I_128_tile in TiledRange(I_tile.size, nl.tile_size.pmax):
                    ^
/opt/aws_neuronx_venv_pytorch_inference_vllm_0_16/lib/python3.12/site-packages/neuronxcc/private_nkl/transpose.py:597:23: warning: 'neuronxcc.private_nkl.utils.tiled_range.TiledRange' is from the 'neuronxcc' package which is not supported in NKI kernels; use the 'nki' package instead
    for J_512_tile in TiledRange(J_tile.size, nl.tile_size.psum_fmax):
                      ^
/opt/aws_neuronx_venv_pytorch_inference_vllm_0_16/lib/python3.12/site-packages/neuronxcc/private_nkl/transpose.py:609:25: warning: 'neuronxcc.private_nkl.utils.tiled_range.TiledRange' is from the 'neuronxcc' package which is not supported in NKI kernels; use the 'nki' package instead
      for J_128_tile in TiledRange(J_512_tile, nl.tile_size.pmax):
                        ^
/opt/aws_neuronx_venv_pytorch_inference_vllm_0_16/lib/python3.12/site-packages/neuronxcc/private_nkl/transpose.py:628:9: warning: 'neuronxcc.private_nkl.transpose._copy_with_engine' is from the 'neuronxcc' package which is not supported in NKI kernels; use the 'nki' package instead
        _copy_with_engine(
        ^
/opt/aws_neuronx_venv_pytorch_inference_vllm_0_16/lib/python3.12/site-packages/neuronxcc/private_nkl/transpose.py:652:9: warning: 'neuronxcc.private_nkl.transpose._copy_with_engine' is from the 'neuronxcc' package which is not supported in NKI kernels; use the 'nki' package instead
        _copy_with_engine(
        ^
/opt/aws_neuronx_venv_pytorch_inference_vllm_0_16/lib/python3.12/site-packages/neuronxcc/private_nkl/transpose.py:38:10: warning: 'neuronxcc.private_nkl.transpose_utils.is_valid_permutation' is from the 'neuronxcc' package which is not supported in NKI kernels; use the 'nki' package instead
  assert is_valid_permutation(permutation), "input permutation is invalid"
         ^
/opt/aws_neuronx_venv_pytorch_inference_vllm_0_16/lib/python3.12/site-packages/neuronxcc/private_nkl/transpose.py:41:10: warning: 'neuronxcc.private_nkl.transpose_utils.n_elts' is from the 'neuronxcc' package which is not supported in NKI kernels; use the 'nki' package instead
  assert n_elts(in_shape) == n_elts(in_tensor.shape), "tensor shape is invalid"
         ^
/opt/aws_neuronx_venv_pytorch_inference_vllm_0_16/lib/python3.12/site-packages/neuronxcc/private_nkl/transpose.py:41:30: warning: 'neuronxcc.private_nkl.transpose_utils.n_elts' is from the 'neuronxcc' package which is not supported in NKI kernels; use the 'nki' package instead
  assert n_elts(in_shape) == n_elts(in_tensor.shape), "tensor shape is invalid"
                             ^
/opt/aws_neuronx_venv_pytorch_inference_vllm_0_16/lib/python3.12/site-packages/neuronxcc/private_nkl/transpose.py:32:20: warning: 'neuronxcc.private_nkl.utils.StackAllocator.sizeinbytes' is from the 'neuronxcc' package which is not supported in NKI kernels; use the 'nki' package instead
  return (98304 // sizeinbytes(dtype)) // 2
                   ^
/opt/aws_neuronx_venv_pytorch_inference_vllm_0_16/lib/python3.12/site-packages/neuronxcc/private_nkl/transpose.py:886:29: warning: 'neuronxcc.private_nkl.utils.kernel_helpers.get_program_sharding_info' is from the 'neuronxcc' package which is not supported in NKI kernels; use the 'nki' package instead
  _, num_shards, shard_id = get_program_sharding_info()
                            ^
/opt/aws_neuronx_venv_pytorch_inference_vllm_0_16/lib/python3.12/site-packages/neuronxcc/private_nkl/transpose.py:887:9: warning: 'neuronxcc.private_nkl.transpose._pe_transpose' is from the 'neuronxcc' package which is not supported in NKI kernels; use the 'nki' package instead
  out = _pe_transpose(in_tensor, in_shape, permutation, out_dtype, num_shards, shard_id)
        ^
/opt/aws_neuronx_venv_pytorch_inference_vllm_0_16/lib/python3.12/site-packages/neuronxcc/private_nkl/transpose_utils.py:71:10: warning: 'neuronxcc.private_nkl.transpose_utils.is_valid_permutation' is from the 'neuronxcc' package which is not supported in NKI kernels; use the 'nki' package instead
  if not is_valid_permutation(permutation):
         ^
/opt/aws_neuronx_venv_pytorch_inference_vllm_0_16/lib/python3.12/site-packages/neuronxcc/private_nkl/utils/tiled_range.py:66:23: warning: 'neuronxcc.private_nkl.utils.tiled_range.TiledRangeIterator' is from the 'neuronxcc' package which is not supported in NKI kernels; use the 'nki' package instead
  if isinstance(size, TiledRangeIterator):
                      ^
/opt/aws_neuronx_venv_pytorch_inference_vllm_0_16/lib/python3.12/site-packages/neuronxcc/private_nkl/utils/tiled_range.py:84:22: warning: 'neuronxcc.private_nkl.utils.tiled_range.TiledRangeIterator' is from the 'neuronxcc' package which is not supported in NKI kernels; use the 'nki' package instead
    iterators.append(TiledRangeIterator(current_tile_size, i, base_offset + relative_offset))
                     ^
/opt/aws_neuronx_venv_pytorch_inference_vllm_0_16/lib/python3.12/site-packages/neuronxcc/private_nkl/transpose.py:458:17: warning: 'neuronxcc.private_nkl.utils.tiled_range.TiledRange' is from the 'neuronxcc' package which is not supported in NKI kernels; use the 'nki' package instead
  I_128_tiles = TiledRange(I_tile, nl.tile_size.pmax)
                ^
/opt/aws_neuronx_venv_pytorch_inference_vllm_0_16/lib/python3.12/site-packages/neuronxcc/private_nkl/transpose.py:465:33: warning: 'neuronxcc.private_nkl.utils.tiled_range.TiledRange' is from the 'neuronxcc' package which is not supported in NKI kernels; use the 'nki' package instead
    for vectorization_factor in TiledRange(num_full_128_tiles_per_I_tile, VECTORIZATION_FACTOR):
                                ^
/opt/aws_neuronx_venv_pytorch_inference_vllm_0_16/lib/python3.12/site-packages/neuronxcc/private_nkl/transpose.py:284:16: warning: 'neuronxcc.private_nkl.transpose.max_f_size' is from the 'neuronxcc' package which is not supported in NKI kernels; use the 'nki' package instead
  MAX_F_SIZE = max_f_size(dtype)
               ^
/opt/aws_neuronx_venv_pytorch_inference_vllm_0_16/lib/python3.12/site-packages/neuronxcc/private_nkl/transpose.py:289:15: warning: 'neuronxcc.private_nkl.transpose_utils.next_multiple' is from the 'neuronxcc' package which is not supported in NKI kernels; use the 'nki' package instead
    return I, next_multiple(min(J, MAX_F_SIZE), 128)
              ^
/opt/aws_neuronx_venv_pytorch_inference_vllm_0_16/lib/python3.12/site-packages/neuronxcc/private_nkl/transpose.py:291:12: warning: 'neuronxcc.private_nkl.transpose_utils.next_multiple' is from the 'neuronxcc' package which is not supported in NKI kernels; use the 'nki' package instead
    return next_multiple(min(I, MAX_F_SIZE), 128), J
           ^
/opt/aws_neuronx_venv_pytorch_inference_vllm_0_16/lib/python3.12/site-packages/neuronxcc/private_nkl/transpose.py:302:19: warning: 'neuronxcc.private_nkl.transpose_utils.next_multiple' is from the 'neuronxcc' package which is not supported in NKI kernels; use the 'nki' package instead
    I_tile_size = next_multiple(I_tile_size, 128)
                  ^
/opt/aws_neuronx_venv_pytorch_inference_vllm_0_16/lib/python3.12/site-packages/neuronxcc/private_nkl/transpose.py:303:19: warning: 'neuronxcc.private_nkl.transpose_utils.next_multiple' is from the 'neuronxcc' package which is not supported in NKI kernels; use the 'nki' package instead
    J_tile_size = next_multiple(J_tile_size, 128)
                  ^
/opt/aws_neuronx_venv_pytorch_inference_vllm_0_16/lib/python3.12/site-packages/neuronxcc/private_nkl/transpose.py:681:17: warning: 'neuronxcc.private_nkl.utils.tiled_range.TiledRange' is from the 'neuronxcc' package which is not supported in NKI kernels; use the 'nki' package instead
  J_128_tiles = TiledRange(J_tile, nl.tile_size.pmax)
                ^
/opt/aws_neuronx_venv_pytorch_inference_vllm_0_16/lib/python3.12/site-packages/neuronxcc/private_nkl/transpose.py:688:33: warning: 'neuronxcc.private_nkl.utils.tiled_range.TiledRange' is from the 'neuronxcc' package which is not supported in NKI kernels; use the 'nki' package instead
    for vectorization_factor in TiledRange(num_full_128_tiles_per_J_tile, VECTORIZATION_FACTOR):
                                ^
/opt/aws_neuronx_venv_pytorch_inference_vllm_0_16/lib/python3.12/site-packages/neuronxcc/private_nkl/transpose.py:751:3: warning: 'neuronxcc.private_nkl.transpose.check_input_transpose' is from the 'neuronxcc' package which is not supported in NKI kernels; use the 'nki' package instead
  check_input_transpose(in_tensor, in_shape, permutation)
  ^
/opt/aws_neuronx_venv_pytorch_inference_vllm_0_16/lib/python3.12/site-packages/neuronxcc/private_nkl/transpose.py:757:33: warning: 'neuronxcc.private_nkl.transpose_utils.permutation_reduction' is from the 'neuronxcc' package which is not supported in NKI kernels; use the 'nki' package instead
  reduced_perm, reduced_shape = permutation_reduction(in_shape, permutation)
                                ^
/opt/aws_neuronx_venv_pytorch_inference_vllm_0_16/lib/python3.12/site-packages/neuronxcc/private_nkl/transpose.py:758:10: warning: 'neuronxcc.private_nkl.transpose_utils.permutes_last_two_dims' is from the 'neuronxcc' package which is not supported in NKI kernels; use the 'nki' package instead
  assert permutes_last_two_dims(reduced_perm), f"must permutate last two dims, got {reduced_perm}"
         ^
/opt/aws_neuronx_venv_pytorch_inference_vllm_0_16/lib/python3.12/site-packages/neuronxcc/private_nkl/transpose.py:763:11: warning: 'neuronxcc.private_nkl.transpose._str_to_dtype' is from the 'neuronxcc' package which is not supported in NKI kernels; use the 'nki' package instead
    dtype=_str_to_dtype(out_dtype),
          ^
/opt/aws_neuronx_venv_pytorch_inference_vllm_0_16/lib/python3.12/site-packages/neuronxcc/private_nkl/transpose.py:764:12: warning: 'neuronxcc.private_nkl.transpose_utils._get_hbm_buffer' is from the 'neuronxcc' package which is not supported in NKI kernels; use the 'nki' package instead
    buffer=_get_hbm_buffer(),
           ^
/opt/aws_neuronx_venv_pytorch_inference_vllm_0_16/lib/python3.12/site-packages/neuronxcc/private_nkl/transpose.py:767:3: warning: 'neuronxcc.private_nkl.transpose._pe_transpose_impl' is from the 'neuronxcc' package which is not supported in NKI kernels; use the 'nki' package instead
  _pe_transpose_impl(in_tensor, out_tensor, num_shards, shard_id)
  ^
/opt/aws_neuronx_venv_pytorch_inference_vllm_0_16/lib/python3.12/site-packages/neuronxcc/private_nkl/transpose.py:373:25: warning: 'neuronxcc.private_nkl.transpose_utils.n_elts' is from the 'neuronxcc' package which is not supported in NKI kernels; use the 'nki' package instead
  flattened_B_dim = int(n_elts(in_shape[:-2])) if in_shape[:-2] else 1
                        ^
/opt/aws_neuronx_venv_pytorch_inference_vllm_0_16/lib/python3.12/site-packages/neuronxcc/private_nkl/transpose.py:378:30: warning: 'neuronxcc.private_nkl.transpose._pe_optimal_tile_sizes' is from the 'neuronxcc' package which is not supported in NKI kernels; use the 'nki' package instead
  I_tile_size, J_tile_size = _pe_optimal_tile_sizes(I, J, in_tensor.dtype)
                             ^
/opt/aws_neuronx_venv_pytorch_inference_vllm_0_16/lib/python3.12/site-packages/neuronxcc/private_nkl/transpose.py:381:17: warning: 'neuronxcc.private_nkl.utils.kernel_helpers.div_ceil' is from the 'neuronxcc' package which is not supported in NKI kernels; use the 'nki' package instead
  b_per_shard = div_ceil(flattened_B_dim, num_shards)
                ^
/opt/aws_neuronx_venv_pytorch_inference_vllm_0_16/lib/python3.12/site-packages/neuronxcc/private_nkl/transpose.py:384:19: warning: 'neuronxcc.private_nkl.transpose._to_compute_dtype' is from the 'neuronxcc' package which is not supported in NKI kernels; use the 'nki' package instead
  compute_dtype = _to_compute_dtype(in_tensor.dtype)
                  ^
/opt/aws_neuronx_venv_pytorch_inference_vllm_0_16/lib/python3.12/site-packages/neuronxcc/private_nkl/transpose.py:398:19: warning: 'neuronxcc.private_nkl.utils.tiled_range.TiledRange' is from the 'neuronxcc' package which is not supported in NKI kernels; use the 'nki' package instead
    for I_tile in TiledRange(I, I_tile_size):
                  ^
/opt/aws_neuronx_venv_pytorch_inference_vllm_0_16/lib/python3.12/site-packages/neuronxcc/private_nkl/transpose.py:399:21: warning: 'neuronxcc.private_nkl.utils.tiled_range.TiledRange' is from the 'neuronxcc' package which is not supported in NKI kernels; use the 'nki' package instead
      for J_tile in TiledRange(J, J_tile_size):
                    ^
/opt/aws_neuronx_venv_pytorch_inference_vllm_0_16/lib/python3.12/site-packages/neuronxcc/private_nkl/transpose.py:400:23: warning: 'neuronxcc.private_nkl.utils.tiled_range.TiledRange' is from the 'neuronxcc' package which is not supported in NKI kernels; use the 'nki' package instead
        I_128_tiles = TiledRange(I_tile, nl.tile_size.pmax)
                      ^
/opt/aws_neuronx_venv_pytorch_inference_vllm_0_16/lib/python3.12/site-packages/neuronxcc/private_nkl/transpose.py:405:23: warning: 'neuronxcc.private_nkl.utils.tiled_range.TiledRange' is from the 'neuronxcc' package which is not supported in NKI kernels; use the 'nki' package instead
        J_128_tiles = TiledRange(J_tile, nl.tile_size.pmax)
                      ^
/opt/aws_neuronx_venv_pytorch_inference_vllm_0_16/lib/python3.12/site-packages/neuronxcc/private_nkl/transpose.py:411:9: warning: 'neuronxcc.private_nkl.transpose._pe_load_tile' is from the 'neuronxcc' package which is not supported in NKI kernels; use the 'nki' package instead
        _pe_load_tile(
        ^
/opt/aws_neuronx_venv_pytorch_inference_vllm_0_16/lib/python3.12/site-packages/neuronxcc/private_nkl/transpose.py:422:11: warning: 'neuronxcc.private_nkl.transpose._pe_transpose_tile_I_vectorized' is from the 'neuronxcc' package which is not supported in NKI kernels; use the 'nki' package instead
          _pe_transpose_tile_I_vectorized(
          ^
/opt/aws_neuronx_venv_pytorch_inference_vllm_0_16/lib/python3.12/site-packages/neuronxcc/private_nkl/transpose.py:430:11: warning: 'neuronxcc.private_nkl.transpose._pe_transpose_tile_J_vectorized' is from the 'neuronxcc' package which is not supported in NKI kernels; use the 'nki' package instead
          _pe_transpose_tile_J_vectorized(
          ^
/opt/aws_neuronx_venv_pytorch_inference_vllm_0_16/lib/python3.12/site-packages/neuronxcc/private_nkl/transpose.py:438:9: warning: 'neuronxcc.private_nkl.transpose._pe_store_tile' is from the 'neuronxcc' package which is not supported in NKI kernels; use the 'nki' package instead
        _pe_store_tile(
        ^
/opt/aws_neuronx_venv_pytorch_inference_vllm_0_16/lib/python3.12/site-packages/neuronxcc/private_nkl/transpose.py:527:17: warning: 'neuronxcc.private_nkl.utils.tiled_range.TiledRange' is from the 'neuronxcc' package which is not supported in NKI kernels; use the 'nki' package instead
  I_128_tiles = TiledRange(I_tile, nl.tile_size.pmax)
                ^
/opt/aws_neuronx_venv_pytorch_inference_vllm_0_16/lib/python3.12/site-packages/neuronxcc/private_nkl/transpose.py:529:17: warning: 'neuronxcc.private_nkl.utils.tiled_range.TiledRange' is from the 'neuronxcc' package which is not supported in NKI kernels; use the 'nki' package instead
  J_128_tiles = TiledRange(J_tile, nl.tile_size.pmax)
                ^
/opt/aws_neuronx_venv_pytorch_inference_vllm_0_16/lib/python3.12/site-packages/neuronxcc/private_nkl/transpose.py:538:21: warning: 'neuronxcc.private_nkl.utils.tiled_range.TiledRange' is from the 'neuronxcc' package which is not supported in NKI kernels; use the 'nki' package instead
  for J_128_tile in TiledRange(J_tile.size, nl.tile_size.pmax):
                    ^
/opt/aws_neuronx_venv_pytorch_inference_vllm_0_16/lib/python3.12/site-packages/neuronxcc/private_nkl/transpose.py:539:23: warning: 'neuronxcc.private_nkl.utils.tiled_range.TiledRange' is from the 'neuronxcc' package which is not supported in NKI kernels; use the 'nki' package instead
    for I_512_tile in TiledRange(I_tile.size, nl.tile_size.psum_fmax):
                      ^
/opt/aws_neuronx_venv_pytorch_inference_vllm_0_16/lib/python3.12/site-packages/neuronxcc/private_nkl/transpose.py:551:25: warning: 'neuronxcc.private_nkl.utils.tiled_range.TiledRange' is from the 'neuronxcc' package which is not supported in NKI kernels; use the 'nki' package instead
      for I_128_tile in TiledRange(I_512_tile, nl.tile_size.pmax):
                        ^
/opt/aws_neuronx_venv_pytorch_inference_vllm_0_16/lib/python3.12/site-packages/neuronxcc/private_nkl/transpose.py:569:7: warning: 'neuronxcc.private_nkl.transpose._copy_with_engine' is from the 'neuronxcc' package which is not supported in NKI kernels; use the 'nki' package instead
      _copy_with_engine(
      ^
/opt/aws_neuronx_venv_pytorch_inference_vllm_0_16/lib/python3.12/site-packages/neuronxcc/private_nkl/transpose.py:586:17: warning: 'neuronxcc.private_nkl.utils.tiled_range.TiledRange' is from the 'neuronxcc' package which is not supported in NKI kernels; use the 'nki' package instead
  I_128_tiles = TiledRange(I_tile, nl.tile_size.pmax)
                ^
/opt/aws_neuronx_venv_pytorch_inference_vllm_0_16/lib/python3.12/site-packages/neuronxcc/private_nkl/transpose.py:588:17: warning: 'neuronxcc.private_nkl.utils.tiled_range.TiledRange' is from the 'neuronxcc' package which is not supported in NKI kernels; use the 'nki' package instead
  J_128_tiles = TiledRange(J_tile, nl.tile_size.pmax)
                ^
/opt/aws_neuronx_venv_pytorch_inference_vllm_0_16/lib/python3.12/site-packages/neuronxcc/private_nkl/transpose.py:596:21: warning: 'neuronxcc.private_nkl.utils.tiled_range.TiledRange' is from the 'neuronxcc' package which is not supported in NKI kernels; use the 'nki' package instead
  for I_128_tile in TiledRange(I_tile.size, nl.tile_size.pmax):
                    ^
/opt/aws_neuronx_venv_pytorch_inference_vllm_0_16/lib/python3.12/site-packages/neuronxcc/private_nkl/transpose.py:597:23: warning: 'neuronxcc.private_nkl.utils.tiled_range.TiledRange' is from the 'neuronxcc' package which is not supported in NKI kernels; use the 'nki' package instead
    for J_512_tile in TiledRange(J_tile.size, nl.tile_size.psum_fmax):
                      ^
/opt/aws_neuronx_venv_pytorch_inference_vllm_0_16/lib/python3.12/site-packages/neuronxcc/private_nkl/transpose.py:609:25: warning: 'neuronxcc.private_nkl.utils.tiled_range.TiledRange' is from the 'neuronxcc' package which is not supported in NKI kernels; use the 'nki' package instead
      for J_128_tile in TiledRange(J_512_tile, nl.tile_size.pmax):
                        ^
/opt/aws_neuronx_venv_pytorch_inference_vllm_0_16/lib/python3.12/site-packages/neuronxcc/private_nkl/transpose.py:628:9: warning: 'neuronxcc.private_nkl.transpose._copy_with_engine' is from the 'neuronxcc' package which is not supported in NKI kernels; use the 'nki' package instead
        _copy_with_engine(
        ^
/opt/aws_neuronx_venv_pytorch_inference_vllm_0_16/lib/python3.12/site-packages/neuronxcc/private_nkl/transpose.py:652:9: warning: 'neuronxcc.private_nkl.transpose._copy_with_engine' is from the 'neuronxcc' package which is not supported in NKI kernels; use the 'nki' package instead
        _copy_with_engine(
        ^
/opt/aws_neuronx_venv_pytorch_inference_vllm_0_16/lib/python3.12/site-packages/neuronxcc/private_nkl/transpose.py:38:10: warning: 'neuronxcc.private_nkl.transpose_utils.is_valid_permutation' is from the 'neuronxcc' package which is not supported in NKI kernels; use the 'nki' package instead
  assert is_valid_permutation(permutation), "input permutation is invalid"
         ^
/opt/aws_neuronx_venv_pytorch_inference_vllm_0_16/lib/python3.12/site-packages/neuronxcc/private_nkl/transpose.py:41:10: warning: 'neuronxcc.private_nkl.transpose_utils.n_elts' is from the 'neuronxcc' package which is not supported in NKI kernels; use the 'nki' package instead
  assert n_elts(in_shape) == n_elts(in_tensor.shape), "tensor shape is invalid"
         ^
/opt/aws_neuronx_venv_pytorch_inference_vllm_0_16/lib/python3.12/site-packages/neuronxcc/private_nkl/transpose.py:41:30: warning: 'neuronxcc.private_nkl.transpose_utils.n_elts' is from the 'neuronxcc' package which is not supported in NKI kernels; use the 'nki' package instead
  assert n_elts(in_shape) == n_elts(in_tensor.shape), "tensor shape is invalid"
                             ^
/opt/aws_neuronx_venv_pytorch_inference_vllm_0_16/lib/python3.12/site-packages/neuronxcc/private_nkl/transpose.py:32:20: warning: 'neuronxcc.private_nkl.utils.StackAllocator.sizeinbytes' is from the 'neuronxcc' package which is not supported in NKI kernels; use the 'nki' package instead
  return (98304 // sizeinbytes(dtype)) // 2
                   ^
/opt/aws_neuronx_venv_pytorch_inference_vllm_0_16/lib/python3.12/site-packages/neuronxcc/private_nkl/transpose.py:886:29: warning: 'neuronxcc.private_nkl.utils.kernel_helpers.get_program_sharding_info' is from the 'neuronxcc' package which is not supported in NKI kernels; use the 'nki' package instead
  _, num_shards, shard_id = get_program_sharding_info()
                            ^
/opt/aws_neuronx_venv_pytorch_inference_vllm_0_16/lib/python3.12/site-packages/neuronxcc/private_nkl/transpose.py:887:9: warning: 'neuronxcc.private_nkl.transpose._pe_transpose' is from the 'neuronxcc' package which is not supported in NKI kernels; use the 'nki' package instead
  out = _pe_transpose(in_tensor, in_shape, permutation, out_dtype, num_shards, shard_id)
        ^
/opt/aws_neuronx_venv_pytorch_inference_vllm_0_16/lib/python3.12/site-packages/neuronxcc/private_nkl/transpose_utils.py:71:10: warning: 'neuronxcc.private_nkl.transpose_utils.is_valid_permutation' is from the 'neuronxcc' package which is not supported in NKI kernels; use the 'nki' package instead
  if not is_valid_permutation(permutation):
         ^
/opt/aws_neuronx_venv_pytorch_inference_vllm_0_16/lib/python3.12/site-packages/neuronxcc/private_nkl/utils/tiled_range.py:66:23: warning: 'neuronxcc.private_nkl.utils.tiled_range.TiledRangeIterator' is from the 'neuronxcc' package which is not supported in NKI kernels; use the 'nki' package instead
  if isinstance(size, TiledRangeIterator):
                      ^
/opt/aws_neuronx_venv_pytorch_inference_vllm_0_16/lib/python3.12/site-packages/neuronxcc/private_nkl/utils/tiled_range.py:84:22: warning: 'neuronxcc.private_nkl.utils.tiled_range.TiledRangeIterator' is from the 'neuronxcc' package which is not supported in NKI kernels; use the 'nki' package instead
    iterators.append(TiledRangeIterator(current_tile_size, i, base_offset + relative_offset))
                     ^
/opt/aws_neuronx_venv_pytorch_inference_vllm_0_16/lib/python3.12/site-packages/neuronxcc/private_nkl/transpose.py:458:17: warning: 'neuronxcc.private_nkl.utils.tiled_range.TiledRange' is from the 'neuronxcc' package which is not supported in NKI kernels; use the 'nki' package instead
  I_128_tiles = TiledRange(I_tile, nl.tile_size.pmax)
                ^
/opt/aws_neuronx_venv_pytorch_inference_vllm_0_16/lib/python3.12/site-packages/neuronxcc/private_nkl/transpose.py:465:33: warning: 'neuronxcc.private_nkl.utils.tiled_range.TiledRange' is from the 'neuronxcc' package which is not supported in NKI kernels; use the 'nki' package instead
    for vectorization_factor in TiledRange(num_full_128_tiles_per_I_tile, VECTORIZATION_FACTOR):
                                ^
/opt/aws_neuronx_venv_pytorch_inference_vllm_0_16/lib/python3.12/site-packages/neuronxcc/private_nkl/transpose.py:284:16: warning: 'neuronxcc.private_nkl.transpose.max_f_size' is from the 'neuronxcc' package which is not supported in NKI kernels; use the 'nki' package instead
  MAX_F_SIZE = max_f_size(dtype)
               ^
/opt/aws_neuronx_venv_pytorch_inference_vllm_0_16/lib/python3.12/site-packages/neuronxcc/private_nkl/transpose.py:289:15: warning: 'neuronxcc.private_nkl.transpose_utils.next_multiple' is from the 'neuronxcc' package which is not supported in NKI kernels; use the 'nki' package instead
    return I, next_multiple(min(J, MAX_F_SIZE), 128)
              ^
/opt/aws_neuronx_venv_pytorch_inference_vllm_0_16/lib/python3.12/site-packages/neuronxcc/private_nkl/transpose.py:291:12: warning: 'neuronxcc.private_nkl.transpose_utils.next_multiple' is from the 'neuronxcc' package which is not supported in NKI kernels; use the 'nki' package instead
    return next_multiple(min(I, MAX_F_SIZE), 128), J
           ^
/opt/aws_neuronx_venv_pytorch_inference_vllm_0_16/lib/python3.12/site-packages/neuronxcc/private_nkl/transpose.py:302:19: warning: 'neuronxcc.private_nkl.transpose_utils.next_multiple' is from the 'neuronxcc' package which is not supported in NKI kernels; use the 'nki' package instead
    I_tile_size = next_multiple(I_tile_size, 128)
                  ^
/opt/aws_neuronx_venv_pytorch_inference_vllm_0_16/lib/python3.12/site-packages/neuronxcc/private_nkl/transpose.py:303:19: warning: 'neuronxcc.private_nkl.transpose_utils.next_multiple' is from the 'neuronxcc' package which is not supported in NKI kernels; use the 'nki' package instead
    J_tile_size = next_multiple(J_tile_size, 128)
                  ^
/opt/aws_neuronx_venv_pytorch_inference_vllm_0_16/lib/python3.12/site-packages/neuronxcc/private_nkl/transpose.py:681:17: warning: 'neuronxcc.private_nkl.utils.tiled_range.TiledRange' is from the 'neuronxcc' package which is not supported in NKI kernels; use the 'nki' package instead
  J_128_tiles = TiledRange(J_tile, nl.tile_size.pmax)
                ^
/opt/aws_neuronx_venv_pytorch_inference_vllm_0_16/lib/python3.12/site-packages/neuronxcc/private_nkl/transpose.py:688:33: warning: 'neuronxcc.private_nkl.utils.tiled_range.TiledRange' is from the 'neuronxcc' package which is not supported in NKI kernels; use the 'nki' package instead
    for vectorization_factor in TiledRange(num_full_128_tiles_per_J_tile, VECTORIZATION_FACTOR):
                                ^
/opt/aws_neuronx_venv_pytorch_inference_vllm_0_16/lib/python3.12/site-packages/neuronxcc/private_nkl/transpose.py:751:3: warning: 'neuronxcc.private_nkl.transpose.check_input_transpose' is from the 'neuronxcc' package which is not supported in NKI kernels; use the 'nki' package instead
  check_input_transpose(in_tensor, in_shape, permutation)
  ^
/opt/aws_neuronx_venv_pytorch_inference_vllm_0_16/lib/python3.12/site-packages/neuronxcc/private_nkl/transpose.py:757:33: warning: 'neuronxcc.private_nkl.transpose_utils.permutation_reduction' is from the 'neuronxcc' package which is not supported in NKI kernels; use the 'nki' package instead
  reduced_perm, reduced_shape = permutation_reduction(in_shape, permutation)
                                ^
/opt/aws_neuronx_venv_pytorch_inference_vllm_0_16/lib/python3.12/site-packages/neuronxcc/private_nkl/transpose.py:758:10: warning: 'neuronxcc.private_nkl.transpose_utils.permutes_last_two_dims' is from the 'neuronxcc' package which is not supported in NKI kernels; use the 'nki' package instead
  assert permutes_last_two_dims(reduced_perm), f"must permutate last two dims, got {reduced_perm}"
         ^
/opt/aws_neuronx_venv_pytorch_inference_vllm_0_16/lib/python3.12/site-packages/neuronxcc/private_nkl/transpose.py:763:11: warning: 'neuronxcc.private_nkl.transpose._str_to_dtype' is from the 'neuronxcc' package which is not supported in NKI kernels; use the 'nki' package instead
    dtype=_str_to_dtype(out_dtype),
          ^
/opt/aws_neuronx_venv_pytorch_inference_vllm_0_16/lib/python3.12/site-packages/neuronxcc/private_nkl/transpose.py:764:12: warning: 'neuronxcc.private_nkl.transpose_utils._get_hbm_buffer' is from the 'neuronxcc' package which is not supported in NKI kernels; use the 'nki' package instead
    buffer=_get_hbm_buffer(),
           ^
/opt/aws_neuronx_venv_pytorch_inference_vllm_0_16/lib/python3.12/site-packages/neuronxcc/private_nkl/transpose.py:767:3: warning: 'neuronxcc.private_nkl.transpose._pe_transpose_impl' is from the 'neuronxcc' package which is not supported in NKI kernels; use the 'nki' package instead
  _pe_transpose_impl(in_tensor, out_tensor, num_shards, shard_id)
  ^
/opt/aws_neuronx_venv_pytorch_inference_vllm_0_16/lib/python3.12/site-packages/neuronxcc/private_nkl/transpose.py:373:25: warning: 'neuronxcc.private_nkl.transpose_utils.n_elts' is from the 'neuronxcc' package which is not supported in NKI kernels; use the 'nki' package instead
  flattened_B_dim = int(n_elts(in_shape[:-2])) if in_shape[:-2] else 1
                        ^
/opt/aws_neuronx_venv_pytorch_inference_vllm_0_16/lib/python3.12/site-packages/neuronxcc/private_nkl/transpose.py:378:30: warning: 'neuronxcc.private_nkl.transpose._pe_optimal_tile_sizes' is from the 'neuronxcc' package which is not supported in NKI kernels; use the 'nki' package instead
  I_tile_size, J_tile_size = _pe_optimal_tile_sizes(I, J, in_tensor.dtype)
                             ^
/opt/aws_neuronx_venv_pytorch_inference_vllm_0_16/lib/python3.12/site-packages/neuronxcc/private_nkl/transpose.py:381:17: warning: 'neuronxcc.private_nkl.utils.kernel_helpers.div_ceil' is from the 'neuronxcc' package which is not supported in NKI kernels; use the 'nki' package instead
  b_per_shard = div_ceil(flattened_B_dim, num_shards)
                ^
/opt/aws_neuronx_venv_pytorch_inference_vllm_0_16/lib/python3.12/site-packages/neuronxcc/private_nkl/transpose.py:384:19: warning: 'neuronxcc.private_nkl.transpose._to_compute_dtype' is from the 'neuronxcc' package which is not supported in NKI kernels; use the 'nki' package instead
  compute_dtype = _to_compute_dtype(in_tensor.dtype)
                  ^
/opt/aws_neuronx_venv_pytorch_inference_vllm_0_16/lib/python3.12/site-packages/neuronxcc/private_nkl/transpose.py:398:19: warning: 'neuronxcc.private_nkl.utils.tiled_range.TiledRange' is from the 'neuronxcc' package which is not supported in NKI kernels; use the 'nki' package instead
    for I_tile in TiledRange(I, I_tile_size):
                  ^
/opt/aws_neuronx_venv_pytorch_inference_vllm_0_16/lib/python3.12/site-packages/neuronxcc/private_nkl/transpose.py:399:21: warning: 'neuronxcc.private_nkl.utils.tiled_range.TiledRange' is from the 'neuronxcc' package which is not supported in NKI kernels; use the 'nki' package instead
      for J_tile in TiledRange(J, J_tile_size):
                    ^
/opt/aws_neuronx_venv_pytorch_inference_vllm_0_16/lib/python3.12/site-packages/neuronxcc/private_nkl/transpose.py:400:23: warning: 'neuronxcc.private_nkl.utils.tiled_range.TiledRange' is from the 'neuronxcc' package which is not supported in NKI kernels; use the 'nki' package instead
        I_128_tiles = TiledRange(I_tile, nl.tile_size.pmax)
                      ^
/opt/aws_neuronx_venv_pytorch_inference_vllm_0_16/lib/python3.12/site-packages/neuronxcc/private_nkl/transpose.py:405:23: warning: 'neuronxcc.private_nkl.utils.tiled_range.TiledRange' is from the 'neuronxcc' package which is not supported in NKI kernels; use the 'nki' package instead
        J_128_tiles = TiledRange(J_tile, nl.tile_size.pmax)
                      ^
/opt/aws_neuronx_venv_pytorch_inference_vllm_0_16/lib/python3.12/site-packages/neuronxcc/private_nkl/transpose.py:411:9: warning: 'neuronxcc.private_nkl.transpose._pe_load_tile' is from the 'neuronxcc' package which is not supported in NKI kernels; use the 'nki' package instead
        _pe_load_tile(
        ^
/opt/aws_neuronx_venv_pytorch_inference_vllm_0_16/lib/python3.12/site-packages/neuronxcc/private_nkl/transpose.py:422:11: warning: 'neuronxcc.private_nkl.transpose._pe_transpose_tile_I_vectorized' is from the 'neuronxcc' package which is not supported in NKI kernels; use the 'nki' package instead
          _pe_transpose_tile_I_vectorized(
          ^
/opt/aws_neuronx_venv_pytorch_inference_vllm_0_16/lib/python3.12/site-packages/neuronxcc/private_nkl/transpose.py:430:11: warning: 'neuronxcc.private_nkl.transpose._pe_transpose_tile_J_vectorized' is from the 'neuronxcc' package which is not supported in NKI kernels; use the 'nki' package instead
          _pe_transpose_tile_J_vectorized(
          ^
/opt/aws_neuronx_venv_pytorch_inference_vllm_0_16/lib/python3.12/site-packages/neuronxcc/private_nkl/transpose.py:438:9: warning: 'neuronxcc.private_nkl.transpose._pe_store_tile' is from the 'neuronxcc' package which is not supported in NKI kernels; use the 'nki' package instead
        _pe_store_tile(
        ^
/opt/aws_neuronx_venv_pytorch_inference_vllm_0_16/lib/python3.12/site-packages/neuronxcc/private_nkl/transpose.py:527:17: warning: 'neuronxcc.private_nkl.utils.tiled_range.TiledRange' is from the 'neuronxcc' package which is not supported in NKI kernels; use the 'nki' package instead
  I_128_tiles = TiledRange(I_tile, nl.tile_size.pmax)
                ^
/opt/aws_neuronx_venv_pytorch_inference_vllm_0_16/lib/python3.12/site-packages/neuronxcc/private_nkl/transpose.py:529:17: warning: 'neuronxcc.private_nkl.utils.tiled_range.TiledRange' is from the 'neuronxcc' package which is not supported in NKI kernels; use the 'nki' package instead
  J_128_tiles = TiledRange(J_tile, nl.tile_size.pmax)
                ^
/opt/aws_neuronx_venv_pytorch_inference_vllm_0_16/lib/python3.12/site-packages/neuronxcc/private_nkl/transpose.py:538:21: warning: 'neuronxcc.private_nkl.utils.tiled_range.TiledRange' is from the 'neuronxcc' package which is not supported in NKI kernels; use the 'nki' package instead
  for J_128_tile in TiledRange(J_tile.size, nl.tile_size.pmax):
                    ^
/opt/aws_neuronx_venv_pytorch_inference_vllm_0_16/lib/python3.12/site-packages/neuronxcc/private_nkl/transpose.py:539:23: warning: 'neuronxcc.private_nkl.utils.tiled_range.TiledRange' is from the 'neuronxcc' package which is not supported in NKI kernels; use the 'nki' package instead
    for I_512_tile in TiledRange(I_tile.size, nl.tile_size.psum_fmax):
                      ^
/opt/aws_neuronx_venv_pytorch_inference_vllm_0_16/lib/python3.12/site-packages/neuronxcc/private_nkl/transpose.py:551:25: warning: 'neuronxcc.private_nkl.utils.tiled_range.TiledRange' is from the 'neuronxcc' package which is not supported in NKI kernels; use the 'nki' package instead
      for I_128_tile in TiledRange(I_512_tile, nl.tile_size.pmax):
                        ^
/opt/aws_neuronx_venv_pytorch_inference_vllm_0_16/lib/python3.12/site-packages/neuronxcc/private_nkl/transpose.py:569:7: warning: 'neuronxcc.private_nkl.transpose._copy_with_engine' is from the 'neuronxcc' package which is not supported in NKI kernels; use the 'nki' package instead
      _copy_with_engine(
      ^
/opt/aws_neuronx_venv_pytorch_inference_vllm_0_16/lib/python3.12/site-packages/neuronxcc/private_nkl/transpose.py:586:17: warning: 'neuronxcc.private_nkl.utils.tiled_range.TiledRange' is from the 'neuronxcc' package which is not supported in NKI kernels; use the 'nki' package instead
  I_128_tiles = TiledRange(I_tile, nl.tile_size.pmax)
                ^
/opt/aws_neuronx_venv_pytorch_inference_vllm_0_16/lib/python3.12/site-packages/neuronxcc/private_nkl/transpose.py:588:17: warning: 'neuronxcc.private_nkl.utils.tiled_range.TiledRange' is from the 'neuronxcc' package which is not supported in NKI kernels; use the 'nki' package instead
  J_128_tiles = TiledRange(J_tile, nl.tile_size.pmax)
                ^
/opt/aws_neuronx_venv_pytorch_inference_vllm_0_16/lib/python3.12/site-packages/neuronxcc/private_nkl/transpose.py:596:21: warning: 'neuronxcc.private_nkl.utils.tiled_range.TiledRange' is from the 'neuronxcc' package which is not supported in NKI kernels; use the 'nki' package instead
  for I_128_tile in TiledRange(I_tile.size, nl.tile_size.pmax):
                    ^
/opt/aws_neuronx_venv_pytorch_inference_vllm_0_16/lib/python3.12/site-packages/neuronxcc/private_nkl/transpose.py:597:23: warning: 'neuronxcc.private_nkl.utils.tiled_range.TiledRange' is from the 'neuronxcc' package which is not supported in NKI kernels; use the 'nki' package instead
    for J_512_tile in TiledRange(J_tile.size, nl.tile_size.psum_fmax):
                      ^
/opt/aws_neuronx_venv_pytorch_inference_vllm_0_16/lib/python3.12/site-packages/neuronxcc/private_nkl/transpose.py:609:25: warning: 'neuronxcc.private_nkl.utils.tiled_range.TiledRange' is from the 'neuronxcc' package which is not supported in NKI kernels; use the 'nki' package instead
      for J_128_tile in TiledRange(J_512_tile, nl.tile_size.pmax):
                        ^
/opt/aws_neuronx_venv_pytorch_inference_vllm_0_16/lib/python3.12/site-packages/neuronxcc/private_nkl/transpose.py:628:9: warning: 'neuronxcc.private_nkl.transpose._copy_with_engine' is from the 'neuronxcc' package which is not supported in NKI kernels; use the 'nki' package instead
        _copy_with_engine(
        ^
/opt/aws_neuronx_venv_pytorch_inference_vllm_0_16/lib/python3.12/site-packages/neuronxcc/private_nkl/transpose.py:652:9: warning: 'neuronxcc.private_nkl.transpose._copy_with_engine' is from the 'neuronxcc' package which is not supported in NKI kernels; use the 'nki' package instead
        _copy_with_engine(
        ^
/opt/aws_neuronx_venv_pytorch_inference_vllm_0_16/lib/python3.12/site-packages/neuronxcc/private_nkl/transpose.py:38:10: warning: 'neuronxcc.private_nkl.transpose_utils.is_valid_permutation' is from the 'neuronxcc' package which is not supported in NKI kernels; use the 'nki' package instead
  assert is_valid_permutation(permutation), "input permutation is invalid"
         ^
/opt/aws_neuronx_venv_pytorch_inference_vllm_0_16/lib/python3.12/site-packages/neuronxcc/private_nkl/transpose.py:41:10: warning: 'neuronxcc.private_nkl.transpose_utils.n_elts' is from the 'neuronxcc' package which is not supported in NKI kernels; use the 'nki' package instead
  assert n_elts(in_shape) == n_elts(in_tensor.shape), "tensor shape is invalid"
         ^
/opt/aws_neuronx_venv_pytorch_inference_vllm_0_16/lib/python3.12/site-packages/neuronxcc/private_nkl/transpose.py:41:30: warning: 'neuronxcc.private_nkl.transpose_utils.n_elts' is from the 'neuronxcc' package which is not supported in NKI kernels; use the 'nki' package instead
  assert n_elts(in_shape) == n_elts(in_tensor.shape), "tensor shape is invalid"
                             ^
/opt/aws_neuronx_venv_pytorch_inference_vllm_0_16/lib/python3.12/site-packages/neuronxcc/private_nkl/transpose.py:32:20: warning: 'neuronxcc.private_nkl.utils.StackAllocator.sizeinbytes' is from the 'neuronxcc' package which is not supported in NKI kernels; use the 'nki' package instead
  return (98304 // sizeinbytes(dtype)) // 2
                   ^
/opt/aws_neuronx_venv_pytorch_inference_vllm_0_16/lib/python3.12/site-packages/neuronxcc/private_nkl/transpose.py:886:29: warning: 'neuronxcc.private_nkl.utils.kernel_helpers.get_program_sharding_info' is from the 'neuronxcc' package which is not supported in NKI kernels; use the 'nki' package instead
  _, num_shards, shard_id = get_program_sharding_info()
                            ^
/opt/aws_neuronx_venv_pytorch_inference_vllm_0_16/lib/python3.12/site-packages/neuronxcc/private_nkl/transpose.py:887:9: warning: 'neuronxcc.private_nkl.transpose._pe_transpose' is from the 'neuronxcc' package which is not supported in NKI kernels; use the 'nki' package instead
  out = _pe_transpose(in_tensor, in_shape, permutation, out_dtype, num_shards, shard_id)
        ^
/opt/aws_neuronx_venv_pytorch_inference_vllm_0_16/lib/python3.12/site-packages/neuronxcc/private_nkl/transpose_utils.py:71:10: warning: 'neuronxcc.private_nkl.transpose_utils.is_valid_permutation' is from the 'neuronxcc' package which is not supported in NKI kernels; use the 'nki' package instead
  if not is_valid_permutation(permutation):
         ^
/opt/aws_neuronx_venv_pytorch_inference_vllm_0_16/lib/python3.12/site-packages/neuronxcc/private_nkl/utils/tiled_range.py:66:23: warning: 'neuronxcc.private_nkl.utils.tiled_range.TiledRangeIterator' is from the 'neuronxcc' package which is not supported in NKI kernels; use the 'nki' package instead
  if isinstance(size, TiledRangeIterator):
                      ^
/opt/aws_neuronx_venv_pytorch_inference_vllm_0_16/lib/python3.12/site-packages/neuronxcc/private_nkl/utils/tiled_range.py:84:22: warning: 'neuronxcc.private_nkl.utils.tiled_range.TiledRangeIterator' is from the 'neuronxcc' package which is not supported in NKI kernels; use the 'nki' package instead
    iterators.append(TiledRangeIterator(current_tile_size, i, base_offset + relative_offset))
                     ^
/opt/aws_neuronx_venv_pytorch_inference_vllm_0_16/lib/python3.12/site-packages/neuronxcc/private_nkl/transpose.py:458:17: warning: 'neuronxcc.private_nkl.utils.tiled_range.TiledRange' is from the 'neuronxcc' package which is not supported in NKI kernels; use the 'nki' package instead
  I_128_tiles = TiledRange(I_tile, nl.tile_size.pmax)
                ^
/opt/aws_neuronx_venv_pytorch_inference_vllm_0_16/lib/python3.12/site-packages/neuronxcc/private_nkl/transpose.py:465:33: warning: 'neuronxcc.private_nkl.utils.tiled_range.TiledRange' is from the 'neuronxcc' package which is not supported in NKI kernels; use the 'nki' package instead
    for vectorization_factor in TiledRange(num_full_128_tiles_per_I_tile, VECTORIZATION_FACTOR):
                                ^
/opt/aws_neuronx_venv_pytorch_inference_vllm_0_16/lib/python3.12/site-packages/neuronxcc/private_nkl/transpose.py:284:16: warning: 'neuronxcc.private_nkl.transpose.max_f_size' is from the 'neuronxcc' package which is not supported in NKI kernels; use the 'nki' package instead
  MAX_F_SIZE = max_f_size(dtype)
               ^
/opt/aws_neuronx_venv_pytorch_inference_vllm_0_16/lib/python3.12/site-packages/neuronxcc/private_nkl/transpose.py:289:15: warning: 'neuronxcc.private_nkl.transpose_utils.next_multiple' is from the 'neuronxcc' package which is not supported in NKI kernels; use the 'nki' package instead
    return I, next_multiple(min(J, MAX_F_SIZE), 128)
              ^
/opt/aws_neuronx_venv_pytorch_inference_vllm_0_16/lib/python3.12/site-packages/neuronxcc/private_nkl/transpose.py:291:12: warning: 'neuronxcc.private_nkl.transpose_utils.next_multiple' is from the 'neuronxcc' package which is not supported in NKI kernels; use the 'nki' package instead
    return next_multiple(min(I, MAX_F_SIZE), 128), J
           ^
/opt/aws_neuronx_venv_pytorch_inference_vllm_0_16/lib/python3.12/site-packages/neuronxcc/private_nkl/transpose.py:302:19: warning: 'neuronxcc.private_nkl.transpose_utils.next_multiple' is from the 'neuronxcc' package which is not supported in NKI kernels; use the 'nki' package instead
    I_tile_size = next_multiple(I_tile_size, 128)
                  ^
/opt/aws_neuronx_venv_pytorch_inference_vllm_0_16/lib/python3.12/site-packages/neuronxcc/private_nkl/transpose.py:303:19: warning: 'neuronxcc.private_nkl.transpose_utils.next_multiple' is from the 'neuronxcc' package which is not supported in NKI kernels; use the 'nki' package instead
    J_tile_size = next_multiple(J_tile_size, 128)
                  ^
/opt/aws_neuronx_venv_pytorch_inference_vllm_0_16/lib/python3.12/site-packages/neuronxcc/private_nkl/transpose.py:681:17: warning: 'neuronxcc.private_nkl.utils.tiled_range.TiledRange' is from the 'neuronxcc' package which is not supported in NKI kernels; use the 'nki' package instead
  J_128_tiles = TiledRange(J_tile, nl.tile_size.pmax)
                ^
/opt/aws_neuronx_venv_pytorch_inference_vllm_0_16/lib/python3.12/site-packages/neuronxcc/private_nkl/transpose.py:688:33: warning: 'neuronxcc.private_nkl.utils.tiled_range.TiledRange' is from the 'neuronxcc' package which is not supported in NKI kernels; use the 'nki' package instead
    for vectorization_factor in TiledRange(num_full_128_tiles_per_J_tile, VECTORIZATION_FACTOR):
                                ^
/opt/aws_neuronx_venv_pytorch_inference_vllm_0_16/lib/python3.12/site-packages/neuronxcc/private_nkl/transpose.py:751:3: warning: 'neuronxcc.private_nkl.transpose.check_input_transpose' is from the 'neuronxcc' package which is not supported in NKI kernels; use the 'nki' package instead
  check_input_transpose(in_tensor, in_shape, permutation)
  ^
/opt/aws_neuronx_venv_pytorch_inference_vllm_0_16/lib/python3.12/site-packages/neuronxcc/private_nkl/transpose.py:757:33: warning: 'neuronxcc.private_nkl.transpose_utils.permutation_reduction' is from the 'neuronxcc' package which is not supported in NKI kernels; use the 'nki' package instead
  reduced_perm, reduced_shape = permutation_reduction(in_shape, permutation)
                                ^
/opt/aws_neuronx_venv_pytorch_inference_vllm_0_16/lib/python3.12/site-packages/neuronxcc/private_nkl/transpose.py:758:10: warning: 'neuronxcc.private_nkl.transpose_utils.permutes_last_two_dims' is from the 'neuronxcc' package which is not supported in NKI kernels; use the 'nki' package instead
  assert permutes_last_two_dims(reduced_perm), f"must permutate last two dims, got {reduced_perm}"
         ^
/opt/aws_neuronx_venv_pytorch_inference_vllm_0_16/lib/python3.12/site-packages/neuronxcc/private_nkl/transpose.py:763:11: warning: 'neuronxcc.private_nkl.transpose._str_to_dtype' is from the 'neuronxcc' package which is not supported in NKI kernels; use the 'nki' package instead
    dtype=_str_to_dtype(out_dtype),
          ^
/opt/aws_neuronx_venv_pytorch_inference_vllm_0_16/lib/python3.12/site-packages/neuronxcc/private_nkl/transpose.py:764:12: warning: 'neuronxcc.private_nkl.transpose_utils._get_hbm_buffer' is from the 'neuronxcc' package which is not supported in NKI kernels; use the 'nki' package instead
    buffer=_get_hbm_buffer(),
           ^
/opt/aws_neuronx_venv_pytorch_inference_vllm_0_16/lib/python3.12/site-packages/neuronxcc/private_nkl/transpose.py:767:3: warning: 'neuronxcc.private_nkl.transpose._pe_transpose_impl' is from the 'neuronxcc' package which is not supported in NKI kernels; use the 'nki' package instead
  _pe_transpose_impl(in_tensor, out_tensor, num_shards, shard_id)
  ^
/opt/aws_neuronx_venv_pytorch_inference_vllm_0_16/lib/python3.12/site-packages/neuronxcc/private_nkl/transpose.py:373:25: warning: 'neuronxcc.private_nkl.transpose_utils.n_elts' is from the 'neuronxcc' package which is not supported in NKI kernels; use the 'nki' package instead
  flattened_B_dim = int(n_elts(in_shape[:-2])) if in_shape[:-2] else 1
                        ^
/opt/aws_neuronx_venv_pytorch_inference_vllm_0_16/lib/python3.12/site-packages/neuronxcc/private_nkl/transpose.py:378:30: warning: 'neuronxcc.private_nkl.transpose._pe_optimal_tile_sizes' is from the 'neuronxcc' package which is not supported in NKI kernels; use the 'nki' package instead
  I_tile_size, J_tile_size = _pe_optimal_tile_sizes(I, J, in_tensor.dtype)
                             ^
/opt/aws_neuronx_venv_pytorch_inference_vllm_0_16/lib/python3.12/site-packages/neuronxcc/private_nkl/transpose.py:381:17: warning: 'neuronxcc.private_nkl.utils.kernel_helpers.div_ceil' is from the 'neuronxcc' package which is not supported in NKI kernels; use the 'nki' package instead
  b_per_shard = div_ceil(flattened_B_dim, num_shards)
                ^
/opt/aws_neuronx_venv_pytorch_inference_vllm_0_16/lib/python3.12/site-packages/neuronxcc/private_nkl/transpose.py:384:19: warning: 'neuronxcc.private_nkl.transpose._to_compute_dtype' is from the 'neuronxcc' package which is not supported in NKI kernels; use the 'nki' package instead
  compute_dtype = _to_compute_dtype(in_tensor.dtype)
                  ^
/opt/aws_neuronx_venv_pytorch_inference_vllm_0_16/lib/python3.12/site-packages/neuronxcc/private_nkl/transpose.py:398:19: warning: 'neuronxcc.private_nkl.utils.tiled_range.TiledRange' is from the 'neuronxcc' package which is not supported in NKI kernels; use the 'nki' package instead
    for I_tile in TiledRange(I, I_tile_size):
                  ^
/opt/aws_neuronx_venv_pytorch_inference_vllm_0_16/lib/python3.12/site-packages/neuronxcc/private_nkl/transpose.py:399:21: warning: 'neuronxcc.private_nkl.utils.tiled_range.TiledRange' is from the 'neuronxcc' package which is not supported in NKI kernels; use the 'nki' package instead
      for J_tile in TiledRange(J, J_tile_size):
                    ^
/opt/aws_neuronx_venv_pytorch_inference_vllm_0_16/lib/python3.12/site-packages/neuronxcc/private_nkl/transpose.py:400:23: warning: 'neuronxcc.private_nkl.utils.tiled_range.TiledRange' is from the 'neuronxcc' package which is not supported in NKI kernels; use the 'nki' package instead
        I_128_tiles = TiledRange(I_tile, nl.tile_size.pmax)
                      ^
/opt/aws_neuronx_venv_pytorch_inference_vllm_0_16/lib/python3.12/site-packages/neuronxcc/private_nkl/transpose.py:405:23: warning: 'neuronxcc.private_nkl.utils.tiled_range.TiledRange' is from the 'neuronxcc' package which is not supported in NKI kernels; use the 'nki' package instead
        J_128_tiles = TiledRange(J_tile, nl.tile_size.pmax)
                      ^
/opt/aws_neuronx_venv_pytorch_inference_vllm_0_16/lib/python3.12/site-packages/neuronxcc/private_nkl/transpose.py:411:9: warning: 'neuronxcc.private_nkl.transpose._pe_load_tile' is from the 'neuronxcc' package which is not supported in NKI kernels; use the 'nki' package instead
        _pe_load_tile(
        ^
/opt/aws_neuronx_venv_pytorch_inference_vllm_0_16/lib/python3.12/site-packages/neuronxcc/private_nkl/transpose.py:422:11: warning: 'neuronxcc.private_nkl.transpose._pe_transpose_tile_I_vectorized' is from the 'neuronxcc' package which is not supported in NKI kernels; use the 'nki' package instead
          _pe_transpose_tile_I_vectorized(
          ^
/opt/aws_neuronx_venv_pytorch_inference_vllm_0_16/lib/python3.12/site-packages/neuronxcc/private_nkl/transpose.py:430:11: warning: 'neuronxcc.private_nkl.transpose._pe_transpose_tile_J_vectorized' is from the 'neuronxcc' package which is not supported in NKI kernels; use the 'nki' package instead
          _pe_transpose_tile_J_vectorized(
          ^
/opt/aws_neuronx_venv_pytorch_inference_vllm_0_16/lib/python3.12/site-packages/neuronxcc/private_nkl/transpose.py:438:9: warning: 'neuronxcc.private_nkl.transpose._pe_store_tile' is from the 'neuronxcc' package which is not supported in NKI kernels; use the 'nki' package instead
        _pe_store_tile(
        ^
/opt/aws_neuronx_venv_pytorch_inference_vllm_0_16/lib/python3.12/site-packages/neuronxcc/private_nkl/transpose.py:527:17: warning: 'neuronxcc.private_nkl.utils.tiled_range.TiledRange' is from the 'neuronxcc' package which is not supported in NKI kernels; use the 'nki' package instead
  I_128_tiles = TiledRange(I_tile, nl.tile_size.pmax)
                ^
/opt/aws_neuronx_venv_pytorch_inference_vllm_0_16/lib/python3.12/site-packages/neuronxcc/private_nkl/transpose.py:529:17: warning: 'neuronxcc.private_nkl.utils.tiled_range.TiledRange' is from the 'neuronxcc' package which is not supported in NKI kernels; use the 'nki' package instead
  J_128_tiles = TiledRange(J_tile, nl.tile_size.pmax)
                ^
/opt/aws_neuronx_venv_pytorch_inference_vllm_0_16/lib/python3.12/site-packages/neuronxcc/private_nkl/transpose.py:538:21: warning: 'neuronxcc.private_nkl.utils.tiled_range.TiledRange' is from the 'neuronxcc' package which is not supported in NKI kernels; use the 'nki' package instead
  for J_128_tile in TiledRange(J_tile.size, nl.tile_size.pmax):
                    ^
/opt/aws_neuronx_venv_pytorch_inference_vllm_0_16/lib/python3.12/site-packages/neuronxcc/private_nkl/transpose.py:539:23: warning: 'neuronxcc.private_nkl.utils.tiled_range.TiledRange' is from the 'neuronxcc' package which is not supported in NKI kernels; use the 'nki' package instead
    for I_512_tile in TiledRange(I_tile.size, nl.tile_size.psum_fmax):
                      ^
/opt/aws_neuronx_venv_pytorch_inference_vllm_0_16/lib/python3.12/site-packages/neuronxcc/private_nkl/transpose.py:551:25: warning: 'neuronxcc.private_nkl.utils.tiled_range.TiledRange' is from the 'neuronxcc' package which is not supported in NKI kernels; use the 'nki' package instead
      for I_128_tile in TiledRange(I_512_tile, nl.tile_size.pmax):
                        ^
/opt/aws_neuronx_venv_pytorch_inference_vllm_0_16/lib/python3.12/site-packages/neuronxcc/private_nkl/transpose.py:569:7: warning: 'neuronxcc.private_nkl.transpose._copy_with_engine' is from the 'neuronxcc' package which is not supported in NKI kernels; use the 'nki' package instead
      _copy_with_engine(
      ^
/opt/aws_neuronx_venv_pytorch_inference_vllm_0_16/lib/python3.12/site-packages/neuronxcc/private_nkl/transpose.py:586:17: warning: 'neuronxcc.private_nkl.utils.tiled_range.TiledRange' is from the 'neuronxcc' package which is not supported in NKI kernels; use the 'nki' package instead
  I_128_tiles = TiledRange(I_tile, nl.tile_size.pmax)
                ^
/opt/aws_neuronx_venv_pytorch_inference_vllm_0_16/lib/python3.12/site-packages/neuronxcc/private_nkl/transpose.py:588:17: warning: 'neuronxcc.private_nkl.utils.tiled_range.TiledRange' is from the 'neuronxcc' package which is not supported in NKI kernels; use the 'nki' package instead
  J_128_tiles = TiledRange(J_tile, nl.tile_size.pmax)
                ^
/opt/aws_neuronx_venv_pytorch_inference_vllm_0_16/lib/python3.12/site-packages/neuronxcc/private_nkl/transpose.py:596:21: warning: 'neuronxcc.private_nkl.utils.tiled_range.TiledRange' is from the 'neuronxcc' package which is not supported in NKI kernels; use the 'nki' package instead
  for I_128_tile in TiledRange(I_tile.size, nl.tile_size.pmax):
                    ^
/opt/aws_neuronx_venv_pytorch_inference_vllm_0_16/lib/python3.12/site-packages/neuronxcc/private_nkl/transpose.py:597:23: warning: 'neuronxcc.private_nkl.utils.tiled_range.TiledRange' is from the 'neuronxcc' package which is not supported in NKI kernels; use the 'nki' package instead
    for J_512_tile in TiledRange(J_tile.size, nl.tile_size.psum_fmax):
                      ^
/opt/aws_neuronx_venv_pytorch_inference_vllm_0_16/lib/python3.12/site-packages/neuronxcc/private_nkl/transpose.py:609:25: warning: 'neuronxcc.private_nkl.utils.tiled_range.TiledRange' is from the 'neuronxcc' package which is not supported in NKI kernels; use the 'nki' package instead
      for J_128_tile in TiledRange(J_512_tile, nl.tile_size.pmax):
                        ^
/opt/aws_neuronx_venv_pytorch_inference_vllm_0_16/lib/python3.12/site-packages/neuronxcc/private_nkl/transpose.py:628:9: warning: 'neuronxcc.private_nkl.transpose._copy_with_engine' is from the 'neuronxcc' package which is not supported in NKI kernels; use the 'nki' package instead
        _copy_with_engine(
        ^
/opt/aws_neuronx_venv_pytorch_inference_vllm_0_16/lib/python3.12/site-packages/neuronxcc/private_nkl/transpose.py:652:9: warning: 'neuronxcc.private_nkl.transpose._copy_with_engine' is from the 'neuronxcc' package which is not supported in NKI kernels; use the 'nki' package instead
        _copy_with_engine(
        ^
/opt/aws_neuronx_venv_pytorch_inference_vllm_0_16/lib/python3.12/site-packages/neuronxcc/private_nkl/transpose.py:38:10: warning: 'neuronxcc.private_nkl.transpose_utils.is_valid_permutation' is from the 'neuronxcc' package which is not supported in NKI kernels; use the 'nki' package instead
  assert is_valid_permutation(permutation), "input permutation is invalid"
         ^
/opt/aws_neuronx_venv_pytorch_inference_vllm_0_16/lib/python3.12/site-packages/neuronxcc/private_nkl/transpose.py:41:10: warning: 'neuronxcc.private_nkl.transpose_utils.n_elts' is from the 'neuronxcc' package which is not supported in NKI kernels; use the 'nki' package instead
  assert n_elts(in_shape) == n_elts(in_tensor.shape), "tensor shape is invalid"
         ^
/opt/aws_neuronx_venv_pytorch_inference_vllm_0_16/lib/python3.12/site-packages/neuronxcc/private_nkl/transpose.py:41:30: warning: 'neuronxcc.private_nkl.transpose_utils.n_elts' is from the 'neuronxcc' package which is not supported in NKI kernels; use the 'nki' package instead
  assert n_elts(in_shape) == n_elts(in_tensor.shape), "tensor shape is invalid"
                             ^
/opt/aws_neuronx_venv_pytorch_inference_vllm_0_16/lib/python3.12/site-packages/neuronxcc/private_nkl/transpose.py:32:20: warning: 'neuronxcc.private_nkl.utils.StackAllocator.sizeinbytes' is from the 'neuronxcc' package which is not supported in NKI kernels; use the 'nki' package instead
  return (98304 // sizeinbytes(dtype)) // 2
                   ^
/opt/aws_neuronx_venv_pytorch_inference_vllm_0_16/lib/python3.12/site-packages/neuronxcc/private_nkl/transpose.py:886:29: warning: 'neuronxcc.private_nkl.utils.kernel_helpers.get_program_sharding_info' is from the 'neuronxcc' package which is not supported in NKI kernels; use the 'nki' package instead
  _, num_shards, shard_id = get_program_sharding_info()
                            ^
/opt/aws_neuronx_venv_pytorch_inference_vllm_0_16/lib/python3.12/site-packages/neuronxcc/private_nkl/transpose.py:887:9: warning: 'neuronxcc.private_nkl.transpose._pe_transpose' is from the 'neuronxcc' package which is not supported in NKI kernels; use the 'nki' package instead
  out = _pe_transpose(in_tensor, in_shape, permutation, out_dtype, num_shards, shard_id)
        ^
/opt/aws_neuronx_venv_pytorch_inference_vllm_0_16/lib/python3.12/site-packages/neuronxcc/private_nkl/transpose_utils.py:71:10: warning: 'neuronxcc.private_nkl.transpose_utils.is_valid_permutation' is from the 'neuronxcc' package which is not supported in NKI kernels; use the 'nki' package instead
  if not is_valid_permutation(permutation):
         ^
/opt/aws_neuronx_venv_pytorch_inference_vllm_0_16/lib/python3.12/site-packages/neuronxcc/private_nkl/utils/tiled_range.py:66:23: warning: 'neuronxcc.private_nkl.utils.tiled_range.TiledRangeIterator' is from the 'neuronxcc' package which is not supported in NKI kernels; use the 'nki' package instead
  if isinstance(size, TiledRangeIterator):
                      ^
/opt/aws_neuronx_venv_pytorch_inference_vllm_0_16/lib/python3.12/site-packages/neuronxcc/private_nkl/utils/tiled_range.py:84:22: warning: 'neuronxcc.private_nkl.utils.tiled_range.TiledRangeIterator' is from the 'neuronxcc' package which is not supported in NKI kernels; use the 'nki' package instead
    iterators.append(TiledRangeIterator(current_tile_size, i, base_offset + relative_offset))
                     ^
/opt/aws_neuronx_venv_pytorch_inference_vllm_0_16/lib/python3.12/site-packages/neuronxcc/private_nkl/transpose.py:458:17: warning: 'neuronxcc.private_nkl.utils.tiled_range.TiledRange' is from the 'neuronxcc' package which is not supported in NKI kernels; use the 'nki' package instead
  I_128_tiles = TiledRange(I_tile, nl.tile_size.pmax)
                ^
/opt/aws_neuronx_venv_pytorch_inference_vllm_0_16/lib/python3.12/site-packages/neuronxcc/private_nkl/transpose.py:465:33: warning: 'neuronxcc.private_nkl.utils.tiled_range.TiledRange' is from the 'neuronxcc' package which is not supported in NKI kernels; use the 'nki' package instead
    for vectorization_factor in TiledRange(num_full_128_tiles_per_I_tile, VECTORIZATION_FACTOR):
                                ^
/opt/aws_neuronx_venv_pytorch_inference_vllm_0_16/lib/python3.12/site-packages/neuronxcc/private_nkl/transpose.py:284:16: warning: 'neuronxcc.private_nkl.transpose.max_f_size' is from the 'neuronxcc' package which is not supported in NKI kernels; use the 'nki' package instead
  MAX_F_SIZE = max_f_size(dtype)
               ^
/opt/aws_neuronx_venv_pytorch_inference_vllm_0_16/lib/python3.12/site-packages/neuronxcc/private_nkl/transpose.py:289:15: warning: 'neuronxcc.private_nkl.transpose_utils.next_multiple' is from the 'neuronxcc' package which is not supported in NKI kernels; use the 'nki' package instead
    return I, next_multiple(min(J, MAX_F_SIZE), 128)
              ^
/opt/aws_neuronx_venv_pytorch_inference_vllm_0_16/lib/python3.12/site-packages/neuronxcc/private_nkl/transpose.py:291:12: warning: 'neuronxcc.private_nkl.transpose_utils.next_multiple' is from the 'neuronxcc' package which is not supported in NKI kernels; use the 'nki' package instead
    return next_multiple(min(I, MAX_F_SIZE), 128), J
           ^
/opt/aws_neuronx_venv_pytorch_inference_vllm_0_16/lib/python3.12/site-packages/neuronxcc/private_nkl/transpose.py:302:19: warning: 'neuronxcc.private_nkl.transpose_utils.next_multiple' is from the 'neuronxcc' package which is not supported in NKI kernels; use the 'nki' package instead
    I_tile_size = next_multiple(I_tile_size, 128)
                  ^
/opt/aws_neuronx_venv_pytorch_inference_vllm_0_16/lib/python3.12/site-packages/neuronxcc/private_nkl/transpose.py:303:19: warning: 'neuronxcc.private_nkl.transpose_utils.next_multiple' is from the 'neuronxcc' package which is not supported in NKI kernels; use the 'nki' package instead
    J_tile_size = next_multiple(J_tile_size, 128)
                  ^
/opt/aws_neuronx_venv_pytorch_inference_vllm_0_16/lib/python3.12/site-packages/neuronxcc/private_nkl/transpose.py:681:17: warning: 'neuronxcc.private_nkl.utils.tiled_range.TiledRange' is from the 'neuronxcc' package which is not supported in NKI kernels; use the 'nki' package instead
  J_128_tiles = TiledRange(J_tile, nl.tile_size.pmax)
                ^
/opt/aws_neuronx_venv_pytorch_inference_vllm_0_16/lib/python3.12/site-packages/neuronxcc/private_nkl/transpose.py:688:33: warning: 'neuronxcc.private_nkl.utils.tiled_range.TiledRange' is from the 'neuronxcc' package which is not supported in NKI kernels; use the 'nki' package instead
    for vectorization_factor in TiledRange(num_full_128_tiles_per_J_tile, VECTORIZATION_FACTOR):
                                ^
/opt/aws_neuronx_venv_pytorch_inference_vllm_0_16/lib/python3.12/site-packages/neuronxcc/private_nkl/transpose.py:751:3: warning: 'neuronxcc.private_nkl.transpose.check_input_transpose' is from the 'neuronxcc' package which is not supported in NKI kernels; use the 'nki' package instead
  check_input_transpose(in_tensor, in_shape, permutation)
  ^
/opt/aws_neuronx_venv_pytorch_inference_vllm_0_16/lib/python3.12/site-packages/neuronxcc/private_nkl/transpose.py:757:33: warning: 'neuronxcc.private_nkl.transpose_utils.permutation_reduction' is from the 'neuronxcc' package which is not supported in NKI kernels; use the 'nki' package instead
  reduced_perm, reduced_shape = permutation_reduction(in_shape, permutation)
                                ^
/opt/aws_neuronx_venv_pytorch_inference_vllm_0_16/lib/python3.12/site-packages/neuronxcc/private_nkl/transpose.py:758:10: warning: 'neuronxcc.private_nkl.transpose_utils.permutes_last_two_dims' is from the 'neuronxcc' package which is not supported in NKI kernels; use the 'nki' package instead
  assert permutes_last_two_dims(reduced_perm), f"must permutate last two dims, got {reduced_perm}"
         ^
/opt/aws_neuronx_venv_pytorch_inference_vllm_0_16/lib/python3.12/site-packages/neuronxcc/private_nkl/transpose.py:763:11: warning: 'neuronxcc.private_nkl.transpose._str_to_dtype' is from the 'neuronxcc' package which is not supported in NKI kernels; use the 'nki' package instead
    dtype=_str_to_dtype(out_dtype),
          ^
/opt/aws_neuronx_venv_pytorch_inference_vllm_0_16/lib/python3.12/site-packages/neuronxcc/private_nkl/transpose.py:764:12: warning: 'neuronxcc.private_nkl.transpose_utils._get_hbm_buffer' is from the 'neuronxcc' package which is not supported in NKI kernels; use the 'nki' package instead
    buffer=_get_hbm_buffer(),
           ^
/opt/aws_neuronx_venv_pytorch_inference_vllm_0_16/lib/python3.12/site-packages/neuronxcc/private_nkl/transpose.py:767:3: warning: 'neuronxcc.private_nkl.transpose._pe_transpose_impl' is from the 'neuronxcc' package which is not supported in NKI kernels; use the 'nki' package instead
  _pe_transpose_impl(in_tensor, out_tensor, num_shards, shard_id)
  ^
/opt/aws_neuronx_venv_pytorch_inference_vllm_0_16/lib/python3.12/site-packages/neuronxcc/private_nkl/transpose.py:373:25: warning: 'neuronxcc.private_nkl.transpose_utils.n_elts' is from the 'neuronxcc' package which is not supported in NKI kernels; use the 'nki' package instead
  flattened_B_dim = int(n_elts(in_shape[:-2])) if in_shape[:-2] else 1
                        ^
/opt/aws_neuronx_venv_pytorch_inference_vllm_0_16/lib/python3.12/site-packages/neuronxcc/private_nkl/transpose.py:378:30: warning: 'neuronxcc.private_nkl.transpose._pe_optimal_tile_sizes' is from the 'neuronxcc' package which is not supported in NKI kernels; use the 'nki' package instead
  I_tile_size, J_tile_size = _pe_optimal_tile_sizes(I, J, in_tensor.dtype)
                             ^
/opt/aws_neuronx_venv_pytorch_inference_vllm_0_16/lib/python3.12/site-packages/neuronxcc/private_nkl/transpose.py:381:17: warning: 'neuronxcc.private_nkl.utils.kernel_helpers.div_ceil' is from the 'neuronxcc' package which is not supported in NKI kernels; use the 'nki' package instead
  b_per_shard = div_ceil(flattened_B_dim, num_shards)
                ^
/opt/aws_neuronx_venv_pytorch_inference_vllm_0_16/lib/python3.12/site-packages/neuronxcc/private_nkl/transpose.py:384:19: warning: 'neuronxcc.private_nkl.transpose._to_compute_dtype' is from the 'neuronxcc' package which is not supported in NKI kernels; use the 'nki' package instead
  compute_dtype = _to_compute_dtype(in_tensor.dtype)
                  ^
/opt/aws_neuronx_venv_pytorch_inference_vllm_0_16/lib/python3.12/site-packages/neuronxcc/private_nkl/transpose.py:398:19: warning: 'neuronxcc.private_nkl.utils.tiled_range.TiledRange' is from the 'neuronxcc' package which is not supported in NKI kernels; use the 'nki' package instead
    for I_tile in TiledRange(I, I_tile_size):
                  ^
/opt/aws_neuronx_venv_pytorch_inference_vllm_0_16/lib/python3.12/site-packages/neuronxcc/private_nkl/transpose.py:399:21: warning: 'neuronxcc.private_nkl.utils.tiled_range.TiledRange' is from the 'neuronxcc' package which is not supported in NKI kernels; use the 'nki' package instead
      for J_tile in TiledRange(J, J_tile_size):
                    ^
/opt/aws_neuronx_venv_pytorch_inference_vllm_0_16/lib/python3.12/site-packages/neuronxcc/private_nkl/transpose.py:400:23: warning: 'neuronxcc.private_nkl.utils.tiled_range.TiledRange' is from the 'neuronxcc' package which is not supported in NKI kernels; use the 'nki' package instead
        I_128_tiles = TiledRange(I_tile, nl.tile_size.pmax)
                      ^
/opt/aws_neuronx_venv_pytorch_inference_vllm_0_16/lib/python3.12/site-packages/neuronxcc/private_nkl/transpose.py:405:23: warning: 'neuronxcc.private_nkl.utils.tiled_range.TiledRange' is from the 'neuronxcc' package which is not supported in NKI kernels; use the 'nki' package instead
        J_128_tiles = TiledRange(J_tile, nl.tile_size.pmax)
                      ^
/opt/aws_neuronx_venv_pytorch_inference_vllm_0_16/lib/python3.12/site-packages/neuronxcc/private_nkl/transpose.py:411:9: warning: 'neuronxcc.private_nkl.transpose._pe_load_tile' is from the 'neuronxcc' package which is not supported in NKI kernels; use the 'nki' package instead
        _pe_load_tile(
        ^
/opt/aws_neuronx_venv_pytorch_inference_vllm_0_16/lib/python3.12/site-packages/neuronxcc/private_nkl/transpose.py:422:11: warning: 'neuronxcc.private_nkl.transpose._pe_transpose_tile_I_vectorized' is from the 'neuronxcc' package which is not supported in NKI kernels; use the 'nki' package instead
          _pe_transpose_tile_I_vectorized(
          ^
/opt/aws_neuronx_venv_pytorch_inference_vllm_0_16/lib/python3.12/site-packages/neuronxcc/private_nkl/transpose.py:430:11: warning: 'neuronxcc.private_nkl.transpose._pe_transpose_tile_J_vectorized' is from the 'neuronxcc' package which is not supported in NKI kernels; use the 'nki' package instead
          _pe_transpose_tile_J_vectorized(
          ^
/opt/aws_neuronx_venv_pytorch_inference_vllm_0_16/lib/python3.12/site-packages/neuronxcc/private_nkl/transpose.py:438:9: warning: 'neuronxcc.private_nkl.transpose._pe_store_tile' is from the 'neuronxcc' package which is not supported in NKI kernels; use the 'nki' package instead
        _pe_store_tile(
        ^
/opt/aws_neuronx_venv_pytorch_inference_vllm_0_16/lib/python3.12/site-packages/neuronxcc/private_nkl/transpose.py:527:17: warning: 'neuronxcc.private_nkl.utils.tiled_range.TiledRange' is from the 'neuronxcc' package which is not supported in NKI kernels; use the 'nki' package instead
  I_128_tiles = TiledRange(I_tile, nl.tile_size.pmax)
                ^
/opt/aws_neuronx_venv_pytorch_inference_vllm_0_16/lib/python3.12/site-packages/neuronxcc/private_nkl/transpose.py:529:17: warning: 'neuronxcc.private_nkl.utils.tiled_range.TiledRange' is from the 'neuronxcc' package which is not supported in NKI kernels; use the 'nki' package instead
  J_128_tiles = TiledRange(J_tile, nl.tile_size.pmax)
                ^
/opt/aws_neuronx_venv_pytorch_inference_vllm_0_16/lib/python3.12/site-packages/neuronxcc/private_nkl/transpose.py:538:21: warning: 'neuronxcc.private_nkl.utils.tiled_range.TiledRange' is from the 'neuronxcc' package which is not supported in NKI kernels; use the 'nki' package instead
  for J_128_tile in TiledRange(J_tile.size, nl.tile_size.pmax):
                    ^
/opt/aws_neuronx_venv_pytorch_inference_vllm_0_16/lib/python3.12/site-packages/neuronxcc/private_nkl/transpose.py:539:23: warning: 'neuronxcc.private_nkl.utils.tiled_range.TiledRange' is from the 'neuronxcc' package which is not supported in NKI kernels; use the 'nki' package instead
    for I_512_tile in TiledRange(I_tile.size, nl.tile_size.psum_fmax):
                      ^
/opt/aws_neuronx_venv_pytorch_inference_vllm_0_16/lib/python3.12/site-packages/neuronxcc/private_nkl/transpose.py:551:25: warning: 'neuronxcc.private_nkl.utils.tiled_range.TiledRange' is from the 'neuronxcc' package which is not supported in NKI kernels; use the 'nki' package instead
      for I_128_tile in TiledRange(I_512_tile, nl.tile_size.pmax):
                        ^
/opt/aws_neuronx_venv_pytorch_inference_vllm_0_16/lib/python3.12/site-packages/neuronxcc/private_nkl/transpose.py:569:7: warning: 'neuronxcc.private_nkl.transpose._copy_with_engine' is from the 'neuronxcc' package which is not supported in NKI kernels; use the 'nki' package instead
      _copy_with_engine(
      ^
/opt/aws_neuronx_venv_pytorch_inference_vllm_0_16/lib/python3.12/site-packages/neuronxcc/private_nkl/transpose.py:586:17: warning: 'neuronxcc.private_nkl.utils.tiled_range.TiledRange' is from the 'neuronxcc' package which is not supported in NKI kernels; use the 'nki' package instead
  I_128_tiles = TiledRange(I_tile, nl.tile_size.pmax)
                ^
/opt/aws_neuronx_venv_pytorch_inference_vllm_0_16/lib/python3.12/site-packages/neuronxcc/private_nkl/transpose.py:588:17: warning: 'neuronxcc.private_nkl.utils.tiled_range.TiledRange' is from the 'neuronxcc' package which is not supported in NKI kernels; use the 'nki' package instead
  J_128_tiles = TiledRange(J_tile, nl.tile_size.pmax)
                ^
/opt/aws_neuronx_venv_pytorch_inference_vllm_0_16/lib/python3.12/site-packages/neuronxcc/private_nkl/transpose.py:596:21: warning: 'neuronxcc.private_nkl.utils.tiled_range.TiledRange' is from the 'neuronxcc' package which is not supported in NKI kernels; use the 'nki' package instead
  for I_128_tile in TiledRange(I_tile.size, nl.tile_size.pmax):
                    ^
/opt/aws_neuronx_venv_pytorch_inference_vllm_0_16/lib/python3.12/site-packages/neuronxcc/private_nkl/transpose.py:597:23: warning: 'neuronxcc.private_nkl.utils.tiled_range.TiledRange' is from the 'neuronxcc' package which is not supported in NKI kernels; use the 'nki' package instead
    for J_512_tile in TiledRange(J_tile.size, nl.tile_size.psum_fmax):
                      ^
/opt/aws_neuronx_venv_pytorch_inference_vllm_0_16/lib/python3.12/site-packages/neuronxcc/private_nkl/transpose.py:609:25: warning: 'neuronxcc.private_nkl.utils.tiled_range.TiledRange' is from the 'neuronxcc' package which is not supported in NKI kernels; use the 'nki' package instead
      for J_128_tile in TiledRange(J_512_tile, nl.tile_size.pmax):
                        ^
/opt/aws_neuronx_venv_pytorch_inference_vllm_0_16/lib/python3.12/site-packages/neuronxcc/private_nkl/transpose.py:628:9: warning: 'neuronxcc.private_nkl.transpose._copy_with_engine' is from the 'neuronxcc' package which is not supported in NKI kernels; use the 'nki' package instead
        _copy_with_engine(
        ^
/opt/aws_neuronx_venv_pytorch_inference_vllm_0_16/lib/python3.12/site-packages/neuronxcc/private_nkl/transpose.py:652:9: warning: 'neuronxcc.private_nkl.transpose._copy_with_engine' is from the 'neuronxcc' package which is not supported in NKI kernels; use the 'nki' package instead
        _copy_with_engine(
        ^
/opt/aws_neuronx_venv_pytorch_inference_vllm_0_16/lib/python3.12/site-packages/neuronxcc/private_nkl/transpose.py:38:10: warning: 'neuronxcc.private_nkl.transpose_utils.is_valid_permutation' is from the 'neuronxcc' package which is not supported in NKI kernels; use the 'nki' package instead
  assert is_valid_permutation(permutation), "input permutation is invalid"
         ^
/opt/aws_neuronx_venv_pytorch_inference_vllm_0_16/lib/python3.12/site-packages/neuronxcc/private_nkl/transpose.py:41:10: warning: 'neuronxcc.private_nkl.transpose_utils.n_elts' is from the 'neuronxcc' package which is not supported in NKI kernels; use the 'nki' package instead
  assert n_elts(in_shape) == n_elts(in_tensor.shape), "tensor shape is invalid"
         ^
/opt/aws_neuronx_venv_pytorch_inference_vllm_0_16/lib/python3.12/site-packages/neuronxcc/private_nkl/transpose.py:41:30: warning: 'neuronxcc.private_nkl.transpose_utils.n_elts' is from the 'neuronxcc' package which is not supported in NKI kernels; use the 'nki' package instead
  assert n_elts(in_shape) == n_elts(in_tensor.shape), "tensor shape is invalid"
                             ^
/opt/aws_neuronx_venv_pytorch_inference_vllm_0_16/lib/python3.12/site-packages/neuronxcc/private_nkl/transpose.py:32:20: warning: 'neuronxcc.private_nkl.utils.StackAllocator.sizeinbytes' is from the 'neuronxcc' package which is not supported in NKI kernels; use the 'nki' package instead
  return (98304 // sizeinbytes(dtype)) // 2
                   ^
/opt/aws_neuronx_venv_pytorch_inference_vllm_0_16/lib/python3.12/site-packages/neuronxcc/private_nkl/transpose.py:886:29: warning: 'neuronxcc.private_nkl.utils.kernel_helpers.get_program_sharding_info' is from the 'neuronxcc' package which is not supported in NKI kernels; use the 'nki' package instead
  _, num_shards, shard_id = get_program_sharding_info()
                            ^
/opt/aws_neuronx_venv_pytorch_inference_vllm_0_16/lib/python3.12/site-packages/neuronxcc/private_nkl/transpose.py:887:9: warning: 'neuronxcc.private_nkl.transpose._pe_transpose' is from the 'neuronxcc' package which is not supported in NKI kernels; use the 'nki' package instead
  out = _pe_transpose(in_tensor, in_shape, permutation, out_dtype, num_shards, shard_id)
        ^
/opt/aws_neuronx_venv_pytorch_inference_vllm_0_16/lib/python3.12/site-packages/neuronxcc/private_nkl/transpose_utils.py:71:10: warning: 'neuronxcc.private_nkl.transpose_utils.is_valid_permutation' is from the 'neuronxcc' package which is not supported in NKI kernels; use the 'nki' package instead
  if not is_valid_permutation(permutation):
         ^
/opt/aws_neuronx_venv_pytorch_inference_vllm_0_16/lib/python3.12/site-packages/neuronxcc/private_nkl/utils/tiled_range.py:66:23: warning: 'neuronxcc.private_nkl.utils.tiled_range.TiledRangeIterator' is from the 'neuronxcc' package which is not supported in NKI kernels; use the 'nki' package instead
  if isinstance(size, TiledRangeIterator):
                      ^
/opt/aws_neuronx_venv_pytorch_inference_vllm_0_16/lib/python3.12/site-packages/neuronxcc/private_nkl/utils/tiled_range.py:84:22: warning: 'neuronxcc.private_nkl.utils.tiled_range.TiledRangeIterator' is from the 'neuronxcc' package which is not supported in NKI kernels; use the 'nki' package instead
    iterators.append(TiledRangeIterator(current_tile_size, i, base_offset + relative_offset))
                     ^
/opt/aws_neuronx_venv_pytorch_inference_vllm_0_16/lib/python3.12/site-packages/neuronxcc/private_nkl/transpose.py:458:17: warning: 'neuronxcc.private_nkl.utils.tiled_range.TiledRange' is from the 'neuronxcc' package which is not supported in NKI kernels; use the 'nki' package instead
  I_128_tiles = TiledRange(I_tile, nl.tile_size.pmax)
                ^
/opt/aws_neuronx_venv_pytorch_inference_vllm_0_16/lib/python3.12/site-packages/neuronxcc/private_nkl/transpose.py:465:33: warning: 'neuronxcc.private_nkl.utils.tiled_range.TiledRange' is from the 'neuronxcc' package which is not supported in NKI kernels; use the 'nki' package instead
    for vectorization_factor in TiledRange(num_full_128_tiles_per_I_tile, VECTORIZATION_FACTOR):
                                ^
/opt/aws_neuronx_venv_pytorch_inference_vllm_0_16/lib/python3.12/site-packages/neuronxcc/private_nkl/transpose.py:284:16: warning: 'neuronxcc.private_nkl.transpose.max_f_size' is from the 'neuronxcc' package which is not supported in NKI kernels; use the 'nki' package instead
  MAX_F_SIZE = max_f_size(dtype)
               ^
/opt/aws_neuronx_venv_pytorch_inference_vllm_0_16/lib/python3.12/site-packages/neuronxcc/private_nkl/transpose.py:289:15: warning: 'neuronxcc.private_nkl.transpose_utils.next_multiple' is from the 'neuronxcc' package which is not supported in NKI kernels; use the 'nki' package instead
    return I, next_multiple(min(J, MAX_F_SIZE), 128)
              ^
/opt/aws_neuronx_venv_pytorch_inference_vllm_0_16/lib/python3.12/site-packages/neuronxcc/private_nkl/transpose.py:291:12: warning: 'neuronxcc.private_nkl.transpose_utils.next_multiple' is from the 'neuronxcc' package which is not supported in NKI kernels; use the 'nki' package instead
    return next_multiple(min(I, MAX_F_SIZE), 128), J
           ^
/opt/aws_neuronx_venv_pytorch_inference_vllm_0_16/lib/python3.12/site-packages/neuronxcc/private_nkl/transpose.py:302:19: warning: 'neuronxcc.private_nkl.transpose_utils.next_multiple' is from the 'neuronxcc' package which is not supported in NKI kernels; use the 'nki' package instead
    I_tile_size = next_multiple(I_tile_size, 128)
                  ^
/opt/aws_neuronx_venv_pytorch_inference_vllm_0_16/lib/python3.12/site-packages/neuronxcc/private_nkl/transpose.py:303:19: warning: 'neuronxcc.private_nkl.transpose_utils.next_multiple' is from the 'neuronxcc' package which is not supported in NKI kernels; use the 'nki' package instead
    J_tile_size = next_multiple(J_tile_size, 128)
                  ^
/opt/aws_neuronx_venv_pytorch_inference_vllm_0_16/lib/python3.12/site-packages/neuronxcc/private_nkl/transpose.py:681:17: warning: 'neuronxcc.private_nkl.utils.tiled_range.TiledRange' is from the 'neuronxcc' package which is not supported in NKI kernels; use the 'nki' package instead
  J_128_tiles = TiledRange(J_tile, nl.tile_size.pmax)
                ^
/opt/aws_neuronx_venv_pytorch_inference_vllm_0_16/lib/python3.12/site-packages/neuronxcc/private_nkl/transpose.py:688:33: warning: 'neuronxcc.private_nkl.utils.tiled_range.TiledRange' is from the 'neuronxcc' package which is not supported in NKI kernels; use the 'nki' package instead
    for vectorization_factor in TiledRange(num_full_128_tiles_per_J_tile, VECTORIZATION_FACTOR):
                                ^
/opt/aws_neuronx_venv_pytorch_inference_vllm_0_16/lib/python3.12/site-packages/neuronxcc/private_nkl/transpose.py:751:3: warning: 'neuronxcc.private_nkl.transpose.check_input_transpose' is from the 'neuronxcc' package which is not supported in NKI kernels; use the 'nki' package instead
  check_input_transpose(in_tensor, in_shape, permutation)
  ^
/opt/aws_neuronx_venv_pytorch_inference_vllm_0_16/lib/python3.12/site-packages/neuronxcc/private_nkl/transpose.py:757:33: warning: 'neuronxcc.private_nkl.transpose_utils.permutation_reduction' is from the 'neuronxcc' package which is not supported in NKI kernels; use the 'nki' package instead
  reduced_perm, reduced_shape = permutation_reduction(in_shape, permutation)
                                ^
/opt/aws_neuronx_venv_pytorch_inference_vllm_0_16/lib/python3.12/site-packages/neuronxcc/private_nkl/transpose.py:758:10: warning: 'neuronxcc.private_nkl.transpose_utils.permutes_last_two_dims' is from the 'neuronxcc' package which is not supported in NKI kernels; use the 'nki' package instead
  assert permutes_last_two_dims(reduced_perm), f"must permutate last two dims, got {reduced_perm}"
         ^
/opt/aws_neuronx_venv_pytorch_inference_vllm_0_16/lib/python3.12/site-packages/neuronxcc/private_nkl/transpose.py:763:11: warning: 'neuronxcc.private_nkl.transpose._str_to_dtype' is from the 'neuronxcc' package which is not supported in NKI kernels; use the 'nki' package instead
    dtype=_str_to_dtype(out_dtype),
          ^
/opt/aws_neuronx_venv_pytorch_inference_vllm_0_16/lib/python3.12/site-packages/neuronxcc/private_nkl/transpose.py:764:12: warning: 'neuronxcc.private_nkl.transpose_utils._get_hbm_buffer' is from the 'neuronxcc' package which is not supported in NKI kernels; use the 'nki' package instead
    buffer=_get_hbm_buffer(),
           ^
/opt/aws_neuronx_venv_pytorch_inference_vllm_0_16/lib/python3.12/site-packages/neuronxcc/private_nkl/transpose.py:767:3: warning: 'neuronxcc.private_nkl.transpose._pe_transpose_impl' is from the 'neuronxcc' package which is not supported in NKI kernels; use the 'nki' package instead
  _pe_transpose_impl(in_tensor, out_tensor, num_shards, shard_id)
  ^
/opt/aws_neuronx_venv_pytorch_inference_vllm_0_16/lib/python3.12/site-packages/neuronxcc/private_nkl/transpose.py:373:25: warning: 'neuronxcc.private_nkl.transpose_utils.n_elts' is from the 'neuronxcc' package which is not supported in NKI kernels; use the 'nki' package instead
  flattened_B_dim = int(n_elts(in_shape[:-2])) if in_shape[:-2] else 1
                        ^
/opt/aws_neuronx_venv_pytorch_inference_vllm_0_16/lib/python3.12/site-packages/neuronxcc/private_nkl/transpose.py:378:30: warning: 'neuronxcc.private_nkl.transpose._pe_optimal_tile_sizes' is from the 'neuronxcc' package which is not supported in NKI kernels; use the 'nki' package instead
  I_tile_size, J_tile_size = _pe_optimal_tile_sizes(I, J, in_tensor.dtype)
                             ^
/opt/aws_neuronx_venv_pytorch_inference_vllm_0_16/lib/python3.12/site-packages/neuronxcc/private_nkl/transpose.py:381:17: warning: 'neuronxcc.private_nkl.utils.kernel_helpers.div_ceil' is from the 'neuronxcc' package which is not supported in NKI kernels; use the 'nki' package instead
  b_per_shard = div_ceil(flattened_B_dim, num_shards)
                ^
/opt/aws_neuronx_venv_pytorch_inference_vllm_0_16/lib/python3.12/site-packages/neuronxcc/private_nkl/transpose.py:384:19: warning: 'neuronxcc.private_nkl.transpose._to_compute_dtype' is from the 'neuronxcc' package which is not supported in NKI kernels; use the 'nki' package instead
  compute_dtype = _to_compute_dtype(in_tensor.dtype)
                  ^
/opt/aws_neuronx_venv_pytorch_inference_vllm_0_16/lib/python3.12/site-packages/neuronxcc/private_nkl/transpose.py:398:19: warning: 'neuronxcc.private_nkl.utils.tiled_range.TiledRange' is from the 'neuronxcc' package which is not supported in NKI kernels; use the 'nki' package instead
    for I_tile in TiledRange(I, I_tile_size):
                  ^
/opt/aws_neuronx_venv_pytorch_inference_vllm_0_16/lib/python3.12/site-packages/neuronxcc/private_nkl/transpose.py:399:21: warning: 'neuronxcc.private_nkl.utils.tiled_range.TiledRange' is from the 'neuronxcc' package which is not supported in NKI kernels; use the 'nki' package instead
      for J_tile in TiledRange(J, J_tile_size):
                    ^
/opt/aws_neuronx_venv_pytorch_inference_vllm_0_16/lib/python3.12/site-packages/neuronxcc/private_nkl/transpose.py:400:23: warning: 'neuronxcc.private_nkl.utils.tiled_range.TiledRange' is from the 'neuronxcc' package which is not supported in NKI kernels; use the 'nki' package instead
        I_128_tiles = TiledRange(I_tile, nl.tile_size.pmax)
                      ^
/opt/aws_neuronx_venv_pytorch_inference_vllm_0_16/lib/python3.12/site-packages/neuronxcc/private_nkl/transpose.py:405:23: warning: 'neuronxcc.private_nkl.utils.tiled_range.TiledRange' is from the 'neuronxcc' package which is not supported in NKI kernels; use the 'nki' package instead
        J_128_tiles = TiledRange(J_tile, nl.tile_size.pmax)
                      ^
/opt/aws_neuronx_venv_pytorch_inference_vllm_0_16/lib/python3.12/site-packages/neuronxcc/private_nkl/transpose.py:411:9: warning: 'neuronxcc.private_nkl.transpose._pe_load_tile' is from the 'neuronxcc' package which is not supported in NKI kernels; use the 'nki' package instead
        _pe_load_tile(
        ^
/opt/aws_neuronx_venv_pytorch_inference_vllm_0_16/lib/python3.12/site-packages/neuronxcc/private_nkl/transpose.py:422:11: warning: 'neuronxcc.private_nkl.transpose._pe_transpose_tile_I_vectorized' is from the 'neuronxcc' package which is not supported in NKI kernels; use the 'nki' package instead
          _pe_transpose_tile_I_vectorized(
          ^
/opt/aws_neuronx_venv_pytorch_inference_vllm_0_16/lib/python3.12/site-packages/neuronxcc/private_nkl/transpose.py:430:11: warning: 'neuronxcc.private_nkl.transpose._pe_transpose_tile_J_vectorized' is from the 'neuronxcc' package which is not supported in NKI kernels; use the 'nki' package instead
          _pe_transpose_tile_J_vectorized(
          ^
/opt/aws_neuronx_venv_pytorch_inference_vllm_0_16/lib/python3.12/site-packages/neuronxcc/private_nkl/transpose.py:438:9: warning: 'neuronxcc.private_nkl.transpose._pe_store_tile' is from the 'neuronxcc' package which is not supported in NKI kernels; use the 'nki' package instead
        _pe_store_tile(
        ^
/opt/aws_neuronx_venv_pytorch_inference_vllm_0_16/lib/python3.12/site-packages/neuronxcc/private_nkl/transpose.py:527:17: warning: 'neuronxcc.private_nkl.utils.tiled_range.TiledRange' is from the 'neuronxcc' package which is not supported in NKI kernels; use the 'nki' package instead
  I_128_tiles = TiledRange(I_tile, nl.tile_size.pmax)
                ^
/opt/aws_neuronx_venv_pytorch_inference_vllm_0_16/lib/python3.12/site-packages/neuronxcc/private_nkl/transpose.py:529:17: warning: 'neuronxcc.private_nkl.utils.tiled_range.TiledRange' is from the 'neuronxcc' package which is not supported in NKI kernels; use the 'nki' package instead
  J_128_tiles = TiledRange(J_tile, nl.tile_size.pmax)
                ^
/opt/aws_neuronx_venv_pytorch_inference_vllm_0_16/lib/python3.12/site-packages/neuronxcc/private_nkl/transpose.py:538:21: warning: 'neuronxcc.private_nkl.utils.tiled_range.TiledRange' is from the 'neuronxcc' package which is not supported in NKI kernels; use the 'nki' package instead
  for J_128_tile in TiledRange(J_tile.size, nl.tile_size.pmax):
                    ^
/opt/aws_neuronx_venv_pytorch_inference_vllm_0_16/lib/python3.12/site-packages/neuronxcc/private_nkl/transpose.py:539:23: warning: 'neuronxcc.private_nkl.utils.tiled_range.TiledRange' is from the 'neuronxcc' package which is not supported in NKI kernels; use the 'nki' package instead
    for I_512_tile in TiledRange(I_tile.size, nl.tile_size.psum_fmax):
                      ^
/opt/aws_neuronx_venv_pytorch_inference_vllm_0_16/lib/python3.12/site-packages/neuronxcc/private_nkl/transpose.py:551:25: warning: 'neuronxcc.private_nkl.utils.tiled_range.TiledRange' is from the 'neuronxcc' package which is not supported in NKI kernels; use the 'nki' package instead
      for I_128_tile in TiledRange(I_512_tile, nl.tile_size.pmax):
                        ^
/opt/aws_neuronx_venv_pytorch_inference_vllm_0_16/lib/python3.12/site-packages/neuronxcc/private_nkl/transpose.py:569:7: warning: 'neuronxcc.private_nkl.transpose._copy_with_engine' is from the 'neuronxcc' package which is not supported in NKI kernels; use the 'nki' package instead
      _copy_with_engine(
      ^
/opt/aws_neuronx_venv_pytorch_inference_vllm_0_16/lib/python3.12/site-packages/neuronxcc/private_nkl/transpose.py:586:17: warning: 'neuronxcc.private_nkl.utils.tiled_range.TiledRange' is from the 'neuronxcc' package which is not supported in NKI kernels; use the 'nki' package instead
  I_128_tiles = TiledRange(I_tile, nl.tile_size.pmax)
                ^
/opt/aws_neuronx_venv_pytorch_inference_vllm_0_16/lib/python3.12/site-packages/neuronxcc/private_nkl/transpose.py:588:17: warning: 'neuronxcc.private_nkl.utils.tiled_range.TiledRange' is from the 'neuronxcc' package which is not supported in NKI kernels; use the 'nki' package instead
  J_128_tiles = TiledRange(J_tile, nl.tile_size.pmax)
                ^
/opt/aws_neuronx_venv_pytorch_inference_vllm_0_16/lib/python3.12/site-packages/neuronxcc/private_nkl/transpose.py:596:21: warning: 'neuronxcc.private_nkl.utils.tiled_range.TiledRange' is from the 'neuronxcc' package which is not supported in NKI kernels; use the 'nki' package instead
  for I_128_tile in TiledRange(I_tile.size, nl.tile_size.pmax):
                    ^
/opt/aws_neuronx_venv_pytorch_inference_vllm_0_16/lib/python3.12/site-packages/neuronxcc/private_nkl/transpose.py:597:23: warning: 'neuronxcc.private_nkl.utils.tiled_range.TiledRange' is from the 'neuronxcc' package which is not supported in NKI kernels; use the 'nki' package instead
    for J_512_tile in TiledRange(J_tile.size, nl.tile_size.psum_fmax):
                      ^
/opt/aws_neuronx_venv_pytorch_inference_vllm_0_16/lib/python3.12/site-packages/neuronxcc/private_nkl/transpose.py:609:25: warning: 'neuronxcc.private_nkl.utils.tiled_range.TiledRange' is from the 'neuronxcc' package which is not supported in NKI kernels; use the 'nki' package instead
      for J_128_tile in TiledRange(J_512_tile, nl.tile_size.pmax):
                        ^
/opt/aws_neuronx_venv_pytorch_inference_vllm_0_16/lib/python3.12/site-packages/neuronxcc/private_nkl/transpose.py:628:9: warning: 'neuronxcc.private_nkl.transpose._copy_with_engine' is from the 'neuronxcc' package which is not supported in NKI kernels; use the 'nki' package instead
        _copy_with_engine(
        ^
/opt/aws_neuronx_venv_pytorch_inference_vllm_0_16/lib/python3.12/site-packages/neuronxcc/private_nkl/transpose.py:652:9: warning: 'neuronxcc.private_nkl.transpose._copy_with_engine' is from the 'neuronxcc' package which is not supported in NKI kernels; use the 'nki' package instead
        _copy_with_engine(
        ^
/opt/aws_neuronx_venv_pytorch_inference_vllm_0_16/lib/python3.12/site-packages/neuronxcc/private_nkl/transpose.py:38:10: warning: 'neuronxcc.private_nkl.transpose_utils.is_valid_permutation' is from the 'neuronxcc' package which is not supported in NKI kernels; use the 'nki' package instead
  assert is_valid_permutation(permutation), "input permutation is invalid"
         ^
/opt/aws_neuronx_venv_pytorch_inference_vllm_0_16/lib/python3.12/site-packages/neuronxcc/private_nkl/transpose.py:41:10: warning: 'neuronxcc.private_nkl.transpose_utils.n_elts' is from the 'neuronxcc' package which is not supported in NKI kernels; use the 'nki' package instead
  assert n_elts(in_shape) == n_elts(in_tensor.shape), "tensor shape is invalid"
         ^
/opt/aws_neuronx_venv_pytorch_inference_vllm_0_16/lib/python3.12/site-packages/neuronxcc/private_nkl/transpose.py:41:30: warning: 'neuronxcc.private_nkl.transpose_utils.n_elts' is from the 'neuronxcc' package which is not supported in NKI kernels; use the 'nki' package instead
  assert n_elts(in_shape) == n_elts(in_tensor.shape), "tensor shape is invalid"
                             ^
/opt/aws_neuronx_venv_pytorch_inference_vllm_0_16/lib/python3.12/site-packages/neuronxcc/private_nkl/transpose.py:32:20: warning: 'neuronxcc.private_nkl.utils.StackAllocator.sizeinbytes' is from the 'neuronxcc' package which is not supported in NKI kernels; use the 'nki' package instead
  return (98304 // sizeinbytes(dtype)) // 2
                   ^
/opt/aws_neuronx_venv_pytorch_inference_vllm_0_16/lib/python3.12/site-packages/neuronxcc/private_nkl/transpose.py:886:29: warning: 'neuronxcc.private_nkl.utils.kernel_helpers.get_program_sharding_info' is from the 'neuronxcc' package which is not supported in NKI kernels; use the 'nki' package instead
  _, num_shards, shard_id = get_program_sharding_info()
                            ^
/opt/aws_neuronx_venv_pytorch_inference_vllm_0_16/lib/python3.12/site-packages/neuronxcc/private_nkl/transpose.py:887:9: warning: 'neuronxcc.private_nkl.transpose._pe_transpose' is from the 'neuronxcc' package which is not supported in NKI kernels; use the 'nki' package instead
  out = _pe_transpose(in_tensor, in_shape, permutation, out_dtype, num_shards, shard_id)
        ^
/opt/aws_neuronx_venv_pytorch_inference_vllm_0_16/lib/python3.12/site-packages/neuronxcc/private_nkl/transpose_utils.py:71:10: warning: 'neuronxcc.private_nkl.transpose_utils.is_valid_permutation' is from the 'neuronxcc' package which is not supported in NKI kernels; use the 'nki' package instead
  if not is_valid_permutation(permutation):
         ^
/opt/aws_neuronx_venv_pytorch_inference_vllm_0_16/lib/python3.12/site-packages/neuronxcc/private_nkl/utils/tiled_range.py:66:23: warning: 'neuronxcc.private_nkl.utils.tiled_range.TiledRangeIterator' is from the 'neuronxcc' package which is not supported in NKI kernels; use the 'nki' package instead
  if isinstance(size, TiledRangeIterator):
                      ^
/opt/aws_neuronx_venv_pytorch_inference_vllm_0_16/lib/python3.12/site-packages/neuronxcc/private_nkl/utils/tiled_range.py:84:22: warning: 'neuronxcc.private_nkl.utils.tiled_range.TiledRangeIterator' is from the 'neuronxcc' package which is not supported in NKI kernels; use the 'nki' package instead
    iterators.append(TiledRangeIterator(current_tile_size, i, base_offset + relative_offset))
                     ^
/opt/aws_neuronx_venv_pytorch_inference_vllm_0_16/lib/python3.12/site-packages/neuronxcc/private_nkl/transpose.py:69:16: warning: 'neuronxcc.private_nkl.transpose.max_f_size' is from the 'neuronxcc' package which is not supported in NKI kernels; use the 'nki' package instead
  MAX_F_SIZE = max_f_size(in_tensor.dtype)
               ^
/opt/aws_neuronx_venv_pytorch_inference_vllm_0_16/lib/python3.12/site-packages/neuronxcc/private_nkl/transpose.py:74:25: warning: 'neuronxcc.private_nkl.transpose_utils.n_elts' is from the 'neuronxcc' package which is not supported in NKI kernels; use the 'nki' package instead
  flattened_B_dim = int(n_elts(in_shape[:-2])) if in_shape[:-2] else 1
                        ^
/opt/aws_neuronx_venv_pytorch_inference_vllm_0_16/lib/python3.12/site-packages/neuronxcc/private_nkl/transpose.py:77:18: warning: 'neuronxcc.private_nkl.transpose_utils.factor_within_limit' is from the 'neuronxcc' package which is not supported in NKI kernels; use the 'nki' package instead
    i_division = factor_within_limit(I, MAX_F_SIZE)
                 ^
/opt/aws_neuronx_venv_pytorch_inference_vllm_0_16/lib/python3.12/site-packages/neuronxcc/private_nkl/transpose.py:79:22: warning: 'neuronxcc.private_nkl.utils.kernel_helpers.div_ceil' is from the 'neuronxcc' package which is not supported in NKI kernels; use the 'nki' package instead
    i_division_num = div_ceil(I, i_division)
                     ^
/opt/aws_neuronx_venv_pytorch_inference_vllm_0_16/lib/python3.12/site-packages/neuronxcc/private_nkl/transpose.py:87:16: warning: 'neuronxcc.private_nkl.utils.kernel_helpers.div_ceil' is from the 'neuronxcc' package which is not supported in NKI kernels; use the 'nki' package instead
  num_j_divs = div_ceil(J, j_division)
               ^
/opt/aws_neuronx_venv_pytorch_inference_vllm_0_16/lib/python3.12/site-packages/neuronxcc/private_nkl/transpose.py:91:18: warning: 'neuronxcc.private_nkl.utils.kernel_helpers.div_ceil' is from the 'neuronxcc' package which is not supported in NKI kernels; use the 'nki' package instead
    num_j_divs = div_ceil(J, j_division)
                 ^
/opt/aws_neuronx_venv_pytorch_inference_vllm_0_16/lib/python3.12/site-packages/neuronxcc/private_nkl/transpose.py:93:22: warning: 'neuronxcc.private_nkl.utils.kernel_helpers.div_ceil' is from the 'neuronxcc' package which is not supported in NKI kernels; use the 'nki' package instead
    i_division_num = div_ceil(I, i_division)
                     ^
/opt/aws_neuronx_venv_pytorch_inference_vllm_0_16/lib/python3.12/site-packages/neuronxcc/private_nkl/transpose.py:95:33: warning: 'neuronxcc.private_nkl.utils.kernel_helpers.div_ceil' is from the 'neuronxcc' package which is not supported in NKI kernels; use the 'nki' package instead
  DVE_ACT_LOAD_BALANCE_FACTOR = div_ceil(i_division, MIN_DVE_ACT_CYCLES)
                                ^
/opt/aws_neuronx_venv_pytorch_inference_vllm_0_16/lib/python3.12/site-packages/neuronxcc/private_nkl/transpose.py:97:17: warning: 'neuronxcc.private_nkl.utils.kernel_helpers.div_ceil' is from the 'neuronxcc' package which is not supported in NKI kernels; use the 'nki' package instead
  num_i_tiles = div_ceil(i_division, i_tile_size)
                ^
/opt/aws_neuronx_venv_pytorch_inference_vllm_0_16/lib/python3.12/site-packages/neuronxcc/private_nkl/transpose.py:100:13: warning: 'neuronxcc.private_nkl.utils.kernel_helpers.div_ceil' is from the 'neuronxcc' package which is not supported in NKI kernels; use the 'nki' package instead
  j_tiles = div_ceil(j_division, j_tile_size)
            ^
/opt/aws_neuronx_venv_pytorch_inference_vllm_0_16/lib/python3.12/site-packages/neuronxcc/private_nkl/transpose.py:103:17: warning: 'neuronxcc.private_nkl.utils.kernel_helpers.div_ceil' is from the 'neuronxcc' package which is not supported in NKI kernels; use the 'nki' package instead
  b_per_shard = div_ceil(flattened_B_dim, num_shards)
                ^
/opt/aws_neuronx_venv_pytorch_inference_vllm_0_16/lib/python3.12/site-packages/neuronxcc/private_nkl/transpose.py:107:17: warning: 'neuronxcc.private_nkl.utils.kernel_helpers.div_ceil' is from the 'neuronxcc' package which is not supported in NKI kernels; use the 'nki' package instead
  num_p_tiles = div_ceil(b_per_shard, MAX_P)
                ^
/opt/aws_neuronx_venv_pytorch_inference_vllm_0_16/lib/python3.12/site-packages/neuronxcc/private_nkl/transpose.py:159:13: warning: 'neuronxcc.private_nkl.transpose._copy_with_engine' is from the 'neuronxcc' package which is not supported in NKI kernels; use the 'nki' package instead
            _copy_with_engine(
            ^
/opt/aws_neuronx_venv_pytorch_inference_vllm_0_16/lib/python3.12/site-packages/neuronxcc/private_nkl/transpose.py:199:16: warning: 'neuronxcc.private_nkl.transpose.max_f_size' is from the 'neuronxcc' package which is not supported in NKI kernels; use the 'nki' package instead
  MAX_F_SIZE = max_f_size(in_tensor.dtype)
               ^
/opt/aws_neuronx_venv_pytorch_inference_vllm_0_16/lib/python3.12/site-packages/neuronxcc/private_nkl/transpose.py:204:25: warning: 'neuronxcc.private_nkl.transpose_utils.n_elts' is from the 'neuronxcc' package which is not supported in NKI kernels; use the 'nki' package instead
  flattened_B_dim = int(n_elts(in_shape[:-2])) if in_shape[:-2] else 1
                        ^
/opt/aws_neuronx_venv_pytorch_inference_vllm_0_16/lib/python3.12/site-packages/neuronxcc/private_nkl/transpose.py:207:17: warning: 'neuronxcc.private_nkl.utils.kernel_helpers.div_ceil' is from the 'neuronxcc' package which is not supported in NKI kernels; use the 'nki' package instead
  b_per_shard = div_ceil(flattened_B_dim, num_shards)
                ^
/opt/aws_neuronx_venv_pytorch_inference_vllm_0_16/lib/python3.12/site-packages/neuronxcc/private_nkl/transpose.py:211:17: warning: 'neuronxcc.private_nkl.utils.kernel_helpers.div_ceil' is from the 'neuronxcc' package which is not supported in NKI kernels; use the 'nki' package instead
  num_p_tiles = div_ceil(b_per_shard, P)
                ^
/opt/aws_neuronx_venv_pytorch_inference_vllm_0_16/lib/python3.12/site-packages/neuronxcc/private_nkl/transpose.py:218:13: warning: 'neuronxcc.private_nkl.utils.kernel_helpers.div_ceil' is from the 'neuronxcc' package which is not supported in NKI kernels; use the 'nki' package instead
  i_tiles = div_ceil(I, i_tile_size)
            ^
/opt/aws_neuronx_venv_pytorch_inference_vllm_0_16/lib/python3.12/site-packages/neuronxcc/private_nkl/transpose.py:224:19: warning: 'neuronxcc.private_nkl.utils.kernel_helpers.div_ceil' is from the 'neuronxcc' package which is not supported in NKI kernels; use the 'nki' package instead
    j_tile_size = div_ceil(J, J_LOAD_BALANCING_FACTOR)
                  ^
/opt/aws_neuronx_venv_pytorch_inference_vllm_0_16/lib/python3.12/site-packages/neuronxcc/private_nkl/transpose.py:251:9: warning: 'neuronxcc.private_nkl.transpose._copy_with_engine' is from the 'neuronxcc' package which is not supported in NKI kernels; use the 'nki' package instead
        _copy_with_engine(
        ^
/opt/aws_neuronx_venv_pytorch_inference_vllm_0_16/lib/python3.12/site-packages/neuronxcc/private_nkl/transpose.py:458:17: warning: 'neuronxcc.private_nkl.utils.tiled_range.TiledRange' is from the 'neuronxcc' package which is not supported in NKI kernels; use the 'nki' package instead
  I_128_tiles = TiledRange(I_tile, nl.tile_size.pmax)
                ^
/opt/aws_neuronx_venv_pytorch_inference_vllm_0_16/lib/python3.12/site-packages/neuronxcc/private_nkl/transpose.py:465:33: warning: 'neuronxcc.private_nkl.utils.tiled_range.TiledRange' is from the 'neuronxcc' package which is not supported in NKI kernels; use the 'nki' package instead
    for vectorization_factor in TiledRange(num_full_128_tiles_per_I_tile, VECTORIZATION_FACTOR):
                                ^
/opt/aws_neuronx_venv_pytorch_inference_vllm_0_16/lib/python3.12/site-packages/neuronxcc/private_nkl/transpose.py:284:16: warning: 'neuronxcc.private_nkl.transpose.max_f_size' is from the 'neuronxcc' package which is not supported in NKI kernels; use the 'nki' package instead
  MAX_F_SIZE = max_f_size(dtype)
               ^
/opt/aws_neuronx_venv_pytorch_inference_vllm_0_16/lib/python3.12/site-packages/neuronxcc/private_nkl/transpose.py:289:15: warning: 'neuronxcc.private_nkl.transpose_utils.next_multiple' is from the 'neuronxcc' package which is not supported in NKI kernels; use the 'nki' package instead
    return I, next_multiple(min(J, MAX_F_SIZE), 128)
              ^
/opt/aws_neuronx_venv_pytorch_inference_vllm_0_16/lib/python3.12/site-packages/neuronxcc/private_nkl/transpose.py:291:12: warning: 'neuronxcc.private_nkl.transpose_utils.next_multiple' is from the 'neuronxcc' package which is not supported in NKI kernels; use the 'nki' package instead
    return next_multiple(min(I, MAX_F_SIZE), 128), J
           ^
/opt/aws_neuronx_venv_pytorch_inference_vllm_0_16/lib/python3.12/site-packages/neuronxcc/private_nkl/transpose.py:302:19: warning: 'neuronxcc.private_nkl.transpose_utils.next_multiple' is from the 'neuronxcc' package which is not supported in NKI kernels; use the 'nki' package instead
    I_tile_size = next_multiple(I_tile_size, 128)
                  ^
/opt/aws_neuronx_venv_pytorch_inference_vllm_0_16/lib/python3.12/site-packages/neuronxcc/private_nkl/transpose.py:303:19: warning: 'neuronxcc.private_nkl.transpose_utils.next_multiple' is from the 'neuronxcc' package which is not supported in NKI kernels; use the 'nki' package instead
    J_tile_size = next_multiple(J_tile_size, 128)
                  ^
/opt/aws_neuronx_venv_pytorch_inference_vllm_0_16/lib/python3.12/site-packages/neuronxcc/private_nkl/transpose.py:681:17: warning: 'neuronxcc.private_nkl.utils.tiled_range.TiledRange' is from the 'neuronxcc' package which is not supported in NKI kernels; use the 'nki' package instead
  J_128_tiles = TiledRange(J_tile, nl.tile_size.pmax)
                ^
/opt/aws_neuronx_venv_pytorch_inference_vllm_0_16/lib/python3.12/site-packages/neuronxcc/private_nkl/transpose.py:688:33: warning: 'neuronxcc.private_nkl.utils.tiled_range.TiledRange' is from the 'neuronxcc' package which is not supported in NKI kernels; use the 'nki' package instead
    for vectorization_factor in TiledRange(num_full_128_tiles_per_J_tile, VECTORIZATION_FACTOR):
                                ^
/opt/aws_neuronx_venv_pytorch_inference_vllm_0_16/lib/python3.12/site-packages/neuronxcc/private_nkl/transpose.py:373:25: warning: 'neuronxcc.private_nkl.transpose_utils.n_elts' is from the 'neuronxcc' package which is not supported in NKI kernels; use the 'nki' package instead
  flattened_B_dim = int(n_elts(in_shape[:-2])) if in_shape[:-2] else 1
                        ^
/opt/aws_neuronx_venv_pytorch_inference_vllm_0_16/lib/python3.12/site-packages/neuronxcc/private_nkl/transpose.py:378:30: warning: 'neuronxcc.private_nkl.transpose._pe_optimal_tile_sizes' is from the 'neuronxcc' package which is not supported in NKI kernels; use the 'nki' package instead
  I_tile_size, J_tile_size = _pe_optimal_tile_sizes(I, J, in_tensor.dtype)
                             ^
/opt/aws_neuronx_venv_pytorch_inference_vllm_0_16/lib/python3.12/site-packages/neuronxcc/private_nkl/transpose.py:381:17: warning: 'neuronxcc.private_nkl.utils.kernel_helpers.div_ceil' is from the 'neuronxcc' package which is not supported in NKI kernels; use the 'nki' package instead
  b_per_shard = div_ceil(flattened_B_dim, num_shards)
                ^
/opt/aws_neuronx_venv_pytorch_inference_vllm_0_16/lib/python3.12/site-packages/neuronxcc/private_nkl/transpose.py:384:19: warning: 'neuronxcc.private_nkl.transpose._to_compute_dtype' is from the 'neuronxcc' package which is not supported in NKI kernels; use the 'nki' package instead
  compute_dtype = _to_compute_dtype(in_tensor.dtype)
                  ^
/opt/aws_neuronx_venv_pytorch_inference_vllm_0_16/lib/python3.12/site-packages/neuronxcc/private_nkl/transpose.py:398:19: warning: 'neuronxcc.private_nkl.utils.tiled_range.TiledRange' is from the 'neuronxcc' package which is not supported in NKI kernels; use the 'nki' package instead
    for I_tile in TiledRange(I, I_tile_size):
                  ^
/opt/aws_neuronx_venv_pytorch_inference_vllm_0_16/lib/python3.12/site-packages/neuronxcc/private_nkl/transpose.py:399:21: warning: 'neuronxcc.private_nkl.utils.tiled_range.TiledRange' is from the 'neuronxcc' package which is not supported in NKI kernels; use the 'nki' package instead
      for J_tile in TiledRange(J, J_tile_size):
                    ^
/opt/aws_neuronx_venv_pytorch_inference_vllm_0_16/lib/python3.12/site-packages/neuronxcc/private_nkl/transpose.py:400:23: warning: 'neuronxcc.private_nkl.utils.tiled_range.TiledRange' is from the 'neuronxcc' package which is not supported in NKI kernels; use the 'nki' package instead
        I_128_tiles = TiledRange(I_tile, nl.tile_size.pmax)
                      ^
/opt/aws_neuronx_venv_pytorch_inference_vllm_0_16/lib/python3.12/site-packages/neuronxcc/private_nkl/transpose.py:405:23: warning: 'neuronxcc.private_nkl.utils.tiled_range.TiledRange' is from the 'neuronxcc' package which is not supported in NKI kernels; use the 'nki' package instead
        J_128_tiles = TiledRange(J_tile, nl.tile_size.pmax)
                      ^
/opt/aws_neuronx_venv_pytorch_inference_vllm_0_16/lib/python3.12/site-packages/neuronxcc/private_nkl/transpose.py:411:9: warning: 'neuronxcc.private_nkl.transpose._pe_load_tile' is from the 'neuronxcc' package which is not supported in NKI kernels; use the 'nki' package instead
        _pe_load_tile(
        ^
/opt/aws_neuronx_venv_pytorch_inference_vllm_0_16/lib/python3.12/site-packages/neuronxcc/private_nkl/transpose.py:422:11: warning: 'neuronxcc.private_nkl.transpose._pe_transpose_tile_I_vectorized' is from the 'neuronxcc' package which is not supported in NKI kernels; use the 'nki' package instead
          _pe_transpose_tile_I_vectorized(
          ^
/opt/aws_neuronx_venv_pytorch_inference_vllm_0_16/lib/python3.12/site-packages/neuronxcc/private_nkl/transpose.py:430:11: warning: 'neuronxcc.private_nkl.transpose._pe_transpose_tile_J_vectorized' is from the 'neuronxcc' package which is not supported in NKI kernels; use the 'nki' package instead
          _pe_transpose_tile_J_vectorized(
          ^
/opt/aws_neuronx_venv_pytorch_inference_vllm_0_16/lib/python3.12/site-packages/neuronxcc/private_nkl/transpose.py:438:9: warning: 'neuronxcc.private_nkl.transpose._pe_store_tile' is from the 'neuronxcc' package which is not supported in NKI kernels; use the 'nki' package instead
        _pe_store_tile(
        ^
/opt/aws_neuronx_venv_pytorch_inference_vllm_0_16/lib/python3.12/site-packages/neuronxcc/private_nkl/transpose.py:527:17: warning: 'neuronxcc.private_nkl.utils.tiled_range.TiledRange' is from the 'neuronxcc' package which is not supported in NKI kernels; use the 'nki' package instead
  I_128_tiles = TiledRange(I_tile, nl.tile_size.pmax)
                ^
/opt/aws_neuronx_venv_pytorch_inference_vllm_0_16/lib/python3.12/site-packages/neuronxcc/private_nkl/transpose.py:529:17: warning: 'neuronxcc.private_nkl.utils.tiled_range.TiledRange' is from the 'neuronxcc' package which is not supported in NKI kernels; use the 'nki' package instead
  J_128_tiles = TiledRange(J_tile, nl.tile_size.pmax)
                ^
/opt/aws_neuronx_venv_pytorch_inference_vllm_0_16/lib/python3.12/site-packages/neuronxcc/private_nkl/transpose.py:538:21: warning: 'neuronxcc.private_nkl.utils.tiled_range.TiledRange' is from the 'neuronxcc' package which is not supported in NKI kernels; use the 'nki' package instead
  for J_128_tile in TiledRange(J_tile.size, nl.tile_size.pmax):
                    ^
/opt/aws_neuronx_venv_pytorch_inference_vllm_0_16/lib/python3.12/site-packages/neuronxcc/private_nkl/transpose.py:539:23: warning: 'neuronxcc.private_nkl.utils.tiled_range.TiledRange' is from the 'neuronxcc' package which is not supported in NKI kernels; use the 'nki' package instead
    for I_512_tile in TiledRange(I_tile.size, nl.tile_size.psum_fmax):
                      ^
/opt/aws_neuronx_venv_pytorch_inference_vllm_0_16/lib/python3.12/site-packages/neuronxcc/private_nkl/transpose.py:551:25: warning: 'neuronxcc.private_nkl.utils.tiled_range.TiledRange' is from the 'neuronxcc' package which is not supported in NKI kernels; use the 'nki' package instead
      for I_128_tile in TiledRange(I_512_tile, nl.tile_size.pmax):
                        ^
/opt/aws_neuronx_venv_pytorch_inference_vllm_0_16/lib/python3.12/site-packages/neuronxcc/private_nkl/transpose.py:569:7: warning: 'neuronxcc.private_nkl.transpose._copy_with_engine' is from the 'neuronxcc' package which is not supported in NKI kernels; use the 'nki' package instead
      _copy_with_engine(
      ^
/opt/aws_neuronx_venv_pytorch_inference_vllm_0_16/lib/python3.12/site-packages/neuronxcc/private_nkl/transpose.py:586:17: warning: 'neuronxcc.private_nkl.utils.tiled_range.TiledRange' is from the 'neuronxcc' package which is not supported in NKI kernels; use the 'nki' package instead
  I_128_tiles = TiledRange(I_tile, nl.tile_size.pmax)
                ^
/opt/aws_neuronx_venv_pytorch_inference_vllm_0_16/lib/python3.12/site-packages/neuronxcc/private_nkl/transpose.py:588:17: warning: 'neuronxcc.private_nkl.utils.tiled_range.TiledRange' is from the 'neuronxcc' package which is not supported in NKI kernels; use the 'nki' package instead
  J_128_tiles = TiledRange(J_tile, nl.tile_size.pmax)
                ^
/opt/aws_neuronx_venv_pytorch_inference_vllm_0_16/lib/python3.12/site-packages/neuronxcc/private_nkl/transpose.py:596:21: warning: 'neuronxcc.private_nkl.utils.tiled_range.TiledRange' is from the 'neuronxcc' package which is not supported in NKI kernels; use the 'nki' package instead
  for I_128_tile in TiledRange(I_tile.size, nl.tile_size.pmax):
                    ^
/opt/aws_neuronx_venv_pytorch_inference_vllm_0_16/lib/python3.12/site-packages/neuronxcc/private_nkl/transpose.py:597:23: warning: 'neuronxcc.private_nkl.utils.tiled_range.TiledRange' is from the 'neuronxcc' package which is not supported in NKI kernels; use the 'nki' package instead
    for J_512_tile in TiledRange(J_tile.size, nl.tile_size.psum_fmax):
                      ^
/opt/aws_neuronx_venv_pytorch_inference_vllm_0_16/lib/python3.12/site-packages/neuronxcc/private_nkl/transpose.py:609:25: warning: 'neuronxcc.private_nkl.utils.tiled_range.TiledRange' is from the 'neuronxcc' package which is not supported in NKI kernels; use the 'nki' package instead
      for J_128_tile in TiledRange(J_512_tile, nl.tile_size.pmax):
                        ^
/opt/aws_neuronx_venv_pytorch_inference_vllm_0_16/lib/python3.12/site-packages/neuronxcc/private_nkl/transpose.py:628:9: warning: 'neuronxcc.private_nkl.transpose._copy_with_engine' is from the 'neuronxcc' package which is not supported in NKI kernels; use the 'nki' package instead
        _copy_with_engine(
        ^
/opt/aws_neuronx_venv_pytorch_inference_vllm_0_16/lib/python3.12/site-packages/neuronxcc/private_nkl/transpose.py:652:9: warning: 'neuronxcc.private_nkl.transpose._copy_with_engine' is from the 'neuronxcc' package which is not supported in NKI kernels; use the 'nki' package instead
        _copy_with_engine(
        ^
/opt/aws_neuronx_venv_pytorch_inference_vllm_0_16/lib/python3.12/site-packages/neuronxcc/private_nkl/transpose.py:784:3: warning: 'neuronxcc.private_nkl.transpose.check_input_transpose' is from the 'neuronxcc' package which is not supported in NKI kernels; use the 'nki' package instead
  check_input_transpose(in_tensor, in_shape, permutation)
  ^
/opt/aws_neuronx_venv_pytorch_inference_vllm_0_16/lib/python3.12/site-packages/neuronxcc/private_nkl/transpose.py:790:33: warning: 'neuronxcc.private_nkl.transpose_utils.permutation_reduction' is from the 'neuronxcc' package which is not supported in NKI kernels; use the 'nki' package instead
  reduced_perm, reduced_shape = permutation_reduction(in_shape, permutation)
                                ^
/opt/aws_neuronx_venv_pytorch_inference_vllm_0_16/lib/python3.12/site-packages/neuronxcc/private_nkl/transpose.py:791:10: warning: 'neuronxcc.private_nkl.transpose_utils.permutes_last_two_dims' is from the 'neuronxcc' package which is not supported in NKI kernels; use the 'nki' package instead
  assert permutes_last_two_dims(reduced_perm), f"must permutate last two dims, got {reduced_perm}"
         ^
/opt/aws_neuronx_venv_pytorch_inference_vllm_0_16/lib/python3.12/site-packages/neuronxcc/private_nkl/transpose.py:796:11: warning: 'neuronxcc.private_nkl.transpose._str_to_dtype' is from the 'neuronxcc' package which is not supported in NKI kernels; use the 'nki' package instead
    dtype=_str_to_dtype(out_dtype),
          ^
/opt/aws_neuronx_venv_pytorch_inference_vllm_0_16/lib/python3.12/site-packages/neuronxcc/private_nkl/transpose.py:797:12: warning: 'neuronxcc.private_nkl.transpose_utils._get_hbm_buffer' is from the 'neuronxcc' package which is not supported in NKI kernels; use the 'nki' package instead
    buffer=_get_hbm_buffer(),
           ^
/opt/aws_neuronx_venv_pytorch_inference_vllm_0_16/lib/python3.12/site-packages/neuronxcc/private_nkl/transpose.py:805:16: warning: 'neuronxcc.private_nkl.transpose.max_f_size' is from the 'neuronxcc' package which is not supported in NKI kernels; use the 'nki' package instead
  MAX_F_SIZE = max_f_size(in_tensor.dtype)
               ^
/opt/aws_neuronx_venv_pytorch_inference_vllm_0_16/lib/python3.12/site-packages/neuronxcc/private_nkl/transpose.py:808:5: warning: 'neuronxcc.private_nkl.transpose._dve_transpose_large_cols_impl' is from the 'neuronxcc' package which is not supported in NKI kernels; use the 'nki' package instead
    _dve_transpose_large_cols_impl(in_tensor, out_tensor, num_shards, shard_id)
    ^
/opt/aws_neuronx_venv_pytorch_inference_vllm_0_16/lib/python3.12/site-packages/neuronxcc/private_nkl/transpose.py:810:5: warning: 'neuronxcc.private_nkl.transpose._dve_transpose_large_rows_impl' is from the 'neuronxcc' package which is not supported in NKI kernels; use the 'nki' package instead
    _dve_transpose_large_rows_impl(in_tensor, out_tensor, num_shards, shard_id)
    ^
/opt/aws_neuronx_venv_pytorch_inference_vllm_0_16/lib/python3.12/site-packages/neuronxcc/private_nkl/transpose.py:812:5: warning: 'neuronxcc.private_nkl.transpose._pe_transpose_impl' is from the 'neuronxcc' package which is not supported in NKI kernels; use the 'nki' package instead
    _pe_transpose_impl(in_tensor, out_tensor, num_shards, shard_id)
    ^
/opt/aws_neuronx_venv_pytorch_inference_vllm_0_16/lib/python3.12/site-packages/neuronxcc/private_nkl/transpose.py:38:10: warning: 'neuronxcc.private_nkl.transpose_utils.is_valid_permutation' is from the 'neuronxcc' package which is not supported in NKI kernels; use the 'nki' package instead
  assert is_valid_permutation(permutation), "input permutation is invalid"
         ^
/opt/aws_neuronx_venv_pytorch_inference_vllm_0_16/lib/python3.12/site-packages/neuronxcc/private_nkl/transpose.py:41:10: warning: 'neuronxcc.private_nkl.transpose_utils.n_elts' is from the 'neuronxcc' package which is not supported in NKI kernels; use the 'nki' package instead
  assert n_elts(in_shape) == n_elts(in_tensor.shape), "tensor shape is invalid"
         ^
/opt/aws_neuronx_venv_pytorch_inference_vllm_0_16/lib/python3.12/site-packages/neuronxcc/private_nkl/transpose.py:41:30: warning: 'neuronxcc.private_nkl.transpose_utils.n_elts' is from the 'neuronxcc' package which is not supported in NKI kernels; use the 'nki' package instead
  assert n_elts(in_shape) == n_elts(in_tensor.shape), "tensor shape is invalid"
                             ^
/opt/aws_neuronx_venv_pytorch_inference_vllm_0_16/lib/python3.12/site-packages/neuronxcc/private_nkl/transpose.py:32:20: warning: 'neuronxcc.private_nkl.utils.StackAllocator.sizeinbytes' is from the 'neuronxcc' package which is not supported in NKI kernels; use the 'nki' package instead
  return (98304 // sizeinbytes(dtype)) // 2
                   ^
/opt/aws_neuronx_venv_pytorch_inference_vllm_0_16/lib/python3.12/site-packages/neuronxcc/private_nkl/transpose.py:862:29: warning: 'neuronxcc.private_nkl.utils.kernel_helpers.get_program_sharding_info' is from the 'neuronxcc' package which is not supported in NKI kernels; use the 'nki' package instead
  _, num_shards, shard_id = get_program_sharding_info()
                            ^
/opt/aws_neuronx_venv_pytorch_inference_vllm_0_16/lib/python3.12/site-packages/neuronxcc/private_nkl/transpose.py:863:9: warning: 'neuronxcc.private_nkl.transpose._transpose_last_two_dims' is from the 'neuronxcc' package which is not supported in NKI kernels; use the 'nki' package instead
  out = _transpose_last_two_dims(in_tensor, in_shape, permutation, out_dtype, num_shards, shard_id)
        ^
/opt/aws_neuronx_venv_pytorch_inference_vllm_0_16/lib/python3.12/site-packages/neuronxcc/private_nkl/transpose_utils.py:71:10: warning: 'neuronxcc.private_nkl.transpose_utils.is_valid_permutation' is from the 'neuronxcc' package which is not supported in NKI kernels; use the 'nki' package instead
  if not is_valid_permutation(permutation):
         ^
/opt/aws_neuronx_venv_pytorch_inference_vllm_0_16/lib/python3.12/site-packages/neuronxcc/private_nkl/utils/tiled_range.py:66:23: warning: 'neuronxcc.private_nkl.utils.tiled_range.TiledRangeIterator' is from the 'neuronxcc' package which is not supported in NKI kernels; use the 'nki' package instead
  if isinstance(size, TiledRangeIterator):
                      ^
/opt/aws_neuronx_venv_pytorch_inference_vllm_0_16/lib/python3.12/site-packages/neuronxcc/private_nkl/utils/tiled_range.py:84:22: warning: 'neuronxcc.private_nkl.utils.tiled_range.TiledRangeIterator' is from the 'neuronxcc' package which is not supported in NKI kernels; use the 'nki' package instead
    iterators.append(TiledRangeIterator(current_tile_size, i, base_offset + relative_offset))
                     ^
/opt/aws_neuronx_venv_pytorch_inference_vllm_0_16/lib/python3.12/site-packages/neuronxcc/private_nkl/transpose.py:458:17: warning: 'neuronxcc.private_nkl.utils.tiled_range.TiledRange' is from the 'neuronxcc' package which is not supported in NKI kernels; use the 'nki' package instead
  I_128_tiles = TiledRange(I_tile, nl.tile_size.pmax)
                ^
/opt/aws_neuronx_venv_pytorch_inference_vllm_0_16/lib/python3.12/site-packages/neuronxcc/private_nkl/transpose.py:465:33: warning: 'neuronxcc.private_nkl.utils.tiled_range.TiledRange' is from the 'neuronxcc' package which is not supported in NKI kernels; use the 'nki' package instead
    for vectorization_factor in TiledRange(num_full_128_tiles_per_I_tile, VECTORIZATION_FACTOR):
                                ^
/opt/aws_neuronx_venv_pytorch_inference_vllm_0_16/lib/python3.12/site-packages/neuronxcc/private_nkl/transpose.py:284:16: warning: 'neuronxcc.private_nkl.transpose.max_f_size' is from the 'neuronxcc' package which is not supported in NKI kernels; use the 'nki' package instead
  MAX_F_SIZE = max_f_size(dtype)
               ^
/opt/aws_neuronx_venv_pytorch_inference_vllm_0_16/lib/python3.12/site-packages/neuronxcc/private_nkl/transpose.py:289:15: warning: 'neuronxcc.private_nkl.transpose_utils.next_multiple' is from the 'neuronxcc' package which is not supported in NKI kernels; use the 'nki' package instead
    return I, next_multiple(min(J, MAX_F_SIZE), 128)
              ^
/opt/aws_neuronx_venv_pytorch_inference_vllm_0_16/lib/python3.12/site-packages/neuronxcc/private_nkl/transpose.py:291:12: warning: 'neuronxcc.private_nkl.transpose_utils.next_multiple' is from the 'neuronxcc' package which is not supported in NKI kernels; use the 'nki' package instead
    return next_multiple(min(I, MAX_F_SIZE), 128), J
           ^
/opt/aws_neuronx_venv_pytorch_inference_vllm_0_16/lib/python3.12/site-packages/neuronxcc/private_nkl/transpose.py:302:19: warning: 'neuronxcc.private_nkl.transpose_utils.next_multiple' is from the 'neuronxcc' package which is not supported in NKI kernels; use the 'nki' package instead
    I_tile_size = next_multiple(I_tile_size, 128)
                  ^
/opt/aws_neuronx_venv_pytorch_inference_vllm_0_16/lib/python3.12/site-packages/neuronxcc/private_nkl/transpose.py:303:19: warning: 'neuronxcc.private_nkl.transpose_utils.next_multiple' is from the 'neuronxcc' package which is not supported in NKI kernels; use the 'nki' package instead
    J_tile_size = next_multiple(J_tile_size, 128)
                  ^
/opt/aws_neuronx_venv_pytorch_inference_vllm_0_16/lib/python3.12/site-packages/neuronxcc/private_nkl/transpose.py:681:17: warning: 'neuronxcc.private_nkl.utils.tiled_range.TiledRange' is from the 'neuronxcc' package which is not supported in NKI kernels; use the 'nki' package instead
  J_128_tiles = TiledRange(J_tile, nl.tile_size.pmax)
                ^
/opt/aws_neuronx_venv_pytorch_inference_vllm_0_16/lib/python3.12/site-packages/neuronxcc/private_nkl/transpose.py:688:33: warning: 'neuronxcc.private_nkl.utils.tiled_range.TiledRange' is from the 'neuronxcc' package which is not supported in NKI kernels; use the 'nki' package instead
    for vectorization_factor in TiledRange(num_full_128_tiles_per_J_tile, VECTORIZATION_FACTOR):
                                ^
/opt/aws_neuronx_venv_pytorch_inference_vllm_0_16/lib/python3.12/site-packages/neuronxcc/private_nkl/transpose.py:751:3: warning: 'neuronxcc.private_nkl.transpose.check_input_transpose' is from the 'neuronxcc' package which is not supported in NKI kernels; use the 'nki' package instead
  check_input_transpose(in_tensor, in_shape, permutation)
  ^
/opt/aws_neuronx_venv_pytorch_inference_vllm_0_16/lib/python3.12/site-packages/neuronxcc/private_nkl/transpose.py:757:33: warning: 'neuronxcc.private_nkl.transpose_utils.permutation_reduction' is from the 'neuronxcc' package which is not supported in NKI kernels; use the 'nki' package instead
  reduced_perm, reduced_shape = permutation_reduction(in_shape, permutation)
                                ^
/opt/aws_neuronx_venv_pytorch_inference_vllm_0_16/lib/python3.12/site-packages/neuronxcc/private_nkl/transpose.py:758:10: warning: 'neuronxcc.private_nkl.transpose_utils.permutes_last_two_dims' is from the 'neuronxcc' package which is not supported in NKI kernels; use the 'nki' package instead
  assert permutes_last_two_dims(reduced_perm), f"must permutate last two dims, got {reduced_perm}"
         ^
/opt/aws_neuronx_venv_pytorch_inference_vllm_0_16/lib/python3.12/site-packages/neuronxcc/private_nkl/transpose.py:763:11: warning: 'neuronxcc.private_nkl.transpose._str_to_dtype' is from the 'neuronxcc' package which is not supported in NKI kernels; use the 'nki' package instead
    dtype=_str_to_dtype(out_dtype),
          ^
/opt/aws_neuronx_venv_pytorch_inference_vllm_0_16/lib/python3.12/site-packages/neuronxcc/private_nkl/transpose.py:764:12: warning: 'neuronxcc.private_nkl.transpose_utils._get_hbm_buffer' is from the 'neuronxcc' package which is not supported in NKI kernels; use the 'nki' package instead
    buffer=_get_hbm_buffer(),
           ^
/opt/aws_neuronx_venv_pytorch_inference_vllm_0_16/lib/python3.12/site-packages/neuronxcc/private_nkl/transpose.py:767:3: warning: 'neuronxcc.private_nkl.transpose._pe_transpose_impl' is from the 'neuronxcc' package which is not supported in NKI kernels; use the 'nki' package instead
  _pe_transpose_impl(in_tensor, out_tensor, num_shards, shard_id)
  ^
/opt/aws_neuronx_venv_pytorch_inference_vllm_0_16/lib/python3.12/site-packages/neuronxcc/private_nkl/transpose.py:373:25: warning: 'neuronxcc.private_nkl.transpose_utils.n_elts' is from the 'neuronxcc' package which is not supported in NKI kernels; use the 'nki' package instead
  flattened_B_dim = int(n_elts(in_shape[:-2])) if in_shape[:-2] else 1
                        ^
/opt/aws_neuronx_venv_pytorch_inference_vllm_0_16/lib/python3.12/site-packages/neuronxcc/private_nkl/transpose.py:378:30: warning: 'neuronxcc.private_nkl.transpose._pe_optimal_tile_sizes' is from the 'neuronxcc' package which is not supported in NKI kernels; use the 'nki' package instead
  I_tile_size, J_tile_size = _pe_optimal_tile_sizes(I, J, in_tensor.dtype)
                             ^
/opt/aws_neuronx_venv_pytorch_inference_vllm_0_16/lib/python3.12/site-packages/neuronxcc/private_nkl/transpose.py:381:17: warning: 'neuronxcc.private_nkl.utils.kernel_helpers.div_ceil' is from the 'neuronxcc' package which is not supported in NKI kernels; use the 'nki' package instead
  b_per_shard = div_ceil(flattened_B_dim, num_shards)
                ^
/opt/aws_neuronx_venv_pytorch_inference_vllm_0_16/lib/python3.12/site-packages/neuronxcc/private_nkl/transpose.py:384:19: warning: 'neuronxcc.private_nkl.transpose._to_compute_dtype' is from the 'neuronxcc' package which is not supported in NKI kernels; use the 'nki' package instead
  compute_dtype = _to_compute_dtype(in_tensor.dtype)
                  ^
/opt/aws_neuronx_venv_pytorch_inference_vllm_0_16/lib/python3.12/site-packages/neuronxcc/private_nkl/transpose.py:398:19: warning: 'neuronxcc.private_nkl.utils.tiled_range.TiledRange' is from the 'neuronxcc' package which is not supported in NKI kernels; use the 'nki' package instead
    for I_tile in TiledRange(I, I_tile_size):
                  ^
/opt/aws_neuronx_venv_pytorch_inference_vllm_0_16/lib/python3.12/site-packages/neuronxcc/private_nkl/transpose.py:399:21: warning: 'neuronxcc.private_nkl.utils.tiled_range.TiledRange' is from the 'neuronxcc' package which is not supported in NKI kernels; use the 'nki' package instead
      for J_tile in TiledRange(J, J_tile_size):
                    ^
/opt/aws_neuronx_venv_pytorch_inference_vllm_0_16/lib/python3.12/site-packages/neuronxcc/private_nkl/transpose.py:400:23: warning: 'neuronxcc.private_nkl.utils.tiled_range.TiledRange' is from the 'neuronxcc' package which is not supported in NKI kernels; use the 'nki' package instead
        I_128_tiles = TiledRange(I_tile, nl.tile_size.pmax)
                      ^
/opt/aws_neuronx_venv_pytorch_inference_vllm_0_16/lib/python3.12/site-packages/neuronxcc/private_nkl/transpose.py:405:23: warning: 'neuronxcc.private_nkl.utils.tiled_range.TiledRange' is from the 'neuronxcc' package which is not supported in NKI kernels; use the 'nki' package instead
        J_128_tiles = TiledRange(J_tile, nl.tile_size.pmax)
                      ^
/opt/aws_neuronx_venv_pytorch_inference_vllm_0_16/lib/python3.12/site-packages/neuronxcc/private_nkl/transpose.py:411:9: warning: 'neuronxcc.private_nkl.transpose._pe_load_tile' is from the 'neuronxcc' package which is not supported in NKI kernels; use the 'nki' package instead
        _pe_load_tile(
        ^
/opt/aws_neuronx_venv_pytorch_inference_vllm_0_16/lib/python3.12/site-packages/neuronxcc/private_nkl/transpose.py:422:11: warning: 'neuronxcc.private_nkl.transpose._pe_transpose_tile_I_vectorized' is from the 'neuronxcc' package which is not supported in NKI kernels; use the 'nki' package instead
          _pe_transpose_tile_I_vectorized(
          ^
/opt/aws_neuronx_venv_pytorch_inference_vllm_0_16/lib/python3.12/site-packages/neuronxcc/private_nkl/transpose.py:430:11: warning: 'neuronxcc.private_nkl.transpose._pe_transpose_tile_J_vectorized' is from the 'neuronxcc' package which is not supported in NKI kernels; use the 'nki' package instead
          _pe_transpose_tile_J_vectorized(
          ^
/opt/aws_neuronx_venv_pytorch_inference_vllm_0_16/lib/python3.12/site-packages/neuronxcc/private_nkl/transpose.py:438:9: warning: 'neuronxcc.private_nkl.transpose._pe_store_tile' is from the 'neuronxcc' package which is not supported in NKI kernels; use the 'nki' package instead
        _pe_store_tile(
        ^
/opt/aws_neuronx_venv_pytorch_inference_vllm_0_16/lib/python3.12/site-packages/neuronxcc/private_nkl/transpose.py:527:17: warning: 'neuronxcc.private_nkl.utils.tiled_range.TiledRange' is from the 'neuronxcc' package which is not supported in NKI kernels; use the 'nki' package instead
  I_128_tiles = TiledRange(I_tile, nl.tile_size.pmax)
                ^
/opt/aws_neuronx_venv_pytorch_inference_vllm_0_16/lib/python3.12/site-packages/neuronxcc/private_nkl/transpose.py:529:17: warning: 'neuronxcc.private_nkl.utils.tiled_range.TiledRange' is from the 'neuronxcc' package which is not supported in NKI kernels; use the 'nki' package instead
  J_128_tiles = TiledRange(J_tile, nl.tile_size.pmax)
                ^
/opt/aws_neuronx_venv_pytorch_inference_vllm_0_16/lib/python3.12/site-packages/neuronxcc/private_nkl/transpose.py:538:21: warning: 'neuronxcc.private_nkl.utils.tiled_range.TiledRange' is from the 'neuronxcc' package which is not supported in NKI kernels; use the 'nki' package instead
  for J_128_tile in TiledRange(J_tile.size, nl.tile_size.pmax):
                    ^
/opt/aws_neuronx_venv_pytorch_inference_vllm_0_16/lib/python3.12/site-packages/neuronxcc/private_nkl/transpose.py:539:23: warning: 'neuronxcc.private_nkl.utils.tiled_range.TiledRange' is from the 'neuronxcc' package which is not supported in NKI kernels; use the 'nki' package instead
    for I_512_tile in TiledRange(I_tile.size, nl.tile_size.psum_fmax):
                      ^
/opt/aws_neuronx_venv_pytorch_inference_vllm_0_16/lib/python3.12/site-packages/neuronxcc/private_nkl/transpose.py:551:25: warning: 'neuronxcc.private_nkl.utils.tiled_range.TiledRange' is from the 'neuronxcc' package which is not supported in NKI kernels; use the 'nki' package instead
      for I_128_tile in TiledRange(I_512_tile, nl.tile_size.pmax):
                        ^
/opt/aws_neuronx_venv_pytorch_inference_vllm_0_16/lib/python3.12/site-packages/neuronxcc/private_nkl/transpose.py:569:7: warning: 'neuronxcc.private_nkl.transpose._copy_with_engine' is from the 'neuronxcc' package which is not supported in NKI kernels; use the 'nki' package instead
      _copy_with_engine(
      ^
/opt/aws_neuronx_venv_pytorch_inference_vllm_0_16/lib/python3.12/site-packages/neuronxcc/private_nkl/transpose.py:586:17: warning: 'neuronxcc.private_nkl.utils.tiled_range.TiledRange' is from the 'neuronxcc' package which is not supported in NKI kernels; use the 'nki' package instead
  I_128_tiles = TiledRange(I_tile, nl.tile_size.pmax)
                ^
/opt/aws_neuronx_venv_pytorch_inference_vllm_0_16/lib/python3.12/site-packages/neuronxcc/private_nkl/transpose.py:588:17: warning: 'neuronxcc.private_nkl.utils.tiled_range.TiledRange' is from the 'neuronxcc' package which is not supported in NKI kernels; use the 'nki' package instead
  J_128_tiles = TiledRange(J_tile, nl.tile_size.pmax)
                ^
/opt/aws_neuronx_venv_pytorch_inference_vllm_0_16/lib/python3.12/site-packages/neuronxcc/private_nkl/transpose.py:596:21: warning: 'neuronxcc.private_nkl.utils.tiled_range.TiledRange' is from the 'neuronxcc' package which is not supported in NKI kernels; use the 'nki' package instead
  for I_128_tile in TiledRange(I_tile.size, nl.tile_size.pmax):
                    ^
/opt/aws_neuronx_venv_pytorch_inference_vllm_0_16/lib/python3.12/site-packages/neuronxcc/private_nkl/transpose.py:597:23: warning: 'neuronxcc.private_nkl.utils.tiled_range.TiledRange' is from the 'neuronxcc' package which is not supported in NKI kernels; use the 'nki' package instead
    for J_512_tile in TiledRange(J_tile.size, nl.tile_size.psum_fmax):
                      ^
/opt/aws_neuronx_venv_pytorch_inference_vllm_0_16/lib/python3.12/site-packages/neuronxcc/private_nkl/transpose.py:609:25: warning: 'neuronxcc.private_nkl.utils.tiled_range.TiledRange' is from the 'neuronxcc' package which is not supported in NKI kernels; use the 'nki' package instead
      for J_128_tile in TiledRange(J_512_tile, nl.tile_size.pmax):
                        ^
/opt/aws_neuronx_venv_pytorch_inference_vllm_0_16/lib/python3.12/site-packages/neuronxcc/private_nkl/transpose.py:628:9: warning: 'neuronxcc.private_nkl.transpose._copy_with_engine' is from the 'neuronxcc' package which is not supported in NKI kernels; use the 'nki' package instead
        _copy_with_engine(
        ^
/opt/aws_neuronx_venv_pytorch_inference_vllm_0_16/lib/python3.12/site-packages/neuronxcc/private_nkl/transpose.py:652:9: warning: 'neuronxcc.private_nkl.transpose._copy_with_engine' is from the 'neuronxcc' package which is not supported in NKI kernels; use the 'nki' package instead
        _copy_with_engine(
        ^
/opt/aws_neuronx_venv_pytorch_inference_vllm_0_16/lib/python3.12/site-packages/neuronxcc/private_nkl/transpose.py:38:10: warning: 'neuronxcc.private_nkl.transpose_utils.is_valid_permutation' is from the 'neuronxcc' package which is not supported in NKI kernels; use the 'nki' package instead
  assert is_valid_permutation(permutation), "input permutation is invalid"
         ^
/opt/aws_neuronx_venv_pytorch_inference_vllm_0_16/lib/python3.12/site-packages/neuronxcc/private_nkl/transpose.py:41:10: warning: 'neuronxcc.private_nkl.transpose_utils.n_elts' is from the 'neuronxcc' package which is not supported in NKI kernels; use the 'nki' package instead
  assert n_elts(in_shape) == n_elts(in_tensor.shape), "tensor shape is invalid"
         ^
/opt/aws_neuronx_venv_pytorch_inference_vllm_0_16/lib/python3.12/site-packages/neuronxcc/private_nkl/transpose.py:41:30: warning: 'neuronxcc.private_nkl.transpose_utils.n_elts' is from the 'neuronxcc' package which is not supported in NKI kernels; use the 'nki' package instead
  assert n_elts(in_shape) == n_elts(in_tensor.shape), "tensor shape is invalid"
                             ^
/opt/aws_neuronx_venv_pytorch_inference_vllm_0_16/lib/python3.12/site-packages/neuronxcc/private_nkl/transpose.py:32:20: warning: 'neuronxcc.private_nkl.utils.StackAllocator.sizeinbytes' is from the 'neuronxcc' package which is not supported in NKI kernels; use the 'nki' package instead
  return (98304 // sizeinbytes(dtype)) // 2
                   ^
/opt/aws_neuronx_venv_pytorch_inference_vllm_0_16/lib/python3.12/site-packages/neuronxcc/private_nkl/transpose.py:886:29: warning: 'neuronxcc.private_nkl.utils.kernel_helpers.get_program_sharding_info' is from the 'neuronxcc' package which is not supported in NKI kernels; use the 'nki' package instead
  _, num_shards, shard_id = get_program_sharding_info()
                            ^
/opt/aws_neuronx_venv_pytorch_inference_vllm_0_16/lib/python3.12/site-packages/neuronxcc/private_nkl/transpose.py:887:9: warning: 'neuronxcc.private_nkl.transpose._pe_transpose' is from the 'neuronxcc' package which is not supported in NKI kernels; use the 'nki' package instead
  out = _pe_transpose(in_tensor, in_shape, permutation, out_dtype, num_shards, shard_id)
        ^
/opt/aws_neuronx_venv_pytorch_inference_vllm_0_16/lib/python3.12/site-packages/neuronxcc/private_nkl/transpose_utils.py:71:10: warning: 'neuronxcc.private_nkl.transpose_utils.is_valid_permutation' is from the 'neuronxcc' package which is not supported in NKI kernels; use the 'nki' package instead
  if not is_valid_permutation(permutation):
         ^
/opt/aws_neuronx_venv_pytorch_inference_vllm_0_16/lib/python3.12/site-packages/neuronxcc/private_nkl/utils/tiled_range.py:66:23: warning: 'neuronxcc.private_nkl.utils.tiled_range.TiledRangeIterator' is from the 'neuronxcc' package which is not supported in NKI kernels; use the 'nki' package instead
  if isinstance(size, TiledRangeIterator):
                      ^
/opt/aws_neuronx_venv_pytorch_inference_vllm_0_16/lib/python3.12/site-packages/neuronxcc/private_nkl/utils/tiled_range.py:84:22: warning: 'neuronxcc.private_nkl.utils.tiled_range.TiledRangeIterator' is from the 'neuronxcc' package which is not supported in NKI kernels; use the 'nki' package instead
    iterators.append(TiledRangeIterator(current_tile_size, i, base_offset + relative_offset))
                     ^
/opt/aws_neuronx_venv_pytorch_inference_vllm_0_16/lib/python3.12/site-packages/neuronxcc/private_nkl/transpose.py:458:17: warning: 'neuronxcc.private_nkl.utils.tiled_range.TiledRange' is from the 'neuronxcc' package which is not supported in NKI kernels; use the 'nki' package instead
  I_128_tiles = TiledRange(I_tile, nl.tile_size.pmax)
                ^
/opt/aws_neuronx_venv_pytorch_inference_vllm_0_16/lib/python3.12/site-packages/neuronxcc/private_nkl/transpose.py:465:33: warning: 'neuronxcc.private_nkl.utils.tiled_range.TiledRange' is from the 'neuronxcc' package which is not supported in NKI kernels; use the 'nki' package instead
    for vectorization_factor in TiledRange(num_full_128_tiles_per_I_tile, VECTORIZATION_FACTOR):
                                ^
/opt/aws_neuronx_venv_pytorch_inference_vllm_0_16/lib/python3.12/site-packages/neuronxcc/private_nkl/transpose.py:284:16: warning: 'neuronxcc.private_nkl.transpose.max_f_size' is from the 'neuronxcc' package which is not supported in NKI kernels; use the 'nki' package instead
  MAX_F_SIZE = max_f_size(dtype)
               ^
/opt/aws_neuronx_venv_pytorch_inference_vllm_0_16/lib/python3.12/site-packages/neuronxcc/private_nkl/transpose.py:289:15: warning: 'neuronxcc.private_nkl.transpose_utils.next_multiple' is from the 'neuronxcc' package which is not supported in NKI kernels; use the 'nki' package instead
    return I, next_multiple(min(J, MAX_F_SIZE), 128)
              ^
/opt/aws_neuronx_venv_pytorch_inference_vllm_0_16/lib/python3.12/site-packages/neuronxcc/private_nkl/transpose.py:291:12: warning: 'neuronxcc.private_nkl.transpose_utils.next_multiple' is from the 'neuronxcc' package which is not supported in NKI kernels; use the 'nki' package instead
    return next_multiple(min(I, MAX_F_SIZE), 128), J
           ^
/opt/aws_neuronx_venv_pytorch_inference_vllm_0_16/lib/python3.12/site-packages/neuronxcc/private_nkl/transpose.py:302:19: warning: 'neuronxcc.private_nkl.transpose_utils.next_multiple' is from the 'neuronxcc' package which is not supported in NKI kernels; use the 'nki' package instead
    I_tile_size = next_multiple(I_tile_size, 128)
                  ^
/opt/aws_neuronx_venv_pytorch_inference_vllm_0_16/lib/python3.12/site-packages/neuronxcc/private_nkl/transpose.py:303:19: warning: 'neuronxcc.private_nkl.transpose_utils.next_multiple' is from the 'neuronxcc' package which is not supported in NKI kernels; use the 'nki' package instead
    J_tile_size = next_multiple(J_tile_size, 128)
                  ^
/opt/aws_neuronx_venv_pytorch_inference_vllm_0_16/lib/python3.12/site-packages/neuronxcc/private_nkl/transpose.py:681:17: warning: 'neuronxcc.private_nkl.utils.tiled_range.TiledRange' is from the 'neuronxcc' package which is not supported in NKI kernels; use the 'nki' package instead
  J_128_tiles = TiledRange(J_tile, nl.tile_size.pmax)
                ^
/opt/aws_neuronx_venv_pytorch_inference_vllm_0_16/lib/python3.12/site-packages/neuronxcc/private_nkl/transpose.py:688:33: warning: 'neuronxcc.private_nkl.utils.tiled_range.TiledRange' is from the 'neuronxcc' package which is not supported in NKI kernels; use the 'nki' package instead
    for vectorization_factor in TiledRange(num_full_128_tiles_per_J_tile, VECTORIZATION_FACTOR):
                                ^
/opt/aws_neuronx_venv_pytorch_inference_vllm_0_16/lib/python3.12/site-packages/neuronxcc/private_nkl/transpose.py:751:3: warning: 'neuronxcc.private_nkl.transpose.check_input_transpose' is from the 'neuronxcc' package which is not supported in NKI kernels; use the 'nki' package instead
  check_input_transpose(in_tensor, in_shape, permutation)
  ^
/opt/aws_neuronx_venv_pytorch_inference_vllm_0_16/lib/python3.12/site-packages/neuronxcc/private_nkl/transpose.py:757:33: warning: 'neuronxcc.private_nkl.transpose_utils.permutation_reduction' is from the 'neuronxcc' package which is not supported in NKI kernels; use the 'nki' package instead
  reduced_perm, reduced_shape = permutation_reduction(in_shape, permutation)
                                ^
/opt/aws_neuronx_venv_pytorch_inference_vllm_0_16/lib/python3.12/site-packages/neuronxcc/private_nkl/transpose.py:758:10: warning: 'neuronxcc.private_nkl.transpose_utils.permutes_last_two_dims' is from the 'neuronxcc' package which is not supported in NKI kernels; use the 'nki' package instead
  assert permutes_last_two_dims(reduced_perm), f"must permutate last two dims, got {reduced_perm}"
         ^
/opt/aws_neuronx_venv_pytorch_inference_vllm_0_16/lib/python3.12/site-packages/neuronxcc/private_nkl/transpose.py:763:11: warning: 'neuronxcc.private_nkl.transpose._str_to_dtype' is from the 'neuronxcc' package which is not supported in NKI kernels; use the 'nki' package instead
    dtype=_str_to_dtype(out_dtype),
          ^
/opt/aws_neuronx_venv_pytorch_inference_vllm_0_16/lib/python3.12/site-packages/neuronxcc/private_nkl/transpose.py:764:12: warning: 'neuronxcc.private_nkl.transpose_utils._get_hbm_buffer' is from the 'neuronxcc' package which is not supported in NKI kernels; use the 'nki' package instead
    buffer=_get_hbm_buffer(),
           ^
/opt/aws_neuronx_venv_pytorch_inference_vllm_0_16/lib/python3.12/site-packages/neuronxcc/private_nkl/transpose.py:767:3: warning: 'neuronxcc.private_nkl.transpose._pe_transpose_impl' is from the 'neuronxcc' package which is not supported in NKI kernels; use the 'nki' package instead
  _pe_transpose_impl(in_tensor, out_tensor, num_shards, shard_id)
  ^
/opt/aws_neuronx_venv_pytorch_inference_vllm_0_16/lib/python3.12/site-packages/neuronxcc/private_nkl/transpose.py:373:25: warning: 'neuronxcc.private_nkl.transpose_utils.n_elts' is from the 'neuronxcc' package which is not supported in NKI kernels; use the 'nki' package instead
  flattened_B_dim = int(n_elts(in_shape[:-2])) if in_shape[:-2] else 1
                        ^
/opt/aws_neuronx_venv_pytorch_inference_vllm_0_16/lib/python3.12/site-packages/neuronxcc/private_nkl/transpose.py:378:30: warning: 'neuronxcc.private_nkl.transpose._pe_optimal_tile_sizes' is from the 'neuronxcc' package which is not supported in NKI kernels; use the 'nki' package instead
  I_tile_size, J_tile_size = _pe_optimal_tile_sizes(I, J, in_tensor.dtype)
                             ^
/opt/aws_neuronx_venv_pytorch_inference_vllm_0_16/lib/python3.12/site-packages/neuronxcc/private_nkl/transpose.py:381:17: warning: 'neuronxcc.private_nkl.utils.kernel_helpers.div_ceil' is from the 'neuronxcc' package which is not supported in NKI kernels; use the 'nki' package instead
  b_per_shard = div_ceil(flattened_B_dim, num_shards)
                ^
/opt/aws_neuronx_venv_pytorch_inference_vllm_0_16/lib/python3.12/site-packages/neuronxcc/private_nkl/transpose.py:384:19: warning: 'neuronxcc.private_nkl.transpose._to_compute_dtype' is from the 'neuronxcc' package which is not supported in NKI kernels; use the 'nki' package instead
  compute_dtype = _to_compute_dtype(in_tensor.dtype)
                  ^
/opt/aws_neuronx_venv_pytorch_inference_vllm_0_16/lib/python3.12/site-packages/neuronxcc/private_nkl/transpose.py:398:19: warning: 'neuronxcc.private_nkl.utils.tiled_range.TiledRange' is from the 'neuronxcc' package which is not supported in NKI kernels; use the 'nki' package instead
    for I_tile in TiledRange(I, I_tile_size):
                  ^
/opt/aws_neuronx_venv_pytorch_inference_vllm_0_16/lib/python3.12/site-packages/neuronxcc/private_nkl/transpose.py:399:21: warning: 'neuronxcc.private_nkl.utils.tiled_range.TiledRange' is from the 'neuronxcc' package which is not supported in NKI kernels; use the 'nki' package instead
      for J_tile in TiledRange(J, J_tile_size):
                    ^
/opt/aws_neuronx_venv_pytorch_inference_vllm_0_16/lib/python3.12/site-packages/neuronxcc/private_nkl/transpose.py:400:23: warning: 'neuronxcc.private_nkl.utils.tiled_range.TiledRange' is from the 'neuronxcc' package which is not supported in NKI kernels; use the 'nki' package instead
        I_128_tiles = TiledRange(I_tile, nl.tile_size.pmax)
                      ^
/opt/aws_neuronx_venv_pytorch_inference_vllm_0_16/lib/python3.12/site-packages/neuronxcc/private_nkl/transpose.py:405:23: warning: 'neuronxcc.private_nkl.utils.tiled_range.TiledRange' is from the 'neuronxcc' package which is not supported in NKI kernels; use the 'nki' package instead
        J_128_tiles = TiledRange(J_tile, nl.tile_size.pmax)
                      ^
/opt/aws_neuronx_venv_pytorch_inference_vllm_0_16/lib/python3.12/site-packages/neuronxcc/private_nkl/transpose.py:411:9: warning: 'neuronxcc.private_nkl.transpose._pe_load_tile' is from the 'neuronxcc' package which is not supported in NKI kernels; use the 'nki' package instead
        _pe_load_tile(
        ^
/opt/aws_neuronx_venv_pytorch_inference_vllm_0_16/lib/python3.12/site-packages/neuronxcc/private_nkl/transpose.py:422:11: warning: 'neuronxcc.private_nkl.transpose._pe_transpose_tile_I_vectorized' is from the 'neuronxcc' package which is not supported in NKI kernels; use the 'nki' package instead
          _pe_transpose_tile_I_vectorized(
          ^
/opt/aws_neuronx_venv_pytorch_inference_vllm_0_16/lib/python3.12/site-packages/neuronxcc/private_nkl/transpose.py:430:11: warning: 'neuronxcc.private_nkl.transpose._pe_transpose_tile_J_vectorized' is from the 'neuronxcc' package which is not supported in NKI kernels; use the 'nki' package instead
          _pe_transpose_tile_J_vectorized(
          ^
/opt/aws_neuronx_venv_pytorch_inference_vllm_0_16/lib/python3.12/site-packages/neuronxcc/private_nkl/transpose.py:438:9: warning: 'neuronxcc.private_nkl.transpose._pe_store_tile' is from the 'neuronxcc' package which is not supported in NKI kernels; use the 'nki' package instead
        _pe_store_tile(
        ^
/opt/aws_neuronx_venv_pytorch_inference_vllm_0_16/lib/python3.12/site-packages/neuronxcc/private_nkl/transpose.py:527:17: warning: 'neuronxcc.private_nkl.utils.tiled_range.TiledRange' is from the 'neuronxcc' package which is not supported in NKI kernels; use the 'nki' package instead
  I_128_tiles = TiledRange(I_tile, nl.tile_size.pmax)
                ^
/opt/aws_neuronx_venv_pytorch_inference_vllm_0_16/lib/python3.12/site-packages/neuronxcc/private_nkl/transpose.py:529:17: warning: 'neuronxcc.private_nkl.utils.tiled_range.TiledRange' is from the 'neuronxcc' package which is not supported in NKI kernels; use the 'nki' package instead
  J_128_tiles = TiledRange(J_tile, nl.tile_size.pmax)
                ^
/opt/aws_neuronx_venv_pytorch_inference_vllm_0_16/lib/python3.12/site-packages/neuronxcc/private_nkl/transpose.py:538:21: warning: 'neuronxcc.private_nkl.utils.tiled_range.TiledRange' is from the 'neuronxcc' package which is not supported in NKI kernels; use the 'nki' package instead
  for J_128_tile in TiledRange(J_tile.size, nl.tile_size.pmax):
                    ^
/opt/aws_neuronx_venv_pytorch_inference_vllm_0_16/lib/python3.12/site-packages/neuronxcc/private_nkl/transpose.py:539:23: warning: 'neuronxcc.private_nkl.utils.tiled_range.TiledRange' is from the 'neuronxcc' package which is not supported in NKI kernels; use the 'nki' package instead
    for I_512_tile in TiledRange(I_tile.size, nl.tile_size.psum_fmax):
                      ^
/opt/aws_neuronx_venv_pytorch_inference_vllm_0_16/lib/python3.12/site-packages/neuronxcc/private_nkl/transpose.py:551:25: warning: 'neuronxcc.private_nkl.utils.tiled_range.TiledRange' is from the 'neuronxcc' package which is not supported in NKI kernels; use the 'nki' package instead
      for I_128_tile in TiledRange(I_512_tile, nl.tile_size.pmax):
                        ^
/opt/aws_neuronx_venv_pytorch_inference_vllm_0_16/lib/python3.12/site-packages/neuronxcc/private_nkl/transpose.py:569:7: warning: 'neuronxcc.private_nkl.transpose._copy_with_engine' is from the 'neuronxcc' package which is not supported in NKI kernels; use the 'nki' package instead
      _copy_with_engine(
      ^
/opt/aws_neuronx_venv_pytorch_inference_vllm_0_16/lib/python3.12/site-packages/neuronxcc/private_nkl/transpose.py:586:17: warning: 'neuronxcc.private_nkl.utils.tiled_range.TiledRange' is from the 'neuronxcc' package which is not supported in NKI kernels; use the 'nki' package instead
  I_128_tiles = TiledRange(I_tile, nl.tile_size.pmax)
                ^
/opt/aws_neuronx_venv_pytorch_inference_vllm_0_16/lib/python3.12/site-packages/neuronxcc/private_nkl/transpose.py:588:17: warning: 'neuronxcc.private_nkl.utils.tiled_range.TiledRange' is from the 'neuronxcc' package which is not supported in NKI kernels; use the 'nki' package instead
  J_128_tiles = TiledRange(J_tile, nl.tile_size.pmax)
                ^
/opt/aws_neuronx_venv_pytorch_inference_vllm_0_16/lib/python3.12/site-packages/neuronxcc/private_nkl/transpose.py:596:21: warning: 'neuronxcc.private_nkl.utils.tiled_range.TiledRange' is from the 'neuronxcc' package which is not supported in NKI kernels; use the 'nki' package instead
  for I_128_tile in TiledRange(I_tile.size, nl.tile_size.pmax):
                    ^
/opt/aws_neuronx_venv_pytorch_inference_vllm_0_16/lib/python3.12/site-packages/neuronxcc/private_nkl/transpose.py:597:23: warning: 'neuronxcc.private_nkl.utils.tiled_range.TiledRange' is from the 'neuronxcc' package which is not supported in NKI kernels; use the 'nki' package instead
    for J_512_tile in TiledRange(J_tile.size, nl.tile_size.psum_fmax):
                      ^
/opt/aws_neuronx_venv_pytorch_inference_vllm_0_16/lib/python3.12/site-packages/neuronxcc/private_nkl/transpose.py:609:25: warning: 'neuronxcc.private_nkl.utils.tiled_range.TiledRange' is from the 'neuronxcc' package which is not supported in NKI kernels; use the 'nki' package instead
      for J_128_tile in TiledRange(J_512_tile, nl.tile_size.pmax):
                        ^
/opt/aws_neuronx_venv_pytorch_inference_vllm_0_16/lib/python3.12/site-packages/neuronxcc/private_nkl/transpose.py:628:9: warning: 'neuronxcc.private_nkl.transpose._copy_with_engine' is from the 'neuronxcc' package which is not supported in NKI kernels; use the 'nki' package instead
        _copy_with_engine(
        ^
/opt/aws_neuronx_venv_pytorch_inference_vllm_0_16/lib/python3.12/site-packages/neuronxcc/private_nkl/transpose.py:652:9: warning: 'neuronxcc.private_nkl.transpose._copy_with_engine' is from the 'neuronxcc' package which is not supported in NKI kernels; use the 'nki' package instead
        _copy_with_engine(
        ^
/opt/aws_neuronx_venv_pytorch_inference_vllm_0_16/lib/python3.12/site-packages/neuronxcc/private_nkl/transpose.py:38:10: warning: 'neuronxcc.private_nkl.transpose_utils.is_valid_permutation' is from the 'neuronxcc' package which is not supported in NKI kernels; use the 'nki' package instead
  assert is_valid_permutation(permutation), "input permutation is invalid"
         ^
/opt/aws_neuronx_venv_pytorch_inference_vllm_0_16/lib/python3.12/site-packages/neuronxcc/private_nkl/transpose.py:41:10: warning: 'neuronxcc.private_nkl.transpose_utils.n_elts' is from the 'neuronxcc' package which is not supported in NKI kernels; use the 'nki' package instead
  assert n_elts(in_shape) == n_elts(in_tensor.shape), "tensor shape is invalid"
         ^
/opt/aws_neuronx_venv_pytorch_inference_vllm_0_16/lib/python3.12/site-packages/neuronxcc/private_nkl/transpose.py:41:30: warning: 'neuronxcc.private_nkl.transpose_utils.n_elts' is from the 'neuronxcc' package which is not supported in NKI kernels; use the 'nki' package instead
  assert n_elts(in_shape) == n_elts(in_tensor.shape), "tensor shape is invalid"
                             ^
/opt/aws_neuronx_venv_pytorch_inference_vllm_0_16/lib/python3.12/site-packages/neuronxcc/private_nkl/transpose.py:32:20: warning: 'neuronxcc.private_nkl.utils.StackAllocator.sizeinbytes' is from the 'neuronxcc' package which is not supported in NKI kernels; use the 'nki' package instead
  return (98304 // sizeinbytes(dtype)) // 2
                   ^
/opt/aws_neuronx_venv_pytorch_inference_vllm_0_16/lib/python3.12/site-packages/neuronxcc/private_nkl/transpose.py:886:29: warning: 'neuronxcc.private_nkl.utils.kernel_helpers.get_program_sharding_info' is from the 'neuronxcc' package which is not supported in NKI kernels; use the 'nki' package instead
  _, num_shards, shard_id = get_program_sharding_info()
                            ^
/opt/aws_neuronx_venv_pytorch_inference_vllm_0_16/lib/python3.12/site-packages/neuronxcc/private_nkl/transpose.py:887:9: warning: 'neuronxcc.private_nkl.transpose._pe_transpose' is from the 'neuronxcc' package which is not supported in NKI kernels; use the 'nki' package instead
  out = _pe_transpose(in_tensor, in_shape, permutation, out_dtype, num_shards, shard_id)
        ^
/opt/aws_neuronx_venv_pytorch_inference_vllm_0_16/lib/python3.12/site-packages/neuronxcc/private_nkl/transpose_utils.py:71:10: warning: 'neuronxcc.private_nkl.transpose_utils.is_valid_permutation' is from the 'neuronxcc' package which is not supported in NKI kernels; use the 'nki' package instead
  if not is_valid_permutation(permutation):
         ^
/opt/aws_neuronx_venv_pytorch_inference_vllm_0_16/lib/python3.12/site-packages/neuronxcc/private_nkl/utils/tiled_range.py:66:23: warning: 'neuronxcc.private_nkl.utils.tiled_range.TiledRangeIterator' is from the 'neuronxcc' package which is not supported in NKI kernels; use the 'nki' package instead
  if isinstance(size, TiledRangeIterator):
                      ^
/opt/aws_neuronx_venv_pytorch_inference_vllm_0_16/lib/python3.12/site-packages/neuronxcc/private_nkl/utils/tiled_range.py:84:22: warning: 'neuronxcc.private_nkl.utils.tiled_range.TiledRangeIterator' is from the 'neuronxcc' package which is not supported in NKI kernels; use the 'nki' package instead
    iterators.append(TiledRangeIterator(current_tile_size, i, base_offset + relative_offset))
                     ^
/opt/aws_neuronx_venv_pytorch_inference_vllm_0_16/lib/python3.12/site-packages/neuronxcc/private_nkl/transpose.py:458:17: warning: 'neuronxcc.private_nkl.utils.tiled_range.TiledRange' is from the 'neuronxcc' package which is not supported in NKI kernels; use the 'nki' package instead
  I_128_tiles = TiledRange(I_tile, nl.tile_size.pmax)
                ^
/opt/aws_neuronx_venv_pytorch_inference_vllm_0_16/lib/python3.12/site-packages/neuronxcc/private_nkl/transpose.py:465:33: warning: 'neuronxcc.private_nkl.utils.tiled_range.TiledRange' is from the 'neuronxcc' package which is not supported in NKI kernels; use the 'nki' package instead
    for vectorization_factor in TiledRange(num_full_128_tiles_per_I_tile, VECTORIZATION_FACTOR):
                                ^
/opt/aws_neuronx_venv_pytorch_inference_vllm_0_16/lib/python3.12/site-packages/neuronxcc/private_nkl/transpose.py:284:16: warning: 'neuronxcc.private_nkl.transpose.max_f_size' is from the 'neuronxcc' package which is not supported in NKI kernels; use the 'nki' package instead
  MAX_F_SIZE = max_f_size(dtype)
               ^
/opt/aws_neuronx_venv_pytorch_inference_vllm_0_16/lib/python3.12/site-packages/neuronxcc/private_nkl/transpose.py:289:15: warning: 'neuronxcc.private_nkl.transpose_utils.next_multiple' is from the 'neuronxcc' package which is not supported in NKI kernels; use the 'nki' package instead
    return I, next_multiple(min(J, MAX_F_SIZE), 128)
              ^
/opt/aws_neuronx_venv_pytorch_inference_vllm_0_16/lib/python3.12/site-packages/neuronxcc/private_nkl/transpose.py:291:12: warning: 'neuronxcc.private_nkl.transpose_utils.next_multiple' is from the 'neuronxcc' package which is not supported in NKI kernels; use the 'nki' package instead
    return next_multiple(min(I, MAX_F_SIZE), 128), J
           ^
/opt/aws_neuronx_venv_pytorch_inference_vllm_0_16/lib/python3.12/site-packages/neuronxcc/private_nkl/transpose.py:302:19: warning: 'neuronxcc.private_nkl.transpose_utils.next_multiple' is from the 'neuronxcc' package which is not supported in NKI kernels; use the 'nki' package instead
    I_tile_size = next_multiple(I_tile_size, 128)
                  ^
/opt/aws_neuronx_venv_pytorch_inference_vllm_0_16/lib/python3.12/site-packages/neuronxcc/private_nkl/transpose.py:303:19: warning: 'neuronxcc.private_nkl.transpose_utils.next_multiple' is from the 'neuronxcc' package which is not supported in NKI kernels; use the 'nki' package instead
    J_tile_size = next_multiple(J_tile_size, 128)
                  ^
/opt/aws_neuronx_venv_pytorch_inference_vllm_0_16/lib/python3.12/site-packages/neuronxcc/private_nkl/transpose.py:681:17: warning: 'neuronxcc.private_nkl.utils.tiled_range.TiledRange' is from the 'neuronxcc' package which is not supported in NKI kernels; use the 'nki' package instead
  J_128_tiles = TiledRange(J_tile, nl.tile_size.pmax)
                ^
/opt/aws_neuronx_venv_pytorch_inference_vllm_0_16/lib/python3.12/site-packages/neuronxcc/private_nkl/transpose.py:688:33: warning: 'neuronxcc.private_nkl.utils.tiled_range.TiledRange' is from the 'neuronxcc' package which is not supported in NKI kernels; use the 'nki' package instead
    for vectorization_factor in TiledRange(num_full_128_tiles_per_J_tile, VECTORIZATION_FACTOR):
                                ^
/opt/aws_neuronx_venv_pytorch_inference_vllm_0_16/lib/python3.12/site-packages/neuronxcc/private_nkl/transpose.py:751:3: warning: 'neuronxcc.private_nkl.transpose.check_input_transpose' is from the 'neuronxcc' package which is not supported in NKI kernels; use the 'nki' package instead
  check_input_transpose(in_tensor, in_shape, permutation)
  ^
/opt/aws_neuronx_venv_pytorch_inference_vllm_0_16/lib/python3.12/site-packages/neuronxcc/private_nkl/transpose.py:757:33: warning: 'neuronxcc.private_nkl.transpose_utils.permutation_reduction' is from the 'neuronxcc' package which is not supported in NKI kernels; use the 'nki' package instead
  reduced_perm, reduced_shape = permutation_reduction(in_shape, permutation)
                                ^
/opt/aws_neuronx_venv_pytorch_inference_vllm_0_16/lib/python3.12/site-packages/neuronxcc/private_nkl/transpose.py:758:10: warning: 'neuronxcc.private_nkl.transpose_utils.permutes_last_two_dims' is from the 'neuronxcc' package which is not supported in NKI kernels; use the 'nki' package instead
  assert permutes_last_two_dims(reduced_perm), f"must permutate last two dims, got {reduced_perm}"
         ^
/opt/aws_neuronx_venv_pytorch_inference_vllm_0_16/lib/python3.12/site-packages/neuronxcc/private_nkl/transpose.py:763:11: warning: 'neuronxcc.private_nkl.transpose._str_to_dtype' is from the 'neuronxcc' package which is not supported in NKI kernels; use the 'nki' package instead
    dtype=_str_to_dtype(out_dtype),
          ^
/opt/aws_neuronx_venv_pytorch_inference_vllm_0_16/lib/python3.12/site-packages/neuronxcc/private_nkl/transpose.py:764:12: warning: 'neuronxcc.private_nkl.transpose_utils._get_hbm_buffer' is from the 'neuronxcc' package which is not supported in NKI kernels; use the 'nki' package instead
    buffer=_get_hbm_buffer(),
           ^
/opt/aws_neuronx_venv_pytorch_inference_vllm_0_16/lib/python3.12/site-packages/neuronxcc/private_nkl/transpose.py:767:3: warning: 'neuronxcc.private_nkl.transpose._pe_transpose_impl' is from the 'neuronxcc' package which is not supported in NKI kernels; use the 'nki' package instead
  _pe_transpose_impl(in_tensor, out_tensor, num_shards, shard_id)
  ^
/opt/aws_neuronx_venv_pytorch_inference_vllm_0_16/lib/python3.12/site-packages/neuronxcc/private_nkl/transpose.py:373:25: warning: 'neuronxcc.private_nkl.transpose_utils.n_elts' is from the 'neuronxcc' package which is not supported in NKI kernels; use the 'nki' package instead
  flattened_B_dim = int(n_elts(in_shape[:-2])) if in_shape[:-2] else 1
                        ^
/opt/aws_neuronx_venv_pytorch_inference_vllm_0_16/lib/python3.12/site-packages/neuronxcc/private_nkl/transpose.py:378:30: warning: 'neuronxcc.private_nkl.transpose._pe_optimal_tile_sizes' is from the 'neuronxcc' package which is not supported in NKI kernels; use the 'nki' package instead
  I_tile_size, J_tile_size = _pe_optimal_tile_sizes(I, J, in_tensor.dtype)
                             ^
/opt/aws_neuronx_venv_pytorch_inference_vllm_0_16/lib/python3.12/site-packages/neuronxcc/private_nkl/transpose.py:381:17: warning: 'neuronxcc.private_nkl.utils.kernel_helpers.div_ceil' is from the 'neuronxcc' package which is not supported in NKI kernels; use the 'nki' package instead
  b_per_shard = div_ceil(flattened_B_dim, num_shards)
                ^
/opt/aws_neuronx_venv_pytorch_inference_vllm_0_16/lib/python3.12/site-packages/neuronxcc/private_nkl/transpose.py:384:19: warning: 'neuronxcc.private_nkl.transpose._to_compute_dtype' is from the 'neuronxcc' package which is not supported in NKI kernels; use the 'nki' package instead
  compute_dtype = _to_compute_dtype(in_tensor.dtype)
                  ^
/opt/aws_neuronx_venv_pytorch_inference_vllm_0_16/lib/python3.12/site-packages/neuronxcc/private_nkl/transpose.py:398:19: warning: 'neuronxcc.private_nkl.utils.tiled_range.TiledRange' is from the 'neuronxcc' package which is not supported in NKI kernels; use the 'nki' package instead
    for I_tile in TiledRange(I, I_tile_size):
                  ^
/opt/aws_neuronx_venv_pytorch_inference_vllm_0_16/lib/python3.12/site-packages/neuronxcc/private_nkl/transpose.py:399:21: warning: 'neuronxcc.private_nkl.utils.tiled_range.TiledRange' is from the 'neuronxcc' package which is not supported in NKI kernels; use the 'nki' package instead
      for J_tile in TiledRange(J, J_tile_size):
                    ^
/opt/aws_neuronx_venv_pytorch_inference_vllm_0_16/lib/python3.12/site-packages/neuronxcc/private_nkl/transpose.py:400:23: warning: 'neuronxcc.private_nkl.utils.tiled_range.TiledRange' is from the 'neuronxcc' package which is not supported in NKI kernels; use the 'nki' package instead
        I_128_tiles = TiledRange(I_tile, nl.tile_size.pmax)
                      ^
/opt/aws_neuronx_venv_pytorch_inference_vllm_0_16/lib/python3.12/site-packages/neuronxcc/private_nkl/transpose.py:405:23: warning: 'neuronxcc.private_nkl.utils.tiled_range.TiledRange' is from the 'neuronxcc' package which is not supported in NKI kernels; use the 'nki' package instead
        J_128_tiles = TiledRange(J_tile, nl.tile_size.pmax)
                      ^
/opt/aws_neuronx_venv_pytorch_inference_vllm_0_16/lib/python3.12/site-packages/neuronxcc/private_nkl/transpose.py:411:9: warning: 'neuronxcc.private_nkl.transpose._pe_load_tile' is from the 'neuronxcc' package which is not supported in NKI kernels; use the 'nki' package instead
        _pe_load_tile(
        ^
/opt/aws_neuronx_venv_pytorch_inference_vllm_0_16/lib/python3.12/site-packages/neuronxcc/private_nkl/transpose.py:422:11: warning: 'neuronxcc.private_nkl.transpose._pe_transpose_tile_I_vectorized' is from the 'neuronxcc' package which is not supported in NKI kernels; use the 'nki' package instead
          _pe_transpose_tile_I_vectorized(
          ^
/opt/aws_neuronx_venv_pytorch_inference_vllm_0_16/lib/python3.12/site-packages/neuronxcc/private_nkl/transpose.py:430:11: warning: 'neuronxcc.private_nkl.transpose._pe_transpose_tile_J_vectorized' is from the 'neuronxcc' package which is not supported in NKI kernels; use the 'nki' package instead
          _pe_transpose_tile_J_vectorized(
          ^
/opt/aws_neuronx_venv_pytorch_inference_vllm_0_16/lib/python3.12/site-packages/neuronxcc/private_nkl/transpose.py:438:9: warning: 'neuronxcc.private_nkl.transpose._pe_store_tile' is from the 'neuronxcc' package which is not supported in NKI kernels; use the 'nki' package instead
        _pe_store_tile(
        ^
/opt/aws_neuronx_venv_pytorch_inference_vllm_0_16/lib/python3.12/site-packages/neuronxcc/private_nkl/transpose.py:527:17: warning: 'neuronxcc.private_nkl.utils.tiled_range.TiledRange' is from the 'neuronxcc' package which is not supported in NKI kernels; use the 'nki' package instead
  I_128_tiles = TiledRange(I_tile, nl.tile_size.pmax)
                ^
/opt/aws_neuronx_venv_pytorch_inference_vllm_0_16/lib/python3.12/site-packages/neuronxcc/private_nkl/transpose.py:529:17: warning: 'neuronxcc.private_nkl.utils.tiled_range.TiledRange' is from the 'neuronxcc' package which is not supported in NKI kernels; use the 'nki' package instead
  J_128_tiles = TiledRange(J_tile, nl.tile_size.pmax)
                ^
/opt/aws_neuronx_venv_pytorch_inference_vllm_0_16/lib/python3.12/site-packages/neuronxcc/private_nkl/transpose.py:538:21: warning: 'neuronxcc.private_nkl.utils.tiled_range.TiledRange' is from the 'neuronxcc' package which is not supported in NKI kernels; use the 'nki' package instead
  for J_128_tile in TiledRange(J_tile.size, nl.tile_size.pmax):
                    ^
/opt/aws_neuronx_venv_pytorch_inference_vllm_0_16/lib/python3.12/site-packages/neuronxcc/private_nkl/transpose.py:539:23: warning: 'neuronxcc.private_nkl.utils.tiled_range.TiledRange' is from the 'neuronxcc' package which is not supported in NKI kernels; use the 'nki' package instead
    for I_512_tile in TiledRange(I_tile.size, nl.tile_size.psum_fmax):
                      ^
/opt/aws_neuronx_venv_pytorch_inference_vllm_0_16/lib/python3.12/site-packages/neuronxcc/private_nkl/transpose.py:551:25: warning: 'neuronxcc.private_nkl.utils.tiled_range.TiledRange' is from the 'neuronxcc' package which is not supported in NKI kernels; use the 'nki' package instead
      for I_128_tile in TiledRange(I_512_tile, nl.tile_size.pmax):
                        ^
/opt/aws_neuronx_venv_pytorch_inference_vllm_0_16/lib/python3.12/site-packages/neuronxcc/private_nkl/transpose.py:569:7: warning: 'neuronxcc.private_nkl.transpose._copy_with_engine' is from the 'neuronxcc' package which is not supported in NKI kernels; use the 'nki' package instead
      _copy_with_engine(
      ^
/opt/aws_neuronx_venv_pytorch_inference_vllm_0_16/lib/python3.12/site-packages/neuronxcc/private_nkl/transpose.py:586:17: warning: 'neuronxcc.private_nkl.utils.tiled_range.TiledRange' is from the 'neuronxcc' package which is not supported in NKI kernels; use the 'nki' package instead
  I_128_tiles = TiledRange(I_tile, nl.tile_size.pmax)
                ^
/opt/aws_neuronx_venv_pytorch_inference_vllm_0_16/lib/python3.12/site-packages/neuronxcc/private_nkl/transpose.py:588:17: warning: 'neuronxcc.private_nkl.utils.tiled_range.TiledRange' is from the 'neuronxcc' package which is not supported in NKI kernels; use the 'nki' package instead
  J_128_tiles = TiledRange(J_tile, nl.tile_size.pmax)
                ^
/opt/aws_neuronx_venv_pytorch_inference_vllm_0_16/lib/python3.12/site-packages/neuronxcc/private_nkl/transpose.py:596:21: warning: 'neuronxcc.private_nkl.utils.tiled_range.TiledRange' is from the 'neuronxcc' package which is not supported in NKI kernels; use the 'nki' package instead
  for I_128_tile in TiledRange(I_tile.size, nl.tile_size.pmax):
                    ^
/opt/aws_neuronx_venv_pytorch_inference_vllm_0_16/lib/python3.12/site-packages/neuronxcc/private_nkl/transpose.py:597:23: warning: 'neuronxcc.private_nkl.utils.tiled_range.TiledRange' is from the 'neuronxcc' package which is not supported in NKI kernels; use the 'nki' package instead
    for J_512_tile in TiledRange(J_tile.size, nl.tile_size.psum_fmax):
                      ^
/opt/aws_neuronx_venv_pytorch_inference_vllm_0_16/lib/python3.12/site-packages/neuronxcc/private_nkl/transpose.py:609:25: warning: 'neuronxcc.private_nkl.utils.tiled_range.TiledRange' is from the 'neuronxcc' package which is not supported in NKI kernels; use the 'nki' package instead
      for J_128_tile in TiledRange(J_512_tile, nl.tile_size.pmax):
                        ^
/opt/aws_neuronx_venv_pytorch_inference_vllm_0_16/lib/python3.12/site-packages/neuronxcc/private_nkl/transpose.py:628:9: warning: 'neuronxcc.private_nkl.transpose._copy_with_engine' is from the 'neuronxcc' package which is not supported in NKI kernels; use the 'nki' package instead
        _copy_with_engine(
        ^
/opt/aws_neuronx_venv_pytorch_inference_vllm_0_16/lib/python3.12/site-packages/neuronxcc/private_nkl/transpose.py:652:9: warning: 'neuronxcc.private_nkl.transpose._copy_with_engine' is from the 'neuronxcc' package which is not supported in NKI kernels; use the 'nki' package instead
        _copy_with_engine(
        ^
/opt/aws_neuronx_venv_pytorch_inference_vllm_0_16/lib/python3.12/site-packages/neuronxcc/private_nkl/transpose.py:38:10: warning: 'neuronxcc.private_nkl.transpose_utils.is_valid_permutation' is from the 'neuronxcc' package which is not supported in NKI kernels; use the 'nki' package instead
  assert is_valid_permutation(permutation), "input permutation is invalid"
         ^
/opt/aws_neuronx_venv_pytorch_inference_vllm_0_16/lib/python3.12/site-packages/neuronxcc/private_nkl/transpose.py:41:10: warning: 'neuronxcc.private_nkl.transpose_utils.n_elts' is from the 'neuronxcc' package which is not supported in NKI kernels; use the 'nki' package instead
  assert n_elts(in_shape) == n_elts(in_tensor.shape), "tensor shape is invalid"
         ^
/opt/aws_neuronx_venv_pytorch_inference_vllm_0_16/lib/python3.12/site-packages/neuronxcc/private_nkl/transpose.py:41:30: warning: 'neuronxcc.private_nkl.transpose_utils.n_elts' is from the 'neuronxcc' package which is not supported in NKI kernels; use the 'nki' package instead
  assert n_elts(in_shape) == n_elts(in_tensor.shape), "tensor shape is invalid"
                             ^
/opt/aws_neuronx_venv_pytorch_inference_vllm_0_16/lib/python3.12/site-packages/neuronxcc/private_nkl/transpose.py:32:20: warning: 'neuronxcc.private_nkl.utils.StackAllocator.sizeinbytes' is from the 'neuronxcc' package which is not supported in NKI kernels; use the 'nki' package instead
  return (98304 // sizeinbytes(dtype)) // 2
                   ^
/opt/aws_neuronx_venv_pytorch_inference_vllm_0_16/lib/python3.12/site-packages/neuronxcc/private_nkl/transpose.py:886:29: warning: 'neuronxcc.private_nkl.utils.kernel_helpers.get_program_sharding_info' is from the 'neuronxcc' package which is not supported in NKI kernels; use the 'nki' package instead
  _, num_shards, shard_id = get_program_sharding_info()
                            ^
/opt/aws_neuronx_venv_pytorch_inference_vllm_0_16/lib/python3.12/site-packages/neuronxcc/private_nkl/transpose.py:887:9: warning: 'neuronxcc.private_nkl.transpose._pe_transpose' is from the 'neuronxcc' package which is not supported in NKI kernels; use the 'nki' package instead
  out = _pe_transpose(in_tensor, in_shape, permutation, out_dtype, num_shards, shard_id)
        ^
/opt/aws_neuronx_venv_pytorch_inference_vllm_0_16/lib/python3.12/site-packages/neuronxcc/private_nkl/transpose_utils.py:71:10: warning: 'neuronxcc.private_nkl.transpose_utils.is_valid_permutation' is from the 'neuronxcc' package which is not supported in NKI kernels; use the 'nki' package instead
  if not is_valid_permutation(permutation):
         ^
/opt/aws_neuronx_venv_pytorch_inference_vllm_0_16/lib/python3.12/site-packages/neuronxcc/private_nkl/utils/tiled_range.py:66:23: warning: 'neuronxcc.private_nkl.utils.tiled_range.TiledRangeIterator' is from the 'neuronxcc' package which is not supported in NKI kernels; use the 'nki' package instead
  if isinstance(size, TiledRangeIterator):
                      ^
/opt/aws_neuronx_venv_pytorch_inference_vllm_0_16/lib/python3.12/site-packages/neuronxcc/private_nkl/utils/tiled_range.py:84:22: warning: 'neuronxcc.private_nkl.utils.tiled_range.TiledRangeIterator' is from the 'neuronxcc' package which is not supported in NKI kernels; use the 'nki' package instead
    iterators.append(TiledRangeIterator(current_tile_size, i, base_offset + relative_offset))
                     ^
/opt/aws_neuronx_venv_pytorch_inference_vllm_0_16/lib/python3.12/site-packages/neuronxcc/private_nkl/transpose.py:69:16: warning: 'neuronxcc.private_nkl.transpose.max_f_size' is from the 'neuronxcc' package which is not supported in NKI kernels; use the 'nki' package instead
  MAX_F_SIZE = max_f_size(in_tensor.dtype)
               ^
/opt/aws_neuronx_venv_pytorch_inference_vllm_0_16/lib/python3.12/site-packages/neuronxcc/private_nkl/transpose.py:74:25: warning: 'neuronxcc.private_nkl.transpose_utils.n_elts' is from the 'neuronxcc' package which is not supported in NKI kernels; use the 'nki' package instead
  flattened_B_dim = int(n_elts(in_shape[:-2])) if in_shape[:-2] else 1
                        ^
/opt/aws_neuronx_venv_pytorch_inference_vllm_0_16/lib/python3.12/site-packages/neuronxcc/private_nkl/transpose.py:77:18: warning: 'neuronxcc.private_nkl.transpose_utils.factor_within_limit' is from the 'neuronxcc' package which is not supported in NKI kernels; use the 'nki' package instead
    i_division = factor_within_limit(I, MAX_F_SIZE)
                 ^
/opt/aws_neuronx_venv_pytorch_inference_vllm_0_16/lib/python3.12/site-packages/neuronxcc/private_nkl/transpose.py:79:22: warning: 'neuronxcc.private_nkl.utils.kernel_helpers.div_ceil' is from the 'neuronxcc' package which is not supported in NKI kernels; use the 'nki' package instead
    i_division_num = div_ceil(I, i_division)
                     ^
/opt/aws_neuronx_venv_pytorch_inference_vllm_0_16/lib/python3.12/site-packages/neuronxcc/private_nkl/transpose.py:87:16: warning: 'neuronxcc.private_nkl.utils.kernel_helpers.div_ceil' is from the 'neuronxcc' package which is not supported in NKI kernels; use the 'nki' package instead
  num_j_divs = div_ceil(J, j_division)
               ^
/opt/aws_neuronx_venv_pytorch_inference_vllm_0_16/lib/python3.12/site-packages/neuronxcc/private_nkl/transpose.py:91:18: warning: 'neuronxcc.private_nkl.utils.kernel_helpers.div_ceil' is from the 'neuronxcc' package which is not supported in NKI kernels; use the 'nki' package instead
    num_j_divs = div_ceil(J, j_division)
                 ^
/opt/aws_neuronx_venv_pytorch_inference_vllm_0_16/lib/python3.12/site-packages/neuronxcc/private_nkl/transpose.py:93:22: warning: 'neuronxcc.private_nkl.utils.kernel_helpers.div_ceil' is from the 'neuronxcc' package which is not supported in NKI kernels; use the 'nki' package instead
    i_division_num = div_ceil(I, i_division)
                     ^
/opt/aws_neuronx_venv_pytorch_inference_vllm_0_16/lib/python3.12/site-packages/neuronxcc/private_nkl/transpose.py:95:33: warning: 'neuronxcc.private_nkl.utils.kernel_helpers.div_ceil' is from the 'neuronxcc' package which is not supported in NKI kernels; use the 'nki' package instead
  DVE_ACT_LOAD_BALANCE_FACTOR = div_ceil(i_division, MIN_DVE_ACT_CYCLES)
                                ^
/opt/aws_neuronx_venv_pytorch_inference_vllm_0_16/lib/python3.12/site-packages/neuronxcc/private_nkl/transpose.py:97:17: warning: 'neuronxcc.private_nkl.utils.kernel_helpers.div_ceil' is from the 'neuronxcc' package which is not supported in NKI kernels; use the 'nki' package instead
  num_i_tiles = div_ceil(i_division, i_tile_size)
                ^
/opt/aws_neuronx_venv_pytorch_inference_vllm_0_16/lib/python3.12/site-packages/neuronxcc/private_nkl/transpose.py:100:13: warning: 'neuronxcc.private_nkl.utils.kernel_helpers.div_ceil' is from the 'neuronxcc' package which is not supported in NKI kernels; use the 'nki' package instead
  j_tiles = div_ceil(j_division, j_tile_size)
            ^
/opt/aws_neuronx_venv_pytorch_inference_vllm_0_16/lib/python3.12/site-packages/neuronxcc/private_nkl/transpose.py:103:17: warning: 'neuronxcc.private_nkl.utils.kernel_helpers.div_ceil' is from the 'neuronxcc' package which is not supported in NKI kernels; use the 'nki' package instead
  b_per_shard = div_ceil(flattened_B_dim, num_shards)
                ^
/opt/aws_neuronx_venv_pytorch_inference_vllm_0_16/lib/python3.12/site-packages/neuronxcc/private_nkl/transpose.py:107:17: warning: 'neuronxcc.private_nkl.utils.kernel_helpers.div_ceil' is from the 'neuronxcc' package which is not supported in NKI kernels; use the 'nki' package instead
  num_p_tiles = div_ceil(b_per_shard, MAX_P)
                ^
/opt/aws_neuronx_venv_pytorch_inference_vllm_0_16/lib/python3.12/site-packages/neuronxcc/private_nkl/transpose.py:159:13: warning: 'neuronxcc.private_nkl.transpose._copy_with_engine' is from the 'neuronxcc' package which is not supported in NKI kernels; use the 'nki' package instead
            _copy_with_engine(
            ^
/opt/aws_neuronx_venv_pytorch_inference_vllm_0_16/lib/python3.12/site-packages/neuronxcc/private_nkl/transpose.py:199:16: warning: 'neuronxcc.private_nkl.transpose.max_f_size' is from the 'neuronxcc' package which is not supported in NKI kernels; use the 'nki' package instead
  MAX_F_SIZE = max_f_size(in_tensor.dtype)
               ^
/opt/aws_neuronx_venv_pytorch_inference_vllm_0_16/lib/python3.12/site-packages/neuronxcc/private_nkl/transpose.py:204:25: warning: 'neuronxcc.private_nkl.transpose_utils.n_elts' is from the 'neuronxcc' package which is not supported in NKI kernels; use the 'nki' package instead
  flattened_B_dim = int(n_elts(in_shape[:-2])) if in_shape[:-2] else 1
                        ^
/opt/aws_neuronx_venv_pytorch_inference_vllm_0_16/lib/python3.12/site-packages/neuronxcc/private_nkl/transpose.py:207:17: warning: 'neuronxcc.private_nkl.utils.kernel_helpers.div_ceil' is from the 'neuronxcc' package which is not supported in NKI kernels; use the 'nki' package instead
  b_per_shard = div_ceil(flattened_B_dim, num_shards)
                ^
/opt/aws_neuronx_venv_pytorch_inference_vllm_0_16/lib/python3.12/site-packages/neuronxcc/private_nkl/transpose.py:211:17: warning: 'neuronxcc.private_nkl.utils.kernel_helpers.div_ceil' is from the 'neuronxcc' package which is not supported in NKI kernels; use the 'nki' package instead
  num_p_tiles = div_ceil(b_per_shard, P)
                ^
/opt/aws_neuronx_venv_pytorch_inference_vllm_0_16/lib/python3.12/site-packages/neuronxcc/private_nkl/transpose.py:218:13: warning: 'neuronxcc.private_nkl.utils.kernel_helpers.div_ceil' is from the 'neuronxcc' package which is not supported in NKI kernels; use the 'nki' package instead
  i_tiles = div_ceil(I, i_tile_size)
            ^
/opt/aws_neuronx_venv_pytorch_inference_vllm_0_16/lib/python3.12/site-packages/neuronxcc/private_nkl/transpose.py:224:19: warning: 'neuronxcc.private_nkl.utils.kernel_helpers.div_ceil' is from the 'neuronxcc' package which is not supported in NKI kernels; use the 'nki' package instead
    j_tile_size = div_ceil(J, J_LOAD_BALANCING_FACTOR)
                  ^
/opt/aws_neuronx_venv_pytorch_inference_vllm_0_16/lib/python3.12/site-packages/neuronxcc/private_nkl/transpose.py:251:9: warning: 'neuronxcc.private_nkl.transpose._copy_with_engine' is from the 'neuronxcc' package which is not supported in NKI kernels; use the 'nki' package instead
        _copy_with_engine(
        ^
/opt/aws_neuronx_venv_pytorch_inference_vllm_0_16/lib/python3.12/site-packages/neuronxcc/private_nkl/transpose.py:458:17: warning: 'neuronxcc.private_nkl.utils.tiled_range.TiledRange' is from the 'neuronxcc' package which is not supported in NKI kernels; use the 'nki' package instead
  I_128_tiles = TiledRange(I_tile, nl.tile_size.pmax)
                ^
/opt/aws_neuronx_venv_pytorch_inference_vllm_0_16/lib/python3.12/site-packages/neuronxcc/private_nkl/transpose.py:465:33: warning: 'neuronxcc.private_nkl.utils.tiled_range.TiledRange' is from the 'neuronxcc' package which is not supported in NKI kernels; use the 'nki' package instead
    for vectorization_factor in TiledRange(num_full_128_tiles_per_I_tile, VECTORIZATION_FACTOR):
                                ^
/opt/aws_neuronx_venv_pytorch_inference_vllm_0_16/lib/python3.12/site-packages/neuronxcc/private_nkl/transpose.py:284:16: warning: 'neuronxcc.private_nkl.transpose.max_f_size' is from the 'neuronxcc' package which is not supported in NKI kernels; use the 'nki' package instead
  MAX_F_SIZE = max_f_size(dtype)
               ^
/opt/aws_neuronx_venv_pytorch_inference_vllm_0_16/lib/python3.12/site-packages/neuronxcc/private_nkl/transpose.py:289:15: warning: 'neuronxcc.private_nkl.transpose_utils.next_multiple' is from the 'neuronxcc' package which is not supported in NKI kernels; use the 'nki' package instead
    return I, next_multiple(min(J, MAX_F_SIZE), 128)
              ^
/opt/aws_neuronx_venv_pytorch_inference_vllm_0_16/lib/python3.12/site-packages/neuronxcc/private_nkl/transpose.py:291:12: warning: 'neuronxcc.private_nkl.transpose_utils.next_multiple' is from the 'neuronxcc' package which is not supported in NKI kernels; use the 'nki' package instead
    return next_multiple(min(I, MAX_F_SIZE), 128), J
           ^
/opt/aws_neuronx_venv_pytorch_inference_vllm_0_16/lib/python3.12/site-packages/neuronxcc/private_nkl/transpose.py:302:19: warning: 'neuronxcc.private_nkl.transpose_utils.next_multiple' is from the 'neuronxcc' package which is not supported in NKI kernels; use the 'nki' package instead
    I_tile_size = next_multiple(I_tile_size, 128)
                  ^
/opt/aws_neuronx_venv_pytorch_inference_vllm_0_16/lib/python3.12/site-packages/neuronxcc/private_nkl/transpose.py:303:19: warning: 'neuronxcc.private_nkl.transpose_utils.next_multiple' is from the 'neuronxcc' package which is not supported in NKI kernels; use the 'nki' package instead
    J_tile_size = next_multiple(J_tile_size, 128)
                  ^
/opt/aws_neuronx_venv_pytorch_inference_vllm_0_16/lib/python3.12/site-packages/neuronxcc/private_nkl/transpose.py:681:17: warning: 'neuronxcc.private_nkl.utils.tiled_range.TiledRange' is from the 'neuronxcc' package which is not supported in NKI kernels; use the 'nki' package instead
  J_128_tiles = TiledRange(J_tile, nl.tile_size.pmax)
                ^
/opt/aws_neuronx_venv_pytorch_inference_vllm_0_16/lib/python3.12/site-packages/neuronxcc/private_nkl/transpose.py:688:33: warning: 'neuronxcc.private_nkl.utils.tiled_range.TiledRange' is from the 'neuronxcc' package which is not supported in NKI kernels; use the 'nki' package instead
    for vectorization_factor in TiledRange(num_full_128_tiles_per_J_tile, VECTORIZATION_FACTOR):
                                ^
/opt/aws_neuronx_venv_pytorch_inference_vllm_0_16/lib/python3.12/site-packages/neuronxcc/private_nkl/transpose.py:373:25: warning: 'neuronxcc.private_nkl.transpose_utils.n_elts' is from the 'neuronxcc' package which is not supported in NKI kernels; use the 'nki' package instead
  flattened_B_dim = int(n_elts(in_shape[:-2])) if in_shape[:-2] else 1
                        ^
/opt/aws_neuronx_venv_pytorch_inference_vllm_0_16/lib/python3.12/site-packages/neuronxcc/private_nkl/transpose.py:378:30: warning: 'neuronxcc.private_nkl.transpose._pe_optimal_tile_sizes' is from the 'neuronxcc' package which is not supported in NKI kernels; use the 'nki' package instead
  I_tile_size, J_tile_size = _pe_optimal_tile_sizes(I, J, in_tensor.dtype)
                             ^
/opt/aws_neuronx_venv_pytorch_inference_vllm_0_16/lib/python3.12/site-packages/neuronxcc/private_nkl/transpose.py:381:17: warning: 'neuronxcc.private_nkl.utils.kernel_helpers.div_ceil' is from the 'neuronxcc' package which is not supported in NKI kernels; use the 'nki' package instead
  b_per_shard = div_ceil(flattened_B_dim, num_shards)
                ^
/opt/aws_neuronx_venv_pytorch_inference_vllm_0_16/lib/python3.12/site-packages/neuronxcc/private_nkl/transpose.py:384:19: warning: 'neuronxcc.private_nkl.transpose._to_compute_dtype' is from the 'neuronxcc' package which is not supported in NKI kernels; use the 'nki' package instead
  compute_dtype = _to_compute_dtype(in_tensor.dtype)
                  ^
/opt/aws_neuronx_venv_pytorch_inference_vllm_0_16/lib/python3.12/site-packages/neuronxcc/private_nkl/transpose.py:398:19: warning: 'neuronxcc.private_nkl.utils.tiled_range.TiledRange' is from the 'neuronxcc' package which is not supported in NKI kernels; use the 'nki' package instead
    for I_tile in TiledRange(I, I_tile_size):
                  ^
/opt/aws_neuronx_venv_pytorch_inference_vllm_0_16/lib/python3.12/site-packages/neuronxcc/private_nkl/transpose.py:399:21: warning: 'neuronxcc.private_nkl.utils.tiled_range.TiledRange' is from the 'neuronxcc' package which is not supported in NKI kernels; use the 'nki' package instead
      for J_tile in TiledRange(J, J_tile_size):
                    ^
/opt/aws_neuronx_venv_pytorch_inference_vllm_0_16/lib/python3.12/site-packages/neuronxcc/private_nkl/transpose.py:400:23: warning: 'neuronxcc.private_nkl.utils.tiled_range.TiledRange' is from the 'neuronxcc' package which is not supported in NKI kernels; use the 'nki' package instead
        I_128_tiles = TiledRange(I_tile, nl.tile_size.pmax)
                      ^
/opt/aws_neuronx_venv_pytorch_inference_vllm_0_16/lib/python3.12/site-packages/neuronxcc/private_nkl/transpose.py:405:23: warning: 'neuronxcc.private_nkl.utils.tiled_range.TiledRange' is from the 'neuronxcc' package which is not supported in NKI kernels; use the 'nki' package instead
        J_128_tiles = TiledRange(J_tile, nl.tile_size.pmax)
                      ^
/opt/aws_neuronx_venv_pytorch_inference_vllm_0_16/lib/python3.12/site-packages/neuronxcc/private_nkl/transpose.py:411:9: warning: 'neuronxcc.private_nkl.transpose._pe_load_tile' is from the 'neuronxcc' package which is not supported in NKI kernels; use the 'nki' package instead
        _pe_load_tile(
        ^
/opt/aws_neuronx_venv_pytorch_inference_vllm_0_16/lib/python3.12/site-packages/neuronxcc/private_nkl/transpose.py:422:11: warning: 'neuronxcc.private_nkl.transpose._pe_transpose_tile_I_vectorized' is from the 'neuronxcc' package which is not supported in NKI kernels; use the 'nki' package instead
          _pe_transpose_tile_I_vectorized(
          ^
/opt/aws_neuronx_venv_pytorch_inference_vllm_0_16/lib/python3.12/site-packages/neuronxcc/private_nkl/transpose.py:430:11: warning: 'neuronxcc.private_nkl.transpose._pe_transpose_tile_J_vectorized' is from the 'neuronxcc' package which is not supported in NKI kernels; use the 'nki' package instead
          _pe_transpose_tile_J_vectorized(
          ^
/opt/aws_neuronx_venv_pytorch_inference_vllm_0_16/lib/python3.12/site-packages/neuronxcc/private_nkl/transpose.py:438:9: warning: 'neuronxcc.private_nkl.transpose._pe_store_tile' is from the 'neuronxcc' package which is not supported in NKI kernels; use the 'nki' package instead
        _pe_store_tile(
        ^
/opt/aws_neuronx_venv_pytorch_inference_vllm_0_16/lib/python3.12/site-packages/neuronxcc/private_nkl/transpose.py:527:17: warning: 'neuronxcc.private_nkl.utils.tiled_range.TiledRange' is from the 'neuronxcc' package which is not supported in NKI kernels; use the 'nki' package instead
  I_128_tiles = TiledRange(I_tile, nl.tile_size.pmax)
                ^
/opt/aws_neuronx_venv_pytorch_inference_vllm_0_16/lib/python3.12/site-packages/neuronxcc/private_nkl/transpose.py:529:17: warning: 'neuronxcc.private_nkl.utils.tiled_range.TiledRange' is from the 'neuronxcc' package which is not supported in NKI kernels; use the 'nki' package instead
  J_128_tiles = TiledRange(J_tile, nl.tile_size.pmax)
                ^
/opt/aws_neuronx_venv_pytorch_inference_vllm_0_16/lib/python3.12/site-packages/neuronxcc/private_nkl/transpose.py:538:21: warning: 'neuronxcc.private_nkl.utils.tiled_range.TiledRange' is from the 'neuronxcc' package which is not supported in NKI kernels; use the 'nki' package instead
  for J_128_tile in TiledRange(J_tile.size, nl.tile_size.pmax):
                    ^
/opt/aws_neuronx_venv_pytorch_inference_vllm_0_16/lib/python3.12/site-packages/neuronxcc/private_nkl/transpose.py:539:23: warning: 'neuronxcc.private_nkl.utils.tiled_range.TiledRange' is from the 'neuronxcc' package which is not supported in NKI kernels; use the 'nki' package instead
    for I_512_tile in TiledRange(I_tile.size, nl.tile_size.psum_fmax):
                      ^
/opt/aws_neuronx_venv_pytorch_inference_vllm_0_16/lib/python3.12/site-packages/neuronxcc/private_nkl/transpose.py:551:25: warning: 'neuronxcc.private_nkl.utils.tiled_range.TiledRange' is from the 'neuronxcc' package which is not supported in NKI kernels; use the 'nki' package instead
      for I_128_tile in TiledRange(I_512_tile, nl.tile_size.pmax):
                        ^
/opt/aws_neuronx_venv_pytorch_inference_vllm_0_16/lib/python3.12/site-packages/neuronxcc/private_nkl/transpose.py:569:7: warning: 'neuronxcc.private_nkl.transpose._copy_with_engine' is from the 'neuronxcc' package which is not supported in NKI kernels; use the 'nki' package instead
      _copy_with_engine(
      ^
/opt/aws_neuronx_venv_pytorch_inference_vllm_0_16/lib/python3.12/site-packages/neuronxcc/private_nkl/transpose.py:586:17: warning: 'neuronxcc.private_nkl.utils.tiled_range.TiledRange' is from the 'neuronxcc' package which is not supported in NKI kernels; use the 'nki' package instead
  I_128_tiles = TiledRange(I_tile, nl.tile_size.pmax)
                ^
/opt/aws_neuronx_venv_pytorch_inference_vllm_0_16/lib/python3.12/site-packages/neuronxcc/private_nkl/transpose.py:588:17: warning: 'neuronxcc.private_nkl.utils.tiled_range.TiledRange' is from the 'neuronxcc' package which is not supported in NKI kernels; use the 'nki' package instead
  J_128_tiles = TiledRange(J_tile, nl.tile_size.pmax)
                ^
/opt/aws_neuronx_venv_pytorch_inference_vllm_0_16/lib/python3.12/site-packages/neuronxcc/private_nkl/transpose.py:596:21: warning: 'neuronxcc.private_nkl.utils.tiled_range.TiledRange' is from the 'neuronxcc' package which is not supported in NKI kernels; use the 'nki' package instead
  for I_128_tile in TiledRange(I_tile.size, nl.tile_size.pmax):
                    ^
/opt/aws_neuronx_venv_pytorch_inference_vllm_0_16/lib/python3.12/site-packages/neuronxcc/private_nkl/transpose.py:597:23: warning: 'neuronxcc.private_nkl.utils.tiled_range.TiledRange' is from the 'neuronxcc' package which is not supported in NKI kernels; use the 'nki' package instead
    for J_512_tile in TiledRange(J_tile.size, nl.tile_size.psum_fmax):
                      ^
/opt/aws_neuronx_venv_pytorch_inference_vllm_0_16/lib/python3.12/site-packages/neuronxcc/private_nkl/transpose.py:609:25: warning: 'neuronxcc.private_nkl.utils.tiled_range.TiledRange' is from the 'neuronxcc' package which is not supported in NKI kernels; use the 'nki' package instead
      for J_128_tile in TiledRange(J_512_tile, nl.tile_size.pmax):
                        ^
/opt/aws_neuronx_venv_pytorch_inference_vllm_0_16/lib/python3.12/site-packages/neuronxcc/private_nkl/transpose.py:628:9: warning: 'neuronxcc.private_nkl.transpose._copy_with_engine' is from the 'neuronxcc' package which is not supported in NKI kernels; use the 'nki' package instead
        _copy_with_engine(
        ^
/opt/aws_neuronx_venv_pytorch_inference_vllm_0_16/lib/python3.12/site-packages/neuronxcc/private_nkl/transpose.py:652:9: warning: 'neuronxcc.private_nkl.transpose._copy_with_engine' is from the 'neuronxcc' package which is not supported in NKI kernels; use the 'nki' package instead
        _copy_with_engine(
        ^
/opt/aws_neuronx_venv_pytorch_inference_vllm_0_16/lib/python3.12/site-packages/neuronxcc/private_nkl/transpose.py:784:3: warning: 'neuronxcc.private_nkl.transpose.check_input_transpose' is from the 'neuronxcc' package which is not supported in NKI kernels; use the 'nki' package instead
  check_input_transpose(in_tensor, in_shape, permutation)
  ^
/opt/aws_neuronx_venv_pytorch_inference_vllm_0_16/lib/python3.12/site-packages/neuronxcc/private_nkl/transpose.py:790:33: warning: 'neuronxcc.private_nkl.transpose_utils.permutation_reduction' is from the 'neuronxcc' package which is not supported in NKI kernels; use the 'nki' package instead
  reduced_perm, reduced_shape = permutation_reduction(in_shape, permutation)
                                ^
/opt/aws_neuronx_venv_pytorch_inference_vllm_0_16/lib/python3.12/site-packages/neuronxcc/private_nkl/transpose.py:791:10: warning: 'neuronxcc.private_nkl.transpose_utils.permutes_last_two_dims' is from the 'neuronxcc' package which is not supported in NKI kernels; use the 'nki' package instead
  assert permutes_last_two_dims(reduced_perm), f"must permutate last two dims, got {reduced_perm}"
         ^
/opt/aws_neuronx_venv_pytorch_inference_vllm_0_16/lib/python3.12/site-packages/neuronxcc/private_nkl/transpose.py:796:11: warning: 'neuronxcc.private_nkl.transpose._str_to_dtype' is from the 'neuronxcc' package which is not supported in NKI kernels; use the 'nki' package instead
    dtype=_str_to_dtype(out_dtype),
          ^
/opt/aws_neuronx_venv_pytorch_inference_vllm_0_16/lib/python3.12/site-packages/neuronxcc/private_nkl/transpose.py:797:12: warning: 'neuronxcc.private_nkl.transpose_utils._get_hbm_buffer' is from the 'neuronxcc' package which is not supported in NKI kernels; use the 'nki' package instead
    buffer=_get_hbm_buffer(),
           ^
/opt/aws_neuronx_venv_pytorch_inference_vllm_0_16/lib/python3.12/site-packages/neuronxcc/private_nkl/transpose.py:805:16: warning: 'neuronxcc.private_nkl.transpose.max_f_size' is from the 'neuronxcc' package which is not supported in NKI kernels; use the 'nki' package instead
  MAX_F_SIZE = max_f_size(in_tensor.dtype)
               ^
/opt/aws_neuronx_venv_pytorch_inference_vllm_0_16/lib/python3.12/site-packages/neuronxcc/private_nkl/transpose.py:808:5: warning: 'neuronxcc.private_nkl.transpose._dve_transpose_large_cols_impl' is from the 'neuronxcc' package which is not supported in NKI kernels; use the 'nki' package instead
    _dve_transpose_large_cols_impl(in_tensor, out_tensor, num_shards, shard_id)
    ^
/opt/aws_neuronx_venv_pytorch_inference_vllm_0_16/lib/python3.12/site-packages/neuronxcc/private_nkl/transpose.py:810:5: warning: 'neuronxcc.private_nkl.transpose._dve_transpose_large_rows_impl' is from the 'neuronxcc' package which is not supported in NKI kernels; use the 'nki' package instead
    _dve_transpose_large_rows_impl(in_tensor, out_tensor, num_shards, shard_id)
    ^
/opt/aws_neuronx_venv_pytorch_inference_vllm_0_16/lib/python3.12/site-packages/neuronxcc/private_nkl/transpose.py:812:5: warning: 'neuronxcc.private_nkl.transpose._pe_transpose_impl' is from the 'neuronxcc' package which is not supported in NKI kernels; use the 'nki' package instead
    _pe_transpose_impl(in_tensor, out_tensor, num_shards, shard_id)
    ^
/opt/aws_neuronx_venv_pytorch_inference_vllm_0_16/lib/python3.12/site-packages/neuronxcc/private_nkl/transpose.py:38:10: warning: 'neuronxcc.private_nkl.transpose_utils.is_valid_permutation' is from the 'neuronxcc' package which is not supported in NKI kernels; use the 'nki' package instead
  assert is_valid_permutation(permutation), "input permutation is invalid"
         ^
/opt/aws_neuronx_venv_pytorch_inference_vllm_0_16/lib/python3.12/site-packages/neuronxcc/private_nkl/transpose.py:41:10: warning: 'neuronxcc.private_nkl.transpose_utils.n_elts' is from the 'neuronxcc' package which is not supported in NKI kernels; use the 'nki' package instead
  assert n_elts(in_shape) == n_elts(in_tensor.shape), "tensor shape is invalid"
         ^
/opt/aws_neuronx_venv_pytorch_inference_vllm_0_16/lib/python3.12/site-packages/neuronxcc/private_nkl/transpose.py:41:30: warning: 'neuronxcc.private_nkl.transpose_utils.n_elts' is from the 'neuronxcc' package which is not supported in NKI kernels; use the 'nki' package instead
  assert n_elts(in_shape) == n_elts(in_tensor.shape), "tensor shape is invalid"
                             ^
/opt/aws_neuronx_venv_pytorch_inference_vllm_0_16/lib/python3.12/site-packages/neuronxcc/private_nkl/transpose.py:32:20: warning: 'neuronxcc.private_nkl.utils.StackAllocator.sizeinbytes' is from the 'neuronxcc' package which is not supported in NKI kernels; use the 'nki' package instead
  return (98304 // sizeinbytes(dtype)) // 2
                   ^
/opt/aws_neuronx_venv_pytorch_inference_vllm_0_16/lib/python3.12/site-packages/neuronxcc/private_nkl/transpose.py:862:29: warning: 'neuronxcc.private_nkl.utils.kernel_helpers.get_program_sharding_info' is from the 'neuronxcc' package which is not supported in NKI kernels; use the 'nki' package instead
  _, num_shards, shard_id = get_program_sharding_info()
                            ^
/opt/aws_neuronx_venv_pytorch_inference_vllm_0_16/lib/python3.12/site-packages/neuronxcc/private_nkl/transpose.py:863:9: warning: 'neuronxcc.private_nkl.transpose._transpose_last_two_dims' is from the 'neuronxcc' package which is not supported in NKI kernels; use the 'nki' package instead
  out = _transpose_last_two_dims(in_tensor, in_shape, permutation, out_dtype, num_shards, shard_id)
        ^
/opt/aws_neuronx_venv_pytorch_inference_vllm_0_16/lib/python3.12/site-packages/neuronxcc/private_nkl/transpose_utils.py:71:10: warning: 'neuronxcc.private_nkl.transpose_utils.is_valid_permutation' is from the 'neuronxcc' package which is not supported in NKI kernels; use the 'nki' package instead
  if not is_valid_permutation(permutation):
         ^
/opt/aws_neuronx_venv_pytorch_inference_vllm_0_16/lib/python3.12/site-packages/neuronxcc/private_nkl/utils/tiled_range.py:66:23: warning: 'neuronxcc.private_nkl.utils.tiled_range.TiledRangeIterator' is from the 'neuronxcc' package which is not supported in NKI kernels; use the 'nki' package instead
  if isinstance(size, TiledRangeIterator):
                      ^
/opt/aws_neuronx_venv_pytorch_inference_vllm_0_16/lib/python3.12/site-packages/neuronxcc/private_nkl/utils/tiled_range.py:84:22: warning: 'neuronxcc.private_nkl.utils.tiled_range.TiledRangeIterator' is from the 'neuronxcc' package which is not supported in NKI kernels; use the 'nki' package instead
    iterators.append(TiledRangeIterator(current_tile_size, i, base_offset + relative_offset))
                     ^
/opt/aws_neuronx_venv_pytorch_inference_vllm_0_16/lib/python3.12/site-packages/neuronxcc/private_nkl/transpose.py:458:17: warning: 'neuronxcc.private_nkl.utils.tiled_range.TiledRange' is from the 'neuronxcc' package which is not supported in NKI kernels; use the 'nki' package instead
  I_128_tiles = TiledRange(I_tile, nl.tile_size.pmax)
                ^
/opt/aws_neuronx_venv_pytorch_inference_vllm_0_16/lib/python3.12/site-packages/neuronxcc/private_nkl/transpose.py:465:33: warning: 'neuronxcc.private_nkl.utils.tiled_range.TiledRange' is from the 'neuronxcc' package which is not supported in NKI kernels; use the 'nki' package instead
    for vectorization_factor in TiledRange(num_full_128_tiles_per_I_tile, VECTORIZATION_FACTOR):
                                ^
/opt/aws_neuronx_venv_pytorch_inference_vllm_0_16/lib/python3.12/site-packages/neuronxcc/private_nkl/transpose.py:284:16: warning: 'neuronxcc.private_nkl.transpose.max_f_size' is from the 'neuronxcc' package which is not supported in NKI kernels; use the 'nki' package instead
  MAX_F_SIZE = max_f_size(dtype)
               ^
/opt/aws_neuronx_venv_pytorch_inference_vllm_0_16/lib/python3.12/site-packages/neuronxcc/private_nkl/transpose.py:289:15: warning: 'neuronxcc.private_nkl.transpose_utils.next_multiple' is from the 'neuronxcc' package which is not supported in NKI kernels; use the 'nki' package instead
    return I, next_multiple(min(J, MAX_F_SIZE), 128)
              ^
/opt/aws_neuronx_venv_pytorch_inference_vllm_0_16/lib/python3.12/site-packages/neuronxcc/private_nkl/transpose.py:291:12: warning: 'neuronxcc.private_nkl.transpose_utils.next_multiple' is from the 'neuronxcc' package which is not supported in NKI kernels; use the 'nki' package instead
    return next_multiple(min(I, MAX_F_SIZE), 128), J
           ^
/opt/aws_neuronx_venv_pytorch_inference_vllm_0_16/lib/python3.12/site-packages/neuronxcc/private_nkl/transpose.py:302:19: warning: 'neuronxcc.private_nkl.transpose_utils.next_multiple' is from the 'neuronxcc' package which is not supported in NKI kernels; use the 'nki' package instead
    I_tile_size = next_multiple(I_tile_size, 128)
                  ^
/opt/aws_neuronx_venv_pytorch_inference_vllm_0_16/lib/python3.12/site-packages/neuronxcc/private_nkl/transpose.py:303:19: warning: 'neuronxcc.private_nkl.transpose_utils.next_multiple' is from the 'neuronxcc' package which is not supported in NKI kernels; use the 'nki' package instead
    J_tile_size = next_multiple(J_tile_size, 128)
                  ^
/opt/aws_neuronx_venv_pytorch_inference_vllm_0_16/lib/python3.12/site-packages/neuronxcc/private_nkl/transpose.py:681:17: warning: 'neuronxcc.private_nkl.utils.tiled_range.TiledRange' is from the 'neuronxcc' package which is not supported in NKI kernels; use the 'nki' package instead
  J_128_tiles = TiledRange(J_tile, nl.tile_size.pmax)
                ^
/opt/aws_neuronx_venv_pytorch_inference_vllm_0_16/lib/python3.12/site-packages/neuronxcc/private_nkl/transpose.py:688:33: warning: 'neuronxcc.private_nkl.utils.tiled_range.TiledRange' is from the 'neuronxcc' package which is not supported in NKI kernels; use the 'nki' package instead
    for vectorization_factor in TiledRange(num_full_128_tiles_per_J_tile, VECTORIZATION_FACTOR):
                                ^
/opt/aws_neuronx_venv_pytorch_inference_vllm_0_16/lib/python3.12/site-packages/neuronxcc/private_nkl/transpose.py:751:3: warning: 'neuronxcc.private_nkl.transpose.check_input_transpose' is from the 'neuronxcc' package which is not supported in NKI kernels; use the 'nki' package instead
  check_input_transpose(in_tensor, in_shape, permutation)
  ^
/opt/aws_neuronx_venv_pytorch_inference_vllm_0_16/lib/python3.12/site-packages/neuronxcc/private_nkl/transpose.py:757:33: warning: 'neuronxcc.private_nkl.transpose_utils.permutation_reduction' is from the 'neuronxcc' package which is not supported in NKI kernels; use the 'nki' package instead
  reduced_perm, reduced_shape = permutation_reduction(in_shape, permutation)
                                ^
/opt/aws_neuronx_venv_pytorch_inference_vllm_0_16/lib/python3.12/site-packages/neuronxcc/private_nkl/transpose.py:758:10: warning: 'neuronxcc.private_nkl.transpose_utils.permutes_last_two_dims' is from the 'neuronxcc' package which is not supported in NKI kernels; use the 'nki' package instead
  assert permutes_last_two_dims(reduced_perm), f"must permutate last two dims, got {reduced_perm}"
         ^
/opt/aws_neuronx_venv_pytorch_inference_vllm_0_16/lib/python3.12/site-packages/neuronxcc/private_nkl/transpose.py:763:11: warning: 'neuronxcc.private_nkl.transpose._str_to_dtype' is from the 'neuronxcc' package which is not supported in NKI kernels; use the 'nki' package instead
    dtype=_str_to_dtype(out_dtype),
          ^
/opt/aws_neuronx_venv_pytorch_inference_vllm_0_16/lib/python3.12/site-packages/neuronxcc/private_nkl/transpose.py:764:12: warning: 'neuronxcc.private_nkl.transpose_utils._get_hbm_buffer' is from the 'neuronxcc' package which is not supported in NKI kernels; use the 'nki' package instead
    buffer=_get_hbm_buffer(),
           ^
/opt/aws_neuronx_venv_pytorch_inference_vllm_0_16/lib/python3.12/site-packages/neuronxcc/private_nkl/transpose.py:767:3: warning: 'neuronxcc.private_nkl.transpose._pe_transpose_impl' is from the 'neuronxcc' package which is not supported in NKI kernels; use the 'nki' package instead
  _pe_transpose_impl(in_tensor, out_tensor, num_shards, shard_id)
  ^
/opt/aws_neuronx_venv_pytorch_inference_vllm_0_16/lib/python3.12/site-packages/neuronxcc/private_nkl/transpose.py:373:25: warning: 'neuronxcc.private_nkl.transpose_utils.n_elts' is from the 'neuronxcc' package which is not supported in NKI kernels; use the 'nki' package instead
  flattened_B_dim = int(n_elts(in_shape[:-2])) if in_shape[:-2] else 1
                        ^
/opt/aws_neuronx_venv_pytorch_inference_vllm_0_16/lib/python3.12/site-packages/neuronxcc/private_nkl/transpose.py:378:30: warning: 'neuronxcc.private_nkl.transpose._pe_optimal_tile_sizes' is from the 'neuronxcc' package which is not supported in NKI kernels; use the 'nki' package instead
  I_tile_size, J_tile_size = _pe_optimal_tile_sizes(I, J, in_tensor.dtype)
                             ^
/opt/aws_neuronx_venv_pytorch_inference_vllm_0_16/lib/python3.12/site-packages/neuronxcc/private_nkl/transpose.py:381:17: warning: 'neuronxcc.private_nkl.utils.kernel_helpers.div_ceil' is from the 'neuronxcc' package which is not supported in NKI kernels; use the 'nki' package instead
  b_per_shard = div_ceil(flattened_B_dim, num_shards)
                ^
/opt/aws_neuronx_venv_pytorch_inference_vllm_0_16/lib/python3.12/site-packages/neuronxcc/private_nkl/transpose.py:384:19: warning: 'neuronxcc.private_nkl.transpose._to_compute_dtype' is from the 'neuronxcc' package which is not supported in NKI kernels; use the 'nki' package instead
  compute_dtype = _to_compute_dtype(in_tensor.dtype)
                  ^
/opt/aws_neuronx_venv_pytorch_inference_vllm_0_16/lib/python3.12/site-packages/neuronxcc/private_nkl/transpose.py:398:19: warning: 'neuronxcc.private_nkl.utils.tiled_range.TiledRange' is from the 'neuronxcc' package which is not supported in NKI kernels; use the 'nki' package instead
    for I_tile in TiledRange(I, I_tile_size):
                  ^
/opt/aws_neuronx_venv_pytorch_inference_vllm_0_16/lib/python3.12/site-packages/neuronxcc/private_nkl/transpose.py:399:21: warning: 'neuronxcc.private_nkl.utils.tiled_range.TiledRange' is from the 'neuronxcc' package which is not supported in NKI kernels; use the 'nki' package instead
      for J_tile in TiledRange(J, J_tile_size):
                    ^
/opt/aws_neuronx_venv_pytorch_inference_vllm_0_16/lib/python3.12/site-packages/neuronxcc/private_nkl/transpose.py:400:23: warning: 'neuronxcc.private_nkl.utils.tiled_range.TiledRange' is from the 'neuronxcc' package which is not supported in NKI kernels; use the 'nki' package instead
        I_128_tiles = TiledRange(I_tile, nl.tile_size.pmax)
                      ^
/opt/aws_neuronx_venv_pytorch_inference_vllm_0_16/lib/python3.12/site-packages/neuronxcc/private_nkl/transpose.py:405:23: warning: 'neuronxcc.private_nkl.utils.tiled_range.TiledRange' is from the 'neuronxcc' package which is not supported in NKI kernels; use the 'nki' package instead
        J_128_tiles = TiledRange(J_tile, nl.tile_size.pmax)
                      ^
/opt/aws_neuronx_venv_pytorch_inference_vllm_0_16/lib/python3.12/site-packages/neuronxcc/private_nkl/transpose.py:411:9: warning: 'neuronxcc.private_nkl.transpose._pe_load_tile' is from the 'neuronxcc' package which is not supported in NKI kernels; use the 'nki' package instead
        _pe_load_tile(
        ^
/opt/aws_neuronx_venv_pytorch_inference_vllm_0_16/lib/python3.12/site-packages/neuronxcc/private_nkl/transpose.py:422:11: warning: 'neuronxcc.private_nkl.transpose._pe_transpose_tile_I_vectorized' is from the 'neuronxcc' package which is not supported in NKI kernels; use the 'nki' package instead
          _pe_transpose_tile_I_vectorized(
          ^
/opt/aws_neuronx_venv_pytorch_inference_vllm_0_16/lib/python3.12/site-packages/neuronxcc/private_nkl/transpose.py:430:11: warning: 'neuronxcc.private_nkl.transpose._pe_transpose_tile_J_vectorized' is from the 'neuronxcc' package which is not supported in NKI kernels; use the 'nki' package instead
          _pe_transpose_tile_J_vectorized(
          ^
/opt/aws_neuronx_venv_pytorch_inference_vllm_0_16/lib/python3.12/site-packages/neuronxcc/private_nkl/transpose.py:438:9: warning: 'neuronxcc.private_nkl.transpose._pe_store_tile' is from the 'neuronxcc' package which is not supported in NKI kernels; use the 'nki' package instead
        _pe_store_tile(
        ^
/opt/aws_neuronx_venv_pytorch_inference_vllm_0_16/lib/python3.12/site-packages/neuronxcc/private_nkl/transpose.py:527:17: warning: 'neuronxcc.private_nkl.utils.tiled_range.TiledRange' is from the 'neuronxcc' package which is not supported in NKI kernels; use the 'nki' package instead
  I_128_tiles = TiledRange(I_tile, nl.tile_size.pmax)
                ^
/opt/aws_neuronx_venv_pytorch_inference_vllm_0_16/lib/python3.12/site-packages/neuronxcc/private_nkl/transpose.py:529:17: warning: 'neuronxcc.private_nkl.utils.tiled_range.TiledRange' is from the 'neuronxcc' package which is not supported in NKI kernels; use the 'nki' package instead
  J_128_tiles = TiledRange(J_tile, nl.tile_size.pmax)
                ^
/opt/aws_neuronx_venv_pytorch_inference_vllm_0_16/lib/python3.12/site-packages/neuronxcc/private_nkl/transpose.py:538:21: warning: 'neuronxcc.private_nkl.utils.tiled_range.TiledRange' is from the 'neuronxcc' package which is not supported in NKI kernels; use the 'nki' package instead
  for J_128_tile in TiledRange(J_tile.size, nl.tile_size.pmax):
                    ^
/opt/aws_neuronx_venv_pytorch_inference_vllm_0_16/lib/python3.12/site-packages/neuronxcc/private_nkl/transpose.py:539:23: warning: 'neuronxcc.private_nkl.utils.tiled_range.TiledRange' is from the 'neuronxcc' package which is not supported in NKI kernels; use the 'nki' package instead
    for I_512_tile in TiledRange(I_tile.size, nl.tile_size.psum_fmax):
                      ^
/opt/aws_neuronx_venv_pytorch_inference_vllm_0_16/lib/python3.12/site-packages/neuronxcc/private_nkl/transpose.py:551:25: warning: 'neuronxcc.private_nkl.utils.tiled_range.TiledRange' is from the 'neuronxcc' package which is not supported in NKI kernels; use the 'nki' package instead
      for I_128_tile in TiledRange(I_512_tile, nl.tile_size.pmax):
                        ^
/opt/aws_neuronx_venv_pytorch_inference_vllm_0_16/lib/python3.12/site-packages/neuronxcc/private_nkl/transpose.py:569:7: warning: 'neuronxcc.private_nkl.transpose._copy_with_engine' is from the 'neuronxcc' package which is not supported in NKI kernels; use the 'nki' package instead
      _copy_with_engine(
      ^
/opt/aws_neuronx_venv_pytorch_inference_vllm_0_16/lib/python3.12/site-packages/neuronxcc/private_nkl/transpose.py:586:17: warning: 'neuronxcc.private_nkl.utils.tiled_range.TiledRange' is from the 'neuronxcc' package which is not supported in NKI kernels; use the 'nki' package instead
  I_128_tiles = TiledRange(I_tile, nl.tile_size.pmax)
                ^
/opt/aws_neuronx_venv_pytorch_inference_vllm_0_16/lib/python3.12/site-packages/neuronxcc/private_nkl/transpose.py:588:17: warning: 'neuronxcc.private_nkl.utils.tiled_range.TiledRange' is from the 'neuronxcc' package which is not supported in NKI kernels; use the 'nki' package instead
  J_128_tiles = TiledRange(J_tile, nl.tile_size.pmax)
                ^
/opt/aws_neuronx_venv_pytorch_inference_vllm_0_16/lib/python3.12/site-packages/neuronxcc/private_nkl/transpose.py:596:21: warning: 'neuronxcc.private_nkl.utils.tiled_range.TiledRange' is from the 'neuronxcc' package which is not supported in NKI kernels; use the 'nki' package instead
  for I_128_tile in TiledRange(I_tile.size, nl.tile_size.pmax):
                    ^
/opt/aws_neuronx_venv_pytorch_inference_vllm_0_16/lib/python3.12/site-packages/neuronxcc/private_nkl/transpose.py:597:23: warning: 'neuronxcc.private_nkl.utils.tiled_range.TiledRange' is from the 'neuronxcc' package which is not supported in NKI kernels; use the 'nki' package instead
    for J_512_tile in TiledRange(J_tile.size, nl.tile_size.psum_fmax):
                      ^
/opt/aws_neuronx_venv_pytorch_inference_vllm_0_16/lib/python3.12/site-packages/neuronxcc/private_nkl/transpose.py:609:25: warning: 'neuronxcc.private_nkl.utils.tiled_range.TiledRange' is from the 'neuronxcc' package which is not supported in NKI kernels; use the 'nki' package instead
      for J_128_tile in TiledRange(J_512_tile, nl.tile_size.pmax):
                        ^
/opt/aws_neuronx_venv_pytorch_inference_vllm_0_16/lib/python3.12/site-packages/neuronxcc/private_nkl/transpose.py:628:9: warning: 'neuronxcc.private_nkl.transpose._copy_with_engine' is from the 'neuronxcc' package which is not supported in NKI kernels; use the 'nki' package instead
        _copy_with_engine(
        ^
/opt/aws_neuronx_venv_pytorch_inference_vllm_0_16/lib/python3.12/site-packages/neuronxcc/private_nkl/transpose.py:652:9: warning: 'neuronxcc.private_nkl.transpose._copy_with_engine' is from the 'neuronxcc' package which is not supported in NKI kernels; use the 'nki' package instead
        _copy_with_engine(
        ^
/opt/aws_neuronx_venv_pytorch_inference_vllm_0_16/lib/python3.12/site-packages/neuronxcc/private_nkl/transpose.py:38:10: warning: 'neuronxcc.private_nkl.transpose_utils.is_valid_permutation' is from the 'neuronxcc' package which is not supported in NKI kernels; use the 'nki' package instead
  assert is_valid_permutation(permutation), "input permutation is invalid"
         ^
/opt/aws_neuronx_venv_pytorch_inference_vllm_0_16/lib/python3.12/site-packages/neuronxcc/private_nkl/transpose.py:41:10: warning: 'neuronxcc.private_nkl.transpose_utils.n_elts' is from the 'neuronxcc' package which is not supported in NKI kernels; use the 'nki' package instead
  assert n_elts(in_shape) == n_elts(in_tensor.shape), "tensor shape is invalid"
         ^
/opt/aws_neuronx_venv_pytorch_inference_vllm_0_16/lib/python3.12/site-packages/neuronxcc/private_nkl/transpose.py:41:30: warning: 'neuronxcc.private_nkl.transpose_utils.n_elts' is from the 'neuronxcc' package which is not supported in NKI kernels; use the 'nki' package instead
  assert n_elts(in_shape) == n_elts(in_tensor.shape), "tensor shape is invalid"
                             ^
/opt/aws_neuronx_venv_pytorch_inference_vllm_0_16/lib/python3.12/site-packages/neuronxcc/private_nkl/transpose.py:32:20: warning: 'neuronxcc.private_nkl.utils.StackAllocator.sizeinbytes' is from the 'neuronxcc' package which is not supported in NKI kernels; use the 'nki' package instead
  return (98304 // sizeinbytes(dtype)) // 2
                   ^
/opt/aws_neuronx_venv_pytorch_inference_vllm_0_16/lib/python3.12/site-packages/neuronxcc/private_nkl/transpose.py:886:29: warning: 'neuronxcc.private_nkl.utils.kernel_helpers.get_program_sharding_info' is from the 'neuronxcc' package which is not supported in NKI kernels; use the 'nki' package instead
  _, num_shards, shard_id = get_program_sharding_info()
                            ^
/opt/aws_neuronx_venv_pytorch_inference_vllm_0_16/lib/python3.12/site-packages/neuronxcc/private_nkl/transpose.py:887:9: warning: 'neuronxcc.private_nkl.transpose._pe_transpose' is from the 'neuronxcc' package which is not supported in NKI kernels; use the 'nki' package instead
  out = _pe_transpose(in_tensor, in_shape, permutation, out_dtype, num_shards, shard_id)
        ^
/opt/aws_neuronx_venv_pytorch_inference_vllm_0_16/lib/python3.12/site-packages/neuronxcc/private_nkl/transpose_utils.py:71:10: warning: 'neuronxcc.private_nkl.transpose_utils.is_valid_permutation' is from the 'neuronxcc' package which is not supported in NKI kernels; use the 'nki' package instead
  if not is_valid_permutation(permutation):
         ^
/opt/aws_neuronx_venv_pytorch_inference_vllm_0_16/lib/python3.12/site-packages/neuronxcc/private_nkl/utils/tiled_range.py:66:23: warning: 'neuronxcc.private_nkl.utils.tiled_range.TiledRangeIterator' is from the 'neuronxcc' package which is not supported in NKI kernels; use the 'nki' package instead
  if isinstance(size, TiledRangeIterator):
                      ^
/opt/aws_neuronx_venv_pytorch_inference_vllm_0_16/lib/python3.12/site-packages/neuronxcc/private_nkl/utils/tiled_range.py:84:22: warning: 'neuronxcc.private_nkl.utils.tiled_range.TiledRangeIterator' is from the 'neuronxcc' package which is not supported in NKI kernels; use the 'nki' package instead
    iterators.append(TiledRangeIterator(current_tile_size, i, base_offset + relative_offset))
                     ^
/opt/aws_neuronx_venv_pytorch_inference_vllm_0_16/lib/python3.12/site-packages/neuronxcc/private_nkl/transpose.py:458:17: warning: 'neuronxcc.private_nkl.utils.tiled_range.TiledRange' is from the 'neuronxcc' package which is not supported in NKI kernels; use the 'nki' package instead
  I_128_tiles = TiledRange(I_tile, nl.tile_size.pmax)
                ^
/opt/aws_neuronx_venv_pytorch_inference_vllm_0_16/lib/python3.12/site-packages/neuronxcc/private_nkl/transpose.py:465:33: warning: 'neuronxcc.private_nkl.utils.tiled_range.TiledRange' is from the 'neuronxcc' package which is not supported in NKI kernels; use the 'nki' package instead
    for vectorization_factor in TiledRange(num_full_128_tiles_per_I_tile, VECTORIZATION_FACTOR):
                                ^
/opt/aws_neuronx_venv_pytorch_inference_vllm_0_16/lib/python3.12/site-packages/neuronxcc/private_nkl/transpose.py:284:16: warning: 'neuronxcc.private_nkl.transpose.max_f_size' is from the 'neuronxcc' package which is not supported in NKI kernels; use the 'nki' package instead
  MAX_F_SIZE = max_f_size(dtype)
               ^
/opt/aws_neuronx_venv_pytorch_inference_vllm_0_16/lib/python3.12/site-packages/neuronxcc/private_nkl/transpose.py:289:15: warning: 'neuronxcc.private_nkl.transpose_utils.next_multiple' is from the 'neuronxcc' package which is not supported in NKI kernels; use the 'nki' package instead
    return I, next_multiple(min(J, MAX_F_SIZE), 128)
              ^
/opt/aws_neuronx_venv_pytorch_inference_vllm_0_16/lib/python3.12/site-packages/neuronxcc/private_nkl/transpose.py:291:12: warning: 'neuronxcc.private_nkl.transpose_utils.next_multiple' is from the 'neuronxcc' package which is not supported in NKI kernels; use the 'nki' package instead
    return next_multiple(min(I, MAX_F_SIZE), 128), J
           ^
/opt/aws_neuronx_venv_pytorch_inference_vllm_0_16/lib/python3.12/site-packages/neuronxcc/private_nkl/transpose.py:302:19: warning: 'neuronxcc.private_nkl.transpose_utils.next_multiple' is from the 'neuronxcc' package which is not supported in NKI kernels; use the 'nki' package instead
    I_tile_size = next_multiple(I_tile_size, 128)
                  ^
/opt/aws_neuronx_venv_pytorch_inference_vllm_0_16/lib/python3.12/site-packages/neuronxcc/private_nkl/transpose.py:303:19: warning: 'neuronxcc.private_nkl.transpose_utils.next_multiple' is from the 'neuronxcc' package which is not supported in NKI kernels; use the 'nki' package instead
    J_tile_size = next_multiple(J_tile_size, 128)
                  ^
/opt/aws_neuronx_venv_pytorch_inference_vllm_0_16/lib/python3.12/site-packages/neuronxcc/private_nkl/transpose.py:681:17: warning: 'neuronxcc.private_nkl.utils.tiled_range.TiledRange' is from the 'neuronxcc' package which is not supported in NKI kernels; use the 'nki' package instead
  J_128_tiles = TiledRange(J_tile, nl.tile_size.pmax)
                ^
/opt/aws_neuronx_venv_pytorch_inference_vllm_0_16/lib/python3.12/site-packages/neuronxcc/private_nkl/transpose.py:688:33: warning: 'neuronxcc.private_nkl.utils.tiled_range.TiledRange' is from the 'neuronxcc' package which is not supported in NKI kernels; use the 'nki' package instead
    for vectorization_factor in TiledRange(num_full_128_tiles_per_J_tile, VECTORIZATION_FACTOR):
                                ^
/opt/aws_neuronx_venv_pytorch_inference_vllm_0_16/lib/python3.12/site-packages/neuronxcc/private_nkl/transpose.py:751:3: warning: 'neuronxcc.private_nkl.transpose.check_input_transpose' is from the 'neuronxcc' package which is not supported in NKI kernels; use the 'nki' package instead
  check_input_transpose(in_tensor, in_shape, permutation)
  ^
/opt/aws_neuronx_venv_pytorch_inference_vllm_0_16/lib/python3.12/site-packages/neuronxcc/private_nkl/transpose.py:757:33: warning: 'neuronxcc.private_nkl.transpose_utils.permutation_reduction' is from the 'neuronxcc' package which is not supported in NKI kernels; use the 'nki' package instead
  reduced_perm, reduced_shape = permutation_reduction(in_shape, permutation)
                                ^
/opt/aws_neuronx_venv_pytorch_inference_vllm_0_16/lib/python3.12/site-packages/neuronxcc/private_nkl/transpose.py:758:10: warning: 'neuronxcc.private_nkl.transpose_utils.permutes_last_two_dims' is from the 'neuronxcc' package which is not supported in NKI kernels; use the 'nki' package instead
  assert permutes_last_two_dims(reduced_perm), f"must permutate last two dims, got {reduced_perm}"
         ^
/opt/aws_neuronx_venv_pytorch_inference_vllm_0_16/lib/python3.12/site-packages/neuronxcc/private_nkl/transpose.py:763:11: warning: 'neuronxcc.private_nkl.transpose._str_to_dtype' is from the 'neuronxcc' package which is not supported in NKI kernels; use the 'nki' package instead
    dtype=_str_to_dtype(out_dtype),
          ^
/opt/aws_neuronx_venv_pytorch_inference_vllm_0_16/lib/python3.12/site-packages/neuronxcc/private_nkl/transpose.py:764:12: warning: 'neuronxcc.private_nkl.transpose_utils._get_hbm_buffer' is from the 'neuronxcc' package which is not supported in NKI kernels; use the 'nki' package instead
    buffer=_get_hbm_buffer(),
           ^
/opt/aws_neuronx_venv_pytorch_inference_vllm_0_16/lib/python3.12/site-packages/neuronxcc/private_nkl/transpose.py:767:3: warning: 'neuronxcc.private_nkl.transpose._pe_transpose_impl' is from the 'neuronxcc' package which is not supported in NKI kernels; use the 'nki' package instead
  _pe_transpose_impl(in_tensor, out_tensor, num_shards, shard_id)
  ^
/opt/aws_neuronx_venv_pytorch_inference_vllm_0_16/lib/python3.12/site-packages/neuronxcc/private_nkl/transpose.py:373:25: warning: 'neuronxcc.private_nkl.transpose_utils.n_elts' is from the 'neuronxcc' package which is not supported in NKI kernels; use the 'nki' package instead
  flattened_B_dim = int(n_elts(in_shape[:-2])) if in_shape[:-2] else 1
                        ^
/opt/aws_neuronx_venv_pytorch_inference_vllm_0_16/lib/python3.12/site-packages/neuronxcc/private_nkl/transpose.py:378:30: warning: 'neuronxcc.private_nkl.transpose._pe_optimal_tile_sizes' is from the 'neuronxcc' package which is not supported in NKI kernels; use the 'nki' package instead
  I_tile_size, J_tile_size = _pe_optimal_tile_sizes(I, J, in_tensor.dtype)
                             ^
/opt/aws_neuronx_venv_pytorch_inference_vllm_0_16/lib/python3.12/site-packages/neuronxcc/private_nkl/transpose.py:381:17: warning: 'neuronxcc.private_nkl.utils.kernel_helpers.div_ceil' is from the 'neuronxcc' package which is not supported in NKI kernels; use the 'nki' package instead
  b_per_shard = div_ceil(flattened_B_dim, num_shards)
                ^
/opt/aws_neuronx_venv_pytorch_inference_vllm_0_16/lib/python3.12/site-packages/neuronxcc/private_nkl/transpose.py:384:19: warning: 'neuronxcc.private_nkl.transpose._to_compute_dtype' is from the 'neuronxcc' package which is not supported in NKI kernels; use the 'nki' package instead
  compute_dtype = _to_compute_dtype(in_tensor.dtype)
                  ^
/opt/aws_neuronx_venv_pytorch_inference_vllm_0_16/lib/python3.12/site-packages/neuronxcc/private_nkl/transpose.py:398:19: warning: 'neuronxcc.private_nkl.utils.tiled_range.TiledRange' is from the 'neuronxcc' package which is not supported in NKI kernels; use the 'nki' package instead
    for I_tile in TiledRange(I, I_tile_size):
                  ^
/opt/aws_neuronx_venv_pytorch_inference_vllm_0_16/lib/python3.12/site-packages/neuronxcc/private_nkl/transpose.py:399:21: warning: 'neuronxcc.private_nkl.utils.tiled_range.TiledRange' is from the 'neuronxcc' package which is not supported in NKI kernels; use the 'nki' package instead
      for J_tile in TiledRange(J, J_tile_size):
                    ^
/opt/aws_neuronx_venv_pytorch_inference_vllm_0_16/lib/python3.12/site-packages/neuronxcc/private_nkl/transpose.py:400:23: warning: 'neuronxcc.private_nkl.utils.tiled_range.TiledRange' is from the 'neuronxcc' package which is not supported in NKI kernels; use the 'nki' package instead
        I_128_tiles = TiledRange(I_tile, nl.tile_size.pmax)
                      ^
/opt/aws_neuronx_venv_pytorch_inference_vllm_0_16/lib/python3.12/site-packages/neuronxcc/private_nkl/transpose.py:405:23: warning: 'neuronxcc.private_nkl.utils.tiled_range.TiledRange' is from the 'neuronxcc' package which is not supported in NKI kernels; use the 'nki' package instead
        J_128_tiles = TiledRange(J_tile, nl.tile_size.pmax)
                      ^
/opt/aws_neuronx_venv_pytorch_inference_vllm_0_16/lib/python3.12/site-packages/neuronxcc/private_nkl/transpose.py:411:9: warning: 'neuronxcc.private_nkl.transpose._pe_load_tile' is from the 'neuronxcc' package which is not supported in NKI kernels; use the 'nki' package instead
        _pe_load_tile(
        ^
/opt/aws_neuronx_venv_pytorch_inference_vllm_0_16/lib/python3.12/site-packages/neuronxcc/private_nkl/transpose.py:422:11: warning: 'neuronxcc.private_nkl.transpose._pe_transpose_tile_I_vectorized' is from the 'neuronxcc' package which is not supported in NKI kernels; use the 'nki' package instead
          _pe_transpose_tile_I_vectorized(
          ^
/opt/aws_neuronx_venv_pytorch_inference_vllm_0_16/lib/python3.12/site-packages/neuronxcc/private_nkl/transpose.py:430:11: warning: 'neuronxcc.private_nkl.transpose._pe_transpose_tile_J_vectorized' is from the 'neuronxcc' package which is not supported in NKI kernels; use the 'nki' package instead
          _pe_transpose_tile_J_vectorized(
          ^
/opt/aws_neuronx_venv_pytorch_inference_vllm_0_16/lib/python3.12/site-packages/neuronxcc/private_nkl/transpose.py:438:9: warning: 'neuronxcc.private_nkl.transpose._pe_store_tile' is from the 'neuronxcc' package which is not supported in NKI kernels; use the 'nki' package instead
        _pe_store_tile(
        ^
/opt/aws_neuronx_venv_pytorch_inference_vllm_0_16/lib/python3.12/site-packages/neuronxcc/private_nkl/transpose.py:527:17: warning: 'neuronxcc.private_nkl.utils.tiled_range.TiledRange' is from the 'neuronxcc' package which is not supported in NKI kernels; use the 'nki' package instead
  I_128_tiles = TiledRange(I_tile, nl.tile_size.pmax)
                ^
/opt/aws_neuronx_venv_pytorch_inference_vllm_0_16/lib/python3.12/site-packages/neuronxcc/private_nkl/transpose.py:529:17: warning: 'neuronxcc.private_nkl.utils.tiled_range.TiledRange' is from the 'neuronxcc' package which is not supported in NKI kernels; use the 'nki' package instead
  J_128_tiles = TiledRange(J_tile, nl.tile_size.pmax)
                ^
/opt/aws_neuronx_venv_pytorch_inference_vllm_0_16/lib/python3.12/site-packages/neuronxcc/private_nkl/transpose.py:538:21: warning: 'neuronxcc.private_nkl.utils.tiled_range.TiledRange' is from the 'neuronxcc' package which is not supported in NKI kernels; use the 'nki' package instead
  for J_128_tile in TiledRange(J_tile.size, nl.tile_size.pmax):
                    ^
/opt/aws_neuronx_venv_pytorch_inference_vllm_0_16/lib/python3.12/site-packages/neuronxcc/private_nkl/transpose.py:539:23: warning: 'neuronxcc.private_nkl.utils.tiled_range.TiledRange' is from the 'neuronxcc' package which is not supported in NKI kernels; use the 'nki' package instead
    for I_512_tile in TiledRange(I_tile.size, nl.tile_size.psum_fmax):
                      ^
/opt/aws_neuronx_venv_pytorch_inference_vllm_0_16/lib/python3.12/site-packages/neuronxcc/private_nkl/transpose.py:551:25: warning: 'neuronxcc.private_nkl.utils.tiled_range.TiledRange' is from the 'neuronxcc' package which is not supported in NKI kernels; use the 'nki' package instead
      for I_128_tile in TiledRange(I_512_tile, nl.tile_size.pmax):
                        ^
/opt/aws_neuronx_venv_pytorch_inference_vllm_0_16/lib/python3.12/site-packages/neuronxcc/private_nkl/transpose.py:569:7: warning: 'neuronxcc.private_nkl.transpose._copy_with_engine' is from the 'neuronxcc' package which is not supported in NKI kernels; use the 'nki' package instead
      _copy_with_engine(
      ^
/opt/aws_neuronx_venv_pytorch_inference_vllm_0_16/lib/python3.12/site-packages/neuronxcc/private_nkl/transpose.py:586:17: warning: 'neuronxcc.private_nkl.utils.tiled_range.TiledRange' is from the 'neuronxcc' package which is not supported in NKI kernels; use the 'nki' package instead
  I_128_tiles = TiledRange(I_tile, nl.tile_size.pmax)
                ^
/opt/aws_neuronx_venv_pytorch_inference_vllm_0_16/lib/python3.12/site-packages/neuronxcc/private_nkl/transpose.py:588:17: warning: 'neuronxcc.private_nkl.utils.tiled_range.TiledRange' is from the 'neuronxcc' package which is not supported in NKI kernels; use the 'nki' package instead
  J_128_tiles = TiledRange(J_tile, nl.tile_size.pmax)
                ^
/opt/aws_neuronx_venv_pytorch_inference_vllm_0_16/lib/python3.12/site-packages/neuronxcc/private_nkl/transpose.py:596:21: warning: 'neuronxcc.private_nkl.utils.tiled_range.TiledRange' is from the 'neuronxcc' package which is not supported in NKI kernels; use the 'nki' package instead
  for I_128_tile in TiledRange(I_tile.size, nl.tile_size.pmax):
                    ^
/opt/aws_neuronx_venv_pytorch_inference_vllm_0_16/lib/python3.12/site-packages/neuronxcc/private_nkl/transpose.py:597:23: warning: 'neuronxcc.private_nkl.utils.tiled_range.TiledRange' is from the 'neuronxcc' package which is not supported in NKI kernels; use the 'nki' package instead
    for J_512_tile in TiledRange(J_tile.size, nl.tile_size.psum_fmax):
                      ^
/opt/aws_neuronx_venv_pytorch_inference_vllm_0_16/lib/python3.12/site-packages/neuronxcc/private_nkl/transpose.py:609:25: warning: 'neuronxcc.private_nkl.utils.tiled_range.TiledRange' is from the 'neuronxcc' package which is not supported in NKI kernels; use the 'nki' package instead
      for J_128_tile in TiledRange(J_512_tile, nl.tile_size.pmax):
                        ^
/opt/aws_neuronx_venv_pytorch_inference_vllm_0_16/lib/python3.12/site-packages/neuronxcc/private_nkl/transpose.py:628:9: warning: 'neuronxcc.private_nkl.transpose._copy_with_engine' is from the 'neuronxcc' package which is not supported in NKI kernels; use the 'nki' package instead
        _copy_with_engine(
        ^
/opt/aws_neuronx_venv_pytorch_inference_vllm_0_16/lib/python3.12/site-packages/neuronxcc/private_nkl/transpose.py:652:9: warning: 'neuronxcc.private_nkl.transpose._copy_with_engine' is from the 'neuronxcc' package which is not supported in NKI kernels; use the 'nki' package instead
        _copy_with_engine(
        ^
/opt/aws_neuronx_venv_pytorch_inference_vllm_0_16/lib/python3.12/site-packages/neuronxcc/private_nkl/transpose.py:38:10: warning: 'neuronxcc.private_nkl.transpose_utils.is_valid_permutation' is from the 'neuronxcc' package which is not supported in NKI kernels; use the 'nki' package instead
  assert is_valid_permutation(permutation), "input permutation is invalid"
         ^
/opt/aws_neuronx_venv_pytorch_inference_vllm_0_16/lib/python3.12/site-packages/neuronxcc/private_nkl/transpose.py:41:10: warning: 'neuronxcc.private_nkl.transpose_utils.n_elts' is from the 'neuronxcc' package which is not supported in NKI kernels; use the 'nki' package instead
  assert n_elts(in_shape) == n_elts(in_tensor.shape), "tensor shape is invalid"
         ^
/opt/aws_neuronx_venv_pytorch_inference_vllm_0_16/lib/python3.12/site-packages/neuronxcc/private_nkl/transpose.py:41:30: warning: 'neuronxcc.private_nkl.transpose_utils.n_elts' is from the 'neuronxcc' package which is not supported in NKI kernels; use the 'nki' package instead
  assert n_elts(in_shape) == n_elts(in_tensor.shape), "tensor shape is invalid"
                             ^
/opt/aws_neuronx_venv_pytorch_inference_vllm_0_16/lib/python3.12/site-packages/neuronxcc/private_nkl/transpose.py:32:20: warning: 'neuronxcc.private_nkl.utils.StackAllocator.sizeinbytes' is from the 'neuronxcc' package which is not supported in NKI kernels; use the 'nki' package instead
  return (98304 // sizeinbytes(dtype)) // 2
                   ^
/opt/aws_neuronx_venv_pytorch_inference_vllm_0_16/lib/python3.12/site-packages/neuronxcc/private_nkl/transpose.py:886:29: warning: 'neuronxcc.private_nkl.utils.kernel_helpers.get_program_sharding_info' is from the 'neuronxcc' package which is not supported in NKI kernels; use the 'nki' package instead
  _, num_shards, shard_id = get_program_sharding_info()
                            ^
/opt/aws_neuronx_venv_pytorch_inference_vllm_0_16/lib/python3.12/site-packages/neuronxcc/private_nkl/transpose.py:887:9: warning: 'neuronxcc.private_nkl.transpose._pe_transpose' is from the 'neuronxcc' package which is not supported in NKI kernels; use the 'nki' package instead
  out = _pe_transpose(in_tensor, in_shape, permutation, out_dtype, num_shards, shard_id)
        ^
/opt/aws_neuronx_venv_pytorch_inference_vllm_0_16/lib/python3.12/site-packages/neuronxcc/private_nkl/transpose_utils.py:71:10: warning: 'neuronxcc.private_nkl.transpose_utils.is_valid_permutation' is from the 'neuronxcc' package which is not supported in NKI kernels; use the 'nki' package instead
  if not is_valid_permutation(permutation):
         ^
/opt/aws_neuronx_venv_pytorch_inference_vllm_0_16/lib/python3.12/site-packages/neuronxcc/private_nkl/utils/tiled_range.py:66:23: warning: 'neuronxcc.private_nkl.utils.tiled_range.TiledRangeIterator' is from the 'neuronxcc' package which is not supported in NKI kernels; use the 'nki' package instead
  if isinstance(size, TiledRangeIterator):
                      ^
/opt/aws_neuronx_venv_pytorch_inference_vllm_0_16/lib/python3.12/site-packages/neuronxcc/private_nkl/utils/tiled_range.py:84:22: warning: 'neuronxcc.private_nkl.utils.tiled_range.TiledRangeIterator' is from the 'neuronxcc' package which is not supported in NKI kernels; use the 'nki' package instead
    iterators.append(TiledRangeIterator(current_tile_size, i, base_offset + relative_offset))
                     ^
/opt/aws_neuronx_venv_pytorch_inference_vllm_0_16/lib/python3.12/site-packages/neuronxcc/private_nkl/transpose.py:69:16: warning: 'neuronxcc.private_nkl.transpose.max_f_size' is from the 'neuronxcc' package which is not supported in NKI kernels; use the 'nki' package instead
  MAX_F_SIZE = max_f_size(in_tensor.dtype)
               ^
/opt/aws_neuronx_venv_pytorch_inference_vllm_0_16/lib/python3.12/site-packages/neuronxcc/private_nkl/transpose.py:74:25: warning: 'neuronxcc.private_nkl.transpose_utils.n_elts' is from the 'neuronxcc' package which is not supported in NKI kernels; use the 'nki' package instead
  flattened_B_dim = int(n_elts(in_shape[:-2])) if in_shape[:-2] else 1
                        ^
/opt/aws_neuronx_venv_pytorch_inference_vllm_0_16/lib/python3.12/site-packages/neuronxcc/private_nkl/transpose.py:77:18: warning: 'neuronxcc.private_nkl.transpose_utils.factor_within_limit' is from the 'neuronxcc' package which is not supported in NKI kernels; use the 'nki' package instead
    i_division = factor_within_limit(I, MAX_F_SIZE)
                 ^
/opt/aws_neuronx_venv_pytorch_inference_vllm_0_16/lib/python3.12/site-packages/neuronxcc/private_nkl/transpose.py:79:22: warning: 'neuronxcc.private_nkl.utils.kernel_helpers.div_ceil' is from the 'neuronxcc' package which is not supported in NKI kernels; use the 'nki' package instead
    i_division_num = div_ceil(I, i_division)
                     ^
/opt/aws_neuronx_venv_pytorch_inference_vllm_0_16/lib/python3.12/site-packages/neuronxcc/private_nkl/transpose.py:87:16: warning: 'neuronxcc.private_nkl.utils.kernel_helpers.div_ceil' is from the 'neuronxcc' package which is not supported in NKI kernels; use the 'nki' package instead
  num_j_divs = div_ceil(J, j_division)
               ^
/opt/aws_neuronx_venv_pytorch_inference_vllm_0_16/lib/python3.12/site-packages/neuronxcc/private_nkl/transpose.py:91:18: warning: 'neuronxcc.private_nkl.utils.kernel_helpers.div_ceil' is from the 'neuronxcc' package which is not supported in NKI kernels; use the 'nki' package instead
    num_j_divs = div_ceil(J, j_division)
                 ^
/opt/aws_neuronx_venv_pytorch_inference_vllm_0_16/lib/python3.12/site-packages/neuronxcc/private_nkl/transpose.py:93:22: warning: 'neuronxcc.private_nkl.utils.kernel_helpers.div_ceil' is from the 'neuronxcc' package which is not supported in NKI kernels; use the 'nki' package instead
    i_division_num = div_ceil(I, i_division)
                     ^
/opt/aws_neuronx_venv_pytorch_inference_vllm_0_16/lib/python3.12/site-packages/neuronxcc/private_nkl/transpose.py:95:33: warning: 'neuronxcc.private_nkl.utils.kernel_helpers.div_ceil' is from the 'neuronxcc' package which is not supported in NKI kernels; use the 'nki' package instead
  DVE_ACT_LOAD_BALANCE_FACTOR = div_ceil(i_division, MIN_DVE_ACT_CYCLES)
                                ^
/opt/aws_neuronx_venv_pytorch_inference_vllm_0_16/lib/python3.12/site-packages/neuronxcc/private_nkl/transpose.py:97:17: warning: 'neuronxcc.private_nkl.utils.kernel_helpers.div_ceil' is from the 'neuronxcc' package which is not supported in NKI kernels; use the 'nki' package instead
  num_i_tiles = div_ceil(i_division, i_tile_size)
                ^
/opt/aws_neuronx_venv_pytorch_inference_vllm_0_16/lib/python3.12/site-packages/neuronxcc/private_nkl/transpose.py:100:13: warning: 'neuronxcc.private_nkl.utils.kernel_helpers.div_ceil' is from the 'neuronxcc' package which is not supported in NKI kernels; use the 'nki' package instead
  j_tiles = div_ceil(j_division, j_tile_size)
            ^
/opt/aws_neuronx_venv_pytorch_inference_vllm_0_16/lib/python3.12/site-packages/neuronxcc/private_nkl/transpose.py:103:17: warning: 'neuronxcc.private_nkl.utils.kernel_helpers.div_ceil' is from the 'neuronxcc' package which is not supported in NKI kernels; use the 'nki' package instead
  b_per_shard = div_ceil(flattened_B_dim, num_shards)
                ^
/opt/aws_neuronx_venv_pytorch_inference_vllm_0_16/lib/python3.12/site-packages/neuronxcc/private_nkl/transpose.py:107:17: warning: 'neuronxcc.private_nkl.utils.kernel_helpers.div_ceil' is from the 'neuronxcc' package which is not supported in NKI kernels; use the 'nki' package instead
  num_p_tiles = div_ceil(b_per_shard, MAX_P)
                ^
/opt/aws_neuronx_venv_pytorch_inference_vllm_0_16/lib/python3.12/site-packages/neuronxcc/private_nkl/transpose.py:159:13: warning: 'neuronxcc.private_nkl.transpose._copy_with_engine' is from the 'neuronxcc' package which is not supported in NKI kernels; use the 'nki' package instead
            _copy_with_engine(
            ^
/opt/aws_neuronx_venv_pytorch_inference_vllm_0_16/lib/python3.12/site-packages/neuronxcc/private_nkl/transpose.py:199:16: warning: 'neuronxcc.private_nkl.transpose.max_f_size' is from the 'neuronxcc' package which is not supported in NKI kernels; use the 'nki' package instead
  MAX_F_SIZE = max_f_size(in_tensor.dtype)
               ^
/opt/aws_neuronx_venv_pytorch_inference_vllm_0_16/lib/python3.12/site-packages/neuronxcc/private_nkl/transpose.py:204:25: warning: 'neuronxcc.private_nkl.transpose_utils.n_elts' is from the 'neuronxcc' package which is not supported in NKI kernels; use the 'nki' package instead
  flattened_B_dim = int(n_elts(in_shape[:-2])) if in_shape[:-2] else 1
                        ^
/opt/aws_neuronx_venv_pytorch_inference_vllm_0_16/lib/python3.12/site-packages/neuronxcc/private_nkl/transpose.py:207:17: warning: 'neuronxcc.private_nkl.utils.kernel_helpers.div_ceil' is from the 'neuronxcc' package which is not supported in NKI kernels; use the 'nki' package instead
  b_per_shard = div_ceil(flattened_B_dim, num_shards)
                ^
/opt/aws_neuronx_venv_pytorch_inference_vllm_0_16/lib/python3.12/site-packages/neuronxcc/private_nkl/transpose.py:211:17: warning: 'neuronxcc.private_nkl.utils.kernel_helpers.div_ceil' is from the 'neuronxcc' package which is not supported in NKI kernels; use the 'nki' package instead
  num_p_tiles = div_ceil(b_per_shard, P)
                ^
/opt/aws_neuronx_venv_pytorch_inference_vllm_0_16/lib/python3.12/site-packages/neuronxcc/private_nkl/transpose.py:218:13: warning: 'neuronxcc.private_nkl.utils.kernel_helpers.div_ceil' is from the 'neuronxcc' package which is not supported in NKI kernels; use the 'nki' package instead
  i_tiles = div_ceil(I, i_tile_size)
            ^
/opt/aws_neuronx_venv_pytorch_inference_vllm_0_16/lib/python3.12/site-packages/neuronxcc/private_nkl/transpose.py:224:19: warning: 'neuronxcc.private_nkl.utils.kernel_helpers.div_ceil' is from the 'neuronxcc' package which is not supported in NKI kernels; use the 'nki' package instead
    j_tile_size = div_ceil(J, J_LOAD_BALANCING_FACTOR)
                  ^
/opt/aws_neuronx_venv_pytorch_inference_vllm_0_16/lib/python3.12/site-packages/neuronxcc/private_nkl/transpose.py:251:9: warning: 'neuronxcc.private_nkl.transpose._copy_with_engine' is from the 'neuronxcc' package which is not supported in NKI kernels; use the 'nki' package instead
        _copy_with_engine(
        ^
/opt/aws_neuronx_venv_pytorch_inference_vllm_0_16/lib/python3.12/site-packages/neuronxcc/private_nkl/transpose.py:458:17: warning: 'neuronxcc.private_nkl.utils.tiled_range.TiledRange' is from the 'neuronxcc' package which is not supported in NKI kernels; use the 'nki' package instead
  I_128_tiles = TiledRange(I_tile, nl.tile_size.pmax)
                ^
/opt/aws_neuronx_venv_pytorch_inference_vllm_0_16/lib/python3.12/site-packages/neuronxcc/private_nkl/transpose.py:465:33: warning: 'neuronxcc.private_nkl.utils.tiled_range.TiledRange' is from the 'neuronxcc' package which is not supported in NKI kernels; use the 'nki' package instead
    for vectorization_factor in TiledRange(num_full_128_tiles_per_I_tile, VECTORIZATION_FACTOR):
                                ^
/opt/aws_neuronx_venv_pytorch_inference_vllm_0_16/lib/python3.12/site-packages/neuronxcc/private_nkl/transpose.py:284:16: warning: 'neuronxcc.private_nkl.transpose.max_f_size' is from the 'neuronxcc' package which is not supported in NKI kernels; use the 'nki' package instead
  MAX_F_SIZE = max_f_size(dtype)
               ^
/opt/aws_neuronx_venv_pytorch_inference_vllm_0_16/lib/python3.12/site-packages/neuronxcc/private_nkl/transpose.py:289:15: warning: 'neuronxcc.private_nkl.transpose_utils.next_multiple' is from the 'neuronxcc' package which is not supported in NKI kernels; use the 'nki' package instead
    return I, next_multiple(min(J, MAX_F_SIZE), 128)
              ^
/opt/aws_neuronx_venv_pytorch_inference_vllm_0_16/lib/python3.12/site-packages/neuronxcc/private_nkl/transpose.py:291:12: warning: 'neuronxcc.private_nkl.transpose_utils.next_multiple' is from the 'neuronxcc' package which is not supported in NKI kernels; use the 'nki' package instead
    return next_multiple(min(I, MAX_F_SIZE), 128), J
           ^
/opt/aws_neuronx_venv_pytorch_inference_vllm_0_16/lib/python3.12/site-packages/neuronxcc/private_nkl/transpose.py:302:19: warning: 'neuronxcc.private_nkl.transpose_utils.next_multiple' is from the 'neuronxcc' package which is not supported in NKI kernels; use the 'nki' package instead
    I_tile_size = next_multiple(I_tile_size, 128)
                  ^
/opt/aws_neuronx_venv_pytorch_inference_vllm_0_16/lib/python3.12/site-packages/neuronxcc/private_nkl/transpose.py:303:19: warning: 'neuronxcc.private_nkl.transpose_utils.next_multiple' is from the 'neuronxcc' package which is not supported in NKI kernels; use the 'nki' package instead
    J_tile_size = next_multiple(J_tile_size, 128)
                  ^
/opt/aws_neuronx_venv_pytorch_inference_vllm_0_16/lib/python3.12/site-packages/neuronxcc/private_nkl/transpose.py:681:17: warning: 'neuronxcc.private_nkl.utils.tiled_range.TiledRange' is from the 'neuronxcc' package which is not supported in NKI kernels; use the 'nki' package instead
  J_128_tiles = TiledRange(J_tile, nl.tile_size.pmax)
                ^
/opt/aws_neuronx_venv_pytorch_inference_vllm_0_16/lib/python3.12/site-packages/neuronxcc/private_nkl/transpose.py:688:33: warning: 'neuronxcc.private_nkl.utils.tiled_range.TiledRange' is from the 'neuronxcc' package which is not supported in NKI kernels; use the 'nki' package instead
    for vectorization_factor in TiledRange(num_full_128_tiles_per_J_tile, VECTORIZATION_FACTOR):
                                ^
/opt/aws_neuronx_venv_pytorch_inference_vllm_0_16/lib/python3.12/site-packages/neuronxcc/private_nkl/transpose.py:373:25: warning: 'neuronxcc.private_nkl.transpose_utils.n_elts' is from the 'neuronxcc' package which is not supported in NKI kernels; use the 'nki' package instead
  flattened_B_dim = int(n_elts(in_shape[:-2])) if in_shape[:-2] else 1
                        ^
/opt/aws_neuronx_venv_pytorch_inference_vllm_0_16/lib/python3.12/site-packages/neuronxcc/private_nkl/transpose.py:378:30: warning: 'neuronxcc.private_nkl.transpose._pe_optimal_tile_sizes' is from the 'neuronxcc' package which is not supported in NKI kernels; use the 'nki' package instead
  I_tile_size, J_tile_size = _pe_optimal_tile_sizes(I, J, in_tensor.dtype)
                             ^
/opt/aws_neuronx_venv_pytorch_inference_vllm_0_16/lib/python3.12/site-packages/neuronxcc/private_nkl/transpose.py:381:17: warning: 'neuronxcc.private_nkl.utils.kernel_helpers.div_ceil' is from the 'neuronxcc' package which is not supported in NKI kernels; use the 'nki' package instead
  b_per_shard = div_ceil(flattened_B_dim, num_shards)
                ^
/opt/aws_neuronx_venv_pytorch_inference_vllm_0_16/lib/python3.12/site-packages/neuronxcc/private_nkl/transpose.py:384:19: warning: 'neuronxcc.private_nkl.transpose._to_compute_dtype' is from the 'neuronxcc' package which is not supported in NKI kernels; use the 'nki' package instead
  compute_dtype = _to_compute_dtype(in_tensor.dtype)
                  ^
/opt/aws_neuronx_venv_pytorch_inference_vllm_0_16/lib/python3.12/site-packages/neuronxcc/private_nkl/transpose.py:398:19: warning: 'neuronxcc.private_nkl.utils.tiled_range.TiledRange' is from the 'neuronxcc' package which is not supported in NKI kernels; use the 'nki' package instead
    for I_tile in TiledRange(I, I_tile_size):
                  ^
/opt/aws_neuronx_venv_pytorch_inference_vllm_0_16/lib/python3.12/site-packages/neuronxcc/private_nkl/transpose.py:399:21: warning: 'neuronxcc.private_nkl.utils.tiled_range.TiledRange' is from the 'neuronxcc' package which is not supported in NKI kernels; use the 'nki' package instead
      for J_tile in TiledRange(J, J_tile_size):
                    ^
/opt/aws_neuronx_venv_pytorch_inference_vllm_0_16/lib/python3.12/site-packages/neuronxcc/private_nkl/transpose.py:400:23: warning: 'neuronxcc.private_nkl.utils.tiled_range.TiledRange' is from the 'neuronxcc' package which is not supported in NKI kernels; use the 'nki' package instead
        I_128_tiles = TiledRange(I_tile, nl.tile_size.pmax)
                      ^
/opt/aws_neuronx_venv_pytorch_inference_vllm_0_16/lib/python3.12/site-packages/neuronxcc/private_nkl/transpose.py:405:23: warning: 'neuronxcc.private_nkl.utils.tiled_range.TiledRange' is from the 'neuronxcc' package which is not supported in NKI kernels; use the 'nki' package instead
        J_128_tiles = TiledRange(J_tile, nl.tile_size.pmax)
                      ^
/opt/aws_neuronx_venv_pytorch_inference_vllm_0_16/lib/python3.12/site-packages/neuronxcc/private_nkl/transpose.py:411:9: warning: 'neuronxcc.private_nkl.transpose._pe_load_tile' is from the 'neuronxcc' package which is not supported in NKI kernels; use the 'nki' package instead
        _pe_load_tile(
        ^
/opt/aws_neuronx_venv_pytorch_inference_vllm_0_16/lib/python3.12/site-packages/neuronxcc/private_nkl/transpose.py:422:11: warning: 'neuronxcc.private_nkl.transpose._pe_transpose_tile_I_vectorized' is from the 'neuronxcc' package which is not supported in NKI kernels; use the 'nki' package instead
          _pe_transpose_tile_I_vectorized(
          ^
/opt/aws_neuronx_venv_pytorch_inference_vllm_0_16/lib/python3.12/site-packages/neuronxcc/private_nkl/transpose.py:430:11: warning: 'neuronxcc.private_nkl.transpose._pe_transpose_tile_J_vectorized' is from the 'neuronxcc' package which is not supported in NKI kernels; use the 'nki' package instead
          _pe_transpose_tile_J_vectorized(
          ^
/opt/aws_neuronx_venv_pytorch_inference_vllm_0_16/lib/python3.12/site-packages/neuronxcc/private_nkl/transpose.py:438:9: warning: 'neuronxcc.private_nkl.transpose._pe_store_tile' is from the 'neuronxcc' package which is not supported in NKI kernels; use the 'nki' package instead
        _pe_store_tile(
        ^
/opt/aws_neuronx_venv_pytorch_inference_vllm_0_16/lib/python3.12/site-packages/neuronxcc/private_nkl/transpose.py:527:17: warning: 'neuronxcc.private_nkl.utils.tiled_range.TiledRange' is from the 'neuronxcc' package which is not supported in NKI kernels; use the 'nki' package instead
  I_128_tiles = TiledRange(I_tile, nl.tile_size.pmax)
                ^
/opt/aws_neuronx_venv_pytorch_inference_vllm_0_16/lib/python3.12/site-packages/neuronxcc/private_nkl/transpose.py:529:17: warning: 'neuronxcc.private_nkl.utils.tiled_range.TiledRange' is from the 'neuronxcc' package which is not supported in NKI kernels; use the 'nki' package instead
  J_128_tiles = TiledRange(J_tile, nl.tile_size.pmax)
                ^
/opt/aws_neuronx_venv_pytorch_inference_vllm_0_16/lib/python3.12/site-packages/neuronxcc/private_nkl/transpose.py:538:21: warning: 'neuronxcc.private_nkl.utils.tiled_range.TiledRange' is from the 'neuronxcc' package which is not supported in NKI kernels; use the 'nki' package instead
  for J_128_tile in TiledRange(J_tile.size, nl.tile_size.pmax):
                    ^
/opt/aws_neuronx_venv_pytorch_inference_vllm_0_16/lib/python3.12/site-packages/neuronxcc/private_nkl/transpose.py:539:23: warning: 'neuronxcc.private_nkl.utils.tiled_range.TiledRange' is from the 'neuronxcc' package which is not supported in NKI kernels; use the 'nki' package instead
    for I_512_tile in TiledRange(I_tile.size, nl.tile_size.psum_fmax):
                      ^
/opt/aws_neuronx_venv_pytorch_inference_vllm_0_16/lib/python3.12/site-packages/neuronxcc/private_nkl/transpose.py:551:25: warning: 'neuronxcc.private_nkl.utils.tiled_range.TiledRange' is from the 'neuronxcc' package which is not supported in NKI kernels; use the 'nki' package instead
      for I_128_tile in TiledRange(I_512_tile, nl.tile_size.pmax):
                        ^
/opt/aws_neuronx_venv_pytorch_inference_vllm_0_16/lib/python3.12/site-packages/neuronxcc/private_nkl/transpose.py:569:7: warning: 'neuronxcc.private_nkl.transpose._copy_with_engine' is from the 'neuronxcc' package which is not supported in NKI kernels; use the 'nki' package instead
      _copy_with_engine(
      ^
/opt/aws_neuronx_venv_pytorch_inference_vllm_0_16/lib/python3.12/site-packages/neuronxcc/private_nkl/transpose.py:586:17: warning: 'neuronxcc.private_nkl.utils.tiled_range.TiledRange' is from the 'neuronxcc' package which is not supported in NKI kernels; use the 'nki' package instead
  I_128_tiles = TiledRange(I_tile, nl.tile_size.pmax)
                ^
/opt/aws_neuronx_venv_pytorch_inference_vllm_0_16/lib/python3.12/site-packages/neuronxcc/private_nkl/transpose.py:588:17: warning: 'neuronxcc.private_nkl.utils.tiled_range.TiledRange' is from the 'neuronxcc' package which is not supported in NKI kernels; use the 'nki' package instead
  J_128_tiles = TiledRange(J_tile, nl.tile_size.pmax)
                ^
/opt/aws_neuronx_venv_pytorch_inference_vllm_0_16/lib/python3.12/site-packages/neuronxcc/private_nkl/transpose.py:596:21: warning: 'neuronxcc.private_nkl.utils.tiled_range.TiledRange' is from the 'neuronxcc' package which is not supported in NKI kernels; use the 'nki' package instead
  for I_128_tile in TiledRange(I_tile.size, nl.tile_size.pmax):
                    ^
/opt/aws_neuronx_venv_pytorch_inference_vllm_0_16/lib/python3.12/site-packages/neuronxcc/private_nkl/transpose.py:597:23: warning: 'neuronxcc.private_nkl.utils.tiled_range.TiledRange' is from the 'neuronxcc' package which is not supported in NKI kernels; use the 'nki' package instead
    for J_512_tile in TiledRange(J_tile.size, nl.tile_size.psum_fmax):
                      ^
/opt/aws_neuronx_venv_pytorch_inference_vllm_0_16/lib/python3.12/site-packages/neuronxcc/private_nkl/transpose.py:609:25: warning: 'neuronxcc.private_nkl.utils.tiled_range.TiledRange' is from the 'neuronxcc' package which is not supported in NKI kernels; use the 'nki' package instead
      for J_128_tile in TiledRange(J_512_tile, nl.tile_size.pmax):
                        ^
/opt/aws_neuronx_venv_pytorch_inference_vllm_0_16/lib/python3.12/site-packages/neuronxcc/private_nkl/transpose.py:628:9: warning: 'neuronxcc.private_nkl.transpose._copy_with_engine' is from the 'neuronxcc' package which is not supported in NKI kernels; use the 'nki' package instead
        _copy_with_engine(
        ^
/opt/aws_neuronx_venv_pytorch_inference_vllm_0_16/lib/python3.12/site-packages/neuronxcc/private_nkl/transpose.py:652:9: warning: 'neuronxcc.private_nkl.transpose._copy_with_engine' is from the 'neuronxcc' package which is not supported in NKI kernels; use the 'nki' package instead
        _copy_with_engine(
        ^
/opt/aws_neuronx_venv_pytorch_inference_vllm_0_16/lib/python3.12/site-packages/neuronxcc/private_nkl/transpose.py:784:3: warning: 'neuronxcc.private_nkl.transpose.check_input_transpose' is from the 'neuronxcc' package which is not supported in NKI kernels; use the 'nki' package instead
  check_input_transpose(in_tensor, in_shape, permutation)
  ^
/opt/aws_neuronx_venv_pytorch_inference_vllm_0_16/lib/python3.12/site-packages/neuronxcc/private_nkl/transpose.py:790:33: warning: 'neuronxcc.private_nkl.transpose_utils.permutation_reduction' is from the 'neuronxcc' package which is not supported in NKI kernels; use the 'nki' package instead
  reduced_perm, reduced_shape = permutation_reduction(in_shape, permutation)
                                ^
/opt/aws_neuronx_venv_pytorch_inference_vllm_0_16/lib/python3.12/site-packages/neuronxcc/private_nkl/transpose.py:791:10: warning: 'neuronxcc.private_nkl.transpose_utils.permutes_last_two_dims' is from the 'neuronxcc' package which is not supported in NKI kernels; use the 'nki' package instead
  assert permutes_last_two_dims(reduced_perm), f"must permutate last two dims, got {reduced_perm}"
         ^
/opt/aws_neuronx_venv_pytorch_inference_vllm_0_16/lib/python3.12/site-packages/neuronxcc/private_nkl/transpose.py:796:11: warning: 'neuronxcc.private_nkl.transpose._str_to_dtype' is from the 'neuronxcc' package which is not supported in NKI kernels; use the 'nki' package instead
    dtype=_str_to_dtype(out_dtype),
          ^
/opt/aws_neuronx_venv_pytorch_inference_vllm_0_16/lib/python3.12/site-packages/neuronxcc/private_nkl/transpose.py:797:12: warning: 'neuronxcc.private_nkl.transpose_utils._get_hbm_buffer' is from the 'neuronxcc' package which is not supported in NKI kernels; use the 'nki' package instead
    buffer=_get_hbm_buffer(),
           ^
/opt/aws_neuronx_venv_pytorch_inference_vllm_0_16/lib/python3.12/site-packages/neuronxcc/private_nkl/transpose.py:805:16: warning: 'neuronxcc.private_nkl.transpose.max_f_size' is from the 'neuronxcc' package which is not supported in NKI kernels; use the 'nki' package instead
  MAX_F_SIZE = max_f_size(in_tensor.dtype)
               ^
/opt/aws_neuronx_venv_pytorch_inference_vllm_0_16/lib/python3.12/site-packages/neuronxcc/private_nkl/transpose.py:808:5: warning: 'neuronxcc.private_nkl.transpose._dve_transpose_large_cols_impl' is from the 'neuronxcc' package which is not supported in NKI kernels; use the 'nki' package instead
    _dve_transpose_large_cols_impl(in_tensor, out_tensor, num_shards, shard_id)
    ^
/opt/aws_neuronx_venv_pytorch_inference_vllm_0_16/lib/python3.12/site-packages/neuronxcc/private_nkl/transpose.py:810:5: warning: 'neuronxcc.private_nkl.transpose._dve_transpose_large_rows_impl' is from the 'neuronxcc' package which is not supported in NKI kernels; use the 'nki' package instead
    _dve_transpose_large_rows_impl(in_tensor, out_tensor, num_shards, shard_id)
    ^
/opt/aws_neuronx_venv_pytorch_inference_vllm_0_16/lib/python3.12/site-packages/neuronxcc/private_nkl/transpose.py:812:5: warning: 'neuronxcc.private_nkl.transpose._pe_transpose_impl' is from the 'neuronxcc' package which is not supported in NKI kernels; use the 'nki' package instead
    _pe_transpose_impl(in_tensor, out_tensor, num_shards, shard_id)
    ^
/opt/aws_neuronx_venv_pytorch_inference_vllm_0_16/lib/python3.12/site-packages/neuronxcc/private_nkl/transpose.py:38:10: warning: 'neuronxcc.private_nkl.transpose_utils.is_valid_permutation' is from the 'neuronxcc' package which is not supported in NKI kernels; use the 'nki' package instead
  assert is_valid_permutation(permutation), "input permutation is invalid"
         ^
/opt/aws_neuronx_venv_pytorch_inference_vllm_0_16/lib/python3.12/site-packages/neuronxcc/private_nkl/transpose.py:41:10: warning: 'neuronxcc.private_nkl.transpose_utils.n_elts' is from the 'neuronxcc' package which is not supported in NKI kernels; use the 'nki' package instead
  assert n_elts(in_shape) == n_elts(in_tensor.shape), "tensor shape is invalid"
         ^
/opt/aws_neuronx_venv_pytorch_inference_vllm_0_16/lib/python3.12/site-packages/neuronxcc/private_nkl/transpose.py:41:30: warning: 'neuronxcc.private_nkl.transpose_utils.n_elts' is from the 'neuronxcc' package which is not supported in NKI kernels; use the 'nki' package instead
  assert n_elts(in_shape) == n_elts(in_tensor.shape), "tensor shape is invalid"
                             ^
/opt/aws_neuronx_venv_pytorch_inference_vllm_0_16/lib/python3.12/site-packages/neuronxcc/private_nkl/transpose.py:32:20: warning: 'neuronxcc.private_nkl.utils.StackAllocator.sizeinbytes' is from the 'neuronxcc' package which is not supported in NKI kernels; use the 'nki' package instead
  return (98304 // sizeinbytes(dtype)) // 2
                   ^
/opt/aws_neuronx_venv_pytorch_inference_vllm_0_16/lib/python3.12/site-packages/neuronxcc/private_nkl/transpose.py:862:29: warning: 'neuronxcc.private_nkl.utils.kernel_helpers.get_program_sharding_info' is from the 'neuronxcc' package which is not supported in NKI kernels; use the 'nki' package instead
  _, num_shards, shard_id = get_program_sharding_info()
                            ^
/opt/aws_neuronx_venv_pytorch_inference_vllm_0_16/lib/python3.12/site-packages/neuronxcc/private_nkl/transpose.py:863:9: warning: 'neuronxcc.private_nkl.transpose._transpose_last_two_dims' is from the 'neuronxcc' package which is not supported in NKI kernels; use the 'nki' package instead
  out = _transpose_last_two_dims(in_tensor, in_shape, permutation, out_dtype, num_shards, shard_id)
        ^
/opt/aws_neuronx_venv_pytorch_inference_vllm_0_16/lib/python3.12/site-packages/neuronxcc/private_nkl/transpose_utils.py:71:10: warning: 'neuronxcc.private_nkl.transpose_utils.is_valid_permutation' is from the 'neuronxcc' package which is not supported in NKI kernels; use the 'nki' package instead
  if not is_valid_permutation(permutation):
         ^
/opt/aws_neuronx_venv_pytorch_inference_vllm_0_16/lib/python3.12/site-packages/neuronxcc/private_nkl/utils/tiled_range.py:66:23: warning: 'neuronxcc.private_nkl.utils.tiled_range.TiledRangeIterator' is from the 'neuronxcc' package which is not supported in NKI kernels; use the 'nki' package instead
  if isinstance(size, TiledRangeIterator):
                      ^
/opt/aws_neuronx_venv_pytorch_inference_vllm_0_16/lib/python3.12/site-packages/neuronxcc/private_nkl/utils/tiled_range.py:84:22: warning: 'neuronxcc.private_nkl.utils.tiled_range.TiledRangeIterator' is from the 'neuronxcc' package which is not supported in NKI kernels; use the 'nki' package instead
    iterators.append(TiledRangeIterator(current_tile_size, i, base_offset + relative_offset))
                     ^
/opt/aws_neuronx_venv_pytorch_inference_vllm_0_16/lib/python3.12/site-packages/neuronxcc/private_nkl/transpose.py:458:17: warning: 'neuronxcc.private_nkl.utils.tiled_range.TiledRange' is from the 'neuronxcc' package which is not supported in NKI kernels; use the 'nki' package instead
  I_128_tiles = TiledRange(I_tile, nl.tile_size.pmax)
                ^
/opt/aws_neuronx_venv_pytorch_inference_vllm_0_16/lib/python3.12/site-packages/neuronxcc/private_nkl/transpose.py:465:33: warning: 'neuronxcc.private_nkl.utils.tiled_range.TiledRange' is from the 'neuronxcc' package which is not supported in NKI kernels; use the 'nki' package instead
    for vectorization_factor in TiledRange(num_full_128_tiles_per_I_tile, VECTORIZATION_FACTOR):
                                ^
/opt/aws_neuronx_venv_pytorch_inference_vllm_0_16/lib/python3.12/site-packages/neuronxcc/private_nkl/transpose.py:284:16: warning: 'neuronxcc.private_nkl.transpose.max_f_size' is from the 'neuronxcc' package which is not supported in NKI kernels; use the 'nki' package instead
  MAX_F_SIZE = max_f_size(dtype)
               ^
/opt/aws_neuronx_venv_pytorch_inference_vllm_0_16/lib/python3.12/site-packages/neuronxcc/private_nkl/transpose.py:289:15: warning: 'neuronxcc.private_nkl.transpose_utils.next_multiple' is from the 'neuronxcc' package which is not supported in NKI kernels; use the 'nki' package instead
    return I, next_multiple(min(J, MAX_F_SIZE), 128)
              ^
/opt/aws_neuronx_venv_pytorch_inference_vllm_0_16/lib/python3.12/site-packages/neuronxcc/private_nkl/transpose.py:291:12: warning: 'neuronxcc.private_nkl.transpose_utils.next_multiple' is from the 'neuronxcc' package which is not supported in NKI kernels; use the 'nki' package instead
    return next_multiple(min(I, MAX_F_SIZE), 128), J
           ^
/opt/aws_neuronx_venv_pytorch_inference_vllm_0_16/lib/python3.12/site-packages/neuronxcc/private_nkl/transpose.py:302:19: warning: 'neuronxcc.private_nkl.transpose_utils.next_multiple' is from the 'neuronxcc' package which is not supported in NKI kernels; use the 'nki' package instead
    I_tile_size = next_multiple(I_tile_size, 128)
                  ^
/opt/aws_neuronx_venv_pytorch_inference_vllm_0_16/lib/python3.12/site-packages/neuronxcc/private_nkl/transpose.py:303:19: warning: 'neuronxcc.private_nkl.transpose_utils.next_multiple' is from the 'neuronxcc' package which is not supported in NKI kernels; use the 'nki' package instead
    J_tile_size = next_multiple(J_tile_size, 128)
                  ^
/opt/aws_neuronx_venv_pytorch_inference_vllm_0_16/lib/python3.12/site-packages/neuronxcc/private_nkl/transpose.py:681:17: warning: 'neuronxcc.private_nkl.utils.tiled_range.TiledRange' is from the 'neuronxcc' package which is not supported in NKI kernels; use the 'nki' package instead
  J_128_tiles = TiledRange(J_tile, nl.tile_size.pmax)
                ^
/opt/aws_neuronx_venv_pytorch_inference_vllm_0_16/lib/python3.12/site-packages/neuronxcc/private_nkl/transpose.py:688:33: warning: 'neuronxcc.private_nkl.utils.tiled_range.TiledRange' is from the 'neuronxcc' package which is not supported in NKI kernels; use the 'nki' package instead
    for vectorization_factor in TiledRange(num_full_128_tiles_per_J_tile, VECTORIZATION_FACTOR):
                                ^
/opt/aws_neuronx_venv_pytorch_inference_vllm_0_16/lib/python3.12/site-packages/neuronxcc/private_nkl/transpose.py:751:3: warning: 'neuronxcc.private_nkl.transpose.check_input_transpose' is from the 'neuronxcc' package which is not supported in NKI kernels; use the 'nki' package instead
  check_input_transpose(in_tensor, in_shape, permutation)
  ^
/opt/aws_neuronx_venv_pytorch_inference_vllm_0_16/lib/python3.12/site-packages/neuronxcc/private_nkl/transpose.py:757:33: warning: 'neuronxcc.private_nkl.transpose_utils.permutation_reduction' is from the 'neuronxcc' package which is not supported in NKI kernels; use the 'nki' package instead
  reduced_perm, reduced_shape = permutation_reduction(in_shape, permutation)
                                ^
/opt/aws_neuronx_venv_pytorch_inference_vllm_0_16/lib/python3.12/site-packages/neuronxcc/private_nkl/transpose.py:758:10: warning: 'neuronxcc.private_nkl.transpose_utils.permutes_last_two_dims' is from the 'neuronxcc' package which is not supported in NKI kernels; use the 'nki' package instead
  assert permutes_last_two_dims(reduced_perm), f"must permutate last two dims, got {reduced_perm}"
         ^
/opt/aws_neuronx_venv_pytorch_inference_vllm_0_16/lib/python3.12/site-packages/neuronxcc/private_nkl/transpose.py:763:11: warning: 'neuronxcc.private_nkl.transpose._str_to_dtype' is from the 'neuronxcc' package which is not supported in NKI kernels; use the 'nki' package instead
    dtype=_str_to_dtype(out_dtype),
          ^
/opt/aws_neuronx_venv_pytorch_inference_vllm_0_16/lib/python3.12/site-packages/neuronxcc/private_nkl/transpose.py:764:12: warning: 'neuronxcc.private_nkl.transpose_utils._get_hbm_buffer' is from the 'neuronxcc' package which is not supported in NKI kernels; use the 'nki' package instead
    buffer=_get_hbm_buffer(),
           ^
/opt/aws_neuronx_venv_pytorch_inference_vllm_0_16/lib/python3.12/site-packages/neuronxcc/private_nkl/transpose.py:767:3: warning: 'neuronxcc.private_nkl.transpose._pe_transpose_impl' is from the 'neuronxcc' package which is not supported in NKI kernels; use the 'nki' package instead
  _pe_transpose_impl(in_tensor, out_tensor, num_shards, shard_id)
  ^
/opt/aws_neuronx_venv_pytorch_inference_vllm_0_16/lib/python3.12/site-packages/neuronxcc/private_nkl/transpose.py:373:25: warning: 'neuronxcc.private_nkl.transpose_utils.n_elts' is from the 'neuronxcc' package which is not supported in NKI kernels; use the 'nki' package instead
  flattened_B_dim = int(n_elts(in_shape[:-2])) if in_shape[:-2] else 1
                        ^
/opt/aws_neuronx_venv_pytorch_inference_vllm_0_16/lib/python3.12/site-packages/neuronxcc/private_nkl/transpose.py:378:30: warning: 'neuronxcc.private_nkl.transpose._pe_optimal_tile_sizes' is from the 'neuronxcc' package which is not supported in NKI kernels; use the 'nki' package instead
  I_tile_size, J_tile_size = _pe_optimal_tile_sizes(I, J, in_tensor.dtype)
                             ^
/opt/aws_neuronx_venv_pytorch_inference_vllm_0_16/lib/python3.12/site-packages/neuronxcc/private_nkl/transpose.py:381:17: warning: 'neuronxcc.private_nkl.utils.kernel_helpers.div_ceil' is from the 'neuronxcc' package which is not supported in NKI kernels; use the 'nki' package instead
  b_per_shard = div_ceil(flattened_B_dim, num_shards)
                ^
/opt/aws_neuronx_venv_pytorch_inference_vllm_0_16/lib/python3.12/site-packages/neuronxcc/private_nkl/transpose.py:384:19: warning: 'neuronxcc.private_nkl.transpose._to_compute_dtype' is from the 'neuronxcc' package which is not supported in NKI kernels; use the 'nki' package instead
  compute_dtype = _to_compute_dtype(in_tensor.dtype)
                  ^
/opt/aws_neuronx_venv_pytorch_inference_vllm_0_16/lib/python3.12/site-packages/neuronxcc/private_nkl/transpose.py:398:19: warning: 'neuronxcc.private_nkl.utils.tiled_range.TiledRange' is from the 'neuronxcc' package which is not supported in NKI kernels; use the 'nki' package instead
    for I_tile in TiledRange(I, I_tile_size):
                  ^
/opt/aws_neuronx_venv_pytorch_inference_vllm_0_16/lib/python3.12/site-packages/neuronxcc/private_nkl/transpose.py:399:21: warning: 'neuronxcc.private_nkl.utils.tiled_range.TiledRange' is from the 'neuronxcc' package which is not supported in NKI kernels; use the 'nki' package instead
      for J_tile in TiledRange(J, J_tile_size):
                    ^
/opt/aws_neuronx_venv_pytorch_inference_vllm_0_16/lib/python3.12/site-packages/neuronxcc/private_nkl/transpose.py:400:23: warning: 'neuronxcc.private_nkl.utils.tiled_range.TiledRange' is from the 'neuronxcc' package which is not supported in NKI kernels; use the 'nki' package instead
        I_128_tiles = TiledRange(I_tile, nl.tile_size.pmax)
                      ^
/opt/aws_neuronx_venv_pytorch_inference_vllm_0_16/lib/python3.12/site-packages/neuronxcc/private_nkl/transpose.py:405:23: warning: 'neuronxcc.private_nkl.utils.tiled_range.TiledRange' is from the 'neuronxcc' package which is not supported in NKI kernels; use the 'nki' package instead
        J_128_tiles = TiledRange(J_tile, nl.tile_size.pmax)
                      ^
/opt/aws_neuronx_venv_pytorch_inference_vllm_0_16/lib/python3.12/site-packages/neuronxcc/private_nkl/transpose.py:411:9: warning: 'neuronxcc.private_nkl.transpose._pe_load_tile' is from the 'neuronxcc' package which is not supported in NKI kernels; use the 'nki' package instead
        _pe_load_tile(
        ^
/opt/aws_neuronx_venv_pytorch_inference_vllm_0_16/lib/python3.12/site-packages/neuronxcc/private_nkl/transpose.py:422:11: warning: 'neuronxcc.private_nkl.transpose._pe_transpose_tile_I_vectorized' is from the 'neuronxcc' package which is not supported in NKI kernels; use the 'nki' package instead
          _pe_transpose_tile_I_vectorized(
          ^
/opt/aws_neuronx_venv_pytorch_inference_vllm_0_16/lib/python3.12/site-packages/neuronxcc/private_nkl/transpose.py:430:11: warning: 'neuronxcc.private_nkl.transpose._pe_transpose_tile_J_vectorized' is from the 'neuronxcc' package which is not supported in NKI kernels; use the 'nki' package instead
          _pe_transpose_tile_J_vectorized(
          ^
/opt/aws_neuronx_venv_pytorch_inference_vllm_0_16/lib/python3.12/site-packages/neuronxcc/private_nkl/transpose.py:438:9: warning: 'neuronxcc.private_nkl.transpose._pe_store_tile' is from the 'neuronxcc' package which is not supported in NKI kernels; use the 'nki' package instead
        _pe_store_tile(
        ^
/opt/aws_neuronx_venv_pytorch_inference_vllm_0_16/lib/python3.12/site-packages/neuronxcc/private_nkl/transpose.py:527:17: warning: 'neuronxcc.private_nkl.utils.tiled_range.TiledRange' is from the 'neuronxcc' package which is not supported in NKI kernels; use the 'nki' package instead
  I_128_tiles = TiledRange(I_tile, nl.tile_size.pmax)
                ^
/opt/aws_neuronx_venv_pytorch_inference_vllm_0_16/lib/python3.12/site-packages/neuronxcc/private_nkl/transpose.py:529:17: warning: 'neuronxcc.private_nkl.utils.tiled_range.TiledRange' is from the 'neuronxcc' package which is not supported in NKI kernels; use the 'nki' package instead
  J_128_tiles = TiledRange(J_tile, nl.tile_size.pmax)
                ^
/opt/aws_neuronx_venv_pytorch_inference_vllm_0_16/lib/python3.12/site-packages/neuronxcc/private_nkl/transpose.py:538:21: warning: 'neuronxcc.private_nkl.utils.tiled_range.TiledRange' is from the 'neuronxcc' package which is not supported in NKI kernels; use the 'nki' package instead
  for J_128_tile in TiledRange(J_tile.size, nl.tile_size.pmax):
                    ^
/opt/aws_neuronx_venv_pytorch_inference_vllm_0_16/lib/python3.12/site-packages/neuronxcc/private_nkl/transpose.py:539:23: warning: 'neuronxcc.private_nkl.utils.tiled_range.TiledRange' is from the 'neuronxcc' package which is not supported in NKI kernels; use the 'nki' package instead
    for I_512_tile in TiledRange(I_tile.size, nl.tile_size.psum_fmax):
                      ^
/opt/aws_neuronx_venv_pytorch_inference_vllm_0_16/lib/python3.12/site-packages/neuronxcc/private_nkl/transpose.py:551:25: warning: 'neuronxcc.private_nkl.utils.tiled_range.TiledRange' is from the 'neuronxcc' package which is not supported in NKI kernels; use the 'nki' package instead
      for I_128_tile in TiledRange(I_512_tile, nl.tile_size.pmax):
                        ^
/opt/aws_neuronx_venv_pytorch_inference_vllm_0_16/lib/python3.12/site-packages/neuronxcc/private_nkl/transpose.py:569:7: warning: 'neuronxcc.private_nkl.transpose._copy_with_engine' is from the 'neuronxcc' package which is not supported in NKI kernels; use the 'nki' package instead
      _copy_with_engine(
      ^
/opt/aws_neuronx_venv_pytorch_inference_vllm_0_16/lib/python3.12/site-packages/neuronxcc/private_nkl/transpose.py:586:17: warning: 'neuronxcc.private_nkl.utils.tiled_range.TiledRange' is from the 'neuronxcc' package which is not supported in NKI kernels; use the 'nki' package instead
  I_128_tiles = TiledRange(I_tile, nl.tile_size.pmax)
                ^
/opt/aws_neuronx_venv_pytorch_inference_vllm_0_16/lib/python3.12/site-packages/neuronxcc/private_nkl/transpose.py:588:17: warning: 'neuronxcc.private_nkl.utils.tiled_range.TiledRange' is from the 'neuronxcc' package which is not supported in NKI kernels; use the 'nki' package instead
  J_128_tiles = TiledRange(J_tile, nl.tile_size.pmax)
                ^
/opt/aws_neuronx_venv_pytorch_inference_vllm_0_16/lib/python3.12/site-packages/neuronxcc/private_nkl/transpose.py:596:21: warning: 'neuronxcc.private_nkl.utils.tiled_range.TiledRange' is from the 'neuronxcc' package which is not supported in NKI kernels; use the 'nki' package instead
  for I_128_tile in TiledRange(I_tile.size, nl.tile_size.pmax):
                    ^
/opt/aws_neuronx_venv_pytorch_inference_vllm_0_16/lib/python3.12/site-packages/neuronxcc/private_nkl/transpose.py:597:23: warning: 'neuronxcc.private_nkl.utils.tiled_range.TiledRange' is from the 'neuronxcc' package which is not supported in NKI kernels; use the 'nki' package instead
    for J_512_tile in TiledRange(J_tile.size, nl.tile_size.psum_fmax):
                      ^
/opt/aws_neuronx_venv_pytorch_inference_vllm_0_16/lib/python3.12/site-packages/neuronxcc/private_nkl/transpose.py:609:25: warning: 'neuronxcc.private_nkl.utils.tiled_range.TiledRange' is from the 'neuronxcc' package which is not supported in NKI kernels; use the 'nki' package instead
      for J_128_tile in TiledRange(J_512_tile, nl.tile_size.pmax):
                        ^
/opt/aws_neuronx_venv_pytorch_inference_vllm_0_16/lib/python3.12/site-packages/neuronxcc/private_nkl/transpose.py:628:9: warning: 'neuronxcc.private_nkl.transpose._copy_with_engine' is from the 'neuronxcc' package which is not supported in NKI kernels; use the 'nki' package instead
        _copy_with_engine(
        ^
/opt/aws_neuronx_venv_pytorch_inference_vllm_0_16/lib/python3.12/site-packages/neuronxcc/private_nkl/transpose.py:652:9: warning: 'neuronxcc.private_nkl.transpose._copy_with_engine' is from the 'neuronxcc' package which is not supported in NKI kernels; use the 'nki' package instead
        _copy_with_engine(
        ^
/opt/aws_neuronx_venv_pytorch_inference_vllm_0_16/lib/python3.12/site-packages/neuronxcc/private_nkl/transpose.py:38:10: warning: 'neuronxcc.private_nkl.transpose_utils.is_valid_permutation' is from the 'neuronxcc' package which is not supported in NKI kernels; use the 'nki' package instead
  assert is_valid_permutation(permutation), "input permutation is invalid"
         ^
/opt/aws_neuronx_venv_pytorch_inference_vllm_0_16/lib/python3.12/site-packages/neuronxcc/private_nkl/transpose.py:41:10: warning: 'neuronxcc.private_nkl.transpose_utils.n_elts' is from the 'neuronxcc' package which is not supported in NKI kernels; use the 'nki' package instead
  assert n_elts(in_shape) == n_elts(in_tensor.shape), "tensor shape is invalid"
         ^
/opt/aws_neuronx_venv_pytorch_inference_vllm_0_16/lib/python3.12/site-packages/neuronxcc/private_nkl/transpose.py:41:30: warning: 'neuronxcc.private_nkl.transpose_utils.n_elts' is from the 'neuronxcc' package which is not supported in NKI kernels; use the 'nki' package instead
  assert n_elts(in_shape) == n_elts(in_tensor.shape), "tensor shape is invalid"
                             ^
/opt/aws_neuronx_venv_pytorch_inference_vllm_0_16/lib/python3.12/site-packages/neuronxcc/private_nkl/transpose.py:32:20: warning: 'neuronxcc.private_nkl.utils.StackAllocator.sizeinbytes' is from the 'neuronxcc' package which is not supported in NKI kernels; use the 'nki' package instead
  return (98304 // sizeinbytes(dtype)) // 2
                   ^
/opt/aws_neuronx_venv_pytorch_inference_vllm_0_16/lib/python3.12/site-packages/neuronxcc/private_nkl/transpose.py:886:29: warning: 'neuronxcc.private_nkl.utils.kernel_helpers.get_program_sharding_info' is from the 'neuronxcc' package which is not supported in NKI kernels; use the 'nki' package instead
  _, num_shards, shard_id = get_program_sharding_info()
                            ^
/opt/aws_neuronx_venv_pytorch_inference_vllm_0_16/lib/python3.12/site-packages/neuronxcc/private_nkl/transpose.py:887:9: warning: 'neuronxcc.private_nkl.transpose._pe_transpose' is from the 'neuronxcc' package which is not supported in NKI kernels; use the 'nki' package instead
  out = _pe_transpose(in_tensor, in_shape, permutation, out_dtype, num_shards, shard_id)
        ^
/opt/aws_neuronx_venv_pytorch_inference_vllm_0_16/lib/python3.12/site-packages/neuronxcc/private_nkl/transpose_utils.py:71:10: warning: 'neuronxcc.private_nkl.transpose_utils.is_valid_permutation' is from the 'neuronxcc' package which is not supported in NKI kernels; use the 'nki' package instead
  if not is_valid_permutation(permutation):
         ^
/opt/aws_neuronx_venv_pytorch_inference_vllm_0_16/lib/python3.12/site-packages/neuronxcc/private_nkl/utils/tiled_range.py:66:23: warning: 'neuronxcc.private_nkl.utils.tiled_range.TiledRangeIterator' is from the 'neuronxcc' package which is not supported in NKI kernels; use the 'nki' package instead
  if isinstance(size, TiledRangeIterator):
                      ^
/opt/aws_neuronx_venv_pytorch_inference_vllm_0_16/lib/python3.12/site-packages/neuronxcc/private_nkl/utils/tiled_range.py:84:22: warning: 'neuronxcc.private_nkl.utils.tiled_range.TiledRangeIterator' is from the 'neuronxcc' package which is not supported in NKI kernels; use the 'nki' package instead
    iterators.append(TiledRangeIterator(current_tile_size, i, base_offset + relative_offset))
                     ^
/opt/aws_neuronx_venv_pytorch_inference_vllm_0_16/lib/python3.12/site-packages/neuronxcc/private_nkl/transpose.py:458:17: warning: 'neuronxcc.private_nkl.utils.tiled_range.TiledRange' is from the 'neuronxcc' package which is not supported in NKI kernels; use the 'nki' package instead
  I_128_tiles = TiledRange(I_tile, nl.tile_size.pmax)
                ^
/opt/aws_neuronx_venv_pytorch_inference_vllm_0_16/lib/python3.12/site-packages/neuronxcc/private_nkl/transpose.py:465:33: warning: 'neuronxcc.private_nkl.utils.tiled_range.TiledRange' is from the 'neuronxcc' package which is not supported in NKI kernels; use the 'nki' package instead
    for vectorization_factor in TiledRange(num_full_128_tiles_per_I_tile, VECTORIZATION_FACTOR):
                                ^
/opt/aws_neuronx_venv_pytorch_inference_vllm_0_16/lib/python3.12/site-packages/neuronxcc/private_nkl/transpose.py:284:16: warning: 'neuronxcc.private_nkl.transpose.max_f_size' is from the 'neuronxcc' package which is not supported in NKI kernels; use the 'nki' package instead
  MAX_F_SIZE = max_f_size(dtype)
               ^
/opt/aws_neuronx_venv_pytorch_inference_vllm_0_16/lib/python3.12/site-packages/neuronxcc/private_nkl/transpose.py:289:15: warning: 'neuronxcc.private_nkl.transpose_utils.next_multiple' is from the 'neuronxcc' package which is not supported in NKI kernels; use the 'nki' package instead
    return I, next_multiple(min(J, MAX_F_SIZE), 128)
              ^
/opt/aws_neuronx_venv_pytorch_inference_vllm_0_16/lib/python3.12/site-packages/neuronxcc/private_nkl/transpose.py:291:12: warning: 'neuronxcc.private_nkl.transpose_utils.next_multiple' is from the 'neuronxcc' package which is not supported in NKI kernels; use the 'nki' package instead
    return next_multiple(min(I, MAX_F_SIZE), 128), J
           ^
/opt/aws_neuronx_venv_pytorch_inference_vllm_0_16/lib/python3.12/site-packages/neuronxcc/private_nkl/transpose.py:302:19: warning: 'neuronxcc.private_nkl.transpose_utils.next_multiple' is from the 'neuronxcc' package which is not supported in NKI kernels; use the 'nki' package instead
    I_tile_size = next_multiple(I_tile_size, 128)
                  ^
/opt/aws_neuronx_venv_pytorch_inference_vllm_0_16/lib/python3.12/site-packages/neuronxcc/private_nkl/transpose.py:303:19: warning: 'neuronxcc.private_nkl.transpose_utils.next_multiple' is from the 'neuronxcc' package which is not supported in NKI kernels; use the 'nki' package instead
    J_tile_size = next_multiple(J_tile_size, 128)
                  ^
/opt/aws_neuronx_venv_pytorch_inference_vllm_0_16/lib/python3.12/site-packages/neuronxcc/private_nkl/transpose.py:681:17: warning: 'neuronxcc.private_nkl.utils.tiled_range.TiledRange' is from the 'neuronxcc' package which is not supported in NKI kernels; use the 'nki' package instead
  J_128_tiles = TiledRange(J_tile, nl.tile_size.pmax)
                ^
/opt/aws_neuronx_venv_pytorch_inference_vllm_0_16/lib/python3.12/site-packages/neuronxcc/private_nkl/transpose.py:688:33: warning: 'neuronxcc.private_nkl.utils.tiled_range.TiledRange' is from the 'neuronxcc' package which is not supported in NKI kernels; use the 'nki' package instead
    for vectorization_factor in TiledRange(num_full_128_tiles_per_J_tile, VECTORIZATION_FACTOR):
                                ^
/opt/aws_neuronx_venv_pytorch_inference_vllm_0_16/lib/python3.12/site-packages/neuronxcc/private_nkl/transpose.py:751:3: warning: 'neuronxcc.private_nkl.transpose.check_input_transpose' is from the 'neuronxcc' package which is not supported in NKI kernels; use the 'nki' package instead
  check_input_transpose(in_tensor, in_shape, permutation)
  ^
/opt/aws_neuronx_venv_pytorch_inference_vllm_0_16/lib/python3.12/site-packages/neuronxcc/private_nkl/transpose.py:757:33: warning: 'neuronxcc.private_nkl.transpose_utils.permutation_reduction' is from the 'neuronxcc' package which is not supported in NKI kernels; use the 'nki' package instead
  reduced_perm, reduced_shape = permutation_reduction(in_shape, permutation)
                                ^
/opt/aws_neuronx_venv_pytorch_inference_vllm_0_16/lib/python3.12/site-packages/neuronxcc/private_nkl/transpose.py:758:10: warning: 'neuronxcc.private_nkl.transpose_utils.permutes_last_two_dims' is from the 'neuronxcc' package which is not supported in NKI kernels; use the 'nki' package instead
  assert permutes_last_two_dims(reduced_perm), f"must permutate last two dims, got {reduced_perm}"
         ^
/opt/aws_neuronx_venv_pytorch_inference_vllm_0_16/lib/python3.12/site-packages/neuronxcc/private_nkl/transpose.py:763:11: warning: 'neuronxcc.private_nkl.transpose._str_to_dtype' is from the 'neuronxcc' package which is not supported in NKI kernels; use the 'nki' package instead
    dtype=_str_to_dtype(out_dtype),
          ^
/opt/aws_neuronx_venv_pytorch_inference_vllm_0_16/lib/python3.12/site-packages/neuronxcc/private_nkl/transpose.py:764:12: warning: 'neuronxcc.private_nkl.transpose_utils._get_hbm_buffer' is from the 'neuronxcc' package which is not supported in NKI kernels; use the 'nki' package instead
    buffer=_get_hbm_buffer(),
           ^
/opt/aws_neuronx_venv_pytorch_inference_vllm_0_16/lib/python3.12/site-packages/neuronxcc/private_nkl/transpose.py:767:3: warning: 'neuronxcc.private_nkl.transpose._pe_transpose_impl' is from the 'neuronxcc' package which is not supported in NKI kernels; use the 'nki' package instead
  _pe_transpose_impl(in_tensor, out_tensor, num_shards, shard_id)
  ^
/opt/aws_neuronx_venv_pytorch_inference_vllm_0_16/lib/python3.12/site-packages/neuronxcc/private_nkl/transpose.py:373:25: warning: 'neuronxcc.private_nkl.transpose_utils.n_elts' is from the 'neuronxcc' package which is not supported in NKI kernels; use the 'nki' package instead
  flattened_B_dim = int(n_elts(in_shape[:-2])) if in_shape[:-2] else 1
                        ^
/opt/aws_neuronx_venv_pytorch_inference_vllm_0_16/lib/python3.12/site-packages/neuronxcc/private_nkl/transpose.py:378:30: warning: 'neuronxcc.private_nkl.transpose._pe_optimal_tile_sizes' is from the 'neuronxcc' package which is not supported in NKI kernels; use the 'nki' package instead
  I_tile_size, J_tile_size = _pe_optimal_tile_sizes(I, J, in_tensor.dtype)
                             ^
/opt/aws_neuronx_venv_pytorch_inference_vllm_0_16/lib/python3.12/site-packages/neuronxcc/private_nkl/transpose.py:381:17: warning: 'neuronxcc.private_nkl.utils.kernel_helpers.div_ceil' is from the 'neuronxcc' package which is not supported in NKI kernels; use the 'nki' package instead
  b_per_shard = div_ceil(flattened_B_dim, num_shards)
                ^
/opt/aws_neuronx_venv_pytorch_inference_vllm_0_16/lib/python3.12/site-packages/neuronxcc/private_nkl/transpose.py:384:19: warning: 'neuronxcc.private_nkl.transpose._to_compute_dtype' is from the 'neuronxcc' package which is not supported in NKI kernels; use the 'nki' package instead
  compute_dtype = _to_compute_dtype(in_tensor.dtype)
                  ^
/opt/aws_neuronx_venv_pytorch_inference_vllm_0_16/lib/python3.12/site-packages/neuronxcc/private_nkl/transpose.py:398:19: warning: 'neuronxcc.private_nkl.utils.tiled_range.TiledRange' is from the 'neuronxcc' package which is not supported in NKI kernels; use the 'nki' package instead
    for I_tile in TiledRange(I, I_tile_size):
                  ^
/opt/aws_neuronx_venv_pytorch_inference_vllm_0_16/lib/python3.12/site-packages/neuronxcc/private_nkl/transpose.py:399:21: warning: 'neuronxcc.private_nkl.utils.tiled_range.TiledRange' is from the 'neuronxcc' package which is not supported in NKI kernels; use the 'nki' package instead
      for J_tile in TiledRange(J, J_tile_size):
                    ^
/opt/aws_neuronx_venv_pytorch_inference_vllm_0_16/lib/python3.12/site-packages/neuronxcc/private_nkl/transpose.py:400:23: warning: 'neuronxcc.private_nkl.utils.tiled_range.TiledRange' is from the 'neuronxcc' package which is not supported in NKI kernels; use the 'nki' package instead
        I_128_tiles = TiledRange(I_tile, nl.tile_size.pmax)
                      ^
/opt/aws_neuronx_venv_pytorch_inference_vllm_0_16/lib/python3.12/site-packages/neuronxcc/private_nkl/transpose.py:405:23: warning: 'neuronxcc.private_nkl.utils.tiled_range.TiledRange' is from the 'neuronxcc' package which is not supported in NKI kernels; use the 'nki' package instead
        J_128_tiles = TiledRange(J_tile, nl.tile_size.pmax)
                      ^
/opt/aws_neuronx_venv_pytorch_inference_vllm_0_16/lib/python3.12/site-packages/neuronxcc/private_nkl/transpose.py:411:9: warning: 'neuronxcc.private_nkl.transpose._pe_load_tile' is from the 'neuronxcc' package which is not supported in NKI kernels; use the 'nki' package instead
        _pe_load_tile(
        ^
/opt/aws_neuronx_venv_pytorch_inference_vllm_0_16/lib/python3.12/site-packages/neuronxcc/private_nkl/transpose.py:422:11: warning: 'neuronxcc.private_nkl.transpose._pe_transpose_tile_I_vectorized' is from the 'neuronxcc' package which is not supported in NKI kernels; use the 'nki' package instead
          _pe_transpose_tile_I_vectorized(
          ^
/opt/aws_neuronx_venv_pytorch_inference_vllm_0_16/lib/python3.12/site-packages/neuronxcc/private_nkl/transpose.py:430:11: warning: 'neuronxcc.private_nkl.transpose._pe_transpose_tile_J_vectorized' is from the 'neuronxcc' package which is not supported in NKI kernels; use the 'nki' package instead
          _pe_transpose_tile_J_vectorized(
          ^
/opt/aws_neuronx_venv_pytorch_inference_vllm_0_16/lib/python3.12/site-packages/neuronxcc/private_nkl/transpose.py:438:9: warning: 'neuronxcc.private_nkl.transpose._pe_store_tile' is from the 'neuronxcc' package which is not supported in NKI kernels; use the 'nki' package instead
        _pe_store_tile(
        ^
/opt/aws_neuronx_venv_pytorch_inference_vllm_0_16/lib/python3.12/site-packages/neuronxcc/private_nkl/transpose.py:527:17: warning: 'neuronxcc.private_nkl.utils.tiled_range.TiledRange' is from the 'neuronxcc' package which is not supported in NKI kernels; use the 'nki' package instead
  I_128_tiles = TiledRange(I_tile, nl.tile_size.pmax)
                ^
/opt/aws_neuronx_venv_pytorch_inference_vllm_0_16/lib/python3.12/site-packages/neuronxcc/private_nkl/transpose.py:529:17: warning: 'neuronxcc.private_nkl.utils.tiled_range.TiledRange' is from the 'neuronxcc' package which is not supported in NKI kernels; use the 'nki' package instead
  J_128_tiles = TiledRange(J_tile, nl.tile_size.pmax)
                ^
/opt/aws_neuronx_venv_pytorch_inference_vllm_0_16/lib/python3.12/site-packages/neuronxcc/private_nkl/transpose.py:538:21: warning: 'neuronxcc.private_nkl.utils.tiled_range.TiledRange' is from the 'neuronxcc' package which is not supported in NKI kernels; use the 'nki' package instead
  for J_128_tile in TiledRange(J_tile.size, nl.tile_size.pmax):
                    ^
/opt/aws_neuronx_venv_pytorch_inference_vllm_0_16/lib/python3.12/site-packages/neuronxcc/private_nkl/transpose.py:539:23: warning: 'neuronxcc.private_nkl.utils.tiled_range.TiledRange' is from the 'neuronxcc' package which is not supported in NKI kernels; use the 'nki' package instead
    for I_512_tile in TiledRange(I_tile.size, nl.tile_size.psum_fmax):
                      ^
/opt/aws_neuronx_venv_pytorch_inference_vllm_0_16/lib/python3.12/site-packages/neuronxcc/private_nkl/transpose.py:551:25: warning: 'neuronxcc.private_nkl.utils.tiled_range.TiledRange' is from the 'neuronxcc' package which is not supported in NKI kernels; use the 'nki' package instead
      for I_128_tile in TiledRange(I_512_tile, nl.tile_size.pmax):
                        ^
/opt/aws_neuronx_venv_pytorch_inference_vllm_0_16/lib/python3.12/site-packages/neuronxcc/private_nkl/transpose.py:569:7: warning: 'neuronxcc.private_nkl.transpose._copy_with_engine' is from the 'neuronxcc' package which is not supported in NKI kernels; use the 'nki' package instead
      _copy_with_engine(
      ^
/opt/aws_neuronx_venv_pytorch_inference_vllm_0_16/lib/python3.12/site-packages/neuronxcc/private_nkl/transpose.py:586:17: warning: 'neuronxcc.private_nkl.utils.tiled_range.TiledRange' is from the 'neuronxcc' package which is not supported in NKI kernels; use the 'nki' package instead
  I_128_tiles = TiledRange(I_tile, nl.tile_size.pmax)
                ^
/opt/aws_neuronx_venv_pytorch_inference_vllm_0_16/lib/python3.12/site-packages/neuronxcc/private_nkl/transpose.py:588:17: warning: 'neuronxcc.private_nkl.utils.tiled_range.TiledRange' is from the 'neuronxcc' package which is not supported in NKI kernels; use the 'nki' package instead
  J_128_tiles = TiledRange(J_tile, nl.tile_size.pmax)
                ^
/opt/aws_neuronx_venv_pytorch_inference_vllm_0_16/lib/python3.12/site-packages/neuronxcc/private_nkl/transpose.py:596:21: warning: 'neuronxcc.private_nkl.utils.tiled_range.TiledRange' is from the 'neuronxcc' package which is not supported in NKI kernels; use the 'nki' package instead
  for I_128_tile in TiledRange(I_tile.size, nl.tile_size.pmax):
                    ^
/opt/aws_neuronx_venv_pytorch_inference_vllm_0_16/lib/python3.12/site-packages/neuronxcc/private_nkl/transpose.py:597:23: warning: 'neuronxcc.private_nkl.utils.tiled_range.TiledRange' is from the 'neuronxcc' package which is not supported in NKI kernels; use the 'nki' package instead
    for J_512_tile in TiledRange(J_tile.size, nl.tile_size.psum_fmax):
                      ^
/opt/aws_neuronx_venv_pytorch_inference_vllm_0_16/lib/python3.12/site-packages/neuronxcc/private_nkl/transpose.py:609:25: warning: 'neuronxcc.private_nkl.utils.tiled_range.TiledRange' is from the 'neuronxcc' package which is not supported in NKI kernels; use the 'nki' package instead
      for J_128_tile in TiledRange(J_512_tile, nl.tile_size.pmax):
                        ^
/opt/aws_neuronx_venv_pytorch_inference_vllm_0_16/lib/python3.12/site-packages/neuronxcc/private_nkl/transpose.py:628:9: warning: 'neuronxcc.private_nkl.transpose._copy_with_engine' is from the 'neuronxcc' package which is not supported in NKI kernels; use the 'nki' package instead
        _copy_with_engine(
        ^
/opt/aws_neuronx_venv_pytorch_inference_vllm_0_16/lib/python3.12/site-packages/neuronxcc/private_nkl/transpose.py:652:9: warning: 'neuronxcc.private_nkl.transpose._copy_with_engine' is from the 'neuronxcc' package which is not supported in NKI kernels; use the 'nki' package instead
        _copy_with_engine(
        ^
/opt/aws_neuronx_venv_pytorch_inference_vllm_0_16/lib/python3.12/site-packages/neuronxcc/private_nkl/transpose.py:38:10: warning: 'neuronxcc.private_nkl.transpose_utils.is_valid_permutation' is from the 'neuronxcc' package which is not supported in NKI kernels; use the 'nki' package instead
  assert is_valid_permutation(permutation), "input permutation is invalid"
         ^
/opt/aws_neuronx_venv_pytorch_inference_vllm_0_16/lib/python3.12/site-packages/neuronxcc/private_nkl/transpose.py:41:10: warning: 'neuronxcc.private_nkl.transpose_utils.n_elts' is from the 'neuronxcc' package which is not supported in NKI kernels; use the 'nki' package instead
  assert n_elts(in_shape) == n_elts(in_tensor.shape), "tensor shape is invalid"
         ^
/opt/aws_neuronx_venv_pytorch_inference_vllm_0_16/lib/python3.12/site-packages/neuronxcc/private_nkl/transpose.py:41:30: warning: 'neuronxcc.private_nkl.transpose_utils.n_elts' is from the 'neuronxcc' package which is not supported in NKI kernels; use the 'nki' package instead
  assert n_elts(in_shape) == n_elts(in_tensor.shape), "tensor shape is invalid"
                             ^
/opt/aws_neuronx_venv_pytorch_inference_vllm_0_16/lib/python3.12/site-packages/neuronxcc/private_nkl/transpose.py:32:20: warning: 'neuronxcc.private_nkl.utils.StackAllocator.sizeinbytes' is from the 'neuronxcc' package which is not supported in NKI kernels; use the 'nki' package instead
  return (98304 // sizeinbytes(dtype)) // 2
                   ^
/opt/aws_neuronx_venv_pytorch_inference_vllm_0_16/lib/python3.12/site-packages/neuronxcc/private_nkl/transpose.py:886:29: warning: 'neuronxcc.private_nkl.utils.kernel_helpers.get_program_sharding_info' is from the 'neuronxcc' package which is not supported in NKI kernels; use the 'nki' package instead
  _, num_shards, shard_id = get_program_sharding_info()
                            ^
/opt/aws_neuronx_venv_pytorch_inference_vllm_0_16/lib/python3.12/site-packages/neuronxcc/private_nkl/transpose.py:887:9: warning: 'neuronxcc.private_nkl.transpose._pe_transpose' is from the 'neuronxcc' package which is not supported in NKI kernels; use the 'nki' package instead
  out = _pe_transpose(in_tensor, in_shape, permutation, out_dtype, num_shards, shard_id)
        ^
/opt/aws_neuronx_venv_pytorch_inference_vllm_0_16/lib/python3.12/site-packages/neuronxcc/private_nkl/transpose_utils.py:71:10: warning: 'neuronxcc.private_nkl.transpose_utils.is_valid_permutation' is from the 'neuronxcc' package which is not supported in NKI kernels; use the 'nki' package instead
  if not is_valid_permutation(permutation):
         ^
/opt/aws_neuronx_venv_pytorch_inference_vllm_0_16/lib/python3.12/site-packages/neuronxcc/private_nkl/utils/tiled_range.py:66:23: warning: 'neuronxcc.private_nkl.utils.tiled_range.TiledRangeIterator' is from the 'neuronxcc' package which is not supported in NKI kernels; use the 'nki' package instead
  if isinstance(size, TiledRangeIterator):
                      ^
/opt/aws_neuronx_venv_pytorch_inference_vllm_0_16/lib/python3.12/site-packages/neuronxcc/private_nkl/utils/tiled_range.py:84:22: warning: 'neuronxcc.private_nkl.utils.tiled_range.TiledRangeIterator' is from the 'neuronxcc' package which is not supported in NKI kernels; use the 'nki' package instead
    iterators.append(TiledRangeIterator(current_tile_size, i, base_offset + relative_offset))
                     ^
/opt/aws_neuronx_venv_pytorch_inference_vllm_0_16/lib/python3.12/site-packages/neuronxcc/private_nkl/transpose.py:69:16: warning: 'neuronxcc.private_nkl.transpose.max_f_size' is from the 'neuronxcc' package which is not supported in NKI kernels; use the 'nki' package instead
  MAX_F_SIZE = max_f_size(in_tensor.dtype)
               ^
/opt/aws_neuronx_venv_pytorch_inference_vllm_0_16/lib/python3.12/site-packages/neuronxcc/private_nkl/transpose.py:74:25: warning: 'neuronxcc.private_nkl.transpose_utils.n_elts' is from the 'neuronxcc' package which is not supported in NKI kernels; use the 'nki' package instead
  flattened_B_dim = int(n_elts(in_shape[:-2])) if in_shape[:-2] else 1
                        ^
/opt/aws_neuronx_venv_pytorch_inference_vllm_0_16/lib/python3.12/site-packages/neuronxcc/private_nkl/transpose.py:77:18: warning: 'neuronxcc.private_nkl.transpose_utils.factor_within_limit' is from the 'neuronxcc' package which is not supported in NKI kernels; use the 'nki' package instead
    i_division = factor_within_limit(I, MAX_F_SIZE)
                 ^
/opt/aws_neuronx_venv_pytorch_inference_vllm_0_16/lib/python3.12/site-packages/neuronxcc/private_nkl/transpose.py:79:22: warning: 'neuronxcc.private_nkl.utils.kernel_helpers.div_ceil' is from the 'neuronxcc' package which is not supported in NKI kernels; use the 'nki' package instead
    i_division_num = div_ceil(I, i_division)
                     ^
/opt/aws_neuronx_venv_pytorch_inference_vllm_0_16/lib/python3.12/site-packages/neuronxcc/private_nkl/transpose.py:87:16: warning: 'neuronxcc.private_nkl.utils.kernel_helpers.div_ceil' is from the 'neuronxcc' package which is not supported in NKI kernels; use the 'nki' package instead
  num_j_divs = div_ceil(J, j_division)
               ^
/opt/aws_neuronx_venv_pytorch_inference_vllm_0_16/lib/python3.12/site-packages/neuronxcc/private_nkl/transpose.py:91:18: warning: 'neuronxcc.private_nkl.utils.kernel_helpers.div_ceil' is from the 'neuronxcc' package which is not supported in NKI kernels; use the 'nki' package instead
    num_j_divs = div_ceil(J, j_division)
                 ^
/opt/aws_neuronx_venv_pytorch_inference_vllm_0_16/lib/python3.12/site-packages/neuronxcc/private_nkl/transpose.py:93:22: warning: 'neuronxcc.private_nkl.utils.kernel_helpers.div_ceil' is from the 'neuronxcc' package which is not supported in NKI kernels; use the 'nki' package instead
    i_division_num = div_ceil(I, i_division)
                     ^
/opt/aws_neuronx_venv_pytorch_inference_vllm_0_16/lib/python3.12/site-packages/neuronxcc/private_nkl/transpose.py:95:33: warning: 'neuronxcc.private_nkl.utils.kernel_helpers.div_ceil' is from the 'neuronxcc' package which is not supported in NKI kernels; use the 'nki' package instead
  DVE_ACT_LOAD_BALANCE_FACTOR = div_ceil(i_division, MIN_DVE_ACT_CYCLES)
                                ^
/opt/aws_neuronx_venv_pytorch_inference_vllm_0_16/lib/python3.12/site-packages/neuronxcc/private_nkl/transpose.py:97:17: warning: 'neuronxcc.private_nkl.utils.kernel_helpers.div_ceil' is from the 'neuronxcc' package which is not supported in NKI kernels; use the 'nki' package instead
  num_i_tiles = div_ceil(i_division, i_tile_size)
                ^
/opt/aws_neuronx_venv_pytorch_inference_vllm_0_16/lib/python3.12/site-packages/neuronxcc/private_nkl/transpose.py:100:13: warning: 'neuronxcc.private_nkl.utils.kernel_helpers.div_ceil' is from the 'neuronxcc' package which is not supported in NKI kernels; use the 'nki' package instead
  j_tiles = div_ceil(j_division, j_tile_size)
            ^
/opt/aws_neuronx_venv_pytorch_inference_vllm_0_16/lib/python3.12/site-packages/neuronxcc/private_nkl/transpose.py:103:17: warning: 'neuronxcc.private_nkl.utils.kernel_helpers.div_ceil' is from the 'neuronxcc' package which is not supported in NKI kernels; use the 'nki' package instead
  b_per_shard = div_ceil(flattened_B_dim, num_shards)
                ^
/opt/aws_neuronx_venv_pytorch_inference_vllm_0_16/lib/python3.12/site-packages/neuronxcc/private_nkl/transpose.py:107:17: warning: 'neuronxcc.private_nkl.utils.kernel_helpers.div_ceil' is from the 'neuronxcc' package which is not supported in NKI kernels; use the 'nki' package instead
  num_p_tiles = div_ceil(b_per_shard, MAX_P)
                ^
/opt/aws_neuronx_venv_pytorch_inference_vllm_0_16/lib/python3.12/site-packages/neuronxcc/private_nkl/transpose.py:159:13: warning: 'neuronxcc.private_nkl.transpose._copy_with_engine' is from the 'neuronxcc' package which is not supported in NKI kernels; use the 'nki' package instead
            _copy_with_engine(
            ^
/opt/aws_neuronx_venv_pytorch_inference_vllm_0_16/lib/python3.12/site-packages/neuronxcc/private_nkl/transpose.py:199:16: warning: 'neuronxcc.private_nkl.transpose.max_f_size' is from the 'neuronxcc' package which is not supported in NKI kernels; use the 'nki' package instead
  MAX_F_SIZE = max_f_size(in_tensor.dtype)
               ^
/opt/aws_neuronx_venv_pytorch_inference_vllm_0_16/lib/python3.12/site-packages/neuronxcc/private_nkl/transpose.py:204:25: warning: 'neuronxcc.private_nkl.transpose_utils.n_elts' is from the 'neuronxcc' package which is not supported in NKI kernels; use the 'nki' package instead
  flattened_B_dim = int(n_elts(in_shape[:-2])) if in_shape[:-2] else 1
                        ^
/opt/aws_neuronx_venv_pytorch_inference_vllm_0_16/lib/python3.12/site-packages/neuronxcc/private_nkl/transpose.py:207:17: warning: 'neuronxcc.private_nkl.utils.kernel_helpers.div_ceil' is from the 'neuronxcc' package which is not supported in NKI kernels; use the 'nki' package instead
  b_per_shard = div_ceil(flattened_B_dim, num_shards)
                ^
/opt/aws_neuronx_venv_pytorch_inference_vllm_0_16/lib/python3.12/site-packages/neuronxcc/private_nkl/transpose.py:211:17: warning: 'neuronxcc.private_nkl.utils.kernel_helpers.div_ceil' is from the 'neuronxcc' package which is not supported in NKI kernels; use the 'nki' package instead
  num_p_tiles = div_ceil(b_per_shard, P)
                ^
/opt/aws_neuronx_venv_pytorch_inference_vllm_0_16/lib/python3.12/site-packages/neuronxcc/private_nkl/transpose.py:218:13: warning: 'neuronxcc.private_nkl.utils.kernel_helpers.div_ceil' is from the 'neuronxcc' package which is not supported in NKI kernels; use the 'nki' package instead
  i_tiles = div_ceil(I, i_tile_size)
            ^
/opt/aws_neuronx_venv_pytorch_inference_vllm_0_16/lib/python3.12/site-packages/neuronxcc/private_nkl/transpose.py:224:19: warning: 'neuronxcc.private_nkl.utils.kernel_helpers.div_ceil' is from the 'neuronxcc' package which is not supported in NKI kernels; use the 'nki' package instead
    j_tile_size = div_ceil(J, J_LOAD_BALANCING_FACTOR)
                  ^
/opt/aws_neuronx_venv_pytorch_inference_vllm_0_16/lib/python3.12/site-packages/neuronxcc/private_nkl/transpose.py:251:9: warning: 'neuronxcc.private_nkl.transpose._copy_with_engine' is from the 'neuronxcc' package which is not supported in NKI kernels; use the 'nki' package instead
        _copy_with_engine(
        ^
/opt/aws_neuronx_venv_pytorch_inference_vllm_0_16/lib/python3.12/site-packages/neuronxcc/private_nkl/transpose.py:458:17: warning: 'neuronxcc.private_nkl.utils.tiled_range.TiledRange' is from the 'neuronxcc' package which is not supported in NKI kernels; use the 'nki' package instead
  I_128_tiles = TiledRange(I_tile, nl.tile_size.pmax)
                ^
/opt/aws_neuronx_venv_pytorch_inference_vllm_0_16/lib/python3.12/site-packages/neuronxcc/private_nkl/transpose.py:465:33: warning: 'neuronxcc.private_nkl.utils.tiled_range.TiledRange' is from the 'neuronxcc' package which is not supported in NKI kernels; use the 'nki' package instead
    for vectorization_factor in TiledRange(num_full_128_tiles_per_I_tile, VECTORIZATION_FACTOR):
                                ^
/opt/aws_neuronx_venv_pytorch_inference_vllm_0_16/lib/python3.12/site-packages/neuronxcc/private_nkl/transpose.py:284:16: warning: 'neuronxcc.private_nkl.transpose.max_f_size' is from the 'neuronxcc' package which is not supported in NKI kernels; use the 'nki' package instead
  MAX_F_SIZE = max_f_size(dtype)
               ^
/opt/aws_neuronx_venv_pytorch_inference_vllm_0_16/lib/python3.12/site-packages/neuronxcc/private_nkl/transpose.py:289:15: warning: 'neuronxcc.private_nkl.transpose_utils.next_multiple' is from the 'neuronxcc' package which is not supported in NKI kernels; use the 'nki' package instead
    return I, next_multiple(min(J, MAX_F_SIZE), 128)
              ^
/opt/aws_neuronx_venv_pytorch_inference_vllm_0_16/lib/python3.12/site-packages/neuronxcc/private_nkl/transpose.py:291:12: warning: 'neuronxcc.private_nkl.transpose_utils.next_multiple' is from the 'neuronxcc' package which is not supported in NKI kernels; use the 'nki' package instead
    return next_multiple(min(I, MAX_F_SIZE), 128), J
           ^
/opt/aws_neuronx_venv_pytorch_inference_vllm_0_16/lib/python3.12/site-packages/neuronxcc/private_nkl/transpose.py:302:19: warning: 'neuronxcc.private_nkl.transpose_utils.next_multiple' is from the 'neuronxcc' package which is not supported in NKI kernels; use the 'nki' package instead
    I_tile_size = next_multiple(I_tile_size, 128)
                  ^
/opt/aws_neuronx_venv_pytorch_inference_vllm_0_16/lib/python3.12/site-packages/neuronxcc/private_nkl/transpose.py:303:19: warning: 'neuronxcc.private_nkl.transpose_utils.next_multiple' is from the 'neuronxcc' package which is not supported in NKI kernels; use the 'nki' package instead
    J_tile_size = next_multiple(J_tile_size, 128)
                  ^
/opt/aws_neuronx_venv_pytorch_inference_vllm_0_16/lib/python3.12/site-packages/neuronxcc/private_nkl/transpose.py:681:17: warning: 'neuronxcc.private_nkl.utils.tiled_range.TiledRange' is from the 'neuronxcc' package which is not supported in NKI kernels; use the 'nki' package instead
  J_128_tiles = TiledRange(J_tile, nl.tile_size.pmax)
                ^
/opt/aws_neuronx_venv_pytorch_inference_vllm_0_16/lib/python3.12/site-packages/neuronxcc/private_nkl/transpose.py:688:33: warning: 'neuronxcc.private_nkl.utils.tiled_range.TiledRange' is from the 'neuronxcc' package which is not supported in NKI kernels; use the 'nki' package instead
    for vectorization_factor in TiledRange(num_full_128_tiles_per_J_tile, VECTORIZATION_FACTOR):
                                ^
/opt/aws_neuronx_venv_pytorch_inference_vllm_0_16/lib/python3.12/site-packages/neuronxcc/private_nkl/transpose.py:373:25: warning: 'neuronxcc.private_nkl.transpose_utils.n_elts' is from the 'neuronxcc' package which is not supported in NKI kernels; use the 'nki' package instead
  flattened_B_dim = int(n_elts(in_shape[:-2])) if in_shape[:-2] else 1
                        ^
/opt/aws_neuronx_venv_pytorch_inference_vllm_0_16/lib/python3.12/site-packages/neuronxcc/private_nkl/transpose.py:378:30: warning: 'neuronxcc.private_nkl.transpose._pe_optimal_tile_sizes' is from the 'neuronxcc' package which is not supported in NKI kernels; use the 'nki' package instead
  I_tile_size, J_tile_size = _pe_optimal_tile_sizes(I, J, in_tensor.dtype)
                             ^
/opt/aws_neuronx_venv_pytorch_inference_vllm_0_16/lib/python3.12/site-packages/neuronxcc/private_nkl/transpose.py:381:17: warning: 'neuronxcc.private_nkl.utils.kernel_helpers.div_ceil' is from the 'neuronxcc' package which is not supported in NKI kernels; use the 'nki' package instead
  b_per_shard = div_ceil(flattened_B_dim, num_shards)
                ^
/opt/aws_neuronx_venv_pytorch_inference_vllm_0_16/lib/python3.12/site-packages/neuronxcc/private_nkl/transpose.py:384:19: warning: 'neuronxcc.private_nkl.transpose._to_compute_dtype' is from the 'neuronxcc' package which is not supported in NKI kernels; use the 'nki' package instead
  compute_dtype = _to_compute_dtype(in_tensor.dtype)
                  ^
/opt/aws_neuronx_venv_pytorch_inference_vllm_0_16/lib/python3.12/site-packages/neuronxcc/private_nkl/transpose.py:398:19: warning: 'neuronxcc.private_nkl.utils.tiled_range.TiledRange' is from the 'neuronxcc' package which is not supported in NKI kernels; use the 'nki' package instead
    for I_tile in TiledRange(I, I_tile_size):
                  ^
/opt/aws_neuronx_venv_pytorch_inference_vllm_0_16/lib/python3.12/site-packages/neuronxcc/private_nkl/transpose.py:399:21: warning: 'neuronxcc.private_nkl.utils.tiled_range.TiledRange' is from the 'neuronxcc' package which is not supported in NKI kernels; use the 'nki' package instead
      for J_tile in TiledRange(J, J_tile_size):
                    ^
/opt/aws_neuronx_venv_pytorch_inference_vllm_0_16/lib/python3.12/site-packages/neuronxcc/private_nkl/transpose.py:400:23: warning: 'neuronxcc.private_nkl.utils.tiled_range.TiledRange' is from the 'neuronxcc' package which is not supported in NKI kernels; use the 'nki' package instead
        I_128_tiles = TiledRange(I_tile, nl.tile_size.pmax)
                      ^
/opt/aws_neuronx_venv_pytorch_inference_vllm_0_16/lib/python3.12/site-packages/neuronxcc/private_nkl/transpose.py:405:23: warning: 'neuronxcc.private_nkl.utils.tiled_range.TiledRange' is from the 'neuronxcc' package which is not supported in NKI kernels; use the 'nki' package instead
        J_128_tiles = TiledRange(J_tile, nl.tile_size.pmax)
                      ^
/opt/aws_neuronx_venv_pytorch_inference_vllm_0_16/lib/python3.12/site-packages/neuronxcc/private_nkl/transpose.py:411:9: warning: 'neuronxcc.private_nkl.transpose._pe_load_tile' is from the 'neuronxcc' package which is not supported in NKI kernels; use the 'nki' package instead
        _pe_load_tile(
        ^
/opt/aws_neuronx_venv_pytorch_inference_vllm_0_16/lib/python3.12/site-packages/neuronxcc/private_nkl/transpose.py:422:11: warning: 'neuronxcc.private_nkl.transpose._pe_transpose_tile_I_vectorized' is from the 'neuronxcc' package which is not supported in NKI kernels; use the 'nki' package instead
          _pe_transpose_tile_I_vectorized(
          ^
/opt/aws_neuronx_venv_pytorch_inference_vllm_0_16/lib/python3.12/site-packages/neuronxcc/private_nkl/transpose.py:430:11: warning: 'neuronxcc.private_nkl.transpose._pe_transpose_tile_J_vectorized' is from the 'neuronxcc' package which is not supported in NKI kernels; use the 'nki' package instead
          _pe_transpose_tile_J_vectorized(
          ^
/opt/aws_neuronx_venv_pytorch_inference_vllm_0_16/lib/python3.12/site-packages/neuronxcc/private_nkl/transpose.py:438:9: warning: 'neuronxcc.private_nkl.transpose._pe_store_tile' is from the 'neuronxcc' package which is not supported in NKI kernels; use the 'nki' package instead
        _pe_store_tile(
        ^
/opt/aws_neuronx_venv_pytorch_inference_vllm_0_16/lib/python3.12/site-packages/neuronxcc/private_nkl/transpose.py:527:17: warning: 'neuronxcc.private_nkl.utils.tiled_range.TiledRange' is from the 'neuronxcc' package which is not supported in NKI kernels; use the 'nki' package instead
  I_128_tiles = TiledRange(I_tile, nl.tile_size.pmax)
                ^
/opt/aws_neuronx_venv_pytorch_inference_vllm_0_16/lib/python3.12/site-packages/neuronxcc/private_nkl/transpose.py:529:17: warning: 'neuronxcc.private_nkl.utils.tiled_range.TiledRange' is from the 'neuronxcc' package which is not supported in NKI kernels; use the 'nki' package instead
  J_128_tiles = TiledRange(J_tile, nl.tile_size.pmax)
                ^
/opt/aws_neuronx_venv_pytorch_inference_vllm_0_16/lib/python3.12/site-packages/neuronxcc/private_nkl/transpose.py:538:21: warning: 'neuronxcc.private_nkl.utils.tiled_range.TiledRange' is from the 'neuronxcc' package which is not supported in NKI kernels; use the 'nki' package instead
  for J_128_tile in TiledRange(J_tile.size, nl.tile_size.pmax):
                    ^
/opt/aws_neuronx_venv_pytorch_inference_vllm_0_16/lib/python3.12/site-packages/neuronxcc/private_nkl/transpose.py:539:23: warning: 'neuronxcc.private_nkl.utils.tiled_range.TiledRange' is from the 'neuronxcc' package which is not supported in NKI kernels; use the 'nki' package instead
    for I_512_tile in TiledRange(I_tile.size, nl.tile_size.psum_fmax):
                      ^
/opt/aws_neuronx_venv_pytorch_inference_vllm_0_16/lib/python3.12/site-packages/neuronxcc/private_nkl/transpose.py:551:25: warning: 'neuronxcc.private_nkl.utils.tiled_range.TiledRange' is from the 'neuronxcc' package which is not supported in NKI kernels; use the 'nki' package instead
      for I_128_tile in TiledRange(I_512_tile, nl.tile_size.pmax):
                        ^
/opt/aws_neuronx_venv_pytorch_inference_vllm_0_16/lib/python3.12/site-packages/neuronxcc/private_nkl/transpose.py:569:7: warning: 'neuronxcc.private_nkl.transpose._copy_with_engine' is from the 'neuronxcc' package which is not supported in NKI kernels; use the 'nki' package instead
      _copy_with_engine(
      ^
/opt/aws_neuronx_venv_pytorch_inference_vllm_0_16/lib/python3.12/site-packages/neuronxcc/private_nkl/transpose.py:586:17: warning: 'neuronxcc.private_nkl.utils.tiled_range.TiledRange' is from the 'neuronxcc' package which is not supported in NKI kernels; use the 'nki' package instead
  I_128_tiles = TiledRange(I_tile, nl.tile_size.pmax)
                ^
/opt/aws_neuronx_venv_pytorch_inference_vllm_0_16/lib/python3.12/site-packages/neuronxcc/private_nkl/transpose.py:588:17: warning: 'neuronxcc.private_nkl.utils.tiled_range.TiledRange' is from the 'neuronxcc' package which is not supported in NKI kernels; use the 'nki' package instead
  J_128_tiles = TiledRange(J_tile, nl.tile_size.pmax)
                ^
/opt/aws_neuronx_venv_pytorch_inference_vllm_0_16/lib/python3.12/site-packages/neuronxcc/private_nkl/transpose.py:596:21: warning: 'neuronxcc.private_nkl.utils.tiled_range.TiledRange' is from the 'neuronxcc' package which is not supported in NKI kernels; use the 'nki' package instead
  for I_128_tile in TiledRange(I_tile.size, nl.tile_size.pmax):
                    ^
/opt/aws_neuronx_venv_pytorch_inference_vllm_0_16/lib/python3.12/site-packages/neuronxcc/private_nkl/transpose.py:597:23: warning: 'neuronxcc.private_nkl.utils.tiled_range.TiledRange' is from the 'neuronxcc' package which is not supported in NKI kernels; use the 'nki' package instead
    for J_512_tile in TiledRange(J_tile.size, nl.tile_size.psum_fmax):
                      ^
/opt/aws_neuronx_venv_pytorch_inference_vllm_0_16/lib/python3.12/site-packages/neuronxcc/private_nkl/transpose.py:609:25: warning: 'neuronxcc.private_nkl.utils.tiled_range.TiledRange' is from the 'neuronxcc' package which is not supported in NKI kernels; use the 'nki' package instead
      for J_128_tile in TiledRange(J_512_tile, nl.tile_size.pmax):
                        ^
/opt/aws_neuronx_venv_pytorch_inference_vllm_0_16/lib/python3.12/site-packages/neuronxcc/private_nkl/transpose.py:628:9: warning: 'neuronxcc.private_nkl.transpose._copy_with_engine' is from the 'neuronxcc' package which is not supported in NKI kernels; use the 'nki' package instead
        _copy_with_engine(
        ^
/opt/aws_neuronx_venv_pytorch_inference_vllm_0_16/lib/python3.12/site-packages/neuronxcc/private_nkl/transpose.py:652:9: warning: 'neuronxcc.private_nkl.transpose._copy_with_engine' is from the 'neuronxcc' package which is not supported in NKI kernels; use the 'nki' package instead
        _copy_with_engine(
        ^
/opt/aws_neuronx_venv_pytorch_inference_vllm_0_16/lib/python3.12/site-packages/neuronxcc/private_nkl/transpose.py:784:3: warning: 'neuronxcc.private_nkl.transpose.check_input_transpose' is from the 'neuronxcc' package which is not supported in NKI kernels; use the 'nki' package instead
  check_input_transpose(in_tensor, in_shape, permutation)
  ^
/opt/aws_neuronx_venv_pytorch_inference_vllm_0_16/lib/python3.12/site-packages/neuronxcc/private_nkl/transpose.py:790:33: warning: 'neuronxcc.private_nkl.transpose_utils.permutation_reduction' is from the 'neuronxcc' package which is not supported in NKI kernels; use the 'nki' package instead
  reduced_perm, reduced_shape = permutation_reduction(in_shape, permutation)
                                ^
/opt/aws_neuronx_venv_pytorch_inference_vllm_0_16/lib/python3.12/site-packages/neuronxcc/private_nkl/transpose.py:791:10: warning: 'neuronxcc.private_nkl.transpose_utils.permutes_last_two_dims' is from the 'neuronxcc' package which is not supported in NKI kernels; use the 'nki' package instead
  assert permutes_last_two_dims(reduced_perm), f"must permutate last two dims, got {reduced_perm}"
         ^
/opt/aws_neuronx_venv_pytorch_inference_vllm_0_16/lib/python3.12/site-packages/neuronxcc/private_nkl/transpose.py:796:11: warning: 'neuronxcc.private_nkl.transpose._str_to_dtype' is from the 'neuronxcc' package which is not supported in NKI kernels; use the 'nki' package instead
    dtype=_str_to_dtype(out_dtype),
          ^
/opt/aws_neuronx_venv_pytorch_inference_vllm_0_16/lib/python3.12/site-packages/neuronxcc/private_nkl/transpose.py:797:12: warning: 'neuronxcc.private_nkl.transpose_utils._get_hbm_buffer' is from the 'neuronxcc' package which is not supported in NKI kernels; use the 'nki' package instead
    buffer=_get_hbm_buffer(),
           ^
/opt/aws_neuronx_venv_pytorch_inference_vllm_0_16/lib/python3.12/site-packages/neuronxcc/private_nkl/transpose.py:805:16: warning: 'neuronxcc.private_nkl.transpose.max_f_size' is from the 'neuronxcc' package which is not supported in NKI kernels; use the 'nki' package instead
  MAX_F_SIZE = max_f_size(in_tensor.dtype)
               ^
/opt/aws_neuronx_venv_pytorch_inference_vllm_0_16/lib/python3.12/site-packages/neuronxcc/private_nkl/transpose.py:808:5: warning: 'neuronxcc.private_nkl.transpose._dve_transpose_large_cols_impl' is from the 'neuronxcc' package which is not supported in NKI kernels; use the 'nki' package instead
    _dve_transpose_large_cols_impl(in_tensor, out_tensor, num_shards, shard_id)
    ^
/opt/aws_neuronx_venv_pytorch_inference_vllm_0_16/lib/python3.12/site-packages/neuronxcc/private_nkl/transpose.py:810:5: warning: 'neuronxcc.private_nkl.transpose._dve_transpose_large_rows_impl' is from the 'neuronxcc' package which is not supported in NKI kernels; use the 'nki' package instead
    _dve_transpose_large_rows_impl(in_tensor, out_tensor, num_shards, shard_id)
    ^
/opt/aws_neuronx_venv_pytorch_inference_vllm_0_16/lib/python3.12/site-packages/neuronxcc/private_nkl/transpose.py:812:5: warning: 'neuronxcc.private_nkl.transpose._pe_transpose_impl' is from the 'neuronxcc' package which is not supported in NKI kernels; use the 'nki' package instead
    _pe_transpose_impl(in_tensor, out_tensor, num_shards, shard_id)
    ^
/opt/aws_neuronx_venv_pytorch_inference_vllm_0_16/lib/python3.12/site-packages/neuronxcc/private_nkl/transpose.py:38:10: warning: 'neuronxcc.private_nkl.transpose_utils.is_valid_permutation' is from the 'neuronxcc' package which is not supported in NKI kernels; use the 'nki' package instead
  assert is_valid_permutation(permutation), "input permutation is invalid"
         ^
/opt/aws_neuronx_venv_pytorch_inference_vllm_0_16/lib/python3.12/site-packages/neuronxcc/private_nkl/transpose.py:41:10: warning: 'neuronxcc.private_nkl.transpose_utils.n_elts' is from the 'neuronxcc' package which is not supported in NKI kernels; use the 'nki' package instead
  assert n_elts(in_shape) == n_elts(in_tensor.shape), "tensor shape is invalid"
         ^
/opt/aws_neuronx_venv_pytorch_inference_vllm_0_16/lib/python3.12/site-packages/neuronxcc/private_nkl/transpose.py:41:30: warning: 'neuronxcc.private_nkl.transpose_utils.n_elts' is from the 'neuronxcc' package which is not supported in NKI kernels; use the 'nki' package instead
  assert n_elts(in_shape) == n_elts(in_tensor.shape), "tensor shape is invalid"
                             ^
/opt/aws_neuronx_venv_pytorch_inference_vllm_0_16/lib/python3.12/site-packages/neuronxcc/private_nkl/transpose.py:32:20: warning: 'neuronxcc.private_nkl.utils.StackAllocator.sizeinbytes' is from the 'neuronxcc' package which is not supported in NKI kernels; use the 'nki' package instead
  return (98304 // sizeinbytes(dtype)) // 2
                   ^
/opt/aws_neuronx_venv_pytorch_inference_vllm_0_16/lib/python3.12/site-packages/neuronxcc/private_nkl/transpose.py:862:29: warning: 'neuronxcc.private_nkl.utils.kernel_helpers.get_program_sharding_info' is from the 'neuronxcc' package which is not supported in NKI kernels; use the 'nki' package instead
  _, num_shards, shard_id = get_program_sharding_info()
                            ^
/opt/aws_neuronx_venv_pytorch_inference_vllm_0_16/lib/python3.12/site-packages/neuronxcc/private_nkl/transpose.py:863:9: warning: 'neuronxcc.private_nkl.transpose._transpose_last_two_dims' is from the 'neuronxcc' package which is not supported in NKI kernels; use the 'nki' package instead
  out = _transpose_last_two_dims(in_tensor, in_shape, permutation, out_dtype, num_shards, shard_id)
        ^
/opt/aws_neuronx_venv_pytorch_inference_vllm_0_16/lib/python3.12/site-packages/neuronxcc/private_nkl/transpose_utils.py:71:10: warning: 'neuronxcc.private_nkl.transpose_utils.is_valid_permutation' is from the 'neuronxcc' package which is not supported in NKI kernels; use the 'nki' package instead
  if not is_valid_permutation(permutation):
         ^
/opt/aws_neuronx_venv_pytorch_inference_vllm_0_16/lib/python3.12/site-packages/neuronxcc/private_nkl/utils/tiled_range.py:66:23: warning: 'neuronxcc.private_nkl.utils.tiled_range.TiledRangeIterator' is from the 'neuronxcc' package which is not supported in NKI kernels; use the 'nki' package instead
  if isinstance(size, TiledRangeIterator):
                      ^
/opt/aws_neuronx_venv_pytorch_inference_vllm_0_16/lib/python3.12/site-packages/neuronxcc/private_nkl/utils/tiled_range.py:84:22: warning: 'neuronxcc.private_nkl.utils.tiled_range.TiledRangeIterator' is from the 'neuronxcc' package which is not supported in NKI kernels; use the 'nki' package instead
    iterators.append(TiledRangeIterator(current_tile_size, i, base_offset + relative_offset))
                     ^
/opt/aws_neuronx_venv_pytorch_inference_vllm_0_16/lib/python3.12/site-packages/neuronxcc/private_nkl/transpose.py:458:17: warning: 'neuronxcc.private_nkl.utils.tiled_range.TiledRange' is from the 'neuronxcc' package which is not supported in NKI kernels; use the 'nki' package instead
  I_128_tiles = TiledRange(I_tile, nl.tile_size.pmax)
                ^
/opt/aws_neuronx_venv_pytorch_inference_vllm_0_16/lib/python3.12/site-packages/neuronxcc/private_nkl/transpose.py:465:33: warning: 'neuronxcc.private_nkl.utils.tiled_range.TiledRange' is from the 'neuronxcc' package which is not supported in NKI kernels; use the 'nki' package instead
    for vectorization_factor in TiledRange(num_full_128_tiles_per_I_tile, VECTORIZATION_FACTOR):
                                ^
/opt/aws_neuronx_venv_pytorch_inference_vllm_0_16/lib/python3.12/site-packages/neuronxcc/private_nkl/transpose.py:284:16: warning: 'neuronxcc.private_nkl.transpose.max_f_size' is from the 'neuronxcc' package which is not supported in NKI kernels; use the 'nki' package instead
  MAX_F_SIZE = max_f_size(dtype)
               ^
/opt/aws_neuronx_venv_pytorch_inference_vllm_0_16/lib/python3.12/site-packages/neuronxcc/private_nkl/transpose.py:289:15: warning: 'neuronxcc.private_nkl.transpose_utils.next_multiple' is from the 'neuronxcc' package which is not supported in NKI kernels; use the 'nki' package instead
    return I, next_multiple(min(J, MAX_F_SIZE), 128)
              ^
/opt/aws_neuronx_venv_pytorch_inference_vllm_0_16/lib/python3.12/site-packages/neuronxcc/private_nkl/transpose.py:291:12: warning: 'neuronxcc.private_nkl.transpose_utils.next_multiple' is from the 'neuronxcc' package which is not supported in NKI kernels; use the 'nki' package instead
    return next_multiple(min(I, MAX_F_SIZE), 128), J
           ^
/opt/aws_neuronx_venv_pytorch_inference_vllm_0_16/lib/python3.12/site-packages/neuronxcc/private_nkl/transpose.py:302:19: warning: 'neuronxcc.private_nkl.transpose_utils.next_multiple' is from the 'neuronxcc' package which is not supported in NKI kernels; use the 'nki' package instead
    I_tile_size = next_multiple(I_tile_size, 128)
                  ^
/opt/aws_neuronx_venv_pytorch_inference_vllm_0_16/lib/python3.12/site-packages/neuronxcc/private_nkl/transpose.py:303:19: warning: 'neuronxcc.private_nkl.transpose_utils.next_multiple' is from the 'neuronxcc' package which is not supported in NKI kernels; use the 'nki' package instead
    J_tile_size = next_multiple(J_tile_size, 128)
                  ^
/opt/aws_neuronx_venv_pytorch_inference_vllm_0_16/lib/python3.12/site-packages/neuronxcc/private_nkl/transpose.py:681:17: warning: 'neuronxcc.private_nkl.utils.tiled_range.TiledRange' is from the 'neuronxcc' package which is not supported in NKI kernels; use the 'nki' package instead
  J_128_tiles = TiledRange(J_tile, nl.tile_size.pmax)
                ^
/opt/aws_neuronx_venv_pytorch_inference_vllm_0_16/lib/python3.12/site-packages/neuronxcc/private_nkl/transpose.py:688:33: warning: 'neuronxcc.private_nkl.utils.tiled_range.TiledRange' is from the 'neuronxcc' package which is not supported in NKI kernels; use the 'nki' package instead
    for vectorization_factor in TiledRange(num_full_128_tiles_per_J_tile, VECTORIZATION_FACTOR):
                                ^
/opt/aws_neuronx_venv_pytorch_inference_vllm_0_16/lib/python3.12/site-packages/neuronxcc/private_nkl/transpose.py:751:3: warning: 'neuronxcc.private_nkl.transpose.check_input_transpose' is from the 'neuronxcc' package which is not supported in NKI kernels; use the 'nki' package instead
  check_input_transpose(in_tensor, in_shape, permutation)
  ^
/opt/aws_neuronx_venv_pytorch_inference_vllm_0_16/lib/python3.12/site-packages/neuronxcc/private_nkl/transpose.py:757:33: warning: 'neuronxcc.private_nkl.transpose_utils.permutation_reduction' is from the 'neuronxcc' package which is not supported in NKI kernels; use the 'nki' package instead
  reduced_perm, reduced_shape = permutation_reduction(in_shape, permutation)
                                ^
/opt/aws_neuronx_venv_pytorch_inference_vllm_0_16/lib/python3.12/site-packages/neuronxcc/private_nkl/transpose.py:758:10: warning: 'neuronxcc.private_nkl.transpose_utils.permutes_last_two_dims' is from the 'neuronxcc' package which is not supported in NKI kernels; use the 'nki' package instead
  assert permutes_last_two_dims(reduced_perm), f"must permutate last two dims, got {reduced_perm}"
         ^
/opt/aws_neuronx_venv_pytorch_inference_vllm_0_16/lib/python3.12/site-packages/neuronxcc/private_nkl/transpose.py:763:11: warning: 'neuronxcc.private_nkl.transpose._str_to_dtype' is from the 'neuronxcc' package which is not supported in NKI kernels; use the 'nki' package instead
    dtype=_str_to_dtype(out_dtype),
          ^
/opt/aws_neuronx_venv_pytorch_inference_vllm_0_16/lib/python3.12/site-packages/neuronxcc/private_nkl/transpose.py:764:12: warning: 'neuronxcc.private_nkl.transpose_utils._get_hbm_buffer' is from the 'neuronxcc' package which is not supported in NKI kernels; use the 'nki' package instead
    buffer=_get_hbm_buffer(),
           ^
/opt/aws_neuronx_venv_pytorch_inference_vllm_0_16/lib/python3.12/site-packages/neuronxcc/private_nkl/transpose.py:767:3: warning: 'neuronxcc.private_nkl.transpose._pe_transpose_impl' is from the 'neuronxcc' package which is not supported in NKI kernels; use the 'nki' package instead
  _pe_transpose_impl(in_tensor, out_tensor, num_shards, shard_id)
  ^
/opt/aws_neuronx_venv_pytorch_inference_vllm_0_16/lib/python3.12/site-packages/neuronxcc/private_nkl/transpose.py:373:25: warning: 'neuronxcc.private_nkl.transpose_utils.n_elts' is from the 'neuronxcc' package which is not supported in NKI kernels; use the 'nki' package instead
  flattened_B_dim = int(n_elts(in_shape[:-2])) if in_shape[:-2] else 1
                        ^
/opt/aws_neuronx_venv_pytorch_inference_vllm_0_16/lib/python3.12/site-packages/neuronxcc/private_nkl/transpose.py:378:30: warning: 'neuronxcc.private_nkl.transpose._pe_optimal_tile_sizes' is from the 'neuronxcc' package which is not supported in NKI kernels; use the 'nki' package instead
  I_tile_size, J_tile_size = _pe_optimal_tile_sizes(I, J, in_tensor.dtype)
                             ^
/opt/aws_neuronx_venv_pytorch_inference_vllm_0_16/lib/python3.12/site-packages/neuronxcc/private_nkl/transpose.py:381:17: warning: 'neuronxcc.private_nkl.utils.kernel_helpers.div_ceil' is from the 'neuronxcc' package which is not supported in NKI kernels; use the 'nki' package instead
  b_per_shard = div_ceil(flattened_B_dim, num_shards)
                ^
/opt/aws_neuronx_venv_pytorch_inference_vllm_0_16/lib/python3.12/site-packages/neuronxcc/private_nkl/transpose.py:384:19: warning: 'neuronxcc.private_nkl.transpose._to_compute_dtype' is from the 'neuronxcc' package which is not supported in NKI kernels; use the 'nki' package instead
  compute_dtype = _to_compute_dtype(in_tensor.dtype)
                  ^
/opt/aws_neuronx_venv_pytorch_inference_vllm_0_16/lib/python3.12/site-packages/neuronxcc/private_nkl/transpose.py:398:19: warning: 'neuronxcc.private_nkl.utils.tiled_range.TiledRange' is from the 'neuronxcc' package which is not supported in NKI kernels; use the 'nki' package instead
    for I_tile in TiledRange(I, I_tile_size):
                  ^
/opt/aws_neuronx_venv_pytorch_inference_vllm_0_16/lib/python3.12/site-packages/neuronxcc/private_nkl/transpose.py:399:21: warning: 'neuronxcc.private_nkl.utils.tiled_range.TiledRange' is from the 'neuronxcc' package which is not supported in NKI kernels; use the 'nki' package instead
      for J_tile in TiledRange(J, J_tile_size):
                    ^
/opt/aws_neuronx_venv_pytorch_inference_vllm_0_16/lib/python3.12/site-packages/neuronxcc/private_nkl/transpose.py:400:23: warning: 'neuronxcc.private_nkl.utils.tiled_range.TiledRange' is from the 'neuronxcc' package which is not supported in NKI kernels; use the 'nki' package instead
        I_128_tiles = TiledRange(I_tile, nl.tile_size.pmax)
                      ^
/opt/aws_neuronx_venv_pytorch_inference_vllm_0_16/lib/python3.12/site-packages/neuronxcc/private_nkl/transpose.py:405:23: warning: 'neuronxcc.private_nkl.utils.tiled_range.TiledRange' is from the 'neuronxcc' package which is not supported in NKI kernels; use the 'nki' package instead
        J_128_tiles = TiledRange(J_tile, nl.tile_size.pmax)
                      ^
/opt/aws_neuronx_venv_pytorch_inference_vllm_0_16/lib/python3.12/site-packages/neuronxcc/private_nkl/transpose.py:411:9: warning: 'neuronxcc.private_nkl.transpose._pe_load_tile' is from the 'neuronxcc' package which is not supported in NKI kernels; use the 'nki' package instead
        _pe_load_tile(
        ^
/opt/aws_neuronx_venv_pytorch_inference_vllm_0_16/lib/python3.12/site-packages/neuronxcc/private_nkl/transpose.py:422:11: warning: 'neuronxcc.private_nkl.transpose._pe_transpose_tile_I_vectorized' is from the 'neuronxcc' package which is not supported in NKI kernels; use the 'nki' package instead
          _pe_transpose_tile_I_vectorized(
          ^
/opt/aws_neuronx_venv_pytorch_inference_vllm_0_16/lib/python3.12/site-packages/neuronxcc/private_nkl/transpose.py:430:11: warning: 'neuronxcc.private_nkl.transpose._pe_transpose_tile_J_vectorized' is from the 'neuronxcc' package which is not supported in NKI kernels; use the 'nki' package instead
          _pe_transpose_tile_J_vectorized(
          ^
/opt/aws_neuronx_venv_pytorch_inference_vllm_0_16/lib/python3.12/site-packages/neuronxcc/private_nkl/transpose.py:438:9: warning: 'neuronxcc.private_nkl.transpose._pe_store_tile' is from the 'neuronxcc' package which is not supported in NKI kernels; use the 'nki' package instead
        _pe_store_tile(
        ^
/opt/aws_neuronx_venv_pytorch_inference_vllm_0_16/lib/python3.12/site-packages/neuronxcc/private_nkl/transpose.py:527:17: warning: 'neuronxcc.private_nkl.utils.tiled_range.TiledRange' is from the 'neuronxcc' package which is not supported in NKI kernels; use the 'nki' package instead
  I_128_tiles = TiledRange(I_tile, nl.tile_size.pmax)
                ^
/opt/aws_neuronx_venv_pytorch_inference_vllm_0_16/lib/python3.12/site-packages/neuronxcc/private_nkl/transpose.py:529:17: warning: 'neuronxcc.private_nkl.utils.tiled_range.TiledRange' is from the 'neuronxcc' package which is not supported in NKI kernels; use the 'nki' package instead
  J_128_tiles = TiledRange(J_tile, nl.tile_size.pmax)
                ^
/opt/aws_neuronx_venv_pytorch_inference_vllm_0_16/lib/python3.12/site-packages/neuronxcc/private_nkl/transpose.py:538:21: warning: 'neuronxcc.private_nkl.utils.tiled_range.TiledRange' is from the 'neuronxcc' package which is not supported in NKI kernels; use the 'nki' package instead
  for J_128_tile in TiledRange(J_tile.size, nl.tile_size.pmax):
                    ^
/opt/aws_neuronx_venv_pytorch_inference_vllm_0_16/lib/python3.12/site-packages/neuronxcc/private_nkl/transpose.py:539:23: warning: 'neuronxcc.private_nkl.utils.tiled_range.TiledRange' is from the 'neuronxcc' package which is not supported in NKI kernels; use the 'nki' package instead
    for I_512_tile in TiledRange(I_tile.size, nl.tile_size.psum_fmax):
                      ^
/opt/aws_neuronx_venv_pytorch_inference_vllm_0_16/lib/python3.12/site-packages/neuronxcc/private_nkl/transpose.py:551:25: warning: 'neuronxcc.private_nkl.utils.tiled_range.TiledRange' is from the 'neuronxcc' package which is not supported in NKI kernels; use the 'nki' package instead
      for I_128_tile in TiledRange(I_512_tile, nl.tile_size.pmax):
                        ^
/opt/aws_neuronx_venv_pytorch_inference_vllm_0_16/lib/python3.12/site-packages/neuronxcc/private_nkl/transpose.py:569:7: warning: 'neuronxcc.private_nkl.transpose._copy_with_engine' is from the 'neuronxcc' package which is not supported in NKI kernels; use the 'nki' package instead
      _copy_with_engine(
      ^
/opt/aws_neuronx_venv_pytorch_inference_vllm_0_16/lib/python3.12/site-packages/neuronxcc/private_nkl/transpose.py:586:17: warning: 'neuronxcc.private_nkl.utils.tiled_range.TiledRange' is from the 'neuronxcc' package which is not supported in NKI kernels; use the 'nki' package instead
  I_128_tiles = TiledRange(I_tile, nl.tile_size.pmax)
                ^
/opt/aws_neuronx_venv_pytorch_inference_vllm_0_16/lib/python3.12/site-packages/neuronxcc/private_nkl/transpose.py:588:17: warning: 'neuronxcc.private_nkl.utils.tiled_range.TiledRange' is from the 'neuronxcc' package which is not supported in NKI kernels; use the 'nki' package instead
  J_128_tiles = TiledRange(J_tile, nl.tile_size.pmax)
                ^
/opt/aws_neuronx_venv_pytorch_inference_vllm_0_16/lib/python3.12/site-packages/neuronxcc/private_nkl/transpose.py:596:21: warning: 'neuronxcc.private_nkl.utils.tiled_range.TiledRange' is from the 'neuronxcc' package which is not supported in NKI kernels; use the 'nki' package instead
  for I_128_tile in TiledRange(I_tile.size, nl.tile_size.pmax):
                    ^
/opt/aws_neuronx_venv_pytorch_inference_vllm_0_16/lib/python3.12/site-packages/neuronxcc/private_nkl/transpose.py:597:23: warning: 'neuronxcc.private_nkl.utils.tiled_range.TiledRange' is from the 'neuronxcc' package which is not supported in NKI kernels; use the 'nki' package instead
    for J_512_tile in TiledRange(J_tile.size, nl.tile_size.psum_fmax):
                      ^
/opt/aws_neuronx_venv_pytorch_inference_vllm_0_16/lib/python3.12/site-packages/neuronxcc/private_nkl/transpose.py:609:25: warning: 'neuronxcc.private_nkl.utils.tiled_range.TiledRange' is from the 'neuronxcc' package which is not supported in NKI kernels; use the 'nki' package instead
      for J_128_tile in TiledRange(J_512_tile, nl.tile_size.pmax):
                        ^
/opt/aws_neuronx_venv_pytorch_inference_vllm_0_16/lib/python3.12/site-packages/neuronxcc/private_nkl/transpose.py:628:9: warning: 'neuronxcc.private_nkl.transpose._copy_with_engine' is from the 'neuronxcc' package which is not supported in NKI kernels; use the 'nki' package instead
        _copy_with_engine(
        ^
/opt/aws_neuronx_venv_pytorch_inference_vllm_0_16/lib/python3.12/site-packages/neuronxcc/private_nkl/transpose.py:652:9: warning: 'neuronxcc.private_nkl.transpose._copy_with_engine' is from the 'neuronxcc' package which is not supported in NKI kernels; use the 'nki' package instead
        _copy_with_engine(
        ^
/opt/aws_neuronx_venv_pytorch_inference_vllm_0_16/lib/python3.12/site-packages/neuronxcc/private_nkl/transpose.py:38:10: warning: 'neuronxcc.private_nkl.transpose_utils.is_valid_permutation' is from the 'neuronxcc' package which is not supported in NKI kernels; use the 'nki' package instead
  assert is_valid_permutation(permutation), "input permutation is invalid"
         ^
/opt/aws_neuronx_venv_pytorch_inference_vllm_0_16/lib/python3.12/site-packages/neuronxcc/private_nkl/transpose.py:41:10: warning: 'neuronxcc.private_nkl.transpose_utils.n_elts' is from the 'neuronxcc' package which is not supported in NKI kernels; use the 'nki' package instead
  assert n_elts(in_shape) == n_elts(in_tensor.shape), "tensor shape is invalid"
         ^
/opt/aws_neuronx_venv_pytorch_inference_vllm_0_16/lib/python3.12/site-packages/neuronxcc/private_nkl/transpose.py:41:30: warning: 'neuronxcc.private_nkl.transpose_utils.n_elts' is from the 'neuronxcc' package which is not supported in NKI kernels; use the 'nki' package instead
  assert n_elts(in_shape) == n_elts(in_tensor.shape), "tensor shape is invalid"
                             ^
/opt/aws_neuronx_venv_pytorch_inference_vllm_0_16/lib/python3.12/site-packages/neuronxcc/private_nkl/transpose.py:32:20: warning: 'neuronxcc.private_nkl.utils.StackAllocator.sizeinbytes' is from the 'neuronxcc' package which is not supported in NKI kernels; use the 'nki' package instead
  return (98304 // sizeinbytes(dtype)) // 2
                   ^
/opt/aws_neuronx_venv_pytorch_inference_vllm_0_16/lib/python3.12/site-packages/neuronxcc/private_nkl/transpose.py:886:29: warning: 'neuronxcc.private_nkl.utils.kernel_helpers.get_program_sharding_info' is from the 'neuronxcc' package which is not supported in NKI kernels; use the 'nki' package instead
  _, num_shards, shard_id = get_program_sharding_info()
                            ^
/opt/aws_neuronx_venv_pytorch_inference_vllm_0_16/lib/python3.12/site-packages/neuronxcc/private_nkl/transpose.py:887:9: warning: 'neuronxcc.private_nkl.transpose._pe_transpose' is from the 'neuronxcc' package which is not supported in NKI kernels; use the 'nki' package instead
  out = _pe_transpose(in_tensor, in_shape, permutation, out_dtype, num_shards, shard_id)
        ^
/opt/aws_neuronx_venv_pytorch_inference_vllm_0_16/lib/python3.12/site-packages/neuronxcc/private_nkl/transpose_utils.py:71:10: warning: 'neuronxcc.private_nkl.transpose_utils.is_valid_permutation' is from the 'neuronxcc' package which is not supported in NKI kernels; use the 'nki' package instead
  if not is_valid_permutation(permutation):
         ^
/opt/aws_neuronx_venv_pytorch_inference_vllm_0_16/lib/python3.12/site-packages/neuronxcc/private_nkl/utils/tiled_range.py:66:23: warning: 'neuronxcc.private_nkl.utils.tiled_range.TiledRangeIterator' is from the 'neuronxcc' package which is not supported in NKI kernels; use the 'nki' package instead
  if isinstance(size, TiledRangeIterator):
                      ^
/opt/aws_neuronx_venv_pytorch_inference_vllm_0_16/lib/python3.12/site-packages/neuronxcc/private_nkl/utils/tiled_range.py:84:22: warning: 'neuronxcc.private_nkl.utils.tiled_range.TiledRangeIterator' is from the 'neuronxcc' package which is not supported in NKI kernels; use the 'nki' package instead
    iterators.append(TiledRangeIterator(current_tile_size, i, base_offset + relative_offset))
                     ^
/opt/aws_neuronx_venv_pytorch_inference_vllm_0_16/lib/python3.12/site-packages/neuronxcc/private_nkl/transpose.py:458:17: warning: 'neuronxcc.private_nkl.utils.tiled_range.TiledRange' is from the 'neuronxcc' package which is not supported in NKI kernels; use the 'nki' package instead
  I_128_tiles = TiledRange(I_tile, nl.tile_size.pmax)
                ^
/opt/aws_neuronx_venv_pytorch_inference_vllm_0_16/lib/python3.12/site-packages/neuronxcc/private_nkl/transpose.py:465:33: warning: 'neuronxcc.private_nkl.utils.tiled_range.TiledRange' is from the 'neuronxcc' package which is not supported in NKI kernels; use the 'nki' package instead
    for vectorization_factor in TiledRange(num_full_128_tiles_per_I_tile, VECTORIZATION_FACTOR):
                                ^
/opt/aws_neuronx_venv_pytorch_inference_vllm_0_16/lib/python3.12/site-packages/neuronxcc/private_nkl/transpose.py:284:16: warning: 'neuronxcc.private_nkl.transpose.max_f_size' is from the 'neuronxcc' package which is not supported in NKI kernels; use the 'nki' package instead
  MAX_F_SIZE = max_f_size(dtype)
               ^
/opt/aws_neuronx_venv_pytorch_inference_vllm_0_16/lib/python3.12/site-packages/neuronxcc/private_nkl/transpose.py:289:15: warning: 'neuronxcc.private_nkl.transpose_utils.next_multiple' is from the 'neuronxcc' package which is not supported in NKI kernels; use the 'nki' package instead
    return I, next_multiple(min(J, MAX_F_SIZE), 128)
              ^
/opt/aws_neuronx_venv_pytorch_inference_vllm_0_16/lib/python3.12/site-packages/neuronxcc/private_nkl/transpose.py:291:12: warning: 'neuronxcc.private_nkl.transpose_utils.next_multiple' is from the 'neuronxcc' package which is not supported in NKI kernels; use the 'nki' package instead
    return next_multiple(min(I, MAX_F_SIZE), 128), J
           ^
/opt/aws_neuronx_venv_pytorch_inference_vllm_0_16/lib/python3.12/site-packages/neuronxcc/private_nkl/transpose.py:302:19: warning: 'neuronxcc.private_nkl.transpose_utils.next_multiple' is from the 'neuronxcc' package which is not supported in NKI kernels; use the 'nki' package instead
    I_tile_size = next_multiple(I_tile_size, 128)
                  ^
/opt/aws_neuronx_venv_pytorch_inference_vllm_0_16/lib/python3.12/site-packages/neuronxcc/private_nkl/transpose.py:303:19: warning: 'neuronxcc.private_nkl.transpose_utils.next_multiple' is from the 'neuronxcc' package which is not supported in NKI kernels; use the 'nki' package instead
    J_tile_size = next_multiple(J_tile_size, 128)
                  ^
/opt/aws_neuronx_venv_pytorch_inference_vllm_0_16/lib/python3.12/site-packages/neuronxcc/private_nkl/transpose.py:681:17: warning: 'neuronxcc.private_nkl.utils.tiled_range.TiledRange' is from the 'neuronxcc' package which is not supported in NKI kernels; use the 'nki' package instead
  J_128_tiles = TiledRange(J_tile, nl.tile_size.pmax)
                ^
/opt/aws_neuronx_venv_pytorch_inference_vllm_0_16/lib/python3.12/site-packages/neuronxcc/private_nkl/transpose.py:688:33: warning: 'neuronxcc.private_nkl.utils.tiled_range.TiledRange' is from the 'neuronxcc' package which is not supported in NKI kernels; use the 'nki' package instead
    for vectorization_factor in TiledRange(num_full_128_tiles_per_J_tile, VECTORIZATION_FACTOR):
                                ^
/opt/aws_neuronx_venv_pytorch_inference_vllm_0_16/lib/python3.12/site-packages/neuronxcc/private_nkl/transpose.py:751:3: warning: 'neuronxcc.private_nkl.transpose.check_input_transpose' is from the 'neuronxcc' package which is not supported in NKI kernels; use the 'nki' package instead
  check_input_transpose(in_tensor, in_shape, permutation)
  ^
/opt/aws_neuronx_venv_pytorch_inference_vllm_0_16/lib/python3.12/site-packages/neuronxcc/private_nkl/transpose.py:757:33: warning: 'neuronxcc.private_nkl.transpose_utils.permutation_reduction' is from the 'neuronxcc' package which is not supported in NKI kernels; use the 'nki' package instead
  reduced_perm, reduced_shape = permutation_reduction(in_shape, permutation)
                                ^
/opt/aws_neuronx_venv_pytorch_inference_vllm_0_16/lib/python3.12/site-packages/neuronxcc/private_nkl/transpose.py:758:10: warning: 'neuronxcc.private_nkl.transpose_utils.permutes_last_two_dims' is from the 'neuronxcc' package which is not supported in NKI kernels; use the 'nki' package instead
  assert permutes_last_two_dims(reduced_perm), f"must permutate last two dims, got {reduced_perm}"
         ^
/opt/aws_neuronx_venv_pytorch_inference_vllm_0_16/lib/python3.12/site-packages/neuronxcc/private_nkl/transpose.py:763:11: warning: 'neuronxcc.private_nkl.transpose._str_to_dtype' is from the 'neuronxcc' package which is not supported in NKI kernels; use the 'nki' package instead
    dtype=_str_to_dtype(out_dtype),
          ^
/opt/aws_neuronx_venv_pytorch_inference_vllm_0_16/lib/python3.12/site-packages/neuronxcc/private_nkl/transpose.py:764:12: warning: 'neuronxcc.private_nkl.transpose_utils._get_hbm_buffer' is from the 'neuronxcc' package which is not supported in NKI kernels; use the 'nki' package instead
    buffer=_get_hbm_buffer(),
           ^
/opt/aws_neuronx_venv_pytorch_inference_vllm_0_16/lib/python3.12/site-packages/neuronxcc/private_nkl/transpose.py:767:3: warning: 'neuronxcc.private_nkl.transpose._pe_transpose_impl' is from the 'neuronxcc' package which is not supported in NKI kernels; use the 'nki' package instead
  _pe_transpose_impl(in_tensor, out_tensor, num_shards, shard_id)
  ^
/opt/aws_neuronx_venv_pytorch_inference_vllm_0_16/lib/python3.12/site-packages/neuronxcc/private_nkl/transpose.py:373:25: warning: 'neuronxcc.private_nkl.transpose_utils.n_elts' is from the 'neuronxcc' package which is not supported in NKI kernels; use the 'nki' package instead
  flattened_B_dim = int(n_elts(in_shape[:-2])) if in_shape[:-2] else 1
                        ^
/opt/aws_neuronx_venv_pytorch_inference_vllm_0_16/lib/python3.12/site-packages/neuronxcc/private_nkl/transpose.py:378:30: warning: 'neuronxcc.private_nkl.transpose._pe_optimal_tile_sizes' is from the 'neuronxcc' package which is not supported in NKI kernels; use the 'nki' package instead
  I_tile_size, J_tile_size = _pe_optimal_tile_sizes(I, J, in_tensor.dtype)
                             ^
/opt/aws_neuronx_venv_pytorch_inference_vllm_0_16/lib/python3.12/site-packages/neuronxcc/private_nkl/transpose.py:381:17: warning: 'neuronxcc.private_nkl.utils.kernel_helpers.div_ceil' is from the 'neuronxcc' package which is not supported in NKI kernels; use the 'nki' package instead
  b_per_shard = div_ceil(flattened_B_dim, num_shards)
                ^
/opt/aws_neuronx_venv_pytorch_inference_vllm_0_16/lib/python3.12/site-packages/neuronxcc/private_nkl/transpose.py:384:19: warning: 'neuronxcc.private_nkl.transpose._to_compute_dtype' is from the 'neuronxcc' package which is not supported in NKI kernels; use the 'nki' package instead
  compute_dtype = _to_compute_dtype(in_tensor.dtype)
                  ^
/opt/aws_neuronx_venv_pytorch_inference_vllm_0_16/lib/python3.12/site-packages/neuronxcc/private_nkl/transpose.py:398:19: warning: 'neuronxcc.private_nkl.utils.tiled_range.TiledRange' is from the 'neuronxcc' package which is not supported in NKI kernels; use the 'nki' package instead
    for I_tile in TiledRange(I, I_tile_size):
                  ^
/opt/aws_neuronx_venv_pytorch_inference_vllm_0_16/lib/python3.12/site-packages/neuronxcc/private_nkl/transpose.py:399:21: warning: 'neuronxcc.private_nkl.utils.tiled_range.TiledRange' is from the 'neuronxcc' package which is not supported in NKI kernels; use the 'nki' package instead
      for J_tile in TiledRange(J, J_tile_size):
                    ^
/opt/aws_neuronx_venv_pytorch_inference_vllm_0_16/lib/python3.12/site-packages/neuronxcc/private_nkl/transpose.py:400:23: warning: 'neuronxcc.private_nkl.utils.tiled_range.TiledRange' is from the 'neuronxcc' package which is not supported in NKI kernels; use the 'nki' package instead
        I_128_tiles = TiledRange(I_tile, nl.tile_size.pmax)
                      ^
/opt/aws_neuronx_venv_pytorch_inference_vllm_0_16/lib/python3.12/site-packages/neuronxcc/private_nkl/transpose.py:405:23: warning: 'neuronxcc.private_nkl.utils.tiled_range.TiledRange' is from the 'neuronxcc' package which is not supported in NKI kernels; use the 'nki' package instead
        J_128_tiles = TiledRange(J_tile, nl.tile_size.pmax)
                      ^
/opt/aws_neuronx_venv_pytorch_inference_vllm_0_16/lib/python3.12/site-packages/neuronxcc/private_nkl/transpose.py:411:9: warning: 'neuronxcc.private_nkl.transpose._pe_load_tile' is from the 'neuronxcc' package which is not supported in NKI kernels; use the 'nki' package instead
        _pe_load_tile(
        ^
/opt/aws_neuronx_venv_pytorch_inference_vllm_0_16/lib/python3.12/site-packages/neuronxcc/private_nkl/transpose.py:422:11: warning: 'neuronxcc.private_nkl.transpose._pe_transpose_tile_I_vectorized' is from the 'neuronxcc' package which is not supported in NKI kernels; use the 'nki' package instead
          _pe_transpose_tile_I_vectorized(
          ^
/opt/aws_neuronx_venv_pytorch_inference_vllm_0_16/lib/python3.12/site-packages/neuronxcc/private_nkl/transpose.py:430:11: warning: 'neuronxcc.private_nkl.transpose._pe_transpose_tile_J_vectorized' is from the 'neuronxcc' package which is not supported in NKI kernels; use the 'nki' package instead
          _pe_transpose_tile_J_vectorized(
          ^
/opt/aws_neuronx_venv_pytorch_inference_vllm_0_16/lib/python3.12/site-packages/neuronxcc/private_nkl/transpose.py:438:9: warning: 'neuronxcc.private_nkl.transpose._pe_store_tile' is from the 'neuronxcc' package which is not supported in NKI kernels; use the 'nki' package instead
        _pe_store_tile(
        ^
/opt/aws_neuronx_venv_pytorch_inference_vllm_0_16/lib/python3.12/site-packages/neuronxcc/private_nkl/transpose.py:527:17: warning: 'neuronxcc.private_nkl.utils.tiled_range.TiledRange' is from the 'neuronxcc' package which is not supported in NKI kernels; use the 'nki' package instead
  I_128_tiles = TiledRange(I_tile, nl.tile_size.pmax)
                ^
/opt/aws_neuronx_venv_pytorch_inference_vllm_0_16/lib/python3.12/site-packages/neuronxcc/private_nkl/transpose.py:529:17: warning: 'neuronxcc.private_nkl.utils.tiled_range.TiledRange' is from the 'neuronxcc' package which is not supported in NKI kernels; use the 'nki' package instead
  J_128_tiles = TiledRange(J_tile, nl.tile_size.pmax)
                ^
/opt/aws_neuronx_venv_pytorch_inference_vllm_0_16/lib/python3.12/site-packages/neuronxcc/private_nkl/transpose.py:538:21: warning: 'neuronxcc.private_nkl.utils.tiled_range.TiledRange' is from the 'neuronxcc' package which is not supported in NKI kernels; use the 'nki' package instead
  for J_128_tile in TiledRange(J_tile.size, nl.tile_size.pmax):
                    ^
/opt/aws_neuronx_venv_pytorch_inference_vllm_0_16/lib/python3.12/site-packages/neuronxcc/private_nkl/transpose.py:539:23: warning: 'neuronxcc.private_nkl.utils.tiled_range.TiledRange' is from the 'neuronxcc' package which is not supported in NKI kernels; use the 'nki' package instead
    for I_512_tile in TiledRange(I_tile.size, nl.tile_size.psum_fmax):
                      ^
/opt/aws_neuronx_venv_pytorch_inference_vllm_0_16/lib/python3.12/site-packages/neuronxcc/private_nkl/transpose.py:551:25: warning: 'neuronxcc.private_nkl.utils.tiled_range.TiledRange' is from the 'neuronxcc' package which is not supported in NKI kernels; use the 'nki' package instead
      for I_128_tile in TiledRange(I_512_tile, nl.tile_size.pmax):
                        ^
/opt/aws_neuronx_venv_pytorch_inference_vllm_0_16/lib/python3.12/site-packages/neuronxcc/private_nkl/transpose.py:569:7: warning: 'neuronxcc.private_nkl.transpose._copy_with_engine' is from the 'neuronxcc' package which is not supported in NKI kernels; use the 'nki' package instead
      _copy_with_engine(
      ^
/opt/aws_neuronx_venv_pytorch_inference_vllm_0_16/lib/python3.12/site-packages/neuronxcc/private_nkl/transpose.py:586:17: warning: 'neuronxcc.private_nkl.utils.tiled_range.TiledRange' is from the 'neuronxcc' package which is not supported in NKI kernels; use the 'nki' package instead
  I_128_tiles = TiledRange(I_tile, nl.tile_size.pmax)
                ^
/opt/aws_neuronx_venv_pytorch_inference_vllm_0_16/lib/python3.12/site-packages/neuronxcc/private_nkl/transpose.py:588:17: warning: 'neuronxcc.private_nkl.utils.tiled_range.TiledRange' is from the 'neuronxcc' package which is not supported in NKI kernels; use the 'nki' package instead
  J_128_tiles = TiledRange(J_tile, nl.tile_size.pmax)
                ^
/opt/aws_neuronx_venv_pytorch_inference_vllm_0_16/lib/python3.12/site-packages/neuronxcc/private_nkl/transpose.py:596:21: warning: 'neuronxcc.private_nkl.utils.tiled_range.TiledRange' is from the 'neuronxcc' package which is not supported in NKI kernels; use the 'nki' package instead
  for I_128_tile in TiledRange(I_tile.size, nl.tile_size.pmax):
                    ^
/opt/aws_neuronx_venv_pytorch_inference_vllm_0_16/lib/python3.12/site-packages/neuronxcc/private_nkl/transpose.py:597:23: warning: 'neuronxcc.private_nkl.utils.tiled_range.TiledRange' is from the 'neuronxcc' package which is not supported in NKI kernels; use the 'nki' package instead
    for J_512_tile in TiledRange(J_tile.size, nl.tile_size.psum_fmax):
                      ^
/opt/aws_neuronx_venv_pytorch_inference_vllm_0_16/lib/python3.12/site-packages/neuronxcc/private_nkl/transpose.py:609:25: warning: 'neuronxcc.private_nkl.utils.tiled_range.TiledRange' is from the 'neuronxcc' package which is not supported in NKI kernels; use the 'nki' package instead
      for J_128_tile in TiledRange(J_512_tile, nl.tile_size.pmax):
                        ^
/opt/aws_neuronx_venv_pytorch_inference_vllm_0_16/lib/python3.12/site-packages/neuronxcc/private_nkl/transpose.py:628:9: warning: 'neuronxcc.private_nkl.transpose._copy_with_engine' is from the 'neuronxcc' package which is not supported in NKI kernels; use the 'nki' package instead
        _copy_with_engine(
        ^
/opt/aws_neuronx_venv_pytorch_inference_vllm_0_16/lib/python3.12/site-packages/neuronxcc/private_nkl/transpose.py:652:9: warning: 'neuronxcc.private_nkl.transpose._copy_with_engine' is from the 'neuronxcc' package which is not supported in NKI kernels; use the 'nki' package instead
        _copy_with_engine(
        ^
/opt/aws_neuronx_venv_pytorch_inference_vllm_0_16/lib/python3.12/site-packages/neuronxcc/private_nkl/transpose.py:38:10: warning: 'neuronxcc.private_nkl.transpose_utils.is_valid_permutation' is from the 'neuronxcc' package which is not supported in NKI kernels; use the 'nki' package instead
  assert is_valid_permutation(permutation), "input permutation is invalid"
         ^
/opt/aws_neuronx_venv_pytorch_inference_vllm_0_16/lib/python3.12/site-packages/neuronxcc/private_nkl/transpose.py:41:10: warning: 'neuronxcc.private_nkl.transpose_utils.n_elts' is from the 'neuronxcc' package which is not supported in NKI kernels; use the 'nki' package instead
  assert n_elts(in_shape) == n_elts(in_tensor.shape), "tensor shape is invalid"
         ^
/opt/aws_neuronx_venv_pytorch_inference_vllm_0_16/lib/python3.12/site-packages/neuronxcc/private_nkl/transpose.py:41:30: warning: 'neuronxcc.private_nkl.transpose_utils.n_elts' is from the 'neuronxcc' package which is not supported in NKI kernels; use the 'nki' package instead
  assert n_elts(in_shape) == n_elts(in_tensor.shape), "tensor shape is invalid"
                             ^
/opt/aws_neuronx_venv_pytorch_inference_vllm_0_16/lib/python3.12/site-packages/neuronxcc/private_nkl/transpose.py:32:20: warning: 'neuronxcc.private_nkl.utils.StackAllocator.sizeinbytes' is from the 'neuronxcc' package which is not supported in NKI kernels; use the 'nki' package instead
  return (98304 // sizeinbytes(dtype)) // 2
                   ^
/opt/aws_neuronx_venv_pytorch_inference_vllm_0_16/lib/python3.12/site-packages/neuronxcc/private_nkl/transpose.py:886:29: warning: 'neuronxcc.private_nkl.utils.kernel_helpers.get_program_sharding_info' is from the 'neuronxcc' package which is not supported in NKI kernels; use the 'nki' package instead
  _, num_shards, shard_id = get_program_sharding_info()
                            ^
/opt/aws_neuronx_venv_pytorch_inference_vllm_0_16/lib/python3.12/site-packages/neuronxcc/private_nkl/transpose.py:887:9: warning: 'neuronxcc.private_nkl.transpose._pe_transpose' is from the 'neuronxcc' package which is not supported in NKI kernels; use the 'nki' package instead
  out = _pe_transpose(in_tensor, in_shape, permutation, out_dtype, num_shards, shard_id)
        ^
/opt/aws_neuronx_venv_pytorch_inference_vllm_0_16/lib/python3.12/site-packages/neuronxcc/private_nkl/transpose_utils.py:71:10: warning: 'neuronxcc.private_nkl.transpose_utils.is_valid_permutation' is from the 'neuronxcc' package which is not supported in NKI kernels; use the 'nki' package instead
  if not is_valid_permutation(permutation):
         ^
/opt/aws_neuronx_venv_pytorch_inference_vllm_0_16/lib/python3.12/site-packages/neuronxcc/private_nkl/utils/tiled_range.py:66:23: warning: 'neuronxcc.private_nkl.utils.tiled_range.TiledRangeIterator' is from the 'neuronxcc' package which is not supported in NKI kernels; use the 'nki' package instead
  if isinstance(size, TiledRangeIterator):
                      ^
/opt/aws_neuronx_venv_pytorch_inference_vllm_0_16/lib/python3.12/site-packages/neuronxcc/private_nkl/utils/tiled_range.py:84:22: warning: 'neuronxcc.private_nkl.utils.tiled_range.TiledRangeIterator' is from the 'neuronxcc' package which is not supported in NKI kernels; use the 'nki' package instead
    iterators.append(TiledRangeIterator(current_tile_size, i, base_offset + relative_offset))
                     ^
/opt/aws_neuronx_venv_pytorch_inference_vllm_0_16/lib/python3.12/site-packages/neuronxcc/private_nkl/transpose.py:458:17: warning: 'neuronxcc.private_nkl.utils.tiled_range.TiledRange' is from the 'neuronxcc' package which is not supported in NKI kernels; use the 'nki' package instead
  I_128_tiles = TiledRange(I_tile, nl.tile_size.pmax)
                ^
/opt/aws_neuronx_venv_pytorch_inference_vllm_0_16/lib/python3.12/site-packages/neuronxcc/private_nkl/transpose.py:465:33: warning: 'neuronxcc.private_nkl.utils.tiled_range.TiledRange' is from the 'neuronxcc' package which is not supported in NKI kernels; use the 'nki' package instead
    for vectorization_factor in TiledRange(num_full_128_tiles_per_I_tile, VECTORIZATION_FACTOR):
                                ^
/opt/aws_neuronx_venv_pytorch_inference_vllm_0_16/lib/python3.12/site-packages/neuronxcc/private_nkl/transpose.py:284:16: warning: 'neuronxcc.private_nkl.transpose.max_f_size' is from the 'neuronxcc' package which is not supported in NKI kernels; use the 'nki' package instead
  MAX_F_SIZE = max_f_size(dtype)
               ^
/opt/aws_neuronx_venv_pytorch_inference_vllm_0_16/lib/python3.12/site-packages/neuronxcc/private_nkl/transpose.py:289:15: warning: 'neuronxcc.private_nkl.transpose_utils.next_multiple' is from the 'neuronxcc' package which is not supported in NKI kernels; use the 'nki' package instead
    return I, next_multiple(min(J, MAX_F_SIZE), 128)
              ^
/opt/aws_neuronx_venv_pytorch_inference_vllm_0_16/lib/python3.12/site-packages/neuronxcc/private_nkl/transpose.py:291:12: warning: 'neuronxcc.private_nkl.transpose_utils.next_multiple' is from the 'neuronxcc' package which is not supported in NKI kernels; use the 'nki' package instead
    return next_multiple(min(I, MAX_F_SIZE), 128), J
           ^
/opt/aws_neuronx_venv_pytorch_inference_vllm_0_16/lib/python3.12/site-packages/neuronxcc/private_nkl/transpose.py:302:19: warning: 'neuronxcc.private_nkl.transpose_utils.next_multiple' is from the 'neuronxcc' package which is not supported in NKI kernels; use the 'nki' package instead
    I_tile_size = next_multiple(I_tile_size, 128)
                  ^
/opt/aws_neuronx_venv_pytorch_inference_vllm_0_16/lib/python3.12/site-packages/neuronxcc/private_nkl/transpose.py:303:19: warning: 'neuronxcc.private_nkl.transpose_utils.next_multiple' is from the 'neuronxcc' package which is not supported in NKI kernels; use the 'nki' package instead
    J_tile_size = next_multiple(J_tile_size, 128)
                  ^
/opt/aws_neuronx_venv_pytorch_inference_vllm_0_16/lib/python3.12/site-packages/neuronxcc/private_nkl/transpose.py:681:17: warning: 'neuronxcc.private_nkl.utils.tiled_range.TiledRange' is from the 'neuronxcc' package which is not supported in NKI kernels; use the 'nki' package instead
  J_128_tiles = TiledRange(J_tile, nl.tile_size.pmax)
                ^
/opt/aws_neuronx_venv_pytorch_inference_vllm_0_16/lib/python3.12/site-packages/neuronxcc/private_nkl/transpose.py:688:33: warning: 'neuronxcc.private_nkl.utils.tiled_range.TiledRange' is from the 'neuronxcc' package which is not supported in NKI kernels; use the 'nki' package instead
    for vectorization_factor in TiledRange(num_full_128_tiles_per_J_tile, VECTORIZATION_FACTOR):
                                ^
/opt/aws_neuronx_venv_pytorch_inference_vllm_0_16/lib/python3.12/site-packages/neuronxcc/private_nkl/transpose.py:751:3: warning: 'neuronxcc.private_nkl.transpose.check_input_transpose' is from the 'neuronxcc' package which is not supported in NKI kernels; use the 'nki' package instead
  check_input_transpose(in_tensor, in_shape, permutation)
  ^
/opt/aws_neuronx_venv_pytorch_inference_vllm_0_16/lib/python3.12/site-packages/neuronxcc/private_nkl/transpose.py:757:33: warning: 'neuronxcc.private_nkl.transpose_utils.permutation_reduction' is from the 'neuronxcc' package which is not supported in NKI kernels; use the 'nki' package instead
  reduced_perm, reduced_shape = permutation_reduction(in_shape, permutation)
                                ^
/opt/aws_neuronx_venv_pytorch_inference_vllm_0_16/lib/python3.12/site-packages/neuronxcc/private_nkl/transpose.py:758:10: warning: 'neuronxcc.private_nkl.transpose_utils.permutes_last_two_dims' is from the 'neuronxcc' package which is not supported in NKI kernels; use the 'nki' package instead
  assert permutes_last_two_dims(reduced_perm), f"must permutate last two dims, got {reduced_perm}"
         ^
/opt/aws_neuronx_venv_pytorch_inference_vllm_0_16/lib/python3.12/site-packages/neuronxcc/private_nkl/transpose.py:763:11: warning: 'neuronxcc.private_nkl.transpose._str_to_dtype' is from the 'neuronxcc' package which is not supported in NKI kernels; use the 'nki' package instead
    dtype=_str_to_dtype(out_dtype),
          ^
/opt/aws_neuronx_venv_pytorch_inference_vllm_0_16/lib/python3.12/site-packages/neuronxcc/private_nkl/transpose.py:764:12: warning: 'neuronxcc.private_nkl.transpose_utils._get_hbm_buffer' is from the 'neuronxcc' package which is not supported in NKI kernels; use the 'nki' package instead
    buffer=_get_hbm_buffer(),
           ^
/opt/aws_neuronx_venv_pytorch_inference_vllm_0_16/lib/python3.12/site-packages/neuronxcc/private_nkl/transpose.py:767:3: warning: 'neuronxcc.private_nkl.transpose._pe_transpose_impl' is from the 'neuronxcc' package which is not supported in NKI kernels; use the 'nki' package instead
  _pe_transpose_impl(in_tensor, out_tensor, num_shards, shard_id)
  ^
/opt/aws_neuronx_venv_pytorch_inference_vllm_0_16/lib/python3.12/site-packages/neuronxcc/private_nkl/transpose.py:373:25: warning: 'neuronxcc.private_nkl.transpose_utils.n_elts' is from the 'neuronxcc' package which is not supported in NKI kernels; use the 'nki' package instead
  flattened_B_dim = int(n_elts(in_shape[:-2])) if in_shape[:-2] else 1
                        ^
/opt/aws_neuronx_venv_pytorch_inference_vllm_0_16/lib/python3.12/site-packages/neuronxcc/private_nkl/transpose.py:378:30: warning: 'neuronxcc.private_nkl.transpose._pe_optimal_tile_sizes' is from the 'neuronxcc' package which is not supported in NKI kernels; use the 'nki' package instead
  I_tile_size, J_tile_size = _pe_optimal_tile_sizes(I, J, in_tensor.dtype)
                             ^
/opt/aws_neuronx_venv_pytorch_inference_vllm_0_16/lib/python3.12/site-packages/neuronxcc/private_nkl/transpose.py:381:17: warning: 'neuronxcc.private_nkl.utils.kernel_helpers.div_ceil' is from the 'neuronxcc' package which is not supported in NKI kernels; use the 'nki' package instead
  b_per_shard = div_ceil(flattened_B_dim, num_shards)
                ^
/opt/aws_neuronx_venv_pytorch_inference_vllm_0_16/lib/python3.12/site-packages/neuronxcc/private_nkl/transpose.py:384:19: warning: 'neuronxcc.private_nkl.transpose._to_compute_dtype' is from the 'neuronxcc' package which is not supported in NKI kernels; use the 'nki' package instead
  compute_dtype = _to_compute_dtype(in_tensor.dtype)
                  ^
/opt/aws_neuronx_venv_pytorch_inference_vllm_0_16/lib/python3.12/site-packages/neuronxcc/private_nkl/transpose.py:398:19: warning: 'neuronxcc.private_nkl.utils.tiled_range.TiledRange' is from the 'neuronxcc' package which is not supported in NKI kernels; use the 'nki' package instead
    for I_tile in TiledRange(I, I_tile_size):
                  ^
/opt/aws_neuronx_venv_pytorch_inference_vllm_0_16/lib/python3.12/site-packages/neuronxcc/private_nkl/transpose.py:399:21: warning: 'neuronxcc.private_nkl.utils.tiled_range.TiledRange' is from the 'neuronxcc' package which is not supported in NKI kernels; use the 'nki' package instead
      for J_tile in TiledRange(J, J_tile_size):
                    ^
/opt/aws_neuronx_venv_pytorch_inference_vllm_0_16/lib/python3.12/site-packages/neuronxcc/private_nkl/transpose.py:400:23: warning: 'neuronxcc.private_nkl.utils.tiled_range.TiledRange' is from the 'neuronxcc' package which is not supported in NKI kernels; use the 'nki' package instead
        I_128_tiles = TiledRange(I_tile, nl.tile_size.pmax)
                      ^
/opt/aws_neuronx_venv_pytorch_inference_vllm_0_16/lib/python3.12/site-packages/neuronxcc/private_nkl/transpose.py:405:23: warning: 'neuronxcc.private_nkl.utils.tiled_range.TiledRange' is from the 'neuronxcc' package which is not supported in NKI kernels; use the 'nki' package instead
        J_128_tiles = TiledRange(J_tile, nl.tile_size.pmax)
                      ^
/opt/aws_neuronx_venv_pytorch_inference_vllm_0_16/lib/python3.12/site-packages/neuronxcc/private_nkl/transpose.py:411:9: warning: 'neuronxcc.private_nkl.transpose._pe_load_tile' is from the 'neuronxcc' package which is not supported in NKI kernels; use the 'nki' package instead
        _pe_load_tile(
        ^
/opt/aws_neuronx_venv_pytorch_inference_vllm_0_16/lib/python3.12/site-packages/neuronxcc/private_nkl/transpose.py:422:11: warning: 'neuronxcc.private_nkl.transpose._pe_transpose_tile_I_vectorized' is from the 'neuronxcc' package which is not supported in NKI kernels; use the 'nki' package instead
          _pe_transpose_tile_I_vectorized(
          ^
/opt/aws_neuronx_venv_pytorch_inference_vllm_0_16/lib/python3.12/site-packages/neuronxcc/private_nkl/transpose.py:430:11: warning: 'neuronxcc.private_nkl.transpose._pe_transpose_tile_J_vectorized' is from the 'neuronxcc' package which is not supported in NKI kernels; use the 'nki' package instead
          _pe_transpose_tile_J_vectorized(
          ^
/opt/aws_neuronx_venv_pytorch_inference_vllm_0_16/lib/python3.12/site-packages/neuronxcc/private_nkl/transpose.py:438:9: warning: 'neuronxcc.private_nkl.transpose._pe_store_tile' is from the 'neuronxcc' package which is not supported in NKI kernels; use the 'nki' package instead
        _pe_store_tile(
        ^
/opt/aws_neuronx_venv_pytorch_inference_vllm_0_16/lib/python3.12/site-packages/neuronxcc/private_nkl/transpose.py:527:17: warning: 'neuronxcc.private_nkl.utils.tiled_range.TiledRange' is from the 'neuronxcc' package which is not supported in NKI kernels; use the 'nki' package instead
  I_128_tiles = TiledRange(I_tile, nl.tile_size.pmax)
                ^
/opt/aws_neuronx_venv_pytorch_inference_vllm_0_16/lib/python3.12/site-packages/neuronxcc/private_nkl/transpose.py:529:17: warning: 'neuronxcc.private_nkl.utils.tiled_range.TiledRange' is from the 'neuronxcc' package which is not supported in NKI kernels; use the 'nki' package instead
  J_128_tiles = TiledRange(J_tile, nl.tile_size.pmax)
                ^
/opt/aws_neuronx_venv_pytorch_inference_vllm_0_16/lib/python3.12/site-packages/neuronxcc/private_nkl/transpose.py:538:21: warning: 'neuronxcc.private_nkl.utils.tiled_range.TiledRange' is from the 'neuronxcc' package which is not supported in NKI kernels; use the 'nki' package instead
  for J_128_tile in TiledRange(J_tile.size, nl.tile_size.pmax):
                    ^
/opt/aws_neuronx_venv_pytorch_inference_vllm_0_16/lib/python3.12/site-packages/neuronxcc/private_nkl/transpose.py:539:23: warning: 'neuronxcc.private_nkl.utils.tiled_range.TiledRange' is from the 'neuronxcc' package which is not supported in NKI kernels; use the 'nki' package instead
    for I_512_tile in TiledRange(I_tile.size, nl.tile_size.psum_fmax):
                      ^
/opt/aws_neuronx_venv_pytorch_inference_vllm_0_16/lib/python3.12/site-packages/neuronxcc/private_nkl/transpose.py:551:25: warning: 'neuronxcc.private_nkl.utils.tiled_range.TiledRange' is from the 'neuronxcc' package which is not supported in NKI kernels; use the 'nki' package instead
      for I_128_tile in TiledRange(I_512_tile, nl.tile_size.pmax):
                        ^
/opt/aws_neuronx_venv_pytorch_inference_vllm_0_16/lib/python3.12/site-packages/neuronxcc/private_nkl/transpose.py:569:7: warning: 'neuronxcc.private_nkl.transpose._copy_with_engine' is from the 'neuronxcc' package which is not supported in NKI kernels; use the 'nki' package instead
      _copy_with_engine(
      ^
/opt/aws_neuronx_venv_pytorch_inference_vllm_0_16/lib/python3.12/site-packages/neuronxcc/private_nkl/transpose.py:586:17: warning: 'neuronxcc.private_nkl.utils.tiled_range.TiledRange' is from the 'neuronxcc' package which is not supported in NKI kernels; use the 'nki' package instead
  I_128_tiles = TiledRange(I_tile, nl.tile_size.pmax)
                ^
/opt/aws_neuronx_venv_pytorch_inference_vllm_0_16/lib/python3.12/site-packages/neuronxcc/private_nkl/transpose.py:588:17: warning: 'neuronxcc.private_nkl.utils.tiled_range.TiledRange' is from the 'neuronxcc' package which is not supported in NKI kernels; use the 'nki' package instead
  J_128_tiles = TiledRange(J_tile, nl.tile_size.pmax)
                ^
/opt/aws_neuronx_venv_pytorch_inference_vllm_0_16/lib/python3.12/site-packages/neuronxcc/private_nkl/transpose.py:596:21: warning: 'neuronxcc.private_nkl.utils.tiled_range.TiledRange' is from the 'neuronxcc' package which is not supported in NKI kernels; use the 'nki' package instead
  for I_128_tile in TiledRange(I_tile.size, nl.tile_size.pmax):
                    ^
/opt/aws_neuronx_venv_pytorch_inference_vllm_0_16/lib/python3.12/site-packages/neuronxcc/private_nkl/transpose.py:597:23: warning: 'neuronxcc.private_nkl.utils.tiled_range.TiledRange' is from the 'neuronxcc' package which is not supported in NKI kernels; use the 'nki' package instead
    for J_512_tile in TiledRange(J_tile.size, nl.tile_size.psum_fmax):
                      ^
/opt/aws_neuronx_venv_pytorch_inference_vllm_0_16/lib/python3.12/site-packages/neuronxcc/private_nkl/transpose.py:609:25: warning: 'neuronxcc.private_nkl.utils.tiled_range.TiledRange' is from the 'neuronxcc' package which is not supported in NKI kernels; use the 'nki' package instead
      for J_128_tile in TiledRange(J_512_tile, nl.tile_size.pmax):
                        ^
/opt/aws_neuronx_venv_pytorch_inference_vllm_0_16/lib/python3.12/site-packages/neuronxcc/private_nkl/transpose.py:628:9: warning: 'neuronxcc.private_nkl.transpose._copy_with_engine' is from the 'neuronxcc' package which is not supported in NKI kernels; use the 'nki' package instead
        _copy_with_engine(
        ^
/opt/aws_neuronx_venv_pytorch_inference_vllm_0_16/lib/python3.12/site-packages/neuronxcc/private_nkl/transpose.py:652:9: warning: 'neuronxcc.private_nkl.transpose._copy_with_engine' is from the 'neuronxcc' package which is not supported in NKI kernels; use the 'nki' package instead
        _copy_with_engine(
        ^
/opt/aws_neuronx_venv_pytorch_inference_vllm_0_16/lib/python3.12/site-packages/neuronxcc/private_nkl/transpose.py:38:10: warning: 'neuronxcc.private_nkl.transpose_utils.is_valid_permutation' is from the 'neuronxcc' package which is not supported in NKI kernels; use the 'nki' package instead
  assert is_valid_permutation(permutation), "input permutation is invalid"
         ^
/opt/aws_neuronx_venv_pytorch_inference_vllm_0_16/lib/python3.12/site-packages/neuronxcc/private_nkl/transpose.py:41:10: warning: 'neuronxcc.private_nkl.transpose_utils.n_elts' is from the 'neuronxcc' package which is not supported in NKI kernels; use the 'nki' package instead
  assert n_elts(in_shape) == n_elts(in_tensor.shape), "tensor shape is invalid"
         ^
/opt/aws_neuronx_venv_pytorch_inference_vllm_0_16/lib/python3.12/site-packages/neuronxcc/private_nkl/transpose.py:41:30: warning: 'neuronxcc.private_nkl.transpose_utils.n_elts' is from the 'neuronxcc' package which is not supported in NKI kernels; use the 'nki' package instead
  assert n_elts(in_shape) == n_elts(in_tensor.shape), "tensor shape is invalid"
                             ^
/opt/aws_neuronx_venv_pytorch_inference_vllm_0_16/lib/python3.12/site-packages/neuronxcc/private_nkl/transpose.py:32:20: warning: 'neuronxcc.private_nkl.utils.StackAllocator.sizeinbytes' is from the 'neuronxcc' package which is not supported in NKI kernels; use the 'nki' package instead
  return (98304 // sizeinbytes(dtype)) // 2
                   ^
/opt/aws_neuronx_venv_pytorch_inference_vllm_0_16/lib/python3.12/site-packages/neuronxcc/private_nkl/transpose.py:886:29: warning: 'neuronxcc.private_nkl.utils.kernel_helpers.get_program_sharding_info' is from the 'neuronxcc' package which is not supported in NKI kernels; use the 'nki' package instead
  _, num_shards, shard_id = get_program_sharding_info()
                            ^
/opt/aws_neuronx_venv_pytorch_inference_vllm_0_16/lib/python3.12/site-packages/neuronxcc/private_nkl/transpose.py:887:9: warning: 'neuronxcc.private_nkl.transpose._pe_transpose' is from the 'neuronxcc' package which is not supported in NKI kernels; use the 'nki' package instead
  out = _pe_transpose(in_tensor, in_shape, permutation, out_dtype, num_shards, shard_id)
        ^
/opt/aws_neuronx_venv_pytorch_inference_vllm_0_16/lib/python3.12/site-packages/neuronxcc/private_nkl/transpose_utils.py:71:10: warning: 'neuronxcc.private_nkl.transpose_utils.is_valid_permutation' is from the 'neuronxcc' package which is not supported in NKI kernels; use the 'nki' package instead
  if not is_valid_permutation(permutation):
         ^
/opt/aws_neuronx_venv_pytorch_inference_vllm_0_16/lib/python3.12/site-packages/neuronxcc/private_nkl/utils/tiled_range.py:66:23: warning: 'neuronxcc.private_nkl.utils.tiled_range.TiledRangeIterator' is from the 'neuronxcc' package which is not supported in NKI kernels; use the 'nki' package instead
  if isinstance(size, TiledRangeIterator):
                      ^
/opt/aws_neuronx_venv_pytorch_inference_vllm_0_16/lib/python3.12/site-packages/neuronxcc/private_nkl/utils/tiled_range.py:84:22: warning: 'neuronxcc.private_nkl.utils.tiled_range.TiledRangeIterator' is from the 'neuronxcc' package which is not supported in NKI kernels; use the 'nki' package instead
    iterators.append(TiledRangeIterator(current_tile_size, i, base_offset + relative_offset))
                     ^
/opt/aws_neuronx_venv_pytorch_inference_vllm_0_16/lib/python3.12/site-packages/neuronxcc/private_nkl/transpose.py:458:17: warning: 'neuronxcc.private_nkl.utils.tiled_range.TiledRange' is from the 'neuronxcc' package which is not supported in NKI kernels; use the 'nki' package instead
  I_128_tiles = TiledRange(I_tile, nl.tile_size.pmax)
                ^
/opt/aws_neuronx_venv_pytorch_inference_vllm_0_16/lib/python3.12/site-packages/neuronxcc/private_nkl/transpose.py:465:33: warning: 'neuronxcc.private_nkl.utils.tiled_range.TiledRange' is from the 'neuronxcc' package which is not supported in NKI kernels; use the 'nki' package instead
    for vectorization_factor in TiledRange(num_full_128_tiles_per_I_tile, VECTORIZATION_FACTOR):
                                ^
/opt/aws_neuronx_venv_pytorch_inference_vllm_0_16/lib/python3.12/site-packages/neuronxcc/private_nkl/transpose.py:284:16: warning: 'neuronxcc.private_nkl.transpose.max_f_size' is from the 'neuronxcc' package which is not supported in NKI kernels; use the 'nki' package instead
  MAX_F_SIZE = max_f_size(dtype)
               ^
/opt/aws_neuronx_venv_pytorch_inference_vllm_0_16/lib/python3.12/site-packages/neuronxcc/private_nkl/transpose.py:289:15: warning: 'neuronxcc.private_nkl.transpose_utils.next_multiple' is from the 'neuronxcc' package which is not supported in NKI kernels; use the 'nki' package instead
    return I, next_multiple(min(J, MAX_F_SIZE), 128)
              ^
/opt/aws_neuronx_venv_pytorch_inference_vllm_0_16/lib/python3.12/site-packages/neuronxcc/private_nkl/transpose.py:291:12: warning: 'neuronxcc.private_nkl.transpose_utils.next_multiple' is from the 'neuronxcc' package which is not supported in NKI kernels; use the 'nki' package instead
    return next_multiple(min(I, MAX_F_SIZE), 128), J
           ^
/opt/aws_neuronx_venv_pytorch_inference_vllm_0_16/lib/python3.12/site-packages/neuronxcc/private_nkl/transpose.py:302:19: warning: 'neuronxcc.private_nkl.transpose_utils.next_multiple' is from the 'neuronxcc' package which is not supported in NKI kernels; use the 'nki' package instead
    I_tile_size = next_multiple(I_tile_size, 128)
                  ^
/opt/aws_neuronx_venv_pytorch_inference_vllm_0_16/lib/python3.12/site-packages/neuronxcc/private_nkl/transpose.py:303:19: warning: 'neuronxcc.private_nkl.transpose_utils.next_multiple' is from the 'neuronxcc' package which is not supported in NKI kernels; use the 'nki' package instead
    J_tile_size = next_multiple(J_tile_size, 128)
                  ^
/opt/aws_neuronx_venv_pytorch_inference_vllm_0_16/lib/python3.12/site-packages/neuronxcc/private_nkl/transpose.py:681:17: warning: 'neuronxcc.private_nkl.utils.tiled_range.TiledRange' is from the 'neuronxcc' package which is not supported in NKI kernels; use the 'nki' package instead
  J_128_tiles = TiledRange(J_tile, nl.tile_size.pmax)
                ^
/opt/aws_neuronx_venv_pytorch_inference_vllm_0_16/lib/python3.12/site-packages/neuronxcc/private_nkl/transpose.py:688:33: warning: 'neuronxcc.private_nkl.utils.tiled_range.TiledRange' is from the 'neuronxcc' package which is not supported in NKI kernels; use the 'nki' package instead
    for vectorization_factor in TiledRange(num_full_128_tiles_per_J_tile, VECTORIZATION_FACTOR):
                                ^
/opt/aws_neuronx_venv_pytorch_inference_vllm_0_16/lib/python3.12/site-packages/neuronxcc/private_nkl/transpose.py:751:3: warning: 'neuronxcc.private_nkl.transpose.check_input_transpose' is from the 'neuronxcc' package which is not supported in NKI kernels; use the 'nki' package instead
  check_input_transpose(in_tensor, in_shape, permutation)
  ^
/opt/aws_neuronx_venv_pytorch_inference_vllm_0_16/lib/python3.12/site-packages/neuronxcc/private_nkl/transpose.py:757:33: warning: 'neuronxcc.private_nkl.transpose_utils.permutation_reduction' is from the 'neuronxcc' package which is not supported in NKI kernels; use the 'nki' package instead
  reduced_perm, reduced_shape = permutation_reduction(in_shape, permutation)
                                ^
/opt/aws_neuronx_venv_pytorch_inference_vllm_0_16/lib/python3.12/site-packages/neuronxcc/private_nkl/transpose.py:758:10: warning: 'neuronxcc.private_nkl.transpose_utils.permutes_last_two_dims' is from the 'neuronxcc' package which is not supported in NKI kernels; use the 'nki' package instead
  assert permutes_last_two_dims(reduced_perm), f"must permutate last two dims, got {reduced_perm}"
         ^
/opt/aws_neuronx_venv_pytorch_inference_vllm_0_16/lib/python3.12/site-packages/neuronxcc/private_nkl/transpose.py:763:11: warning: 'neuronxcc.private_nkl.transpose._str_to_dtype' is from the 'neuronxcc' package which is not supported in NKI kernels; use the 'nki' package instead
    dtype=_str_to_dtype(out_dtype),
          ^
/opt/aws_neuronx_venv_pytorch_inference_vllm_0_16/lib/python3.12/site-packages/neuronxcc/private_nkl/transpose.py:764:12: warning: 'neuronxcc.private_nkl.transpose_utils._get_hbm_buffer' is from the 'neuronxcc' package which is not supported in NKI kernels; use the 'nki' package instead
    buffer=_get_hbm_buffer(),
           ^
/opt/aws_neuronx_venv_pytorch_inference_vllm_0_16/lib/python3.12/site-packages/neuronxcc/private_nkl/transpose.py:767:3: warning: 'neuronxcc.private_nkl.transpose._pe_transpose_impl' is from the 'neuronxcc' package which is not supported in NKI kernels; use the 'nki' package instead
  _pe_transpose_impl(in_tensor, out_tensor, num_shards, shard_id)
  ^
/opt/aws_neuronx_venv_pytorch_inference_vllm_0_16/lib/python3.12/site-packages/neuronxcc/private_nkl/transpose.py:373:25: warning: 'neuronxcc.private_nkl.transpose_utils.n_elts' is from the 'neuronxcc' package which is not supported in NKI kernels; use the 'nki' package instead
  flattened_B_dim = int(n_elts(in_shape[:-2])) if in_shape[:-2] else 1
                        ^
/opt/aws_neuronx_venv_pytorch_inference_vllm_0_16/lib/python3.12/site-packages/neuronxcc/private_nkl/transpose.py:378:30: warning: 'neuronxcc.private_nkl.transpose._pe_optimal_tile_sizes' is from the 'neuronxcc' package which is not supported in NKI kernels; use the 'nki' package instead
  I_tile_size, J_tile_size = _pe_optimal_tile_sizes(I, J, in_tensor.dtype)
                             ^
/opt/aws_neuronx_venv_pytorch_inference_vllm_0_16/lib/python3.12/site-packages/neuronxcc/private_nkl/transpose.py:381:17: warning: 'neuronxcc.private_nkl.utils.kernel_helpers.div_ceil' is from the 'neuronxcc' package which is not supported in NKI kernels; use the 'nki' package instead
  b_per_shard = div_ceil(flattened_B_dim, num_shards)
                ^
/opt/aws_neuronx_venv_pytorch_inference_vllm_0_16/lib/python3.12/site-packages/neuronxcc/private_nkl/transpose.py:384:19: warning: 'neuronxcc.private_nkl.transpose._to_compute_dtype' is from the 'neuronxcc' package which is not supported in NKI kernels; use the 'nki' package instead
  compute_dtype = _to_compute_dtype(in_tensor.dtype)
                  ^
/opt/aws_neuronx_venv_pytorch_inference_vllm_0_16/lib/python3.12/site-packages/neuronxcc/private_nkl/transpose.py:398:19: warning: 'neuronxcc.private_nkl.utils.tiled_range.TiledRange' is from the 'neuronxcc' package which is not supported in NKI kernels; use the 'nki' package instead
    for I_tile in TiledRange(I, I_tile_size):
                  ^
/opt/aws_neuronx_venv_pytorch_inference_vllm_0_16/lib/python3.12/site-packages/neuronxcc/private_nkl/transpose.py:399:21: warning: 'neuronxcc.private_nkl.utils.tiled_range.TiledRange' is from the 'neuronxcc' package which is not supported in NKI kernels; use the 'nki' package instead
      for J_tile in TiledRange(J, J_tile_size):
                    ^
/opt/aws_neuronx_venv_pytorch_inference_vllm_0_16/lib/python3.12/site-packages/neuronxcc/private_nkl/transpose.py:400:23: warning: 'neuronxcc.private_nkl.utils.tiled_range.TiledRange' is from the 'neuronxcc' package which is not supported in NKI kernels; use the 'nki' package instead
        I_128_tiles = TiledRange(I_tile, nl.tile_size.pmax)
                      ^
/opt/aws_neuronx_venv_pytorch_inference_vllm_0_16/lib/python3.12/site-packages/neuronxcc/private_nkl/transpose.py:405:23: warning: 'neuronxcc.private_nkl.utils.tiled_range.TiledRange' is from the 'neuronxcc' package which is not supported in NKI kernels; use the 'nki' package instead
        J_128_tiles = TiledRange(J_tile, nl.tile_size.pmax)
                      ^
/opt/aws_neuronx_venv_pytorch_inference_vllm_0_16/lib/python3.12/site-packages/neuronxcc/private_nkl/transpose.py:411:9: warning: 'neuronxcc.private_nkl.transpose._pe_load_tile' is from the 'neuronxcc' package which is not supported in NKI kernels; use the 'nki' package instead
        _pe_load_tile(
        ^
/opt/aws_neuronx_venv_pytorch_inference_vllm_0_16/lib/python3.12/site-packages/neuronxcc/private_nkl/transpose.py:422:11: warning: 'neuronxcc.private_nkl.transpose._pe_transpose_tile_I_vectorized' is from the 'neuronxcc' package which is not supported in NKI kernels; use the 'nki' package instead
          _pe_transpose_tile_I_vectorized(
          ^
/opt/aws_neuronx_venv_pytorch_inference_vllm_0_16/lib/python3.12/site-packages/neuronxcc/private_nkl/transpose.py:430:11: warning: 'neuronxcc.private_nkl.transpose._pe_transpose_tile_J_vectorized' is from the 'neuronxcc' package which is not supported in NKI kernels; use the 'nki' package instead
          _pe_transpose_tile_J_vectorized(
          ^
/opt/aws_neuronx_venv_pytorch_inference_vllm_0_16/lib/python3.12/site-packages/neuronxcc/private_nkl/transpose.py:438:9: warning: 'neuronxcc.private_nkl.transpose._pe_store_tile' is from the 'neuronxcc' package which is not supported in NKI kernels; use the 'nki' package instead
        _pe_store_tile(
        ^
/opt/aws_neuronx_venv_pytorch_inference_vllm_0_16/lib/python3.12/site-packages/neuronxcc/private_nkl/transpose.py:527:17: warning: 'neuronxcc.private_nkl.utils.tiled_range.TiledRange' is from the 'neuronxcc' package which is not supported in NKI kernels; use the 'nki' package instead
  I_128_tiles = TiledRange(I_tile, nl.tile_size.pmax)
                ^
/opt/aws_neuronx_venv_pytorch_inference_vllm_0_16/lib/python3.12/site-packages/neuronxcc/private_nkl/transpose.py:529:17: warning: 'neuronxcc.private_nkl.utils.tiled_range.TiledRange' is from the 'neuronxcc' package which is not supported in NKI kernels; use the 'nki' package instead
  J_128_tiles = TiledRange(J_tile, nl.tile_size.pmax)
                ^
/opt/aws_neuronx_venv_pytorch_inference_vllm_0_16/lib/python3.12/site-packages/neuronxcc/private_nkl/transpose.py:538:21: warning: 'neuronxcc.private_nkl.utils.tiled_range.TiledRange' is from the 'neuronxcc' package which is not supported in NKI kernels; use the 'nki' package instead
  for J_128_tile in TiledRange(J_tile.size, nl.tile_size.pmax):
                    ^
/opt/aws_neuronx_venv_pytorch_inference_vllm_0_16/lib/python3.12/site-packages/neuronxcc/private_nkl/transpose.py:539:23: warning: 'neuronxcc.private_nkl.utils.tiled_range.TiledRange' is from the 'neuronxcc' package which is not supported in NKI kernels; use the 'nki' package instead
    for I_512_tile in TiledRange(I_tile.size, nl.tile_size.psum_fmax):
                      ^
/opt/aws_neuronx_venv_pytorch_inference_vllm_0_16/lib/python3.12/site-packages/neuronxcc/private_nkl/transpose.py:551:25: warning: 'neuronxcc.private_nkl.utils.tiled_range.TiledRange' is from the 'neuronxcc' package which is not supported in NKI kernels; use the 'nki' package instead
      for I_128_tile in TiledRange(I_512_tile, nl.tile_size.pmax):
                        ^
/opt/aws_neuronx_venv_pytorch_inference_vllm_0_16/lib/python3.12/site-packages/neuronxcc/private_nkl/transpose.py:569:7: warning: 'neuronxcc.private_nkl.transpose._copy_with_engine' is from the 'neuronxcc' package which is not supported in NKI kernels; use the 'nki' package instead
      _copy_with_engine(
      ^
/opt/aws_neuronx_venv_pytorch_inference_vllm_0_16/lib/python3.12/site-packages/neuronxcc/private_nkl/transpose.py:586:17: warning: 'neuronxcc.private_nkl.utils.tiled_range.TiledRange' is from the 'neuronxcc' package which is not supported in NKI kernels; use the 'nki' package instead
  I_128_tiles = TiledRange(I_tile, nl.tile_size.pmax)
                ^
/opt/aws_neuronx_venv_pytorch_inference_vllm_0_16/lib/python3.12/site-packages/neuronxcc/private_nkl/transpose.py:588:17: warning: 'neuronxcc.private_nkl.utils.tiled_range.TiledRange' is from the 'neuronxcc' package which is not supported in NKI kernels; use the 'nki' package instead
  J_128_tiles = TiledRange(J_tile, nl.tile_size.pmax)
                ^
/opt/aws_neuronx_venv_pytorch_inference_vllm_0_16/lib/python3.12/site-packages/neuronxcc/private_nkl/transpose.py:596:21: warning: 'neuronxcc.private_nkl.utils.tiled_range.TiledRange' is from the 'neuronxcc' package which is not supported in NKI kernels; use the 'nki' package instead
  for I_128_tile in TiledRange(I_tile.size, nl.tile_size.pmax):
                    ^
/opt/aws_neuronx_venv_pytorch_inference_vllm_0_16/lib/python3.12/site-packages/neuronxcc/private_nkl/transpose.py:597:23: warning: 'neuronxcc.private_nkl.utils.tiled_range.TiledRange' is from the 'neuronxcc' package which is not supported in NKI kernels; use the 'nki' package instead
    for J_512_tile in TiledRange(J_tile.size, nl.tile_size.psum_fmax):
                      ^
/opt/aws_neuronx_venv_pytorch_inference_vllm_0_16/lib/python3.12/site-packages/neuronxcc/private_nkl/transpose.py:609:25: warning: 'neuronxcc.private_nkl.utils.tiled_range.TiledRange' is from the 'neuronxcc' package which is not supported in NKI kernels; use the 'nki' package instead
      for J_128_tile in TiledRange(J_512_tile, nl.tile_size.pmax):
                        ^
/opt/aws_neuronx_venv_pytorch_inference_vllm_0_16/lib/python3.12/site-packages/neuronxcc/private_nkl/transpose.py:628:9: warning: 'neuronxcc.private_nkl.transpose._copy_with_engine' is from the 'neuronxcc' package which is not supported in NKI kernels; use the 'nki' package instead
        _copy_with_engine(
        ^
/opt/aws_neuronx_venv_pytorch_inference_vllm_0_16/lib/python3.12/site-packages/neuronxcc/private_nkl/transpose.py:652:9: warning: 'neuronxcc.private_nkl.transpose._copy_with_engine' is from the 'neuronxcc' package which is not supported in NKI kernels; use the 'nki' package instead
        _copy_with_engine(
        ^
/opt/aws_neuronx_venv_pytorch_inference_vllm_0_16/lib/python3.12/site-packages/neuronxcc/private_nkl/transpose.py:38:10: warning: 'neuronxcc.private_nkl.transpose_utils.is_valid_permutation' is from the 'neuronxcc' package which is not supported in NKI kernels; use the 'nki' package instead
  assert is_valid_permutation(permutation), "input permutation is invalid"
         ^
/opt/aws_neuronx_venv_pytorch_inference_vllm_0_16/lib/python3.12/site-packages/neuronxcc/private_nkl/transpose.py:41:10: warning: 'neuronxcc.private_nkl.transpose_utils.n_elts' is from the 'neuronxcc' package which is not supported in NKI kernels; use the 'nki' package instead
  assert n_elts(in_shape) == n_elts(in_tensor.shape), "tensor shape is invalid"
         ^
/opt/aws_neuronx_venv_pytorch_inference_vllm_0_16/lib/python3.12/site-packages/neuronxcc/private_nkl/transpose.py:41:30: warning: 'neuronxcc.private_nkl.transpose_utils.n_elts' is from the 'neuronxcc' package which is not supported in NKI kernels; use the 'nki' package instead
  assert n_elts(in_shape) == n_elts(in_tensor.shape), "tensor shape is invalid"
                             ^
/opt/aws_neuronx_venv_pytorch_inference_vllm_0_16/lib/python3.12/site-packages/neuronxcc/private_nkl/transpose.py:32:20: warning: 'neuronxcc.private_nkl.utils.StackAllocator.sizeinbytes' is from the 'neuronxcc' package which is not supported in NKI kernels; use the 'nki' package instead
  return (98304 // sizeinbytes(dtype)) // 2
                   ^
/opt/aws_neuronx_venv_pytorch_inference_vllm_0_16/lib/python3.12/site-packages/neuronxcc/private_nkl/transpose.py:886:29: warning: 'neuronxcc.private_nkl.utils.kernel_helpers.get_program_sharding_info' is from the 'neuronxcc' package which is not supported in NKI kernels; use the 'nki' package instead
  _, num_shards, shard_id = get_program_sharding_info()
                            ^
/opt/aws_neuronx_venv_pytorch_inference_vllm_0_16/lib/python3.12/site-packages/neuronxcc/private_nkl/transpose.py:887:9: warning: 'neuronxcc.private_nkl.transpose._pe_transpose' is from the 'neuronxcc' package which is not supported in NKI kernels; use the 'nki' package instead
  out = _pe_transpose(in_tensor, in_shape, permutation, out_dtype, num_shards, shard_id)
        ^
/opt/aws_neuronx_venv_pytorch_inference_vllm_0_16/lib/python3.12/site-packages/neuronxcc/private_nkl/transpose_utils.py:71:10: warning: 'neuronxcc.private_nkl.transpose_utils.is_valid_permutation' is from the 'neuronxcc' package which is not supported in NKI kernels; use the 'nki' package instead
  if not is_valid_permutation(permutation):
         ^
/opt/aws_neuronx_venv_pytorch_inference_vllm_0_16/lib/python3.12/site-packages/neuronxcc/private_nkl/utils/tiled_range.py:66:23: warning: 'neuronxcc.private_nkl.utils.tiled_range.TiledRangeIterator' is from the 'neuronxcc' package which is not supported in NKI kernels; use the 'nki' package instead
  if isinstance(size, TiledRangeIterator):
                      ^
/opt/aws_neuronx_venv_pytorch_inference_vllm_0_16/lib/python3.12/site-packages/neuronxcc/private_nkl/utils/tiled_range.py:84:22: warning: 'neuronxcc.private_nkl.utils.tiled_range.TiledRangeIterator' is from the 'neuronxcc' package which is not supported in NKI kernels; use the 'nki' package instead
    iterators.append(TiledRangeIterator(current_tile_size, i, base_offset + relative_offset))
                     ^
/opt/aws_neuronx_venv_pytorch_inference_vllm_0_16/lib/python3.12/site-packages/neuronxcc/private_nkl/transpose.py:458:17: warning: 'neuronxcc.private_nkl.utils.tiled_range.TiledRange' is from the 'neuronxcc' package which is not supported in NKI kernels; use the 'nki' package instead
  I_128_tiles = TiledRange(I_tile, nl.tile_size.pmax)
                ^
/opt/aws_neuronx_venv_pytorch_inference_vllm_0_16/lib/python3.12/site-packages/neuronxcc/private_nkl/transpose.py:465:33: warning: 'neuronxcc.private_nkl.utils.tiled_range.TiledRange' is from the 'neuronxcc' package which is not supported in NKI kernels; use the 'nki' package instead
    for vectorization_factor in TiledRange(num_full_128_tiles_per_I_tile, VECTORIZATION_FACTOR):
                                ^
/opt/aws_neuronx_venv_pytorch_inference_vllm_0_16/lib/python3.12/site-packages/neuronxcc/private_nkl/transpose.py:284:16: warning: 'neuronxcc.private_nkl.transpose.max_f_size' is from the 'neuronxcc' package which is not supported in NKI kernels; use the 'nki' package instead
  MAX_F_SIZE = max_f_size(dtype)
               ^
/opt/aws_neuronx_venv_pytorch_inference_vllm_0_16/lib/python3.12/site-packages/neuronxcc/private_nkl/transpose.py:289:15: warning: 'neuronxcc.private_nkl.transpose_utils.next_multiple' is from the 'neuronxcc' package which is not supported in NKI kernels; use the 'nki' package instead
    return I, next_multiple(min(J, MAX_F_SIZE), 128)
              ^
/opt/aws_neuronx_venv_pytorch_inference_vllm_0_16/lib/python3.12/site-packages/neuronxcc/private_nkl/transpose.py:291:12: warning: 'neuronxcc.private_nkl.transpose_utils.next_multiple' is from the 'neuronxcc' package which is not supported in NKI kernels; use the 'nki' package instead
    return next_multiple(min(I, MAX_F_SIZE), 128), J
           ^
/opt/aws_neuronx_venv_pytorch_inference_vllm_0_16/lib/python3.12/site-packages/neuronxcc/private_nkl/transpose.py:302:19: warning: 'neuronxcc.private_nkl.transpose_utils.next_multiple' is from the 'neuronxcc' package which is not supported in NKI kernels; use the 'nki' package instead
    I_tile_size = next_multiple(I_tile_size, 128)
                  ^
/opt/aws_neuronx_venv_pytorch_inference_vllm_0_16/lib/python3.12/site-packages/neuronxcc/private_nkl/transpose.py:303:19: warning: 'neuronxcc.private_nkl.transpose_utils.next_multiple' is from the 'neuronxcc' package which is not supported in NKI kernels; use the 'nki' package instead
    J_tile_size = next_multiple(J_tile_size, 128)
                  ^
/opt/aws_neuronx_venv_pytorch_inference_vllm_0_16/lib/python3.12/site-packages/neuronxcc/private_nkl/transpose.py:681:17: warning: 'neuronxcc.private_nkl.utils.tiled_range.TiledRange' is from the 'neuronxcc' package which is not supported in NKI kernels; use the 'nki' package instead
  J_128_tiles = TiledRange(J_tile, nl.tile_size.pmax)
                ^
/opt/aws_neuronx_venv_pytorch_inference_vllm_0_16/lib/python3.12/site-packages/neuronxcc/private_nkl/transpose.py:688:33: warning: 'neuronxcc.private_nkl.utils.tiled_range.TiledRange' is from the 'neuronxcc' package which is not supported in NKI kernels; use the 'nki' package instead
    for vectorization_factor in TiledRange(num_full_128_tiles_per_J_tile, VECTORIZATION_FACTOR):
                                ^
/opt/aws_neuronx_venv_pytorch_inference_vllm_0_16/lib/python3.12/site-packages/neuronxcc/private_nkl/transpose.py:751:3: warning: 'neuronxcc.private_nkl.transpose.check_input_transpose' is from the 'neuronxcc' package which is not supported in NKI kernels; use the 'nki' package instead
  check_input_transpose(in_tensor, in_shape, permutation)
  ^
/opt/aws_neuronx_venv_pytorch_inference_vllm_0_16/lib/python3.12/site-packages/neuronxcc/private_nkl/transpose.py:757:33: warning: 'neuronxcc.private_nkl.transpose_utils.permutation_reduction' is from the 'neuronxcc' package which is not supported in NKI kernels; use the 'nki' package instead
  reduced_perm, reduced_shape = permutation_reduction(in_shape, permutation)
                                ^
/opt/aws_neuronx_venv_pytorch_inference_vllm_0_16/lib/python3.12/site-packages/neuronxcc/private_nkl/transpose.py:758:10: warning: 'neuronxcc.private_nkl.transpose_utils.permutes_last_two_dims' is from the 'neuronxcc' package which is not supported in NKI kernels; use the 'nki' package instead
  assert permutes_last_two_dims(reduced_perm), f"must permutate last two dims, got {reduced_perm}"
         ^
/opt/aws_neuronx_venv_pytorch_inference_vllm_0_16/lib/python3.12/site-packages/neuronxcc/private_nkl/transpose.py:763:11: warning: 'neuronxcc.private_nkl.transpose._str_to_dtype' is from the 'neuronxcc' package which is not supported in NKI kernels; use the 'nki' package instead
    dtype=_str_to_dtype(out_dtype),
          ^
/opt/aws_neuronx_venv_pytorch_inference_vllm_0_16/lib/python3.12/site-packages/neuronxcc/private_nkl/transpose.py:764:12: warning: 'neuronxcc.private_nkl.transpose_utils._get_hbm_buffer' is from the 'neuronxcc' package which is not supported in NKI kernels; use the 'nki' package instead
    buffer=_get_hbm_buffer(),
           ^
/opt/aws_neuronx_venv_pytorch_inference_vllm_0_16/lib/python3.12/site-packages/neuronxcc/private_nkl/transpose.py:767:3: warning: 'neuronxcc.private_nkl.transpose._pe_transpose_impl' is from the 'neuronxcc' package which is not supported in NKI kernels; use the 'nki' package instead
  _pe_transpose_impl(in_tensor, out_tensor, num_shards, shard_id)
  ^
/opt/aws_neuronx_venv_pytorch_inference_vllm_0_16/lib/python3.12/site-packages/neuronxcc/private_nkl/transpose.py:373:25: warning: 'neuronxcc.private_nkl.transpose_utils.n_elts' is from the 'neuronxcc' package which is not supported in NKI kernels; use the 'nki' package instead
  flattened_B_dim = int(n_elts(in_shape[:-2])) if in_shape[:-2] else 1
                        ^
/opt/aws_neuronx_venv_pytorch_inference_vllm_0_16/lib/python3.12/site-packages/neuronxcc/private_nkl/transpose.py:378:30: warning: 'neuronxcc.private_nkl.transpose._pe_optimal_tile_sizes' is from the 'neuronxcc' package which is not supported in NKI kernels; use the 'nki' package instead
  I_tile_size, J_tile_size = _pe_optimal_tile_sizes(I, J, in_tensor.dtype)
                             ^
/opt/aws_neuronx_venv_pytorch_inference_vllm_0_16/lib/python3.12/site-packages/neuronxcc/private_nkl/transpose.py:381:17: warning: 'neuronxcc.private_nkl.utils.kernel_helpers.div_ceil' is from the 'neuronxcc' package which is not supported in NKI kernels; use the 'nki' package instead
  b_per_shard = div_ceil(flattened_B_dim, num_shards)
                ^
/opt/aws_neuronx_venv_pytorch_inference_vllm_0_16/lib/python3.12/site-packages/neuronxcc/private_nkl/transpose.py:384:19: warning: 'neuronxcc.private_nkl.transpose._to_compute_dtype' is from the 'neuronxcc' package which is not supported in NKI kernels; use the 'nki' package instead
  compute_dtype = _to_compute_dtype(in_tensor.dtype)
                  ^
/opt/aws_neuronx_venv_pytorch_inference_vllm_0_16/lib/python3.12/site-packages/neuronxcc/private_nkl/transpose.py:398:19: warning: 'neuronxcc.private_nkl.utils.tiled_range.TiledRange' is from the 'neuronxcc' package which is not supported in NKI kernels; use the 'nki' package instead
    for I_tile in TiledRange(I, I_tile_size):
                  ^
/opt/aws_neuronx_venv_pytorch_inference_vllm_0_16/lib/python3.12/site-packages/neuronxcc/private_nkl/transpose.py:399:21: warning: 'neuronxcc.private_nkl.utils.tiled_range.TiledRange' is from the 'neuronxcc' package which is not supported in NKI kernels; use the 'nki' package instead
      for J_tile in TiledRange(J, J_tile_size):
                    ^
/opt/aws_neuronx_venv_pytorch_inference_vllm_0_16/lib/python3.12/site-packages/neuronxcc/private_nkl/transpose.py:400:23: warning: 'neuronxcc.private_nkl.utils.tiled_range.TiledRange' is from the 'neuronxcc' package which is not supported in NKI kernels; use the 'nki' package instead
        I_128_tiles = TiledRange(I_tile, nl.tile_size.pmax)
                      ^
/opt/aws_neuronx_venv_pytorch_inference_vllm_0_16/lib/python3.12/site-packages/neuronxcc/private_nkl/transpose.py:405:23: warning: 'neuronxcc.private_nkl.utils.tiled_range.TiledRange' is from the 'neuronxcc' package which is not supported in NKI kernels; use the 'nki' package instead
        J_128_tiles = TiledRange(J_tile, nl.tile_size.pmax)
                      ^
/opt/aws_neuronx_venv_pytorch_inference_vllm_0_16/lib/python3.12/site-packages/neuronxcc/private_nkl/transpose.py:411:9: warning: 'neuronxcc.private_nkl.transpose._pe_load_tile' is from the 'neuronxcc' package which is not supported in NKI kernels; use the 'nki' package instead
        _pe_load_tile(
        ^
/opt/aws_neuronx_venv_pytorch_inference_vllm_0_16/lib/python3.12/site-packages/neuronxcc/private_nkl/transpose.py:422:11: warning: 'neuronxcc.private_nkl.transpose._pe_transpose_tile_I_vectorized' is from the 'neuronxcc' package which is not supported in NKI kernels; use the 'nki' package instead
          _pe_transpose_tile_I_vectorized(
          ^
/opt/aws_neuronx_venv_pytorch_inference_vllm_0_16/lib/python3.12/site-packages/neuronxcc/private_nkl/transpose.py:430:11: warning: 'neuronxcc.private_nkl.transpose._pe_transpose_tile_J_vectorized' is from the 'neuronxcc' package which is not supported in NKI kernels; use the 'nki' package instead
          _pe_transpose_tile_J_vectorized(
          ^
/opt/aws_neuronx_venv_pytorch_inference_vllm_0_16/lib/python3.12/site-packages/neuronxcc/private_nkl/transpose.py:438:9: warning: 'neuronxcc.private_nkl.transpose._pe_store_tile' is from the 'neuronxcc' package which is not supported in NKI kernels; use the 'nki' package instead
        _pe_store_tile(
        ^
/opt/aws_neuronx_venv_pytorch_inference_vllm_0_16/lib/python3.12/site-packages/neuronxcc/private_nkl/transpose.py:527:17: warning: 'neuronxcc.private_nkl.utils.tiled_range.TiledRange' is from the 'neuronxcc' package which is not supported in NKI kernels; use the 'nki' package instead
  I_128_tiles = TiledRange(I_tile, nl.tile_size.pmax)
                ^
/opt/aws_neuronx_venv_pytorch_inference_vllm_0_16/lib/python3.12/site-packages/neuronxcc/private_nkl/transpose.py:529:17: warning: 'neuronxcc.private_nkl.utils.tiled_range.TiledRange' is from the 'neuronxcc' package which is not supported in NKI kernels; use the 'nki' package instead
  J_128_tiles = TiledRange(J_tile, nl.tile_size.pmax)
                ^
/opt/aws_neuronx_venv_pytorch_inference_vllm_0_16/lib/python3.12/site-packages/neuronxcc/private_nkl/transpose.py:538:21: warning: 'neuronxcc.private_nkl.utils.tiled_range.TiledRange' is from the 'neuronxcc' package which is not supported in NKI kernels; use the 'nki' package instead
  for J_128_tile in TiledRange(J_tile.size, nl.tile_size.pmax):
                    ^
/opt/aws_neuronx_venv_pytorch_inference_vllm_0_16/lib/python3.12/site-packages/neuronxcc/private_nkl/transpose.py:539:23: warning: 'neuronxcc.private_nkl.utils.tiled_range.TiledRange' is from the 'neuronxcc' package which is not supported in NKI kernels; use the 'nki' package instead
    for I_512_tile in TiledRange(I_tile.size, nl.tile_size.psum_fmax):
                      ^
/opt/aws_neuronx_venv_pytorch_inference_vllm_0_16/lib/python3.12/site-packages/neuronxcc/private_nkl/transpose.py:551:25: warning: 'neuronxcc.private_nkl.utils.tiled_range.TiledRange' is from the 'neuronxcc' package which is not supported in NKI kernels; use the 'nki' package instead
      for I_128_tile in TiledRange(I_512_tile, nl.tile_size.pmax):
                        ^
/opt/aws_neuronx_venv_pytorch_inference_vllm_0_16/lib/python3.12/site-packages/neuronxcc/private_nkl/transpose.py:569:7: warning: 'neuronxcc.private_nkl.transpose._copy_with_engine' is from the 'neuronxcc' package which is not supported in NKI kernels; use the 'nki' package instead
      _copy_with_engine(
      ^
/opt/aws_neuronx_venv_pytorch_inference_vllm_0_16/lib/python3.12/site-packages/neuronxcc/private_nkl/transpose.py:586:17: warning: 'neuronxcc.private_nkl.utils.tiled_range.TiledRange' is from the 'neuronxcc' package which is not supported in NKI kernels; use the 'nki' package instead
  I_128_tiles = TiledRange(I_tile, nl.tile_size.pmax)
                ^
/opt/aws_neuronx_venv_pytorch_inference_vllm_0_16/lib/python3.12/site-packages/neuronxcc/private_nkl/transpose.py:588:17: warning: 'neuronxcc.private_nkl.utils.tiled_range.TiledRange' is from the 'neuronxcc' package which is not supported in NKI kernels; use the 'nki' package instead
  J_128_tiles = TiledRange(J_tile, nl.tile_size.pmax)
                ^
/opt/aws_neuronx_venv_pytorch_inference_vllm_0_16/lib/python3.12/site-packages/neuronxcc/private_nkl/transpose.py:596:21: warning: 'neuronxcc.private_nkl.utils.tiled_range.TiledRange' is from the 'neuronxcc' package which is not supported in NKI kernels; use the 'nki' package instead
  for I_128_tile in TiledRange(I_tile.size, nl.tile_size.pmax):
                    ^
/opt/aws_neuronx_venv_pytorch_inference_vllm_0_16/lib/python3.12/site-packages/neuronxcc/private_nkl/transpose.py:597:23: warning: 'neuronxcc.private_nkl.utils.tiled_range.TiledRange' is from the 'neuronxcc' package which is not supported in NKI kernels; use the 'nki' package instead
    for J_512_tile in TiledRange(J_tile.size, nl.tile_size.psum_fmax):
                      ^
/opt/aws_neuronx_venv_pytorch_inference_vllm_0_16/lib/python3.12/site-packages/neuronxcc/private_nkl/transpose.py:609:25: warning: 'neuronxcc.private_nkl.utils.tiled_range.TiledRange' is from the 'neuronxcc' package which is not supported in NKI kernels; use the 'nki' package instead
      for J_128_tile in TiledRange(J_512_tile, nl.tile_size.pmax):
                        ^
/opt/aws_neuronx_venv_pytorch_inference_vllm_0_16/lib/python3.12/site-packages/neuronxcc/private_nkl/transpose.py:628:9: warning: 'neuronxcc.private_nkl.transpose._copy_with_engine' is from the 'neuronxcc' package which is not supported in NKI kernels; use the 'nki' package instead
        _copy_with_engine(
        ^
/opt/aws_neuronx_venv_pytorch_inference_vllm_0_16/lib/python3.12/site-packages/neuronxcc/private_nkl/transpose.py:652:9: warning: 'neuronxcc.private_nkl.transpose._copy_with_engine' is from the 'neuronxcc' package which is not supported in NKI kernels; use the 'nki' package instead
        _copy_with_engine(
        ^
/opt/aws_neuronx_venv_pytorch_inference_vllm_0_16/lib/python3.12/site-packages/neuronxcc/private_nkl/transpose.py:38:10: warning: 'neuronxcc.private_nkl.transpose_utils.is_valid_permutation' is from the 'neuronxcc' package which is not supported in NKI kernels; use the 'nki' package instead
  assert is_valid_permutation(permutation), "input permutation is invalid"
         ^
/opt/aws_neuronx_venv_pytorch_inference_vllm_0_16/lib/python3.12/site-packages/neuronxcc/private_nkl/transpose.py:41:10: warning: 'neuronxcc.private_nkl.transpose_utils.n_elts' is from the 'neuronxcc' package which is not supported in NKI kernels; use the 'nki' package instead
  assert n_elts(in_shape) == n_elts(in_tensor.shape), "tensor shape is invalid"
         ^
/opt/aws_neuronx_venv_pytorch_inference_vllm_0_16/lib/python3.12/site-packages/neuronxcc/private_nkl/transpose.py:41:30: warning: 'neuronxcc.private_nkl.transpose_utils.n_elts' is from the 'neuronxcc' package which is not supported in NKI kernels; use the 'nki' package instead
  assert n_elts(in_shape) == n_elts(in_tensor.shape), "tensor shape is invalid"
                             ^
/opt/aws_neuronx_venv_pytorch_inference_vllm_0_16/lib/python3.12/site-packages/neuronxcc/private_nkl/transpose.py:32:20: warning: 'neuronxcc.private_nkl.utils.StackAllocator.sizeinbytes' is from the 'neuronxcc' package which is not supported in NKI kernels; use the 'nki' package instead
  return (98304 // sizeinbytes(dtype)) // 2
                   ^
/opt/aws_neuronx_venv_pytorch_inference_vllm_0_16/lib/python3.12/site-packages/neuronxcc/private_nkl/transpose.py:886:29: warning: 'neuronxcc.private_nkl.utils.kernel_helpers.get_program_sharding_info' is from the 'neuronxcc' package which is not supported in NKI kernels; use the 'nki' package instead
  _, num_shards, shard_id = get_program_sharding_info()
                            ^
/opt/aws_neuronx_venv_pytorch_inference_vllm_0_16/lib/python3.12/site-packages/neuronxcc/private_nkl/transpose.py:887:9: warning: 'neuronxcc.private_nkl.transpose._pe_transpose' is from the 'neuronxcc' package which is not supported in NKI kernels; use the 'nki' package instead
  out = _pe_transpose(in_tensor, in_shape, permutation, out_dtype, num_shards, shard_id)
        ^
/opt/aws_neuronx_venv_pytorch_inference_vllm_0_16/lib/python3.12/site-packages/neuronxcc/private_nkl/transpose_utils.py:71:10: warning: 'neuronxcc.private_nkl.transpose_utils.is_valid_permutation' is from the 'neuronxcc' package which is not supported in NKI kernels; use the 'nki' package instead
  if not is_valid_permutation(permutation):
         ^
/opt/aws_neuronx_venv_pytorch_inference_vllm_0_16/lib/python3.12/site-packages/neuronxcc/private_nkl/utils/tiled_range.py:66:23: warning: 'neuronxcc.private_nkl.utils.tiled_range.TiledRangeIterator' is from the 'neuronxcc' package which is not supported in NKI kernels; use the 'nki' package instead
  if isinstance(size, TiledRangeIterator):
                      ^
/opt/aws_neuronx_venv_pytorch_inference_vllm_0_16/lib/python3.12/site-packages/neuronxcc/private_nkl/utils/tiled_range.py:84:22: warning: 'neuronxcc.private_nkl.utils.tiled_range.TiledRangeIterator' is from the 'neuronxcc' package which is not supported in NKI kernels; use the 'nki' package instead
    iterators.append(TiledRangeIterator(current_tile_size, i, base_offset + relative_offset))
                     ^
/opt/aws_neuronx_venv_pytorch_inference_vllm_0_16/lib/python3.12/site-packages/neuronxcc/private_nkl/transpose.py:458:17: warning: 'neuronxcc.private_nkl.utils.tiled_range.TiledRange' is from the 'neuronxcc' package which is not supported in NKI kernels; use the 'nki' package instead
  I_128_tiles = TiledRange(I_tile, nl.tile_size.pmax)
                ^
/opt/aws_neuronx_venv_pytorch_inference_vllm_0_16/lib/python3.12/site-packages/neuronxcc/private_nkl/transpose.py:465:33: warning: 'neuronxcc.private_nkl.utils.tiled_range.TiledRange' is from the 'neuronxcc' package which is not supported in NKI kernels; use the 'nki' package instead
    for vectorization_factor in TiledRange(num_full_128_tiles_per_I_tile, VECTORIZATION_FACTOR):
                                ^
/opt/aws_neuronx_venv_pytorch_inference_vllm_0_16/lib/python3.12/site-packages/neuronxcc/private_nkl/transpose.py:284:16: warning: 'neuronxcc.private_nkl.transpose.max_f_size' is from the 'neuronxcc' package which is not supported in NKI kernels; use the 'nki' package instead
  MAX_F_SIZE = max_f_size(dtype)
               ^
/opt/aws_neuronx_venv_pytorch_inference_vllm_0_16/lib/python3.12/site-packages/neuronxcc/private_nkl/transpose.py:289:15: warning: 'neuronxcc.private_nkl.transpose_utils.next_multiple' is from the 'neuronxcc' package which is not supported in NKI kernels; use the 'nki' package instead
    return I, next_multiple(min(J, MAX_F_SIZE), 128)
              ^
/opt/aws_neuronx_venv_pytorch_inference_vllm_0_16/lib/python3.12/site-packages/neuronxcc/private_nkl/transpose.py:291:12: warning: 'neuronxcc.private_nkl.transpose_utils.next_multiple' is from the 'neuronxcc' package which is not supported in NKI kernels; use the 'nki' package instead
    return next_multiple(min(I, MAX_F_SIZE), 128), J
           ^
/opt/aws_neuronx_venv_pytorch_inference_vllm_0_16/lib/python3.12/site-packages/neuronxcc/private_nkl/transpose.py:302:19: warning: 'neuronxcc.private_nkl.transpose_utils.next_multiple' is from the 'neuronxcc' package which is not supported in NKI kernels; use the 'nki' package instead
    I_tile_size = next_multiple(I_tile_size, 128)
                  ^
/opt/aws_neuronx_venv_pytorch_inference_vllm_0_16/lib/python3.12/site-packages/neuronxcc/private_nkl/transpose.py:303:19: warning: 'neuronxcc.private_nkl.transpose_utils.next_multiple' is from the 'neuronxcc' package which is not supported in NKI kernels; use the 'nki' package instead
    J_tile_size = next_multiple(J_tile_size, 128)
                  ^
/opt/aws_neuronx_venv_pytorch_inference_vllm_0_16/lib/python3.12/site-packages/neuronxcc/private_nkl/transpose.py:681:17: warning: 'neuronxcc.private_nkl.utils.tiled_range.TiledRange' is from the 'neuronxcc' package which is not supported in NKI kernels; use the 'nki' package instead
  J_128_tiles = TiledRange(J_tile, nl.tile_size.pmax)
                ^
/opt/aws_neuronx_venv_pytorch_inference_vllm_0_16/lib/python3.12/site-packages/neuronxcc/private_nkl/transpose.py:688:33: warning: 'neuronxcc.private_nkl.utils.tiled_range.TiledRange' is from the 'neuronxcc' package which is not supported in NKI kernels; use the 'nki' package instead
    for vectorization_factor in TiledRange(num_full_128_tiles_per_J_tile, VECTORIZATION_FACTOR):
                                ^
/opt/aws_neuronx_venv_pytorch_inference_vllm_0_16/lib/python3.12/site-packages/neuronxcc/private_nkl/transpose.py:751:3: warning: 'neuronxcc.private_nkl.transpose.check_input_transpose' is from the 'neuronxcc' package which is not supported in NKI kernels; use the 'nki' package instead
  check_input_transpose(in_tensor, in_shape, permutation)
  ^
/opt/aws_neuronx_venv_pytorch_inference_vllm_0_16/lib/python3.12/site-packages/neuronxcc/private_nkl/transpose.py:757:33: warning: 'neuronxcc.private_nkl.transpose_utils.permutation_reduction' is from the 'neuronxcc' package which is not supported in NKI kernels; use the 'nki' package instead
  reduced_perm, reduced_shape = permutation_reduction(in_shape, permutation)
                                ^
/opt/aws_neuronx_venv_pytorch_inference_vllm_0_16/lib/python3.12/site-packages/neuronxcc/private_nkl/transpose.py:758:10: warning: 'neuronxcc.private_nkl.transpose_utils.permutes_last_two_dims' is from the 'neuronxcc' package which is not supported in NKI kernels; use the 'nki' package instead
  assert permutes_last_two_dims(reduced_perm), f"must permutate last two dims, got {reduced_perm}"
         ^
/opt/aws_neuronx_venv_pytorch_inference_vllm_0_16/lib/python3.12/site-packages/neuronxcc/private_nkl/transpose.py:763:11: warning: 'neuronxcc.private_nkl.transpose._str_to_dtype' is from the 'neuronxcc' package which is not supported in NKI kernels; use the 'nki' package instead
    dtype=_str_to_dtype(out_dtype),
          ^
/opt/aws_neuronx_venv_pytorch_inference_vllm_0_16/lib/python3.12/site-packages/neuronxcc/private_nkl/transpose.py:764:12: warning: 'neuronxcc.private_nkl.transpose_utils._get_hbm_buffer' is from the 'neuronxcc' package which is not supported in NKI kernels; use the 'nki' package instead
    buffer=_get_hbm_buffer(),
           ^
/opt/aws_neuronx_venv_pytorch_inference_vllm_0_16/lib/python3.12/site-packages/neuronxcc/private_nkl/transpose.py:767:3: warning: 'neuronxcc.private_nkl.transpose._pe_transpose_impl' is from the 'neuronxcc' package which is not supported in NKI kernels; use the 'nki' package instead
  _pe_transpose_impl(in_tensor, out_tensor, num_shards, shard_id)
  ^
/opt/aws_neuronx_venv_pytorch_inference_vllm_0_16/lib/python3.12/site-packages/neuronxcc/private_nkl/transpose.py:373:25: warning: 'neuronxcc.private_nkl.transpose_utils.n_elts' is from the 'neuronxcc' package which is not supported in NKI kernels; use the 'nki' package instead
  flattened_B_dim = int(n_elts(in_shape[:-2])) if in_shape[:-2] else 1
                        ^
/opt/aws_neuronx_venv_pytorch_inference_vllm_0_16/lib/python3.12/site-packages/neuronxcc/private_nkl/transpose.py:378:30: warning: 'neuronxcc.private_nkl.transpose._pe_optimal_tile_sizes' is from the 'neuronxcc' package which is not supported in NKI kernels; use the 'nki' package instead
  I_tile_size, J_tile_size = _pe_optimal_tile_sizes(I, J, in_tensor.dtype)
                             ^
/opt/aws_neuronx_venv_pytorch_inference_vllm_0_16/lib/python3.12/site-packages/neuronxcc/private_nkl/transpose.py:381:17: warning: 'neuronxcc.private_nkl.utils.kernel_helpers.div_ceil' is from the 'neuronxcc' package which is not supported in NKI kernels; use the 'nki' package instead
  b_per_shard = div_ceil(flattened_B_dim, num_shards)
                ^
/opt/aws_neuronx_venv_pytorch_inference_vllm_0_16/lib/python3.12/site-packages/neuronxcc/private_nkl/transpose.py:384:19: warning: 'neuronxcc.private_nkl.transpose._to_compute_dtype' is from the 'neuronxcc' package which is not supported in NKI kernels; use the 'nki' package instead
  compute_dtype = _to_compute_dtype(in_tensor.dtype)
                  ^
/opt/aws_neuronx_venv_pytorch_inference_vllm_0_16/lib/python3.12/site-packages/neuronxcc/private_nkl/transpose.py:398:19: warning: 'neuronxcc.private_nkl.utils.tiled_range.TiledRange' is from the 'neuronxcc' package which is not supported in NKI kernels; use the 'nki' package instead
    for I_tile in TiledRange(I, I_tile_size):
                  ^
/opt/aws_neuronx_venv_pytorch_inference_vllm_0_16/lib/python3.12/site-packages/neuronxcc/private_nkl/transpose.py:399:21: warning: 'neuronxcc.private_nkl.utils.tiled_range.TiledRange' is from the 'neuronxcc' package which is not supported in NKI kernels; use the 'nki' package instead
      for J_tile in TiledRange(J, J_tile_size):
                    ^
/opt/aws_neuronx_venv_pytorch_inference_vllm_0_16/lib/python3.12/site-packages/neuronxcc/private_nkl/transpose.py:400:23: warning: 'neuronxcc.private_nkl.utils.tiled_range.TiledRange' is from the 'neuronxcc' package which is not supported in NKI kernels; use the 'nki' package instead
        I_128_tiles = TiledRange(I_tile, nl.tile_size.pmax)
                      ^
/opt/aws_neuronx_venv_pytorch_inference_vllm_0_16/lib/python3.12/site-packages/neuronxcc/private_nkl/transpose.py:405:23: warning: 'neuronxcc.private_nkl.utils.tiled_range.TiledRange' is from the 'neuronxcc' package which is not supported in NKI kernels; use the 'nki' package instead
        J_128_tiles = TiledRange(J_tile, nl.tile_size.pmax)
                      ^
/opt/aws_neuronx_venv_pytorch_inference_vllm_0_16/lib/python3.12/site-packages/neuronxcc/private_nkl/transpose.py:411:9: warning: 'neuronxcc.private_nkl.transpose._pe_load_tile' is from the 'neuronxcc' package which is not supported in NKI kernels; use the 'nki' package instead
        _pe_load_tile(
        ^
/opt/aws_neuronx_venv_pytorch_inference_vllm_0_16/lib/python3.12/site-packages/neuronxcc/private_nkl/transpose.py:422:11: warning: 'neuronxcc.private_nkl.transpose._pe_transpose_tile_I_vectorized' is from the 'neuronxcc' package which is not supported in NKI kernels; use the 'nki' package instead
          _pe_transpose_tile_I_vectorized(
          ^
/opt/aws_neuronx_venv_pytorch_inference_vllm_0_16/lib/python3.12/site-packages/neuronxcc/private_nkl/transpose.py:430:11: warning: 'neuronxcc.private_nkl.transpose._pe_transpose_tile_J_vectorized' is from the 'neuronxcc' package which is not supported in NKI kernels; use the 'nki' package instead
          _pe_transpose_tile_J_vectorized(
          ^
/opt/aws_neuronx_venv_pytorch_inference_vllm_0_16/lib/python3.12/site-packages/neuronxcc/private_nkl/transpose.py:438:9: warning: 'neuronxcc.private_nkl.transpose._pe_store_tile' is from the 'neuronxcc' package which is not supported in NKI kernels; use the 'nki' package instead
        _pe_store_tile(
        ^
/opt/aws_neuronx_venv_pytorch_inference_vllm_0_16/lib/python3.12/site-packages/neuronxcc/private_nkl/transpose.py:527:17: warning: 'neuronxcc.private_nkl.utils.tiled_range.TiledRange' is from the 'neuronxcc' package which is not supported in NKI kernels; use the 'nki' package instead
  I_128_tiles = TiledRange(I_tile, nl.tile_size.pmax)
                ^
/opt/aws_neuronx_venv_pytorch_inference_vllm_0_16/lib/python3.12/site-packages/neuronxcc/private_nkl/transpose.py:529:17: warning: 'neuronxcc.private_nkl.utils.tiled_range.TiledRange' is from the 'neuronxcc' package which is not supported in NKI kernels; use the 'nki' package instead
  J_128_tiles = TiledRange(J_tile, nl.tile_size.pmax)
                ^
/opt/aws_neuronx_venv_pytorch_inference_vllm_0_16/lib/python3.12/site-packages/neuronxcc/private_nkl/transpose.py:538:21: warning: 'neuronxcc.private_nkl.utils.tiled_range.TiledRange' is from the 'neuronxcc' package which is not supported in NKI kernels; use the 'nki' package instead
  for J_128_tile in TiledRange(J_tile.size, nl.tile_size.pmax):
                    ^
/opt/aws_neuronx_venv_pytorch_inference_vllm_0_16/lib/python3.12/site-packages/neuronxcc/private_nkl/transpose.py:539:23: warning: 'neuronxcc.private_nkl.utils.tiled_range.TiledRange' is from the 'neuronxcc' package which is not supported in NKI kernels; use the 'nki' package instead
    for I_512_tile in TiledRange(I_tile.size, nl.tile_size.psum_fmax):
                      ^
/opt/aws_neuronx_venv_pytorch_inference_vllm_0_16/lib/python3.12/site-packages/neuronxcc/private_nkl/transpose.py:551:25: warning: 'neuronxcc.private_nkl.utils.tiled_range.TiledRange' is from the 'neuronxcc' package which is not supported in NKI kernels; use the 'nki' package instead
      for I_128_tile in TiledRange(I_512_tile, nl.tile_size.pmax):
                        ^
/opt/aws_neuronx_venv_pytorch_inference_vllm_0_16/lib/python3.12/site-packages/neuronxcc/private_nkl/transpose.py:569:7: warning: 'neuronxcc.private_nkl.transpose._copy_with_engine' is from the 'neuronxcc' package which is not supported in NKI kernels; use the 'nki' package instead
      _copy_with_engine(
      ^
/opt/aws_neuronx_venv_pytorch_inference_vllm_0_16/lib/python3.12/site-packages/neuronxcc/private_nkl/transpose.py:586:17: warning: 'neuronxcc.private_nkl.utils.tiled_range.TiledRange' is from the 'neuronxcc' package which is not supported in NKI kernels; use the 'nki' package instead
  I_128_tiles = TiledRange(I_tile, nl.tile_size.pmax)
                ^
/opt/aws_neuronx_venv_pytorch_inference_vllm_0_16/lib/python3.12/site-packages/neuronxcc/private_nkl/transpose.py:588:17: warning: 'neuronxcc.private_nkl.utils.tiled_range.TiledRange' is from the 'neuronxcc' package which is not supported in NKI kernels; use the 'nki' package instead
  J_128_tiles = TiledRange(J_tile, nl.tile_size.pmax)
                ^
/opt/aws_neuronx_venv_pytorch_inference_vllm_0_16/lib/python3.12/site-packages/neuronxcc/private_nkl/transpose.py:596:21: warning: 'neuronxcc.private_nkl.utils.tiled_range.TiledRange' is from the 'neuronxcc' package which is not supported in NKI kernels; use the 'nki' package instead
  for I_128_tile in TiledRange(I_tile.size, nl.tile_size.pmax):
                    ^
/opt/aws_neuronx_venv_pytorch_inference_vllm_0_16/lib/python3.12/site-packages/neuronxcc/private_nkl/transpose.py:597:23: warning: 'neuronxcc.private_nkl.utils.tiled_range.TiledRange' is from the 'neuronxcc' package which is not supported in NKI kernels; use the 'nki' package instead
    for J_512_tile in TiledRange(J_tile.size, nl.tile_size.psum_fmax):
                      ^
/opt/aws_neuronx_venv_pytorch_inference_vllm_0_16/lib/python3.12/site-packages/neuronxcc/private_nkl/transpose.py:609:25: warning: 'neuronxcc.private_nkl.utils.tiled_range.TiledRange' is from the 'neuronxcc' package which is not supported in NKI kernels; use the 'nki' package instead
      for J_128_tile in TiledRange(J_512_tile, nl.tile_size.pmax):
                        ^
/opt/aws_neuronx_venv_pytorch_inference_vllm_0_16/lib/python3.12/site-packages/neuronxcc/private_nkl/transpose.py:628:9: warning: 'neuronxcc.private_nkl.transpose._copy_with_engine' is from the 'neuronxcc' package which is not supported in NKI kernels; use the 'nki' package instead
        _copy_with_engine(
        ^
/opt/aws_neuronx_venv_pytorch_inference_vllm_0_16/lib/python3.12/site-packages/neuronxcc/private_nkl/transpose.py:652:9: warning: 'neuronxcc.private_nkl.transpose._copy_with_engine' is from the 'neuronxcc' package which is not supported in NKI kernels; use the 'nki' package instead
        _copy_with_engine(
        ^
/opt/aws_neuronx_venv_pytorch_inference_vllm_0_16/lib/python3.12/site-packages/neuronxcc/private_nkl/transpose.py:38:10: warning: 'neuronxcc.private_nkl.transpose_utils.is_valid_permutation' is from the 'neuronxcc' package which is not supported in NKI kernels; use the 'nki' package instead
  assert is_valid_permutation(permutation), "input permutation is invalid"
         ^
/opt/aws_neuronx_venv_pytorch_inference_vllm_0_16/lib/python3.12/site-packages/neuronxcc/private_nkl/transpose.py:41:10: warning: 'neuronxcc.private_nkl.transpose_utils.n_elts' is from the 'neuronxcc' package which is not supported in NKI kernels; use the 'nki' package instead
  assert n_elts(in_shape) == n_elts(in_tensor.shape), "tensor shape is invalid"
         ^
/opt/aws_neuronx_venv_pytorch_inference_vllm_0_16/lib/python3.12/site-packages/neuronxcc/private_nkl/transpose.py:41:30: warning: 'neuronxcc.private_nkl.transpose_utils.n_elts' is from the 'neuronxcc' package which is not supported in NKI kernels; use the 'nki' package instead
  assert n_elts(in_shape) == n_elts(in_tensor.shape), "tensor shape is invalid"
                             ^
/opt/aws_neuronx_venv_pytorch_inference_vllm_0_16/lib/python3.12/site-packages/neuronxcc/private_nkl/transpose.py:32:20: warning: 'neuronxcc.private_nkl.utils.StackAllocator.sizeinbytes' is from the 'neuronxcc' package which is not supported in NKI kernels; use the 'nki' package instead
  return (98304 // sizeinbytes(dtype)) // 2
                   ^
/opt/aws_neuronx_venv_pytorch_inference_vllm_0_16/lib/python3.12/site-packages/neuronxcc/private_nkl/transpose.py:886:29: warning: 'neuronxcc.private_nkl.utils.kernel_helpers.get_program_sharding_info' is from the 'neuronxcc' package which is not supported in NKI kernels; use the 'nki' package instead
  _, num_shards, shard_id = get_program_sharding_info()
                            ^
/opt/aws_neuronx_venv_pytorch_inference_vllm_0_16/lib/python3.12/site-packages/neuronxcc/private_nkl/transpose.py:887:9: warning: 'neuronxcc.private_nkl.transpose._pe_transpose' is from the 'neuronxcc' package which is not supported in NKI kernels; use the 'nki' package instead
  out = _pe_transpose(in_tensor, in_shape, permutation, out_dtype, num_shards, shard_id)
        ^
/opt/aws_neuronx_venv_pytorch_inference_vllm_0_16/lib/python3.12/site-packages/neuronxcc/private_nkl/transpose_utils.py:71:10: warning: 'neuronxcc.private_nkl.transpose_utils.is_valid_permutation' is from the 'neuronxcc' package which is not supported in NKI kernels; use the 'nki' package instead
  if not is_valid_permutation(permutation):
         ^
/opt/aws_neuronx_venv_pytorch_inference_vllm_0_16/lib/python3.12/site-packages/neuronxcc/private_nkl/utils/tiled_range.py:66:23: warning: 'neuronxcc.private_nkl.utils.tiled_range.TiledRangeIterator' is from the 'neuronxcc' package which is not supported in NKI kernels; use the 'nki' package instead
  if isinstance(size, TiledRangeIterator):
                      ^
/opt/aws_neuronx_venv_pytorch_inference_vllm_0_16/lib/python3.12/site-packages/neuronxcc/private_nkl/utils/tiled_range.py:84:22: warning: 'neuronxcc.private_nkl.utils.tiled_range.TiledRangeIterator' is from the 'neuronxcc' package which is not supported in NKI kernels; use the 'nki' package instead
    iterators.append(TiledRangeIterator(current_tile_size, i, base_offset + relative_offset))
                     ^
/opt/aws_neuronx_venv_pytorch_inference_vllm_0_16/lib/python3.12/site-packages/neuronxcc/private_nkl/transpose.py:458:17: warning: 'neuronxcc.private_nkl.utils.tiled_range.TiledRange' is from the 'neuronxcc' package which is not supported in NKI kernels; use the 'nki' package instead
  I_128_tiles = TiledRange(I_tile, nl.tile_size.pmax)
                ^
/opt/aws_neuronx_venv_pytorch_inference_vllm_0_16/lib/python3.12/site-packages/neuronxcc/private_nkl/transpose.py:465:33: warning: 'neuronxcc.private_nkl.utils.tiled_range.TiledRange' is from the 'neuronxcc' package which is not supported in NKI kernels; use the 'nki' package instead
    for vectorization_factor in TiledRange(num_full_128_tiles_per_I_tile, VECTORIZATION_FACTOR):
                                ^
/opt/aws_neuronx_venv_pytorch_inference_vllm_0_16/lib/python3.12/site-packages/neuronxcc/private_nkl/transpose.py:284:16: warning: 'neuronxcc.private_nkl.transpose.max_f_size' is from the 'neuronxcc' package which is not supported in NKI kernels; use the 'nki' package instead
  MAX_F_SIZE = max_f_size(dtype)
               ^
/opt/aws_neuronx_venv_pytorch_inference_vllm_0_16/lib/python3.12/site-packages/neuronxcc/private_nkl/transpose.py:289:15: warning: 'neuronxcc.private_nkl.transpose_utils.next_multiple' is from the 'neuronxcc' package which is not supported in NKI kernels; use the 'nki' package instead
    return I, next_multiple(min(J, MAX_F_SIZE), 128)
              ^
/opt/aws_neuronx_venv_pytorch_inference_vllm_0_16/lib/python3.12/site-packages/neuronxcc/private_nkl/transpose.py:291:12: warning: 'neuronxcc.private_nkl.transpose_utils.next_multiple' is from the 'neuronxcc' package which is not supported in NKI kernels; use the 'nki' package instead
    return next_multiple(min(I, MAX_F_SIZE), 128), J
           ^
/opt/aws_neuronx_venv_pytorch_inference_vllm_0_16/lib/python3.12/site-packages/neuronxcc/private_nkl/transpose.py:302:19: warning: 'neuronxcc.private_nkl.transpose_utils.next_multiple' is from the 'neuronxcc' package which is not supported in NKI kernels; use the 'nki' package instead
    I_tile_size = next_multiple(I_tile_size, 128)
                  ^
/opt/aws_neuronx_venv_pytorch_inference_vllm_0_16/lib/python3.12/site-packages/neuronxcc/private_nkl/transpose.py:303:19: warning: 'neuronxcc.private_nkl.transpose_utils.next_multiple' is from the 'neuronxcc' package which is not supported in NKI kernels; use the 'nki' package instead
    J_tile_size = next_multiple(J_tile_size, 128)
                  ^
/opt/aws_neuronx_venv_pytorch_inference_vllm_0_16/lib/python3.12/site-packages/neuronxcc/private_nkl/transpose.py:681:17: warning: 'neuronxcc.private_nkl.utils.tiled_range.TiledRange' is from the 'neuronxcc' package which is not supported in NKI kernels; use the 'nki' package instead
  J_128_tiles = TiledRange(J_tile, nl.tile_size.pmax)
                ^
/opt/aws_neuronx_venv_pytorch_inference_vllm_0_16/lib/python3.12/site-packages/neuronxcc/private_nkl/transpose.py:688:33: warning: 'neuronxcc.private_nkl.utils.tiled_range.TiledRange' is from the 'neuronxcc' package which is not supported in NKI kernels; use the 'nki' package instead
    for vectorization_factor in TiledRange(num_full_128_tiles_per_J_tile, VECTORIZATION_FACTOR):
                                ^
/opt/aws_neuronx_venv_pytorch_inference_vllm_0_16/lib/python3.12/site-packages/neuronxcc/private_nkl/transpose.py:751:3: warning: 'neuronxcc.private_nkl.transpose.check_input_transpose' is from the 'neuronxcc' package which is not supported in NKI kernels; use the 'nki' package instead
  check_input_transpose(in_tensor, in_shape, permutation)
  ^
/opt/aws_neuronx_venv_pytorch_inference_vllm_0_16/lib/python3.12/site-packages/neuronxcc/private_nkl/transpose.py:757:33: warning: 'neuronxcc.private_nkl.transpose_utils.permutation_reduction' is from the 'neuronxcc' package which is not supported in NKI kernels; use the 'nki' package instead
  reduced_perm, reduced_shape = permutation_reduction(in_shape, permutation)
                                ^
/opt/aws_neuronx_venv_pytorch_inference_vllm_0_16/lib/python3.12/site-packages/neuronxcc/private_nkl/transpose.py:758:10: warning: 'neuronxcc.private_nkl.transpose_utils.permutes_last_two_dims' is from the 'neuronxcc' package which is not supported in NKI kernels; use the 'nki' package instead
  assert permutes_last_two_dims(reduced_perm), f"must permutate last two dims, got {reduced_perm}"
         ^
/opt/aws_neuronx_venv_pytorch_inference_vllm_0_16/lib/python3.12/site-packages/neuronxcc/private_nkl/transpose.py:763:11: warning: 'neuronxcc.private_nkl.transpose._str_to_dtype' is from the 'neuronxcc' package which is not supported in NKI kernels; use the 'nki' package instead
    dtype=_str_to_dtype(out_dtype),
          ^
/opt/aws_neuronx_venv_pytorch_inference_vllm_0_16/lib/python3.12/site-packages/neuronxcc/private_nkl/transpose.py:764:12: warning: 'neuronxcc.private_nkl.transpose_utils._get_hbm_buffer' is from the 'neuronxcc' package which is not supported in NKI kernels; use the 'nki' package instead
    buffer=_get_hbm_buffer(),
           ^
/opt/aws_neuronx_venv_pytorch_inference_vllm_0_16/lib/python3.12/site-packages/neuronxcc/private_nkl/transpose.py:767:3: warning: 'neuronxcc.private_nkl.transpose._pe_transpose_impl' is from the 'neuronxcc' package which is not supported in NKI kernels; use the 'nki' package instead
  _pe_transpose_impl(in_tensor, out_tensor, num_shards, shard_id)
  ^
/opt/aws_neuronx_venv_pytorch_inference_vllm_0_16/lib/python3.12/site-packages/neuronxcc/private_nkl/transpose.py:373:25: warning: 'neuronxcc.private_nkl.transpose_utils.n_elts' is from the 'neuronxcc' package which is not supported in NKI kernels; use the 'nki' package instead
  flattened_B_dim = int(n_elts(in_shape[:-2])) if in_shape[:-2] else 1
                        ^
/opt/aws_neuronx_venv_pytorch_inference_vllm_0_16/lib/python3.12/site-packages/neuronxcc/private_nkl/transpose.py:378:30: warning: 'neuronxcc.private_nkl.transpose._pe_optimal_tile_sizes' is from the 'neuronxcc' package which is not supported in NKI kernels; use the 'nki' package instead
  I_tile_size, J_tile_size = _pe_optimal_tile_sizes(I, J, in_tensor.dtype)
                             ^
/opt/aws_neuronx_venv_pytorch_inference_vllm_0_16/lib/python3.12/site-packages/neuronxcc/private_nkl/transpose.py:381:17: warning: 'neuronxcc.private_nkl.utils.kernel_helpers.div_ceil' is from the 'neuronxcc' package which is not supported in NKI kernels; use the 'nki' package instead
  b_per_shard = div_ceil(flattened_B_dim, num_shards)
                ^
/opt/aws_neuronx_venv_pytorch_inference_vllm_0_16/lib/python3.12/site-packages/neuronxcc/private_nkl/transpose.py:384:19: warning: 'neuronxcc.private_nkl.transpose._to_compute_dtype' is from the 'neuronxcc' package which is not supported in NKI kernels; use the 'nki' package instead
  compute_dtype = _to_compute_dtype(in_tensor.dtype)
                  ^
/opt/aws_neuronx_venv_pytorch_inference_vllm_0_16/lib/python3.12/site-packages/neuronxcc/private_nkl/transpose.py:398:19: warning: 'neuronxcc.private_nkl.utils.tiled_range.TiledRange' is from the 'neuronxcc' package which is not supported in NKI kernels; use the 'nki' package instead
    for I_tile in TiledRange(I, I_tile_size):
                  ^
/opt/aws_neuronx_venv_pytorch_inference_vllm_0_16/lib/python3.12/site-packages/neuronxcc/private_nkl/transpose.py:399:21: warning: 'neuronxcc.private_nkl.utils.tiled_range.TiledRange' is from the 'neuronxcc' package which is not supported in NKI kernels; use the 'nki' package instead
      for J_tile in TiledRange(J, J_tile_size):
                    ^
/opt/aws_neuronx_venv_pytorch_inference_vllm_0_16/lib/python3.12/site-packages/neuronxcc/private_nkl/transpose.py:400:23: warning: 'neuronxcc.private_nkl.utils.tiled_range.TiledRange' is from the 'neuronxcc' package which is not supported in NKI kernels; use the 'nki' package instead
        I_128_tiles = TiledRange(I_tile, nl.tile_size.pmax)
                      ^
/opt/aws_neuronx_venv_pytorch_inference_vllm_0_16/lib/python3.12/site-packages/neuronxcc/private_nkl/transpose.py:405:23: warning: 'neuronxcc.private_nkl.utils.tiled_range.TiledRange' is from the 'neuronxcc' package which is not supported in NKI kernels; use the 'nki' package instead
        J_128_tiles = TiledRange(J_tile, nl.tile_size.pmax)
                      ^
/opt/aws_neuronx_venv_pytorch_inference_vllm_0_16/lib/python3.12/site-packages/neuronxcc/private_nkl/transpose.py:411:9: warning: 'neuronxcc.private_nkl.transpose._pe_load_tile' is from the 'neuronxcc' package which is not supported in NKI kernels; use the 'nki' package instead
        _pe_load_tile(
        ^
/opt/aws_neuronx_venv_pytorch_inference_vllm_0_16/lib/python3.12/site-packages/neuronxcc/private_nkl/transpose.py:422:11: warning: 'neuronxcc.private_nkl.transpose._pe_transpose_tile_I_vectorized' is from the 'neuronxcc' package which is not supported in NKI kernels; use the 'nki' package instead
          _pe_transpose_tile_I_vectorized(
          ^
/opt/aws_neuronx_venv_pytorch_inference_vllm_0_16/lib/python3.12/site-packages/neuronxcc/private_nkl/transpose.py:430:11: warning: 'neuronxcc.private_nkl.transpose._pe_transpose_tile_J_vectorized' is from the 'neuronxcc' package which is not supported in NKI kernels; use the 'nki' package instead
          _pe_transpose_tile_J_vectorized(
          ^
/opt/aws_neuronx_venv_pytorch_inference_vllm_0_16/lib/python3.12/site-packages/neuronxcc/private_nkl/transpose.py:438:9: warning: 'neuronxcc.private_nkl.transpose._pe_store_tile' is from the 'neuronxcc' package which is not supported in NKI kernels; use the 'nki' package instead
        _pe_store_tile(
        ^
/opt/aws_neuronx_venv_pytorch_inference_vllm_0_16/lib/python3.12/site-packages/neuronxcc/private_nkl/transpose.py:527:17: warning: 'neuronxcc.private_nkl.utils.tiled_range.TiledRange' is from the 'neuronxcc' package which is not supported in NKI kernels; use the 'nki' package instead
  I_128_tiles = TiledRange(I_tile, nl.tile_size.pmax)
                ^
/opt/aws_neuronx_venv_pytorch_inference_vllm_0_16/lib/python3.12/site-packages/neuronxcc/private_nkl/transpose.py:529:17: warning: 'neuronxcc.private_nkl.utils.tiled_range.TiledRange' is from the 'neuronxcc' package which is not supported in NKI kernels; use the 'nki' package instead
  J_128_tiles = TiledRange(J_tile, nl.tile_size.pmax)
                ^
/opt/aws_neuronx_venv_pytorch_inference_vllm_0_16/lib/python3.12/site-packages/neuronxcc/private_nkl/transpose.py:538:21: warning: 'neuronxcc.private_nkl.utils.tiled_range.TiledRange' is from the 'neuronxcc' package which is not supported in NKI kernels; use the 'nki' package instead
  for J_128_tile in TiledRange(J_tile.size, nl.tile_size.pmax):
                    ^
/opt/aws_neuronx_venv_pytorch_inference_vllm_0_16/lib/python3.12/site-packages/neuronxcc/private_nkl/transpose.py:539:23: warning: 'neuronxcc.private_nkl.utils.tiled_range.TiledRange' is from the 'neuronxcc' package which is not supported in NKI kernels; use the 'nki' package instead
    for I_512_tile in TiledRange(I_tile.size, nl.tile_size.psum_fmax):
                      ^
/opt/aws_neuronx_venv_pytorch_inference_vllm_0_16/lib/python3.12/site-packages/neuronxcc/private_nkl/transpose.py:551:25: warning: 'neuronxcc.private_nkl.utils.tiled_range.TiledRange' is from the 'neuronxcc' package which is not supported in NKI kernels; use the 'nki' package instead
      for I_128_tile in TiledRange(I_512_tile, nl.tile_size.pmax):
                        ^
/opt/aws_neuronx_venv_pytorch_inference_vllm_0_16/lib/python3.12/site-packages/neuronxcc/private_nkl/transpose.py:569:7: warning: 'neuronxcc.private_nkl.transpose._copy_with_engine' is from the 'neuronxcc' package which is not supported in NKI kernels; use the 'nki' package instead
      _copy_with_engine(
      ^
/opt/aws_neuronx_venv_pytorch_inference_vllm_0_16/lib/python3.12/site-packages/neuronxcc/private_nkl/transpose.py:586:17: warning: 'neuronxcc.private_nkl.utils.tiled_range.TiledRange' is from the 'neuronxcc' package which is not supported in NKI kernels; use the 'nki' package instead
  I_128_tiles = TiledRange(I_tile, nl.tile_size.pmax)
                ^
/opt/aws_neuronx_venv_pytorch_inference_vllm_0_16/lib/python3.12/site-packages/neuronxcc/private_nkl/transpose.py:588:17: warning: 'neuronxcc.private_nkl.utils.tiled_range.TiledRange' is from the 'neuronxcc' package which is not supported in NKI kernels; use the 'nki' package instead
  J_128_tiles = TiledRange(J_tile, nl.tile_size.pmax)
                ^
/opt/aws_neuronx_venv_pytorch_inference_vllm_0_16/lib/python3.12/site-packages/neuronxcc/private_nkl/transpose.py:596:21: warning: 'neuronxcc.private_nkl.utils.tiled_range.TiledRange' is from the 'neuronxcc' package which is not supported in NKI kernels; use the 'nki' package instead
  for I_128_tile in TiledRange(I_tile.size, nl.tile_size.pmax):
                    ^
/opt/aws_neuronx_venv_pytorch_inference_vllm_0_16/lib/python3.12/site-packages/neuronxcc/private_nkl/transpose.py:597:23: warning: 'neuronxcc.private_nkl.utils.tiled_range.TiledRange' is from the 'neuronxcc' package which is not supported in NKI kernels; use the 'nki' package instead
    for J_512_tile in TiledRange(J_tile.size, nl.tile_size.psum_fmax):
                      ^
/opt/aws_neuronx_venv_pytorch_inference_vllm_0_16/lib/python3.12/site-packages/neuronxcc/private_nkl/transpose.py:609:25: warning: 'neuronxcc.private_nkl.utils.tiled_range.TiledRange' is from the 'neuronxcc' package which is not supported in NKI kernels; use the 'nki' package instead
      for J_128_tile in TiledRange(J_512_tile, nl.tile_size.pmax):
                        ^
/opt/aws_neuronx_venv_pytorch_inference_vllm_0_16/lib/python3.12/site-packages/neuronxcc/private_nkl/transpose.py:628:9: warning: 'neuronxcc.private_nkl.transpose._copy_with_engine' is from the 'neuronxcc' package which is not supported in NKI kernels; use the 'nki' package instead
        _copy_with_engine(
        ^
/opt/aws_neuronx_venv_pytorch_inference_vllm_0_16/lib/python3.12/site-packages/neuronxcc/private_nkl/transpose.py:652:9: warning: 'neuronxcc.private_nkl.transpose._copy_with_engine' is from the 'neuronxcc' package which is not supported in NKI kernels; use the 'nki' package instead
        _copy_with_engine(
        ^
/opt/aws_neuronx_venv_pytorch_inference_vllm_0_16/lib/python3.12/site-packages/neuronxcc/private_nkl/transpose.py:38:10: warning: 'neuronxcc.private_nkl.transpose_utils.is_valid_permutation' is from the 'neuronxcc' package which is not supported in NKI kernels; use the 'nki' package instead
  assert is_valid_permutation(permutation), "input permutation is invalid"
         ^
/opt/aws_neuronx_venv_pytorch_inference_vllm_0_16/lib/python3.12/site-packages/neuronxcc/private_nkl/transpose.py:41:10: warning: 'neuronxcc.private_nkl.transpose_utils.n_elts' is from the 'neuronxcc' package which is not supported in NKI kernels; use the 'nki' package instead
  assert n_elts(in_shape) == n_elts(in_tensor.shape), "tensor shape is invalid"
         ^
/opt/aws_neuronx_venv_pytorch_inference_vllm_0_16/lib/python3.12/site-packages/neuronxcc/private_nkl/transpose.py:41:30: warning: 'neuronxcc.private_nkl.transpose_utils.n_elts' is from the 'neuronxcc' package which is not supported in NKI kernels; use the 'nki' package instead
  assert n_elts(in_shape) == n_elts(in_tensor.shape), "tensor shape is invalid"
                             ^
/opt/aws_neuronx_venv_pytorch_inference_vllm_0_16/lib/python3.12/site-packages/neuronxcc/private_nkl/transpose.py:32:20: warning: 'neuronxcc.private_nkl.utils.StackAllocator.sizeinbytes' is from the 'neuronxcc' package which is not supported in NKI kernels; use the 'nki' package instead
  return (98304 // sizeinbytes(dtype)) // 2
                   ^
/opt/aws_neuronx_venv_pytorch_inference_vllm_0_16/lib/python3.12/site-packages/neuronxcc/private_nkl/transpose.py:886:29: warning: 'neuronxcc.private_nkl.utils.kernel_helpers.get_program_sharding_info' is from the 'neuronxcc' package which is not supported in NKI kernels; use the 'nki' package instead
  _, num_shards, shard_id = get_program_sharding_info()
                            ^
/opt/aws_neuronx_venv_pytorch_inference_vllm_0_16/lib/python3.12/site-packages/neuronxcc/private_nkl/transpose.py:887:9: warning: 'neuronxcc.private_nkl.transpose._pe_transpose' is from the 'neuronxcc' package which is not supported in NKI kernels; use the 'nki' package instead
  out = _pe_transpose(in_tensor, in_shape, permutation, out_dtype, num_shards, shard_id)
        ^
/opt/aws_neuronx_venv_pytorch_inference_vllm_0_16/lib/python3.12/site-packages/neuronxcc/private_nkl/transpose_utils.py:71:10: warning: 'neuronxcc.private_nkl.transpose_utils.is_valid_permutation' is from the 'neuronxcc' package which is not supported in NKI kernels; use the 'nki' package instead
  if not is_valid_permutation(permutation):
         ^
/opt/aws_neuronx_venv_pytorch_inference_vllm_0_16/lib/python3.12/site-packages/neuronxcc/private_nkl/utils/tiled_range.py:66:23: warning: 'neuronxcc.private_nkl.utils.tiled_range.TiledRangeIterator' is from the 'neuronxcc' package which is not supported in NKI kernels; use the 'nki' package instead
  if isinstance(size, TiledRangeIterator):
                      ^
/opt/aws_neuronx_venv_pytorch_inference_vllm_0_16/lib/python3.12/site-packages/neuronxcc/private_nkl/utils/tiled_range.py:84:22: warning: 'neuronxcc.private_nkl.utils.tiled_range.TiledRangeIterator' is from the 'neuronxcc' package which is not supported in NKI kernels; use the 'nki' package instead
    iterators.append(TiledRangeIterator(current_tile_size, i, base_offset + relative_offset))
                     ^
.......
Compiler status PASS
INFO:Neuron:Done preparing weight layout transformation
INFO:Neuron:Finished building model in 2679.7661724090576 seconds
INFO:Neuron:Pre-sharding checkpoints.
INFO:Neuron:Sharding weights for ranks: 0...3
[2026-05-28 08:33:45.377: I neuronx_distributed/parallel_layers/parallel_state.py:638] > initializing tensor model parallel with size 4
[2026-05-28 08:33:45.378: I neuronx_distributed/parallel_layers/parallel_state.py:639] > initializing pipeline model parallel with size 1
[2026-05-28 08:33:45.378: I neuronx_distributed/parallel_layers/parallel_state.py:640] > initializing context model parallel with size 1
[2026-05-28 08:33:45.378: I neuronx_distributed/parallel_layers/parallel_state.py:641] > initializing data parallel with size 1
[2026-05-28 08:33:45.378: I neuronx_distributed/parallel_layers/parallel_state.py:642] > initializing world size to 4
[2026-05-28 08:33:45.378: I neuronx_distributed/parallel_layers/parallel_state.py:387] [rank_0_pp-1_tp-1_dp-1_cp-1] Chosen Logic for replica groups ret_logic=<PG_Group_Logic.LOGIC1: (<function ascending_ring_PG_group at 0x72ca1f2ceca0>, 'Ascending Ring PG Group')>
[2026-05-28 08:33:45.378: I neuronx_distributed/parallel_layers/parallel_state.py:666] [rank_0_pp-1_tp-1_dp-1_cp-1] tp_groups: replica_groups.tp_groups=[[0, 1, 2, 3]]
[2026-05-28 08:33:45.378: I neuronx_distributed/parallel_layers/parallel_state.py:667] [rank_0_pp-1_tp-1_dp-1_cp-1] dp_groups: replica_groups.dp_groups=[[0], [1], [2], [3]]
[2026-05-28 08:33:45.378: I neuronx_distributed/parallel_layers/parallel_state.py:668] [rank_0_pp-1_tp-1_dp-1_cp-1] pp_groups: replica_groups.pp_groups=[[0], [1], [2], [3]]
[2026-05-28 08:33:45.378: I neuronx_distributed/parallel_layers/parallel_state.py:669] [rank_0_pp-1_tp-1_dp-1_cp-1] cp_groups: replica_groups.cp_groups=[[0], [1], [2], [3]]
[2026-05-28 08:33:45.378: I neuronx_distributed/parallel_layers/parallel_state.py:670] [rank_0_pp-1_tp-1_dp-1_cp-1] ep_model_groups: replica_groups.ep_model_groups=[[0], [1], [2], [3]]
[2026-05-28 08:33:45.378: I neuronx_distributed/parallel_layers/parallel_state.py:671] [rank_0_pp-1_tp-1_dp-1_cp-1] ep_data_groups: replica_groups.ep_data_groups=[[0], [1], [2], [3]]
/home/ubuntu/inferentia-gdn-nki-decode-step-c49df2b-splitqkv/src/neuronx_distributed_inference/models/application_base.py:650: UserWarning: Found torch.float32 scales, skip converting to torch.bfloat16
  warnings.warn(
/home/ubuntu/inferentia-gdn-nki-decode-step-c49df2b-splitqkv/src/neuronx_distributed_inference/models/application_base.py:654: UserWarning: Found torch.float32 weights in checkpoint: layers.0.input_layernorm.weight. Will convert to torch.bfloat16
  warnings.warn(
/home/ubuntu/inferentia-gdn-nki-decode-step-c49df2b-splitqkv/src/neuronx_distributed_inference/models/application_base.py:654: UserWarning: Found torch.float32 weights in checkpoint: layers.0.post_attention_layernorm.weight. Will convert to torch.bfloat16
  warnings.warn(
/home/ubuntu/inferentia-gdn-nki-decode-step-c49df2b-splitqkv/src/neuronx_distributed_inference/models/application_base.py:654: UserWarning: Found torch.float32 weights in checkpoint: layers.1.input_layernorm.weight. Will convert to torch.bfloat16
  warnings.warn(
/home/ubuntu/inferentia-gdn-nki-decode-step-c49df2b-splitqkv/src/neuronx_distributed_inference/models/application_base.py:654: UserWarning: Found torch.float32 weights in checkpoint: layers.1.post_attention_layernorm.weight. Will convert to torch.bfloat16
  warnings.warn(
/home/ubuntu/inferentia-gdn-nki-decode-step-c49df2b-splitqkv/src/neuronx_distributed_inference/models/application_base.py:654: UserWarning: Found torch.float32 weights in checkpoint: layers.10.input_layernorm.weight. Will convert to torch.bfloat16
  warnings.warn(
/home/ubuntu/inferentia-gdn-nki-decode-step-c49df2b-splitqkv/src/neuronx_distributed_inference/models/application_base.py:654: UserWarning: Found torch.float32 weights in checkpoint: layers.10.post_attention_layernorm.weight. Will convert to torch.bfloat16
  warnings.warn(
/home/ubuntu/inferentia-gdn-nki-decode-step-c49df2b-splitqkv/src/neuronx_distributed_inference/models/application_base.py:654: UserWarning: Found torch.float32 weights in checkpoint: layers.11.input_layernorm.weight. Will convert to torch.bfloat16
  warnings.warn(
/home/ubuntu/inferentia-gdn-nki-decode-step-c49df2b-splitqkv/src/neuronx_distributed_inference/models/application_base.py:654: UserWarning: Found torch.float32 weights in checkpoint: layers.11.post_attention_layernorm.weight. Will convert to torch.bfloat16
  warnings.warn(
/home/ubuntu/inferentia-gdn-nki-decode-step-c49df2b-splitqkv/src/neuronx_distributed_inference/models/application_base.py:654: UserWarning: Found torch.float32 weights in checkpoint: layers.12.input_layernorm.weight. Will convert to torch.bfloat16
  warnings.warn(
/home/ubuntu/inferentia-gdn-nki-decode-step-c49df2b-splitqkv/src/neuronx_distributed_inference/models/application_base.py:654: UserWarning: Found torch.float32 weights in checkpoint: layers.12.post_attention_layernorm.weight. Will convert to torch.bfloat16
  warnings.warn(
/home/ubuntu/inferentia-gdn-nki-decode-step-c49df2b-splitqkv/src/neuronx_distributed_inference/models/application_base.py:654: UserWarning: Found torch.float32 weights in checkpoint: layers.13.input_layernorm.weight. Will convert to torch.bfloat16
  warnings.warn(
/home/ubuntu/inferentia-gdn-nki-decode-step-c49df2b-splitqkv/src/neuronx_distributed_inference/models/application_base.py:654: UserWarning: Found torch.float32 weights in checkpoint: layers.13.post_attention_layernorm.weight. Will convert to torch.bfloat16
  warnings.warn(
/home/ubuntu/inferentia-gdn-nki-decode-step-c49df2b-splitqkv/src/neuronx_distributed_inference/models/application_base.py:654: UserWarning: Found torch.float32 weights in checkpoint: layers.14.input_layernorm.weight. Will convert to torch.bfloat16
  warnings.warn(
/home/ubuntu/inferentia-gdn-nki-decode-step-c49df2b-splitqkv/src/neuronx_distributed_inference/models/application_base.py:654: UserWarning: Found torch.float32 weights in checkpoint: layers.14.post_attention_layernorm.weight. Will convert to torch.bfloat16
  warnings.warn(
/home/ubuntu/inferentia-gdn-nki-decode-step-c49df2b-splitqkv/src/neuronx_distributed_inference/models/application_base.py:654: UserWarning: Found torch.float32 weights in checkpoint: layers.15.input_layernorm.weight. Will convert to torch.bfloat16
  warnings.warn(
/home/ubuntu/inferentia-gdn-nki-decode-step-c49df2b-splitqkv/src/neuronx_distributed_inference/models/application_base.py:654: UserWarning: Found torch.float32 weights in checkpoint: layers.15.post_attention_layernorm.weight. Will convert to torch.bfloat16
  warnings.warn(
/home/ubuntu/inferentia-gdn-nki-decode-step-c49df2b-splitqkv/src/neuronx_distributed_inference/models/application_base.py:654: UserWarning: Found torch.float32 weights in checkpoint: layers.16.input_layernorm.weight. Will convert to torch.bfloat16
  warnings.warn(
/home/ubuntu/inferentia-gdn-nki-decode-step-c49df2b-splitqkv/src/neuronx_distributed_inference/models/application_base.py:654: UserWarning: Found torch.float32 weights in checkpoint: layers.16.post_attention_layernorm.weight. Will convert to torch.bfloat16
  warnings.warn(
/home/ubuntu/inferentia-gdn-nki-decode-step-c49df2b-splitqkv/src/neuronx_distributed_inference/models/application_base.py:654: UserWarning: Found torch.float32 weights in checkpoint: layers.17.input_layernorm.weight. Will convert to torch.bfloat16
  warnings.warn(
/home/ubuntu/inferentia-gdn-nki-decode-step-c49df2b-splitqkv/src/neuronx_distributed_inference/models/application_base.py:654: UserWarning: Found torch.float32 weights in checkpoint: layers.17.post_attention_layernorm.weight. Will convert to torch.bfloat16
  warnings.warn(
/home/ubuntu/inferentia-gdn-nki-decode-step-c49df2b-splitqkv/src/neuronx_distributed_inference/models/application_base.py:654: UserWarning: Found torch.float32 weights in checkpoint: layers.18.input_layernorm.weight. Will convert to torch.bfloat16
  warnings.warn(
/home/ubuntu/inferentia-gdn-nki-decode-step-c49df2b-splitqkv/src/neuronx_distributed_inference/models/application_base.py:654: UserWarning: Found torch.float32 weights in checkpoint: layers.18.post_attention_layernorm.weight. Will convert to torch.bfloat16
  warnings.warn(
/home/ubuntu/inferentia-gdn-nki-decode-step-c49df2b-splitqkv/src/neuronx_distributed_inference/models/application_base.py:654: UserWarning: Found torch.float32 weights in checkpoint: layers.19.input_layernorm.weight. Will convert to torch.bfloat16
  warnings.warn(
/home/ubuntu/inferentia-gdn-nki-decode-step-c49df2b-splitqkv/src/neuronx_distributed_inference/models/application_base.py:654: UserWarning: Found torch.float32 weights in checkpoint: layers.19.post_attention_layernorm.weight. Will convert to torch.bfloat16
  warnings.warn(
/home/ubuntu/inferentia-gdn-nki-decode-step-c49df2b-splitqkv/src/neuronx_distributed_inference/models/application_base.py:654: UserWarning: Found torch.float32 weights in checkpoint: layers.2.input_layernorm.weight. Will convert to torch.bfloat16
  warnings.warn(
/home/ubuntu/inferentia-gdn-nki-decode-step-c49df2b-splitqkv/src/neuronx_distributed_inference/models/application_base.py:654: UserWarning: Found torch.float32 weights in checkpoint: layers.2.post_attention_layernorm.weight. Will convert to torch.bfloat16
  warnings.warn(
/home/ubuntu/inferentia-gdn-nki-decode-step-c49df2b-splitqkv/src/neuronx_distributed_inference/models/application_base.py:654: UserWarning: Found torch.float32 weights in checkpoint: layers.20.input_layernorm.weight. Will convert to torch.bfloat16
  warnings.warn(
/home/ubuntu/inferentia-gdn-nki-decode-step-c49df2b-splitqkv/src/neuronx_distributed_inference/models/application_base.py:654: UserWarning: Found torch.float32 weights in checkpoint: layers.20.post_attention_layernorm.weight. Will convert to torch.bfloat16
  warnings.warn(
/home/ubuntu/inferentia-gdn-nki-decode-step-c49df2b-splitqkv/src/neuronx_distributed_inference/models/application_base.py:654: UserWarning: Found torch.float32 weights in checkpoint: layers.21.input_layernorm.weight. Will convert to torch.bfloat16
  warnings.warn(
/home/ubuntu/inferentia-gdn-nki-decode-step-c49df2b-splitqkv/src/neuronx_distributed_inference/models/application_base.py:654: UserWarning: Found torch.float32 weights in checkpoint: layers.21.post_attention_layernorm.weight. Will convert to torch.bfloat16
  warnings.warn(
/home/ubuntu/inferentia-gdn-nki-decode-step-c49df2b-splitqkv/src/neuronx_distributed_inference/models/application_base.py:654: UserWarning: Found torch.float32 weights in checkpoint: layers.22.input_layernorm.weight. Will convert to torch.bfloat16
  warnings.warn(
/home/ubuntu/inferentia-gdn-nki-decode-step-c49df2b-splitqkv/src/neuronx_distributed_inference/models/application_base.py:654: UserWarning: Found torch.float32 weights in checkpoint: layers.22.post_attention_layernorm.weight. Will convert to torch.bfloat16
  warnings.warn(
/home/ubuntu/inferentia-gdn-nki-decode-step-c49df2b-splitqkv/src/neuronx_distributed_inference/models/application_base.py:654: UserWarning: Found torch.float32 weights in checkpoint: layers.23.input_layernorm.weight. Will convert to torch.bfloat16
  warnings.warn(
/home/ubuntu/inferentia-gdn-nki-decode-step-c49df2b-splitqkv/src/neuronx_distributed_inference/models/application_base.py:654: UserWarning: Found torch.float32 weights in checkpoint: layers.23.post_attention_layernorm.weight. Will convert to torch.bfloat16
  warnings.warn(
/home/ubuntu/inferentia-gdn-nki-decode-step-c49df2b-splitqkv/src/neuronx_distributed_inference/models/application_base.py:654: UserWarning: Found torch.float32 weights in checkpoint: layers.24.input_layernorm.weight. Will convert to torch.bfloat16
  warnings.warn(
/home/ubuntu/inferentia-gdn-nki-decode-step-c49df2b-splitqkv/src/neuronx_distributed_inference/models/application_base.py:654: UserWarning: Found torch.float32 weights in checkpoint: layers.24.post_attention_layernorm.weight. Will convert to torch.bfloat16
  warnings.warn(
/home/ubuntu/inferentia-gdn-nki-decode-step-c49df2b-splitqkv/src/neuronx_distributed_inference/models/application_base.py:654: UserWarning: Found torch.float32 weights in checkpoint: layers.25.input_layernorm.weight. Will convert to torch.bfloat16
  warnings.warn(
/home/ubuntu/inferentia-gdn-nki-decode-step-c49df2b-splitqkv/src/neuronx_distributed_inference/models/application_base.py:654: UserWarning: Found torch.float32 weights in checkpoint: layers.25.post_attention_layernorm.weight. Will convert to torch.bfloat16
  warnings.warn(
/home/ubuntu/inferentia-gdn-nki-decode-step-c49df2b-splitqkv/src/neuronx_distributed_inference/models/application_base.py:654: UserWarning: Found torch.float32 weights in checkpoint: layers.26.input_layernorm.weight. Will convert to torch.bfloat16
  warnings.warn(
/home/ubuntu/inferentia-gdn-nki-decode-step-c49df2b-splitqkv/src/neuronx_distributed_inference/models/application_base.py:654: UserWarning: Found torch.float32 weights in checkpoint: layers.26.post_attention_layernorm.weight. Will convert to torch.bfloat16
  warnings.warn(
/home/ubuntu/inferentia-gdn-nki-decode-step-c49df2b-splitqkv/src/neuronx_distributed_inference/models/application_base.py:654: UserWarning: Found torch.float32 weights in checkpoint: layers.27.input_layernorm.weight. Will convert to torch.bfloat16
  warnings.warn(
/home/ubuntu/inferentia-gdn-nki-decode-step-c49df2b-splitqkv/src/neuronx_distributed_inference/models/application_base.py:654: UserWarning: Found torch.float32 weights in checkpoint: layers.27.post_attention_layernorm.weight. Will convert to torch.bfloat16
  warnings.warn(
/home/ubuntu/inferentia-gdn-nki-decode-step-c49df2b-splitqkv/src/neuronx_distributed_inference/models/application_base.py:654: UserWarning: Found torch.float32 weights in checkpoint: layers.28.input_layernorm.weight. Will convert to torch.bfloat16
  warnings.warn(
/home/ubuntu/inferentia-gdn-nki-decode-step-c49df2b-splitqkv/src/neuronx_distributed_inference/models/application_base.py:654: UserWarning: Found torch.float32 weights in checkpoint: layers.28.post_attention_layernorm.weight. Will convert to torch.bfloat16
  warnings.warn(
/home/ubuntu/inferentia-gdn-nki-decode-step-c49df2b-splitqkv/src/neuronx_distributed_inference/models/application_base.py:654: UserWarning: Found torch.float32 weights in checkpoint: layers.29.input_layernorm.weight. Will convert to torch.bfloat16
  warnings.warn(
/home/ubuntu/inferentia-gdn-nki-decode-step-c49df2b-splitqkv/src/neuronx_distributed_inference/models/application_base.py:654: UserWarning: Found torch.float32 weights in checkpoint: layers.29.post_attention_layernorm.weight. Will convert to torch.bfloat16
  warnings.warn(
/home/ubuntu/inferentia-gdn-nki-decode-step-c49df2b-splitqkv/src/neuronx_distributed_inference/models/application_base.py:654: UserWarning: Found torch.float32 weights in checkpoint: layers.3.input_layernorm.weight. Will convert to torch.bfloat16
  warnings.warn(
/home/ubuntu/inferentia-gdn-nki-decode-step-c49df2b-splitqkv/src/neuronx_distributed_inference/models/application_base.py:654: UserWarning: Found torch.float32 weights in checkpoint: layers.3.post_attention_layernorm.weight. Will convert to torch.bfloat16
  warnings.warn(
/home/ubuntu/inferentia-gdn-nki-decode-step-c49df2b-splitqkv/src/neuronx_distributed_inference/models/application_base.py:654: UserWarning: Found torch.float32 weights in checkpoint: layers.30.input_layernorm.weight. Will convert to torch.bfloat16
  warnings.warn(
/home/ubuntu/inferentia-gdn-nki-decode-step-c49df2b-splitqkv/src/neuronx_distributed_inference/models/application_base.py:654: UserWarning: Found torch.float32 weights in checkpoint: layers.30.post_attention_layernorm.weight. Will convert to torch.bfloat16
  warnings.warn(
/home/ubuntu/inferentia-gdn-nki-decode-step-c49df2b-splitqkv/src/neuronx_distributed_inference/models/application_base.py:654: UserWarning: Found torch.float32 weights in checkpoint: layers.31.input_layernorm.weight. Will convert to torch.bfloat16
  warnings.warn(
/home/ubuntu/inferentia-gdn-nki-decode-step-c49df2b-splitqkv/src/neuronx_distributed_inference/models/application_base.py:654: UserWarning: Found torch.float32 weights in checkpoint: layers.31.post_attention_layernorm.weight. Will convert to torch.bfloat16
  warnings.warn(
/home/ubuntu/inferentia-gdn-nki-decode-step-c49df2b-splitqkv/src/neuronx_distributed_inference/models/application_base.py:654: UserWarning: Found torch.float32 weights in checkpoint: layers.4.input_layernorm.weight. Will convert to torch.bfloat16
  warnings.warn(
/home/ubuntu/inferentia-gdn-nki-decode-step-c49df2b-splitqkv/src/neuronx_distributed_inference/models/application_base.py:654: UserWarning: Found torch.float32 weights in checkpoint: layers.4.post_attention_layernorm.weight. Will convert to torch.bfloat16
  warnings.warn(
/home/ubuntu/inferentia-gdn-nki-decode-step-c49df2b-splitqkv/src/neuronx_distributed_inference/models/application_base.py:654: UserWarning: Found torch.float32 weights in checkpoint: layers.5.input_layernorm.weight. Will convert to torch.bfloat16
  warnings.warn(
/home/ubuntu/inferentia-gdn-nki-decode-step-c49df2b-splitqkv/src/neuronx_distributed_inference/models/application_base.py:654: UserWarning: Found torch.float32 weights in checkpoint: layers.5.post_attention_layernorm.weight. Will convert to torch.bfloat16
  warnings.warn(
/home/ubuntu/inferentia-gdn-nki-decode-step-c49df2b-splitqkv/src/neuronx_distributed_inference/models/application_base.py:654: UserWarning: Found torch.float32 weights in checkpoint: layers.6.input_layernorm.weight. Will convert to torch.bfloat16
  warnings.warn(
/home/ubuntu/inferentia-gdn-nki-decode-step-c49df2b-splitqkv/src/neuronx_distributed_inference/models/application_base.py:654: UserWarning: Found torch.float32 weights in checkpoint: layers.6.post_attention_layernorm.weight. Will convert to torch.bfloat16
  warnings.warn(
/home/ubuntu/inferentia-gdn-nki-decode-step-c49df2b-splitqkv/src/neuronx_distributed_inference/models/application_base.py:654: UserWarning: Found torch.float32 weights in checkpoint: layers.7.input_layernorm.weight. Will convert to torch.bfloat16
  warnings.warn(
/home/ubuntu/inferentia-gdn-nki-decode-step-c49df2b-splitqkv/src/neuronx_distributed_inference/models/application_base.py:654: UserWarning: Found torch.float32 weights in checkpoint: layers.7.post_attention_layernorm.weight. Will convert to torch.bfloat16
  warnings.warn(
/home/ubuntu/inferentia-gdn-nki-decode-step-c49df2b-splitqkv/src/neuronx_distributed_inference/models/application_base.py:654: UserWarning: Found torch.float32 weights in checkpoint: layers.8.input_layernorm.weight. Will convert to torch.bfloat16
  warnings.warn(
/home/ubuntu/inferentia-gdn-nki-decode-step-c49df2b-splitqkv/src/neuronx_distributed_inference/models/application_base.py:654: UserWarning: Found torch.float32 weights in checkpoint: layers.8.post_attention_layernorm.weight. Will convert to torch.bfloat16
  warnings.warn(
/home/ubuntu/inferentia-gdn-nki-decode-step-c49df2b-splitqkv/src/neuronx_distributed_inference/models/application_base.py:654: UserWarning: Found torch.float32 weights in checkpoint: layers.9.input_layernorm.weight. Will convert to torch.bfloat16
  warnings.warn(
/home/ubuntu/inferentia-gdn-nki-decode-step-c49df2b-splitqkv/src/neuronx_distributed_inference/models/application_base.py:654: UserWarning: Found torch.float32 weights in checkpoint: layers.9.post_attention_layernorm.weight. Will convert to torch.bfloat16
  warnings.warn(
/home/ubuntu/inferentia-gdn-nki-decode-step-c49df2b-splitqkv/src/neuronx_distributed_inference/models/application_base.py:654: UserWarning: Found torch.float32 weights in checkpoint: layers.32.input_layernorm.weight. Will convert to torch.bfloat16
  warnings.warn(
/home/ubuntu/inferentia-gdn-nki-decode-step-c49df2b-splitqkv/src/neuronx_distributed_inference/models/application_base.py:654: UserWarning: Found torch.float32 weights in checkpoint: layers.32.post_attention_layernorm.weight. Will convert to torch.bfloat16
  warnings.warn(
/home/ubuntu/inferentia-gdn-nki-decode-step-c49df2b-splitqkv/src/neuronx_distributed_inference/models/application_base.py:654: UserWarning: Found torch.float32 weights in checkpoint: layers.33.input_layernorm.weight. Will convert to torch.bfloat16
  warnings.warn(
/home/ubuntu/inferentia-gdn-nki-decode-step-c49df2b-splitqkv/src/neuronx_distributed_inference/models/application_base.py:654: UserWarning: Found torch.float32 weights in checkpoint: layers.33.post_attention_layernorm.weight. Will convert to torch.bfloat16
  warnings.warn(
/home/ubuntu/inferentia-gdn-nki-decode-step-c49df2b-splitqkv/src/neuronx_distributed_inference/models/application_base.py:654: UserWarning: Found torch.float32 weights in checkpoint: layers.34.input_layernorm.weight. Will convert to torch.bfloat16
  warnings.warn(
/home/ubuntu/inferentia-gdn-nki-decode-step-c49df2b-splitqkv/src/neuronx_distributed_inference/models/application_base.py:654: UserWarning: Found torch.float32 weights in checkpoint: layers.34.post_attention_layernorm.weight. Will convert to torch.bfloat16
  warnings.warn(
/home/ubuntu/inferentia-gdn-nki-decode-step-c49df2b-splitqkv/src/neuronx_distributed_inference/models/application_base.py:654: UserWarning: Found torch.float32 weights in checkpoint: layers.35.input_layernorm.weight. Will convert to torch.bfloat16
  warnings.warn(
/home/ubuntu/inferentia-gdn-nki-decode-step-c49df2b-splitqkv/src/neuronx_distributed_inference/models/application_base.py:654: UserWarning: Found torch.float32 weights in checkpoint: layers.35.post_attention_layernorm.weight. Will convert to torch.bfloat16
  warnings.warn(
/home/ubuntu/inferentia-gdn-nki-decode-step-c49df2b-splitqkv/src/neuronx_distributed_inference/models/application_base.py:654: UserWarning: Found torch.float32 weights in checkpoint: layers.36.input_layernorm.weight. Will convert to torch.bfloat16
  warnings.warn(
/home/ubuntu/inferentia-gdn-nki-decode-step-c49df2b-splitqkv/src/neuronx_distributed_inference/models/application_base.py:654: UserWarning: Found torch.float32 weights in checkpoint: layers.36.post_attention_layernorm.weight. Will convert to torch.bfloat16
  warnings.warn(
/home/ubuntu/inferentia-gdn-nki-decode-step-c49df2b-splitqkv/src/neuronx_distributed_inference/models/application_base.py:654: UserWarning: Found torch.float32 weights in checkpoint: layers.37.input_layernorm.weight. Will convert to torch.bfloat16
  warnings.warn(
/home/ubuntu/inferentia-gdn-nki-decode-step-c49df2b-splitqkv/src/neuronx_distributed_inference/models/application_base.py:654: UserWarning: Found torch.float32 weights in checkpoint: layers.37.post_attention_layernorm.weight. Will convert to torch.bfloat16
  warnings.warn(
/home/ubuntu/inferentia-gdn-nki-decode-step-c49df2b-splitqkv/src/neuronx_distributed_inference/models/application_base.py:654: UserWarning: Found torch.float32 weights in checkpoint: layers.38.input_layernorm.weight. Will convert to torch.bfloat16
  warnings.warn(
/home/ubuntu/inferentia-gdn-nki-decode-step-c49df2b-splitqkv/src/neuronx_distributed_inference/models/application_base.py:654: UserWarning: Found torch.float32 weights in checkpoint: layers.38.post_attention_layernorm.weight. Will convert to torch.bfloat16
  warnings.warn(
/home/ubuntu/inferentia-gdn-nki-decode-step-c49df2b-splitqkv/src/neuronx_distributed_inference/models/application_base.py:654: UserWarning: Found torch.float32 weights in checkpoint: layers.39.input_layernorm.weight. Will convert to torch.bfloat16
  warnings.warn(
/home/ubuntu/inferentia-gdn-nki-decode-step-c49df2b-splitqkv/src/neuronx_distributed_inference/models/application_base.py:654: UserWarning: Found torch.float32 weights in checkpoint: layers.39.post_attention_layernorm.weight. Will convert to torch.bfloat16
  warnings.warn(
/home/ubuntu/inferentia-gdn-nki-decode-step-c49df2b-splitqkv/src/neuronx_distributed_inference/models/application_base.py:654: UserWarning: Found torch.float32 weights in checkpoint: layers.40.input_layernorm.weight. Will convert to torch.bfloat16
  warnings.warn(
/home/ubuntu/inferentia-gdn-nki-decode-step-c49df2b-splitqkv/src/neuronx_distributed_inference/models/application_base.py:654: UserWarning: Found torch.float32 weights in checkpoint: layers.40.post_attention_layernorm.weight. Will convert to torch.bfloat16
  warnings.warn(
/home/ubuntu/inferentia-gdn-nki-decode-step-c49df2b-splitqkv/src/neuronx_distributed_inference/models/application_base.py:654: UserWarning: Found torch.float32 weights in checkpoint: layers.41.input_layernorm.weight. Will convert to torch.bfloat16
  warnings.warn(
/home/ubuntu/inferentia-gdn-nki-decode-step-c49df2b-splitqkv/src/neuronx_distributed_inference/models/application_base.py:654: UserWarning: Found torch.float32 weights in checkpoint: layers.41.post_attention_layernorm.weight. Will convert to torch.bfloat16
  warnings.warn(
/home/ubuntu/inferentia-gdn-nki-decode-step-c49df2b-splitqkv/src/neuronx_distributed_inference/models/application_base.py:654: UserWarning: Found torch.float32 weights in checkpoint: layers.42.input_layernorm.weight. Will convert to torch.bfloat16
  warnings.warn(
/home/ubuntu/inferentia-gdn-nki-decode-step-c49df2b-splitqkv/src/neuronx_distributed_inference/models/application_base.py:654: UserWarning: Found torch.float32 weights in checkpoint: layers.42.post_attention_layernorm.weight. Will convert to torch.bfloat16
  warnings.warn(
/home/ubuntu/inferentia-gdn-nki-decode-step-c49df2b-splitqkv/src/neuronx_distributed_inference/models/application_base.py:654: UserWarning: Found torch.float32 weights in checkpoint: layers.43.input_layernorm.weight. Will convert to torch.bfloat16
  warnings.warn(
/home/ubuntu/inferentia-gdn-nki-decode-step-c49df2b-splitqkv/src/neuronx_distributed_inference/models/application_base.py:654: UserWarning: Found torch.float32 weights in checkpoint: layers.43.post_attention_layernorm.weight. Will convert to torch.bfloat16
  warnings.warn(
/home/ubuntu/inferentia-gdn-nki-decode-step-c49df2b-splitqkv/src/neuronx_distributed_inference/models/application_base.py:654: UserWarning: Found torch.float32 weights in checkpoint: layers.44.input_layernorm.weight. Will convert to torch.bfloat16
  warnings.warn(
/home/ubuntu/inferentia-gdn-nki-decode-step-c49df2b-splitqkv/src/neuronx_distributed_inference/models/application_base.py:654: UserWarning: Found torch.float32 weights in checkpoint: layers.44.post_attention_layernorm.weight. Will convert to torch.bfloat16
  warnings.warn(
/home/ubuntu/inferentia-gdn-nki-decode-step-c49df2b-splitqkv/src/neuronx_distributed_inference/models/application_base.py:654: UserWarning: Found torch.float32 weights in checkpoint: layers.45.input_layernorm.weight. Will convert to torch.bfloat16
  warnings.warn(
/home/ubuntu/inferentia-gdn-nki-decode-step-c49df2b-splitqkv/src/neuronx_distributed_inference/models/application_base.py:654: UserWarning: Found torch.float32 weights in checkpoint: layers.45.post_attention_layernorm.weight. Will convert to torch.bfloat16
  warnings.warn(
/home/ubuntu/inferentia-gdn-nki-decode-step-c49df2b-splitqkv/src/neuronx_distributed_inference/models/application_base.py:654: UserWarning: Found torch.float32 weights in checkpoint: layers.46.input_layernorm.weight. Will convert to torch.bfloat16
  warnings.warn(
/home/ubuntu/inferentia-gdn-nki-decode-step-c49df2b-splitqkv/src/neuronx_distributed_inference/models/application_base.py:654: UserWarning: Found torch.float32 weights in checkpoint: layers.46.post_attention_layernorm.weight. Will convert to torch.bfloat16
  warnings.warn(
/home/ubuntu/inferentia-gdn-nki-decode-step-c49df2b-splitqkv/src/neuronx_distributed_inference/models/application_base.py:654: UserWarning: Found torch.float32 weights in checkpoint: layers.47.input_layernorm.weight. Will convert to torch.bfloat16
  warnings.warn(
/home/ubuntu/inferentia-gdn-nki-decode-step-c49df2b-splitqkv/src/neuronx_distributed_inference/models/application_base.py:654: UserWarning: Found torch.float32 weights in checkpoint: layers.47.post_attention_layernorm.weight. Will convert to torch.bfloat16
  warnings.warn(
/home/ubuntu/inferentia-gdn-nki-decode-step-c49df2b-splitqkv/src/neuronx_distributed_inference/models/application_base.py:654: UserWarning: Found torch.float32 weights in checkpoint: layers.48.input_layernorm.weight. Will convert to torch.bfloat16
  warnings.warn(
/home/ubuntu/inferentia-gdn-nki-decode-step-c49df2b-splitqkv/src/neuronx_distributed_inference/models/application_base.py:654: UserWarning: Found torch.float32 weights in checkpoint: layers.48.post_attention_layernorm.weight. Will convert to torch.bfloat16
  warnings.warn(
/home/ubuntu/inferentia-gdn-nki-decode-step-c49df2b-splitqkv/src/neuronx_distributed_inference/models/application_base.py:654: UserWarning: Found torch.float32 weights in checkpoint: layers.49.input_layernorm.weight. Will convert to torch.bfloat16
  warnings.warn(
/home/ubuntu/inferentia-gdn-nki-decode-step-c49df2b-splitqkv/src/neuronx_distributed_inference/models/application_base.py:654: UserWarning: Found torch.float32 weights in checkpoint: layers.49.post_attention_layernorm.weight. Will convert to torch.bfloat16
  warnings.warn(
/home/ubuntu/inferentia-gdn-nki-decode-step-c49df2b-splitqkv/src/neuronx_distributed_inference/models/application_base.py:654: UserWarning: Found torch.float32 weights in checkpoint: layers.50.input_layernorm.weight. Will convert to torch.bfloat16
  warnings.warn(
/home/ubuntu/inferentia-gdn-nki-decode-step-c49df2b-splitqkv/src/neuronx_distributed_inference/models/application_base.py:654: UserWarning: Found torch.float32 weights in checkpoint: layers.50.post_attention_layernorm.weight. Will convert to torch.bfloat16
  warnings.warn(
/home/ubuntu/inferentia-gdn-nki-decode-step-c49df2b-splitqkv/src/neuronx_distributed_inference/models/application_base.py:654: UserWarning: Found torch.float32 weights in checkpoint: layers.51.input_layernorm.weight. Will convert to torch.bfloat16
  warnings.warn(
/home/ubuntu/inferentia-gdn-nki-decode-step-c49df2b-splitqkv/src/neuronx_distributed_inference/models/application_base.py:654: UserWarning: Found torch.float32 weights in checkpoint: layers.51.post_attention_layernorm.weight. Will convert to torch.bfloat16
  warnings.warn(
/home/ubuntu/inferentia-gdn-nki-decode-step-c49df2b-splitqkv/src/neuronx_distributed_inference/models/application_base.py:654: UserWarning: Found torch.float32 weights in checkpoint: layers.52.input_layernorm.weight. Will convert to torch.bfloat16
  warnings.warn(
/home/ubuntu/inferentia-gdn-nki-decode-step-c49df2b-splitqkv/src/neuronx_distributed_inference/models/application_base.py:654: UserWarning: Found torch.float32 weights in checkpoint: layers.52.post_attention_layernorm.weight. Will convert to torch.bfloat16
  warnings.warn(
/home/ubuntu/inferentia-gdn-nki-decode-step-c49df2b-splitqkv/src/neuronx_distributed_inference/models/application_base.py:654: UserWarning: Found torch.float32 weights in checkpoint: layers.53.input_layernorm.weight. Will convert to torch.bfloat16
  warnings.warn(
/home/ubuntu/inferentia-gdn-nki-decode-step-c49df2b-splitqkv/src/neuronx_distributed_inference/models/application_base.py:654: UserWarning: Found torch.float32 weights in checkpoint: layers.53.post_attention_layernorm.weight. Will convert to torch.bfloat16
  warnings.warn(
/home/ubuntu/inferentia-gdn-nki-decode-step-c49df2b-splitqkv/src/neuronx_distributed_inference/models/application_base.py:654: UserWarning: Found torch.float32 weights in checkpoint: layers.54.input_layernorm.weight. Will convert to torch.bfloat16
  warnings.warn(
/home/ubuntu/inferentia-gdn-nki-decode-step-c49df2b-splitqkv/src/neuronx_distributed_inference/models/application_base.py:654: UserWarning: Found torch.float32 weights in checkpoint: layers.54.post_attention_layernorm.weight. Will convert to torch.bfloat16
  warnings.warn(
/home/ubuntu/inferentia-gdn-nki-decode-step-c49df2b-splitqkv/src/neuronx_distributed_inference/models/application_base.py:654: UserWarning: Found torch.float32 weights in checkpoint: layers.55.input_layernorm.weight. Will convert to torch.bfloat16
  warnings.warn(
/home/ubuntu/inferentia-gdn-nki-decode-step-c49df2b-splitqkv/src/neuronx_distributed_inference/models/application_base.py:654: UserWarning: Found torch.float32 weights in checkpoint: layers.55.post_attention_layernorm.weight. Will convert to torch.bfloat16
  warnings.warn(
/home/ubuntu/inferentia-gdn-nki-decode-step-c49df2b-splitqkv/src/neuronx_distributed_inference/models/application_base.py:654: UserWarning: Found torch.float32 weights in checkpoint: layers.56.input_layernorm.weight. Will convert to torch.bfloat16
  warnings.warn(
/home/ubuntu/inferentia-gdn-nki-decode-step-c49df2b-splitqkv/src/neuronx_distributed_inference/models/application_base.py:654: UserWarning: Found torch.float32 weights in checkpoint: layers.56.post_attention_layernorm.weight. Will convert to torch.bfloat16
  warnings.warn(
/home/ubuntu/inferentia-gdn-nki-decode-step-c49df2b-splitqkv/src/neuronx_distributed_inference/models/application_base.py:654: UserWarning: Found torch.float32 weights in checkpoint: layers.57.input_layernorm.weight. Will convert to torch.bfloat16
  warnings.warn(
/home/ubuntu/inferentia-gdn-nki-decode-step-c49df2b-splitqkv/src/neuronx_distributed_inference/models/application_base.py:654: UserWarning: Found torch.float32 weights in checkpoint: layers.57.post_attention_layernorm.weight. Will convert to torch.bfloat16
  warnings.warn(
/home/ubuntu/inferentia-gdn-nki-decode-step-c49df2b-splitqkv/src/neuronx_distributed_inference/models/application_base.py:654: UserWarning: Found torch.float32 weights in checkpoint: layers.58.input_layernorm.weight. Will convert to torch.bfloat16
  warnings.warn(
/home/ubuntu/inferentia-gdn-nki-decode-step-c49df2b-splitqkv/src/neuronx_distributed_inference/models/application_base.py:654: UserWarning: Found torch.float32 weights in checkpoint: layers.58.post_attention_layernorm.weight. Will convert to torch.bfloat16
  warnings.warn(
/home/ubuntu/inferentia-gdn-nki-decode-step-c49df2b-splitqkv/src/neuronx_distributed_inference/models/application_base.py:654: UserWarning: Found torch.float32 weights in checkpoint: layers.59.input_layernorm.weight. Will convert to torch.bfloat16
  warnings.warn(
/home/ubuntu/inferentia-gdn-nki-decode-step-c49df2b-splitqkv/src/neuronx_distributed_inference/models/application_base.py:654: UserWarning: Found torch.float32 weights in checkpoint: layers.59.post_attention_layernorm.weight. Will convert to torch.bfloat16
  warnings.warn(
/home/ubuntu/inferentia-gdn-nki-decode-step-c49df2b-splitqkv/src/neuronx_distributed_inference/models/application_base.py:654: UserWarning: Found torch.float32 weights in checkpoint: layers.60.input_layernorm.weight. Will convert to torch.bfloat16
  warnings.warn(
/home/ubuntu/inferentia-gdn-nki-decode-step-c49df2b-splitqkv/src/neuronx_distributed_inference/models/application_base.py:654: UserWarning: Found torch.float32 weights in checkpoint: layers.60.post_attention_layernorm.weight. Will convert to torch.bfloat16
  warnings.warn(
/home/ubuntu/inferentia-gdn-nki-decode-step-c49df2b-splitqkv/src/neuronx_distributed_inference/models/application_base.py:654: UserWarning: Found torch.float32 weights in checkpoint: layers.61.input_layernorm.weight. Will convert to torch.bfloat16
  warnings.warn(
/home/ubuntu/inferentia-gdn-nki-decode-step-c49df2b-splitqkv/src/neuronx_distributed_inference/models/application_base.py:654: UserWarning: Found torch.float32 weights in checkpoint: layers.61.post_attention_layernorm.weight. Will convert to torch.bfloat16
  warnings.warn(
/home/ubuntu/inferentia-gdn-nki-decode-step-c49df2b-splitqkv/src/neuronx_distributed_inference/models/application_base.py:654: UserWarning: Found torch.float32 weights in checkpoint: layers.62.input_layernorm.weight. Will convert to torch.bfloat16
  warnings.warn(
/home/ubuntu/inferentia-gdn-nki-decode-step-c49df2b-splitqkv/src/neuronx_distributed_inference/models/application_base.py:654: UserWarning: Found torch.float32 weights in checkpoint: layers.62.post_attention_layernorm.weight. Will convert to torch.bfloat16
  warnings.warn(
/home/ubuntu/inferentia-gdn-nki-decode-step-c49df2b-splitqkv/src/neuronx_distributed_inference/models/application_base.py:654: UserWarning: Found torch.float32 weights in checkpoint: layers.63.input_layernorm.weight. Will convert to torch.bfloat16
  warnings.warn(
/home/ubuntu/inferentia-gdn-nki-decode-step-c49df2b-splitqkv/src/neuronx_distributed_inference/models/application_base.py:654: UserWarning: Found torch.float32 weights in checkpoint: layers.63.post_attention_layernorm.weight. Will convert to torch.bfloat16
  warnings.warn(
/home/ubuntu/inferentia-gdn-nki-decode-step-c49df2b-splitqkv/src/neuronx_distributed_inference/models/application_base.py:654: UserWarning: Found torch.float32 weights in checkpoint: norm.weight. Will convert to torch.bfloat16
  warnings.warn(
/home/ubuntu/inferentia-gdn-nki-decode-step-c49df2b-splitqkv/src/neuronx_distributed_inference/models/application_base.py:654: UserWarning: Found torch.float32 weights in checkpoint: layers.3.self_attn.q_layernorm.weight. Will convert to torch.bfloat16
  warnings.warn(
/home/ubuntu/inferentia-gdn-nki-decode-step-c49df2b-splitqkv/src/neuronx_distributed_inference/models/application_base.py:654: UserWarning: Found torch.float32 weights in checkpoint: layers.3.self_attn.k_layernorm.weight. Will convert to torch.bfloat16
  warnings.warn(
/home/ubuntu/inferentia-gdn-nki-decode-step-c49df2b-splitqkv/src/neuronx_distributed_inference/models/application_base.py:654: UserWarning: Found torch.float32 weights in checkpoint: layers.7.self_attn.q_layernorm.weight. Will convert to torch.bfloat16
  warnings.warn(
/home/ubuntu/inferentia-gdn-nki-decode-step-c49df2b-splitqkv/src/neuronx_distributed_inference/models/application_base.py:654: UserWarning: Found torch.float32 weights in checkpoint: layers.7.self_attn.k_layernorm.weight. Will convert to torch.bfloat16
  warnings.warn(
/home/ubuntu/inferentia-gdn-nki-decode-step-c49df2b-splitqkv/src/neuronx_distributed_inference/models/application_base.py:654: UserWarning: Found torch.float32 weights in checkpoint: layers.11.self_attn.q_layernorm.weight. Will convert to torch.bfloat16
  warnings.warn(
/home/ubuntu/inferentia-gdn-nki-decode-step-c49df2b-splitqkv/src/neuronx_distributed_inference/models/application_base.py:654: UserWarning: Found torch.float32 weights in checkpoint: layers.11.self_attn.k_layernorm.weight. Will convert to torch.bfloat16
  warnings.warn(
/home/ubuntu/inferentia-gdn-nki-decode-step-c49df2b-splitqkv/src/neuronx_distributed_inference/models/application_base.py:654: UserWarning: Found torch.float32 weights in checkpoint: layers.15.self_attn.q_layernorm.weight. Will convert to torch.bfloat16
  warnings.warn(
/home/ubuntu/inferentia-gdn-nki-decode-step-c49df2b-splitqkv/src/neuronx_distributed_inference/models/application_base.py:654: UserWarning: Found torch.float32 weights in checkpoint: layers.15.self_attn.k_layernorm.weight. Will convert to torch.bfloat16
  warnings.warn(
/home/ubuntu/inferentia-gdn-nki-decode-step-c49df2b-splitqkv/src/neuronx_distributed_inference/models/application_base.py:654: UserWarning: Found torch.float32 weights in checkpoint: layers.19.self_attn.q_layernorm.weight. Will convert to torch.bfloat16
  warnings.warn(
/home/ubuntu/inferentia-gdn-nki-decode-step-c49df2b-splitqkv/src/neuronx_distributed_inference/models/application_base.py:654: UserWarning: Found torch.float32 weights in checkpoint: layers.19.self_attn.k_layernorm.weight. Will convert to torch.bfloat16
  warnings.warn(
/home/ubuntu/inferentia-gdn-nki-decode-step-c49df2b-splitqkv/src/neuronx_distributed_inference/models/application_base.py:654: UserWarning: Found torch.float32 weights in checkpoint: layers.23.self_attn.q_layernorm.weight. Will convert to torch.bfloat16
  warnings.warn(
/home/ubuntu/inferentia-gdn-nki-decode-step-c49df2b-splitqkv/src/neuronx_distributed_inference/models/application_base.py:654: UserWarning: Found torch.float32 weights in checkpoint: layers.23.self_attn.k_layernorm.weight. Will convert to torch.bfloat16
  warnings.warn(
/home/ubuntu/inferentia-gdn-nki-decode-step-c49df2b-splitqkv/src/neuronx_distributed_inference/models/application_base.py:654: UserWarning: Found torch.float32 weights in checkpoint: layers.27.self_attn.q_layernorm.weight. Will convert to torch.bfloat16
  warnings.warn(
/home/ubuntu/inferentia-gdn-nki-decode-step-c49df2b-splitqkv/src/neuronx_distributed_inference/models/application_base.py:654: UserWarning: Found torch.float32 weights in checkpoint: layers.27.self_attn.k_layernorm.weight. Will convert to torch.bfloat16
  warnings.warn(
/home/ubuntu/inferentia-gdn-nki-decode-step-c49df2b-splitqkv/src/neuronx_distributed_inference/models/application_base.py:654: UserWarning: Found torch.float32 weights in checkpoint: layers.31.self_attn.q_layernorm.weight. Will convert to torch.bfloat16
  warnings.warn(
/home/ubuntu/inferentia-gdn-nki-decode-step-c49df2b-splitqkv/src/neuronx_distributed_inference/models/application_base.py:654: UserWarning: Found torch.float32 weights in checkpoint: layers.31.self_attn.k_layernorm.weight. Will convert to torch.bfloat16
  warnings.warn(
/home/ubuntu/inferentia-gdn-nki-decode-step-c49df2b-splitqkv/src/neuronx_distributed_inference/models/application_base.py:654: UserWarning: Found torch.float32 weights in checkpoint: layers.35.self_attn.q_layernorm.weight. Will convert to torch.bfloat16
  warnings.warn(
/home/ubuntu/inferentia-gdn-nki-decode-step-c49df2b-splitqkv/src/neuronx_distributed_inference/models/application_base.py:654: UserWarning: Found torch.float32 weights in checkpoint: layers.35.self_attn.k_layernorm.weight. Will convert to torch.bfloat16
  warnings.warn(
/home/ubuntu/inferentia-gdn-nki-decode-step-c49df2b-splitqkv/src/neuronx_distributed_inference/models/application_base.py:654: UserWarning: Found torch.float32 weights in checkpoint: layers.39.self_attn.q_layernorm.weight. Will convert to torch.bfloat16
  warnings.warn(
/home/ubuntu/inferentia-gdn-nki-decode-step-c49df2b-splitqkv/src/neuronx_distributed_inference/models/application_base.py:654: UserWarning: Found torch.float32 weights in checkpoint: layers.39.self_attn.k_layernorm.weight. Will convert to torch.bfloat16
  warnings.warn(
/home/ubuntu/inferentia-gdn-nki-decode-step-c49df2b-splitqkv/src/neuronx_distributed_inference/models/application_base.py:654: UserWarning: Found torch.float32 weights in checkpoint: layers.43.self_attn.q_layernorm.weight. Will convert to torch.bfloat16
  warnings.warn(
/home/ubuntu/inferentia-gdn-nki-decode-step-c49df2b-splitqkv/src/neuronx_distributed_inference/models/application_base.py:654: UserWarning: Found torch.float32 weights in checkpoint: layers.43.self_attn.k_layernorm.weight. Will convert to torch.bfloat16
  warnings.warn(
/home/ubuntu/inferentia-gdn-nki-decode-step-c49df2b-splitqkv/src/neuronx_distributed_inference/models/application_base.py:654: UserWarning: Found torch.float32 weights in checkpoint: layers.47.self_attn.q_layernorm.weight. Will convert to torch.bfloat16
  warnings.warn(
/home/ubuntu/inferentia-gdn-nki-decode-step-c49df2b-splitqkv/src/neuronx_distributed_inference/models/application_base.py:654: UserWarning: Found torch.float32 weights in checkpoint: layers.47.self_attn.k_layernorm.weight. Will convert to torch.bfloat16
  warnings.warn(
/home/ubuntu/inferentia-gdn-nki-decode-step-c49df2b-splitqkv/src/neuronx_distributed_inference/models/application_base.py:654: UserWarning: Found torch.float32 weights in checkpoint: layers.51.self_attn.q_layernorm.weight. Will convert to torch.bfloat16
  warnings.warn(
/home/ubuntu/inferentia-gdn-nki-decode-step-c49df2b-splitqkv/src/neuronx_distributed_inference/models/application_base.py:654: UserWarning: Found torch.float32 weights in checkpoint: layers.51.self_attn.k_layernorm.weight. Will convert to torch.bfloat16
  warnings.warn(
/home/ubuntu/inferentia-gdn-nki-decode-step-c49df2b-splitqkv/src/neuronx_distributed_inference/models/application_base.py:654: UserWarning: Found torch.float32 weights in checkpoint: layers.55.self_attn.q_layernorm.weight. Will convert to torch.bfloat16
  warnings.warn(
/home/ubuntu/inferentia-gdn-nki-decode-step-c49df2b-splitqkv/src/neuronx_distributed_inference/models/application_base.py:654: UserWarning: Found torch.float32 weights in checkpoint: layers.55.self_attn.k_layernorm.weight. Will convert to torch.bfloat16
  warnings.warn(
/home/ubuntu/inferentia-gdn-nki-decode-step-c49df2b-splitqkv/src/neuronx_distributed_inference/models/application_base.py:654: UserWarning: Found torch.float32 weights in checkpoint: layers.59.self_attn.q_layernorm.weight. Will convert to torch.bfloat16
  warnings.warn(
/home/ubuntu/inferentia-gdn-nki-decode-step-c49df2b-splitqkv/src/neuronx_distributed_inference/models/application_base.py:654: UserWarning: Found torch.float32 weights in checkpoint: layers.59.self_attn.k_layernorm.weight. Will convert to torch.bfloat16
  warnings.warn(
/home/ubuntu/inferentia-gdn-nki-decode-step-c49df2b-splitqkv/src/neuronx_distributed_inference/models/application_base.py:654: UserWarning: Found torch.float32 weights in checkpoint: layers.63.self_attn.q_layernorm.weight. Will convert to torch.bfloat16
  warnings.warn(
/home/ubuntu/inferentia-gdn-nki-decode-step-c49df2b-splitqkv/src/neuronx_distributed_inference/models/application_base.py:654: UserWarning: Found torch.float32 weights in checkpoint: layers.63.self_attn.k_layernorm.weight. Will convert to torch.bfloat16
  warnings.warn(
/opt/aws_neuronx_venv_pytorch_inference_vllm_0_16/lib/python3.12/site-packages/neuronx_distributed/quantization/quantization_layers.py:414: UserWarning: Cannot find layers.3.self_attn.qkv_proj.q_proj.bias in the state_dict
  warnings.warn(f"Cannot find {(prefix + 'bias')} in the state_dict")
/opt/aws_neuronx_venv_pytorch_inference_vllm_0_16/lib/python3.12/site-packages/neuronx_distributed/quantization/quantization_layers.py:414: UserWarning: Cannot find layers.3.self_attn.qkv_proj.k_proj.bias in the state_dict
  warnings.warn(f"Cannot find {(prefix + 'bias')} in the state_dict")
/opt/aws_neuronx_venv_pytorch_inference_vllm_0_16/lib/python3.12/site-packages/neuronx_distributed/quantization/quantization_layers.py:414: UserWarning: Cannot find layers.3.self_attn.qkv_proj.v_proj.bias in the state_dict
  warnings.warn(f"Cannot find {(prefix + 'bias')} in the state_dict")
/opt/aws_neuronx_venv_pytorch_inference_vllm_0_16/lib/python3.12/site-packages/neuronx_distributed/quantization/quantization_layers.py:414: UserWarning: Cannot find layers.3.self_attn.o_proj.o_proj.bias in the state_dict
  warnings.warn(f"Cannot find {(prefix + 'bias')} in the state_dict")
/opt/aws_neuronx_venv_pytorch_inference_vllm_0_16/lib/python3.12/site-packages/neuronx_distributed/quantization/quantization_layers.py:414: UserWarning: Cannot find layers.7.self_attn.qkv_proj.q_proj.bias in the state_dict
  warnings.warn(f"Cannot find {(prefix + 'bias')} in the state_dict")
/opt/aws_neuronx_venv_pytorch_inference_vllm_0_16/lib/python3.12/site-packages/neuronx_distributed/quantization/quantization_layers.py:414: UserWarning: Cannot find layers.7.self_attn.qkv_proj.k_proj.bias in the state_dict
  warnings.warn(f"Cannot find {(prefix + 'bias')} in the state_dict")
/opt/aws_neuronx_venv_pytorch_inference_vllm_0_16/lib/python3.12/site-packages/neuronx_distributed/quantization/quantization_layers.py:414: UserWarning: Cannot find layers.7.self_attn.qkv_proj.v_proj.bias in the state_dict
  warnings.warn(f"Cannot find {(prefix + 'bias')} in the state_dict")
/opt/aws_neuronx_venv_pytorch_inference_vllm_0_16/lib/python3.12/site-packages/neuronx_distributed/quantization/quantization_layers.py:414: UserWarning: Cannot find layers.7.self_attn.o_proj.o_proj.bias in the state_dict
  warnings.warn(f"Cannot find {(prefix + 'bias')} in the state_dict")
/opt/aws_neuronx_venv_pytorch_inference_vllm_0_16/lib/python3.12/site-packages/neuronx_distributed/quantization/quantization_layers.py:414: UserWarning: Cannot find layers.11.self_attn.qkv_proj.q_proj.bias in the state_dict
  warnings.warn(f"Cannot find {(prefix + 'bias')} in the state_dict")
/opt/aws_neuronx_venv_pytorch_inference_vllm_0_16/lib/python3.12/site-packages/neuronx_distributed/quantization/quantization_layers.py:414: UserWarning: Cannot find layers.11.self_attn.qkv_proj.k_proj.bias in the state_dict
  warnings.warn(f"Cannot find {(prefix + 'bias')} in the state_dict")
/opt/aws_neuronx_venv_pytorch_inference_vllm_0_16/lib/python3.12/site-packages/neuronx_distributed/quantization/quantization_layers.py:414: UserWarning: Cannot find layers.11.self_attn.qkv_proj.v_proj.bias in the state_dict
  warnings.warn(f"Cannot find {(prefix + 'bias')} in the state_dict")
/opt/aws_neuronx_venv_pytorch_inference_vllm_0_16/lib/python3.12/site-packages/neuronx_distributed/quantization/quantization_layers.py:414: UserWarning: Cannot find layers.11.self_attn.o_proj.o_proj.bias in the state_dict
  warnings.warn(f"Cannot find {(prefix + 'bias')} in the state_dict")
/opt/aws_neuronx_venv_pytorch_inference_vllm_0_16/lib/python3.12/site-packages/neuronx_distributed/quantization/quantization_layers.py:414: UserWarning: Cannot find layers.15.self_attn.qkv_proj.q_proj.bias in the state_dict
  warnings.warn(f"Cannot find {(prefix + 'bias')} in the state_dict")
/opt/aws_neuronx_venv_pytorch_inference_vllm_0_16/lib/python3.12/site-packages/neuronx_distributed/quantization/quantization_layers.py:414: UserWarning: Cannot find layers.15.self_attn.qkv_proj.k_proj.bias in the state_dict
  warnings.warn(f"Cannot find {(prefix + 'bias')} in the state_dict")
/opt/aws_neuronx_venv_pytorch_inference_vllm_0_16/lib/python3.12/site-packages/neuronx_distributed/quantization/quantization_layers.py:414: UserWarning: Cannot find layers.15.self_attn.qkv_proj.v_proj.bias in the state_dict
  warnings.warn(f"Cannot find {(prefix + 'bias')} in the state_dict")
/opt/aws_neuronx_venv_pytorch_inference_vllm_0_16/lib/python3.12/site-packages/neuronx_distributed/quantization/quantization_layers.py:414: UserWarning: Cannot find layers.15.self_attn.o_proj.o_proj.bias in the state_dict
  warnings.warn(f"Cannot find {(prefix + 'bias')} in the state_dict")
/opt/aws_neuronx_venv_pytorch_inference_vllm_0_16/lib/python3.12/site-packages/neuronx_distributed/quantization/quantization_layers.py:414: UserWarning: Cannot find layers.19.self_attn.qkv_proj.q_proj.bias in the state_dict
  warnings.warn(f"Cannot find {(prefix + 'bias')} in the state_dict")
/opt/aws_neuronx_venv_pytorch_inference_vllm_0_16/lib/python3.12/site-packages/neuronx_distributed/quantization/quantization_layers.py:414: UserWarning: Cannot find layers.19.self_attn.qkv_proj.k_proj.bias in the state_dict
  warnings.warn(f"Cannot find {(prefix + 'bias')} in the state_dict")
/opt/aws_neuronx_venv_pytorch_inference_vllm_0_16/lib/python3.12/site-packages/neuronx_distributed/quantization/quantization_layers.py:414: UserWarning: Cannot find layers.19.self_attn.qkv_proj.v_proj.bias in the state_dict
  warnings.warn(f"Cannot find {(prefix + 'bias')} in the state_dict")
/opt/aws_neuronx_venv_pytorch_inference_vllm_0_16/lib/python3.12/site-packages/neuronx_distributed/quantization/quantization_layers.py:414: UserWarning: Cannot find layers.19.self_attn.o_proj.o_proj.bias in the state_dict
  warnings.warn(f"Cannot find {(prefix + 'bias')} in the state_dict")
/opt/aws_neuronx_venv_pytorch_inference_vllm_0_16/lib/python3.12/site-packages/neuronx_distributed/quantization/quantization_layers.py:414: UserWarning: Cannot find layers.23.self_attn.qkv_proj.q_proj.bias in the state_dict
  warnings.warn(f"Cannot find {(prefix + 'bias')} in the state_dict")
/opt/aws_neuronx_venv_pytorch_inference_vllm_0_16/lib/python3.12/site-packages/neuronx_distributed/quantization/quantization_layers.py:414: UserWarning: Cannot find layers.23.self_attn.qkv_proj.k_proj.bias in the state_dict
  warnings.warn(f"Cannot find {(prefix + 'bias')} in the state_dict")
/opt/aws_neuronx_venv_pytorch_inference_vllm_0_16/lib/python3.12/site-packages/neuronx_distributed/quantization/quantization_layers.py:414: UserWarning: Cannot find layers.23.self_attn.qkv_proj.v_proj.bias in the state_dict
  warnings.warn(f"Cannot find {(prefix + 'bias')} in the state_dict")
/opt/aws_neuronx_venv_pytorch_inference_vllm_0_16/lib/python3.12/site-packages/neuronx_distributed/quantization/quantization_layers.py:414: UserWarning: Cannot find layers.23.self_attn.o_proj.o_proj.bias in the state_dict
  warnings.warn(f"Cannot find {(prefix + 'bias')} in the state_dict")
/opt/aws_neuronx_venv_pytorch_inference_vllm_0_16/lib/python3.12/site-packages/neuronx_distributed/quantization/quantization_layers.py:414: UserWarning: Cannot find layers.27.self_attn.qkv_proj.q_proj.bias in the state_dict
  warnings.warn(f"Cannot find {(prefix + 'bias')} in the state_dict")
/opt/aws_neuronx_venv_pytorch_inference_vllm_0_16/lib/python3.12/site-packages/neuronx_distributed/quantization/quantization_layers.py:414: UserWarning: Cannot find layers.27.self_attn.qkv_proj.k_proj.bias in the state_dict
  warnings.warn(f"Cannot find {(prefix + 'bias')} in the state_dict")
/opt/aws_neuronx_venv_pytorch_inference_vllm_0_16/lib/python3.12/site-packages/neuronx_distributed/quantization/quantization_layers.py:414: UserWarning: Cannot find layers.27.self_attn.qkv_proj.v_proj.bias in the state_dict
  warnings.warn(f"Cannot find {(prefix + 'bias')} in the state_dict")
/opt/aws_neuronx_venv_pytorch_inference_vllm_0_16/lib/python3.12/site-packages/neuronx_distributed/quantization/quantization_layers.py:414: UserWarning: Cannot find layers.27.self_attn.o_proj.o_proj.bias in the state_dict
  warnings.warn(f"Cannot find {(prefix + 'bias')} in the state_dict")
/opt/aws_neuronx_venv_pytorch_inference_vllm_0_16/lib/python3.12/site-packages/neuronx_distributed/quantization/quantization_layers.py:414: UserWarning: Cannot find layers.31.self_attn.qkv_proj.q_proj.bias in the state_dict
  warnings.warn(f"Cannot find {(prefix + 'bias')} in the state_dict")
/opt/aws_neuronx_venv_pytorch_inference_vllm_0_16/lib/python3.12/site-packages/neuronx_distributed/quantization/quantization_layers.py:414: UserWarning: Cannot find layers.31.self_attn.qkv_proj.k_proj.bias in the state_dict
  warnings.warn(f"Cannot find {(prefix + 'bias')} in the state_dict")
/opt/aws_neuronx_venv_pytorch_inference_vllm_0_16/lib/python3.12/site-packages/neuronx_distributed/quantization/quantization_layers.py:414: UserWarning: Cannot find layers.31.self_attn.qkv_proj.v_proj.bias in the state_dict
  warnings.warn(f"Cannot find {(prefix + 'bias')} in the state_dict")
/opt/aws_neuronx_venv_pytorch_inference_vllm_0_16/lib/python3.12/site-packages/neuronx_distributed/quantization/quantization_layers.py:414: UserWarning: Cannot find layers.31.self_attn.o_proj.o_proj.bias in the state_dict
  warnings.warn(f"Cannot find {(prefix + 'bias')} in the state_dict")
/opt/aws_neuronx_venv_pytorch_inference_vllm_0_16/lib/python3.12/site-packages/neuronx_distributed/quantization/quantization_layers.py:414: UserWarning: Cannot find layers.35.self_attn.qkv_proj.q_proj.bias in the state_dict
  warnings.warn(f"Cannot find {(prefix + 'bias')} in the state_dict")
/opt/aws_neuronx_venv_pytorch_inference_vllm_0_16/lib/python3.12/site-packages/neuronx_distributed/quantization/quantization_layers.py:414: UserWarning: Cannot find layers.35.self_attn.qkv_proj.k_proj.bias in the state_dict
  warnings.warn(f"Cannot find {(prefix + 'bias')} in the state_dict")
/opt/aws_neuronx_venv_pytorch_inference_vllm_0_16/lib/python3.12/site-packages/neuronx_distributed/quantization/quantization_layers.py:414: UserWarning: Cannot find layers.35.self_attn.qkv_proj.v_proj.bias in the state_dict
  warnings.warn(f"Cannot find {(prefix + 'bias')} in the state_dict")
/opt/aws_neuronx_venv_pytorch_inference_vllm_0_16/lib/python3.12/site-packages/neuronx_distributed/quantization/quantization_layers.py:414: UserWarning: Cannot find layers.35.self_attn.o_proj.o_proj.bias in the state_dict
  warnings.warn(f"Cannot find {(prefix + 'bias')} in the state_dict")
/opt/aws_neuronx_venv_pytorch_inference_vllm_0_16/lib/python3.12/site-packages/neuronx_distributed/quantization/quantization_layers.py:414: UserWarning: Cannot find layers.39.self_attn.qkv_proj.q_proj.bias in the state_dict
  warnings.warn(f"Cannot find {(prefix + 'bias')} in the state_dict")
/opt/aws_neuronx_venv_pytorch_inference_vllm_0_16/lib/python3.12/site-packages/neuronx_distributed/quantization/quantization_layers.py:414: UserWarning: Cannot find layers.39.self_attn.qkv_proj.k_proj.bias in the state_dict
  warnings.warn(f"Cannot find {(prefix + 'bias')} in the state_dict")
/opt/aws_neuronx_venv_pytorch_inference_vllm_0_16/lib/python3.12/site-packages/neuronx_distributed/quantization/quantization_layers.py:414: UserWarning: Cannot find layers.39.self_attn.qkv_proj.v_proj.bias in the state_dict
  warnings.warn(f"Cannot find {(prefix + 'bias')} in the state_dict")
/opt/aws_neuronx_venv_pytorch_inference_vllm_0_16/lib/python3.12/site-packages/neuronx_distributed/quantization/quantization_layers.py:414: UserWarning: Cannot find layers.39.self_attn.o_proj.o_proj.bias in the state_dict
  warnings.warn(f"Cannot find {(prefix + 'bias')} in the state_dict")
/opt/aws_neuronx_venv_pytorch_inference_vllm_0_16/lib/python3.12/site-packages/neuronx_distributed/quantization/quantization_layers.py:414: UserWarning: Cannot find layers.43.self_attn.qkv_proj.q_proj.bias in the state_dict
  warnings.warn(f"Cannot find {(prefix + 'bias')} in the state_dict")
/opt/aws_neuronx_venv_pytorch_inference_vllm_0_16/lib/python3.12/site-packages/neuronx_distributed/quantization/quantization_layers.py:414: UserWarning: Cannot find layers.43.self_attn.qkv_proj.k_proj.bias in the state_dict
  warnings.warn(f"Cannot find {(prefix + 'bias')} in the state_dict")
/opt/aws_neuronx_venv_pytorch_inference_vllm_0_16/lib/python3.12/site-packages/neuronx_distributed/quantization/quantization_layers.py:414: UserWarning: Cannot find layers.43.self_attn.qkv_proj.v_proj.bias in the state_dict
  warnings.warn(f"Cannot find {(prefix + 'bias')} in the state_dict")
/opt/aws_neuronx_venv_pytorch_inference_vllm_0_16/lib/python3.12/site-packages/neuronx_distributed/quantization/quantization_layers.py:414: UserWarning: Cannot find layers.43.self_attn.o_proj.o_proj.bias in the state_dict
  warnings.warn(f"Cannot find {(prefix + 'bias')} in the state_dict")
/opt/aws_neuronx_venv_pytorch_inference_vllm_0_16/lib/python3.12/site-packages/neuronx_distributed/quantization/quantization_layers.py:414: UserWarning: Cannot find layers.47.self_attn.qkv_proj.q_proj.bias in the state_dict
  warnings.warn(f"Cannot find {(prefix + 'bias')} in the state_dict")
/opt/aws_neuronx_venv_pytorch_inference_vllm_0_16/lib/python3.12/site-packages/neuronx_distributed/quantization/quantization_layers.py:414: UserWarning: Cannot find layers.47.self_attn.qkv_proj.k_proj.bias in the state_dict
  warnings.warn(f"Cannot find {(prefix + 'bias')} in the state_dict")
/opt/aws_neuronx_venv_pytorch_inference_vllm_0_16/lib/python3.12/site-packages/neuronx_distributed/quantization/quantization_layers.py:414: UserWarning: Cannot find layers.47.self_attn.qkv_proj.v_proj.bias in the state_dict
  warnings.warn(f"Cannot find {(prefix + 'bias')} in the state_dict")
/opt/aws_neuronx_venv_pytorch_inference_vllm_0_16/lib/python3.12/site-packages/neuronx_distributed/quantization/quantization_layers.py:414: UserWarning: Cannot find layers.47.self_attn.o_proj.o_proj.bias in the state_dict
  warnings.warn(f"Cannot find {(prefix + 'bias')} in the state_dict")
/opt/aws_neuronx_venv_pytorch_inference_vllm_0_16/lib/python3.12/site-packages/neuronx_distributed/quantization/quantization_layers.py:414: UserWarning: Cannot find layers.51.self_attn.qkv_proj.q_proj.bias in the state_dict
  warnings.warn(f"Cannot find {(prefix + 'bias')} in the state_dict")
/opt/aws_neuronx_venv_pytorch_inference_vllm_0_16/lib/python3.12/site-packages/neuronx_distributed/quantization/quantization_layers.py:414: UserWarning: Cannot find layers.51.self_attn.qkv_proj.k_proj.bias in the state_dict
  warnings.warn(f"Cannot find {(prefix + 'bias')} in the state_dict")
/opt/aws_neuronx_venv_pytorch_inference_vllm_0_16/lib/python3.12/site-packages/neuronx_distributed/quantization/quantization_layers.py:414: UserWarning: Cannot find layers.51.self_attn.qkv_proj.v_proj.bias in the state_dict
  warnings.warn(f"Cannot find {(prefix + 'bias')} in the state_dict")
/opt/aws_neuronx_venv_pytorch_inference_vllm_0_16/lib/python3.12/site-packages/neuronx_distributed/quantization/quantization_layers.py:414: UserWarning: Cannot find layers.51.self_attn.o_proj.o_proj.bias in the state_dict
  warnings.warn(f"Cannot find {(prefix + 'bias')} in the state_dict")
/opt/aws_neuronx_venv_pytorch_inference_vllm_0_16/lib/python3.12/site-packages/neuronx_distributed/quantization/quantization_layers.py:414: UserWarning: Cannot find layers.55.self_attn.qkv_proj.q_proj.bias in the state_dict
  warnings.warn(f"Cannot find {(prefix + 'bias')} in the state_dict")
/opt/aws_neuronx_venv_pytorch_inference_vllm_0_16/lib/python3.12/site-packages/neuronx_distributed/quantization/quantization_layers.py:414: UserWarning: Cannot find layers.55.self_attn.qkv_proj.k_proj.bias in the state_dict
  warnings.warn(f"Cannot find {(prefix + 'bias')} in the state_dict")
/opt/aws_neuronx_venv_pytorch_inference_vllm_0_16/lib/python3.12/site-packages/neuronx_distributed/quantization/quantization_layers.py:414: UserWarning: Cannot find layers.55.self_attn.qkv_proj.v_proj.bias in the state_dict
  warnings.warn(f"Cannot find {(prefix + 'bias')} in the state_dict")
/opt/aws_neuronx_venv_pytorch_inference_vllm_0_16/lib/python3.12/site-packages/neuronx_distributed/quantization/quantization_layers.py:414: UserWarning: Cannot find layers.55.self_attn.o_proj.o_proj.bias in the state_dict
  warnings.warn(f"Cannot find {(prefix + 'bias')} in the state_dict")
/opt/aws_neuronx_venv_pytorch_inference_vllm_0_16/lib/python3.12/site-packages/neuronx_distributed/quantization/quantization_layers.py:414: UserWarning: Cannot find layers.59.self_attn.qkv_proj.q_proj.bias in the state_dict
  warnings.warn(f"Cannot find {(prefix + 'bias')} in the state_dict")
/opt/aws_neuronx_venv_pytorch_inference_vllm_0_16/lib/python3.12/site-packages/neuronx_distributed/quantization/quantization_layers.py:414: UserWarning: Cannot find layers.59.self_attn.qkv_proj.k_proj.bias in the state_dict
  warnings.warn(f"Cannot find {(prefix + 'bias')} in the state_dict")
/opt/aws_neuronx_venv_pytorch_inference_vllm_0_16/lib/python3.12/site-packages/neuronx_distributed/quantization/quantization_layers.py:414: UserWarning: Cannot find layers.59.self_attn.qkv_proj.v_proj.bias in the state_dict
  warnings.warn(f"Cannot find {(prefix + 'bias')} in the state_dict")
/opt/aws_neuronx_venv_pytorch_inference_vllm_0_16/lib/python3.12/site-packages/neuronx_distributed/quantization/quantization_layers.py:414: UserWarning: Cannot find layers.59.self_attn.o_proj.o_proj.bias in the state_dict
  warnings.warn(f"Cannot find {(prefix + 'bias')} in the state_dict")
/opt/aws_neuronx_venv_pytorch_inference_vllm_0_16/lib/python3.12/site-packages/neuronx_distributed/quantization/quantization_layers.py:414: UserWarning: Cannot find layers.63.self_attn.qkv_proj.q_proj.bias in the state_dict
  warnings.warn(f"Cannot find {(prefix + 'bias')} in the state_dict")
/opt/aws_neuronx_venv_pytorch_inference_vllm_0_16/lib/python3.12/site-packages/neuronx_distributed/quantization/quantization_layers.py:414: UserWarning: Cannot find layers.63.self_attn.qkv_proj.k_proj.bias in the state_dict
  warnings.warn(f"Cannot find {(prefix + 'bias')} in the state_dict")
/opt/aws_neuronx_venv_pytorch_inference_vllm_0_16/lib/python3.12/site-packages/neuronx_distributed/quantization/quantization_layers.py:414: UserWarning: Cannot find layers.63.self_attn.qkv_proj.v_proj.bias in the state_dict
  warnings.warn(f"Cannot find {(prefix + 'bias')} in the state_dict")
/opt/aws_neuronx_venv_pytorch_inference_vllm_0_16/lib/python3.12/site-packages/neuronx_distributed/quantization/quantization_layers.py:414: UserWarning: Cannot find layers.63.self_attn.o_proj.o_proj.bias in the state_dict
  warnings.warn(f"Cannot find {(prefix + 'bias')} in the state_dict")
/opt/aws_neuronx_venv_pytorch_inference_vllm_0_16/lib/python3.12/site-packages/neuronx_distributed/trace/trace.py:642: UserWarning: Removing redundant keys from checkpoint: ['layers.43.self_attn.o_proj.scale', 'layers.47.self_attn.o_proj.scale', 'layers.51.self_attn.o_proj.scale', 'layers.55.self_attn.o_proj.scale', 'layers.59.self_attn.o_proj.scale', 'layers.43.self_attn.o_proj.weight', 'layers.47.self_attn.o_proj.weight', 'layers.51.self_attn.o_proj.weight', 'layers.55.self_attn.o_proj.weight', 'layers.59.self_attn.o_proj.weight', 'layers.35.self_attn.k_proj.scale', 'layers.35.self_attn.o_proj.scale', 'layers.35.self_attn.v_proj.scale', 'layers.39.self_attn.k_proj.scale', 'layers.39.self_attn.o_proj.scale', 'layers.39.self_attn.v_proj.scale', 'layers.43.self_attn.k_proj.scale', 'layers.43.self_attn.v_proj.scale', 'layers.47.self_attn.k_proj.scale', 'layers.47.self_attn.v_proj.scale', 'layers.51.self_attn.k_proj.scale', 'layers.51.self_attn.v_proj.scale', 'layers.55.self_attn.k_proj.scale', 'layers.55.self_attn.v_proj.scale', 'layers.59.self_attn.k_proj.scale', 'layers.59.self_attn.v_proj.scale', 'layers.63.self_attn.k_proj.scale', 'layers.63.self_attn.v_proj.scale', 'layers.35.self_attn.k_proj.weight', 'layers.35.self_attn.o_proj.weight', 'layers.35.self_attn.v_proj.weight', 'layers.39.self_attn.k_proj.weight', 'layers.39.self_attn.o_proj.weight', 'layers.39.self_attn.v_proj.weight', 'layers.43.self_attn.k_proj.weight', 'layers.43.self_attn.v_proj.weight', 'layers.47.self_attn.k_proj.weight', 'layers.47.self_attn.v_proj.weight', 'layers.51.self_attn.k_proj.weight', 'layers.51.self_attn.v_proj.weight', 'layers.55.self_attn.k_proj.weight', 'layers.55.self_attn.v_proj.weight', 'layers.59.self_attn.k_proj.weight', 'layers.59.self_attn.v_proj.weight', 'layers.63.self_attn.k_proj.weight', 'layers.63.self_attn.v_proj.weight', 'layers.11.self_attn.k_proj.scale', 'layers.11.self_attn.o_proj.scale', 'layers.11.self_attn.v_proj.scale', 'layers.15.self_attn.k_proj.scale', 'layers.15.self_attn.o_proj.scale', 'layers.15.self_attn.v_proj.scale', 'layers.19.self_attn.k_proj.scale', 'layers.19.self_attn.o_proj.scale', 'layers.19.self_attn.v_proj.scale', 'layers.23.self_attn.k_proj.scale', 'layers.23.self_attn.v_proj.scale', 'layers.27.self_attn.k_proj.scale', 'layers.27.self_attn.v_proj.scale', 'layers.3.self_attn.k_proj.scale', 'layers.3.self_attn.v_proj.scale', 'layers.31.self_attn.k_proj.scale', 'layers.31.self_attn.v_proj.scale', 'layers.7.self_attn.k_proj.scale', 'layers.7.self_attn.v_proj.scale', 'layers.11.self_attn.k_proj.weight', 'layers.11.self_attn.o_proj.weight', 'layers.11.self_attn.v_proj.weight', 'layers.15.self_attn.k_proj.weight', 'layers.15.self_attn.o_proj.weight', 'layers.15.self_attn.v_proj.weight', 'layers.19.self_attn.k_proj.weight', 'layers.19.self_attn.o_proj.weight', 'layers.19.self_attn.v_proj.weight', 'layers.23.self_attn.k_proj.weight', 'layers.23.self_attn.v_proj.weight', 'layers.27.self_attn.k_proj.weight', 'layers.27.self_attn.v_proj.weight', 'layers.3.self_attn.k_proj.weight', 'layers.3.self_attn.v_proj.weight', 'layers.31.self_attn.k_proj.weight', 'layers.31.self_attn.v_proj.weight', 'layers.7.self_attn.k_proj.weight', 'layers.7.self_attn.v_proj.weight', 'layers.23.self_attn.o_proj.scale', 'layers.27.self_attn.o_proj.scale', 'layers.3.self_attn.o_proj.scale', 'layers.31.self_attn.o_proj.scale', 'layers.7.self_attn.o_proj.scale', 'layers.23.self_attn.o_proj.weight', 'layers.27.self_attn.o_proj.weight', 'layers.3.self_attn.o_proj.weight', 'layers.31.self_attn.o_proj.weight', 'layers.7.self_attn.o_proj.weight', 'layers.63.self_attn.o_proj.scale', 'layers.63.self_attn.o_proj.weight', 'layers.3.self_attn.q_proj.weight', 'layers.3.self_attn.q_proj.scale', 'layers.7.self_attn.q_proj.weight', 'layers.7.self_attn.q_proj.scale', 'layers.11.self_attn.q_proj.weight', 'layers.11.self_attn.q_proj.scale', 'layers.15.self_attn.q_proj.weight', 'layers.15.self_attn.q_proj.scale', 'layers.19.self_attn.q_proj.weight', 'layers.19.self_attn.q_proj.scale', 'layers.23.self_attn.q_proj.weight', 'layers.23.self_attn.q_proj.scale', 'layers.27.self_attn.q_proj.weight', 'layers.27.self_attn.q_proj.scale', 'layers.31.self_attn.q_proj.weight', 'layers.31.self_attn.q_proj.scale', 'layers.35.self_attn.q_proj.weight', 'layers.35.self_attn.q_proj.scale', 'layers.39.self_attn.q_proj.weight', 'layers.39.self_attn.q_proj.scale', 'layers.43.self_attn.q_proj.weight', 'layers.43.self_attn.q_proj.scale', 'layers.47.self_attn.q_proj.weight', 'layers.47.self_attn.q_proj.scale', 'layers.51.self_attn.q_proj.weight', 'layers.51.self_attn.q_proj.scale', 'layers.55.self_attn.q_proj.weight', 'layers.55.self_attn.q_proj.scale', 'layers.59.self_attn.q_proj.weight', 'layers.59.self_attn.q_proj.scale', 'layers.63.self_attn.q_proj.weight', 'layers.63.self_attn.q_proj.scale']
  warnings.warn(f"Removing redundant keys from checkpoint: {keys_to_delete}")
INFO:Neuron:Done Sharding weights in 42.22500236400083
CHECKPOINT_BANK_WEIGHTS_ADDED tp0_sharded_checkpoint.safetensors 48 48 torch.bfloat16
CHECKPOINT_BANK_WEIGHTS_ADDED tp1_sharded_checkpoint.safetensors 48 48 torch.bfloat16
CHECKPOINT_BANK_WEIGHTS_ADDED tp2_sharded_checkpoint.safetensors 48 48 torch.bfloat16
CHECKPOINT_BANK_WEIGHTS_ADDED tp3_sharded_checkpoint.safetensors 48 48 torch.bfloat16
COMPILE_DONE
WARNING:root:NeuronConfig init: Unexpected keyword arguments: {'enable_long_context_mode': True, 'enable_token_tree': False, 'is_chunked_prefill': False, 'is_hidden_dim_shuffled': False, 'is_intermediate_dim_shuffled': False, 'is_prefill_stage': None, 'kv_cache_tiling': False, 'kv_cache_update_with_kernel': False, 'tile_cc': False}
INFO:Neuron:Loading presharded checkpoints for ranks: 0...3
2026-May-28 08:41:21.077166 217263:217263 ERROR  TDRV:tdrv_get_dev_info                       No neuron device available
2026-May-28 08:41:21.077288 217263:217263 ERROR   NRT:nrt_init                                Cannot find Neuron devices. Please run on an instance type that supports Neuron, such as inf2 or trn1.
2026-May-28 08:41:21.078451 217263:217263 ERROR   NRT:nrt_init                                If already on a supported instance type, make sure aws-neuronx-dkms is installed on the host and the neuron driver is accessible by referring to the troubleshooting guide: https://awsdocs-neuron.readthedocs-hosted.com/en/latest/neuron-runtime/nrt-troubleshoot.html#neuron-driver-installation-fails.
2026-May-28 08:41:21.078516 217263:217263 ERROR   NRT:nrt_init                                If you are using Neuron Containers, make sure the neuron devices are exposed to the container by referring to the container troubleshooting guide: https://awsdocs-neuron.readthedocs-hosted.com/en/latest/containers/troubleshooting.html#neuron-device-not-found
2026-May-28 08:41:21.080912 217263:217263 ERROR  TDRV:tdrv_get_dev_info                       No neuron device available
2026-May-28 08:41:21.081038 217263:217263 ERROR   NRT:nrt_infodump                            Neuron runtime information - please include in any support request:
2026-May-28 08:41:21.081106 217263:217263 ERROR   NRT:nrt_infodump                            ------------->8------------[ cut here ]------------>8-------------
2026-May-28 08:41:21.081165 217263:217263 ERROR   NRT:nrt_infodump                            NRT version: 2.31.24.0 (0b044f4ce917b633a70eb3d0bc460f34ac3da620)
2026-May-28 08:41:21.081227 217263:217263 ERROR   NRT:nrt_infodump                            Embedded FW version: unknown (unknown)
2026-May-28 08:41:21.081291 217263:217263 ERROR   NRT:nrt_infodump                            CCOM not loaded
2026-May-28 08:41:21.081366 217263:217263 ERROR   NRT:nrt_infodump                            NCFW version: 2.31.1.0 (cf13a49f86829014f0575b6d50c112ddf68b53c0)
2026-May-28 08:41:21.081425 217263:217263 ERROR   NRT:nrt_infodump                            Instance ID: i-046997ad2ce74b426
2026-May-28 08:41:21.081484 217263:217263 ERROR   NRT:nrt_infodump                            Cluster ID: N/A
2026-May-28 08:41:21.081543 217263:217263 ERROR   NRT:nrt_infodump                            Kernel: Linux 6.17.0-1013-aws #13~24.04.1-Ubuntu SMP Fri Apr 24 21:50:45 UTC 2026
2026-May-28 08:41:21.081603 217263:217263 ERROR   NRT:nrt_infodump                            Nodename: ip-172-31-4-137
2026-May-28 08:41:21.081678 217263:217263 ERROR   NRT:nrt_infodump                            Driver version: 2.27.4.0

2026-May-28 08:41:21.081741 217263:217263 ERROR   NRT:nrt_infodump                            Failure: NRT_INVALID in nrt_init()
2026-May-28 08:41:21.081801 217263:217263 ERROR   NRT:nrt_infodump                            Environment:
2026-May-28 08:41:21.081861 217263:217263 ERROR   NRT:nrt_infodump                                NEURON_CC_FLAGS=--target trn2
2026-May-28 08:41:21.081922 217263:217263 ERROR   NRT:nrt_infodump                                NEURON_PLATFORM_TARGET_OVERRIDE=trn2
2026-May-28 08:41:21.081981 217263:217263 ERROR   NRT:nrt_infodump                                NEURON_LIBRARY_PATH=/opt/aws_neuronx_venv_pytorch_inference_vllm_0_16/lib/python3.12/site-packages/libneuronxla/libneuronpjrt.so
2026-May-28 08:41:21.082042 217263:217263 ERROR   NRT:nrt_infodump                                NEURON_RT_ROOT_COMM_ID=localhost:62182
2026-May-28 08:41:21.082100 217263:217263 ERROR   NRT:nrt_infodump                                NEURON_RT_ASYNC_EXEC_MAX_INFLIGHT_REQUESTS=2
2026-May-28 08:41:21.082157 217263:217263 ERROR   NRT:nrt_infodump                                NEURON_RT_IO_RING_CACHE_SIZE=2
2026-May-28 08:41:21.082215 217263:217263 ERROR   NRT:nrt_infodump                                NEURON_RT_EXEC_TIMEOUT=600
2026-May-28 08:41:21.082272 217263:217263 ERROR   NRT:nrt_infodump                                NEURON_RT_DBG_SCRATCHPAD_ON_SINGLE_CORE=1
2026-May-28 08:41:21.082343 217263:217263 ERROR   NRT:nrt_infodump                                NEURON_SCRATCHPAD_PAGE_SIZE=1024
2026-May-28 08:41:21.082401 217263:217263 ERROR   NRT:nrt_infodump                                NEURON_RT_NUMERICAL_ERRORS_VERBOSITY=none
2026-May-28 08:41:21.082458 217263:217263 ERROR   NRT:nrt_infodump                            -------------8<-----------[ cut to here ]-----------8<------------
Traceback (most recent call last):
  File "/home/ubuntu/inferentia-gdn-nki-decode-step-c49df2b-splitqkv/contrib/models/Qwen3.6-27B/test/integration/qwen36_27b_compile_fp8.py", line 1351, in <module>
    raise SystemExit(main())
                     ^^^^^^
  File "/home/ubuntu/inferentia-gdn-nki-decode-step-c49df2b-splitqkv/contrib/models/Qwen3.6-27B/test/integration/qwen36_27b_compile_fp8.py", line 1344, in main
    model.load(str(compiled_path))
  File "/opt/aws_neuronx_venv_pytorch_inference_vllm_0_16/lib/python3.12/site-packages/torch_neuronx/experimental/profiler/v2_x/custom_op_name.py", line 603, in torch_hierarchy_wrapper
    return f(*args, **kwargs)
           ^^^^^^^^^^^^^^^^^^
  File "/opt/aws_neuronx_venv_pytorch_inference_vllm_0_16/lib/python3.12/site-packages/torch_neuronx/experimental/profiler/v2_x/custom_op_name.py", line 603, in torch_hierarchy_wrapper
    return f(*args, **kwargs)
           ^^^^^^^^^^^^^^^^^^
  File "/home/ubuntu/inferentia-gdn-nki-decode-step-c49df2b-splitqkv/src/neuronx_distributed_inference/models/application_base.py", line 329, in load
    self.load_weights(
  File "/opt/aws_neuronx_venv_pytorch_inference_vllm_0_16/lib/python3.12/site-packages/torch_neuronx/experimental/profiler/v2_x/custom_op_name.py", line 603, in torch_hierarchy_wrapper
    return f(*args, **kwargs)
           ^^^^^^^^^^^^^^^^^^
  File "/opt/aws_neuronx_venv_pytorch_inference_vllm_0_16/lib/python3.12/site-packages/torch_neuronx/experimental/profiler/v2_x/custom_op_name.py", line 603, in torch_hierarchy_wrapper
    return f(*args, **kwargs)
           ^^^^^^^^^^^^^^^^^^
  File "/home/ubuntu/inferentia-gdn-nki-decode-step-c49df2b-splitqkv/src/neuronx_distributed_inference/models/application_base.py", line 415, in load_weights
    self.traced_model.nxd_model.initialize(weights, start_rank_tensor)
RuntimeError: The following operation failed in the TorchScript interpreter.
Traceback of TorchScript, serialized code (most recent call last):
  File "code/__torch__/neuronx_distributed/trace/spmd.py", line 1136, in initialize
    start_rank = int(start_rank_tensor)
    weight_loader = self.weight_loader
    _367 = (weight_loader).forward(checkpoint, False, )
            ~~~~~~~~~~~~~~~~~~~~~~ <--- HERE
    self.weights = _367
    state_initializer = self.state_initializer

Traceback of TorchScript, original code (most recent call last):
  File "/opt/aws_neuronx_venv_pytorch_inference_vllm_0_16/lib/python3.12/site-packages/neuronx_distributed/trace/spmd.py", line 185, in initialize
        start_rank = torch.ops.aten.Int(start_rank_tensor)
        if self.weight_loader is not None:
            self.weights = self.weight_loader.forward(checkpoint, False)
                           ~~~~~~~~~~~~~~~~~~~~~~~~~~ <--- HERE
        else:
            self.weights = torch.ops.neuron._parallel_load(checkpoint)
RuntimeError: The PyTorch Neuron Runtime could not be initialized. Neuron Driver issues are logged
to your system logs. See the Neuron Runtime's troubleshooting guide for help on this
topic: https://awsdocs-neuron.readthedocs-hosted.com/en/latest/

