/opt/aws_neuronx_venv_pytorch_inference_vllm_0_16/lib/python3.12/site-packages/neuronx_distributed/modules/moe/blockwise.py:100: DeprecationWarning: torch_neuronx.nki_jit is deprecated, use nki.jit instead.
  component, error = import_nki(config)
/opt/aws_neuronx_venv_pytorch_inference_vllm_0_16/lib/python3.12/site-packages/neuronx_distributed/modules/moe/blockwise.py:102: UserWarning: Warning: Failed to import blockwise_mm_baseline_shard_hidden: No module named 'neuronxcc.nki._private.blockwise_mm'
  warnings.warn(f"Warning: {error}")
/opt/aws_neuronx_venv_pytorch_inference_vllm_0_16/lib/python3.12/site-packages/neuronx_distributed/modules/moe/blockwise.py:102: UserWarning: Warning: Failed to import blockwise_mm_bwd: No module named 'neuronxcc.nki._private.blockwise_mm_bwd'
  warnings.warn(f"Warning: {error}")
/opt/aws_neuronx_venv_pytorch_inference_vllm_0_16/lib/python3.12/site-packages/neuronx_distributed/modules/moe/blockwise.py:102: UserWarning: Warning: Failed to import blockwise_mm_bwd_baseline_shard_hidden: No module named 'neuronxcc.nki._private.blockwise_mm_bwd'
  warnings.warn(f"Warning: {error}")
/home/ubuntu/inferentia-gdn-nki-decode-step-c49df2b-splitqkv/src/neuronx_distributed_inference/models/config.py:507: UserWarning: mlp_tkg_nki_kernel_enabled is deprecated. In a future release, this attribute will be removed
  warnings.warn("mlp_tkg_nki_kernel_enabled is deprecated. In a future release, this attribute will be removed")
WEIGHT_DTYPE_MODE fp8_full
FP8_MODE full
QUANTIZE_LM_HEAD True
MODEL_PATH /home/ubuntu/models/Qwen3.6-27B
COMPILED_PATH /mnt/trainium_artifacts/qwen_artifacts/qwen36_27b_256k_fp8_full_lmheadfp8_kvfp8_hybrid_apc_nki_decode_splitqkv_mlpker_gdnrecbfloat16_sampletokens_b256_cte256_512_pfx16k_slots64_async_20260528T093650Z
BASE_COMPILE_WORK_DIR /mnt/trainium_artifacts/qwen_artifacts/_nxd_model_workdir_256k_fp8_full_lmheadfp8_kvfp8_nki_decode_splitqkv_mlpker_gdnrecbfloat16_sampletokens_b256_20260528T093650Z
DELTANET_CTE_BACKEND fused
DELTANET_SEQUENTIAL None
USE_NKI None
USE_NKI_CHUNKED None
USE_NKI_FUSED 1
USE_PYTORCH_CHUNK None
QUANTIZED_CHECKPOINTS_PATH /mnt/trainium_artifacts/qwen_artifacts/_quantized/qwen36_27b_fp8_full_lmheadfp8
XLA_HANDLE_SPECIAL_SCALAR 1
UNSAFE_FP8FNCAST 1
MODULES_TO_NOT_CONVERT_COUNT 2184
CONTEXT_TRACE_SHAPE {"async_mode": true, "block_size": 256, "context_encoding_bucket_pairs": [[256, 0], [256, 256], [256, 512], [256, 1024], [256, 2048], [256, 4096], [256, 8192], [512, 0], [512, 256], [512, 512], [512, 1024], [512, 2048], [512, 4096], [512, 8192], [512, 16384]], "context_encoding_buckets": [256, 512], "ctx_batch_size": 1, "enable_attn_block_tkg_cache_update": false, "enable_attn_block_tkg_cascaded_attention": false, "enable_attn_block_tkg_nki_kernel": false, "enable_deltanet_decode_nki": true, "enable_fused_qkv": false, "enable_hybrid_apc": true, "enable_k_cache_transposed": false, "enable_kv_cache_quant": true, "enable_mlp_tkg_nki_kernel": true, "enable_out_proj_nki_kernel": false, "enable_prefix_caching": true, "enable_qkv_nki_kernels": false, "enable_quantized_mlp_kernel": true, "enable_split_qkv_tkg_nki_kernel": true, "enable_vllm_chunked_prefill": true, "gdn_checkpoint_interval": 256, "hybrid_apc_commit_during_token_generation": false, "max_context_length": 262144, "max_gdn_checkpoint_slots": 64, "max_num_seqs": 1, "pa_headroom_blocks": 0, "pa_min_blocks": 1024, "pa_num_blocks": 1024, "pa_requested_blocks": 1024, "pa_usable_headroom_blocks": 0, "prefix_buckets": [256, 512, 1024, 2048, 4096, 8192, 16384], "prefix_cte_attention_backend": "attention_cte", "prefix_cte_attention_chunk_size": null, "prefix_cte_attention_segment_size": null, "seq_len": 262144, "skip_warmup": true, "tkg_batch_size": 1, "token_generation_batches": null, "token_generation_buckets": [512, 768, 1024, 1280, 2048, 2304, 4096, 4352, 8192, 8448, 16384, 16640, 24576, 24832, 32768, 33024, 65536, 65792, 131072, 131328, 262144]}
QUANTIZE_SKIP existing checkpoint found
COMPILE_START
INFO:Neuron:Saving the neuron_config to /mnt/trainium_artifacts/qwen_artifacts/qwen36_27b_256k_fp8_full_lmheadfp8_kvfp8_hybrid_apc_nki_decode_splitqkv_mlpker_gdnrecbfloat16_sampletokens_b256_cte256_512_pfx16k_slots64_async_20260528T093650Z/
INFO:Neuron:Generating HLOs for the following models: ['context_encoding_model', 'token_generation_model']
[2026-05-28 09:36:58.507: I neuronx_distributed/parallel_layers/parallel_state.py:638] > initializing tensor model parallel with size 4
[2026-05-28 09:36:58.507: I neuronx_distributed/parallel_layers/parallel_state.py:639] > initializing pipeline model parallel with size 1
[2026-05-28 09:36:58.507: I neuronx_distributed/parallel_layers/parallel_state.py:640] > initializing context model parallel with size 1
[2026-05-28 09:36:58.507: I neuronx_distributed/parallel_layers/parallel_state.py:641] > initializing data parallel with size 1
[2026-05-28 09:36:58.507: I neuronx_distributed/parallel_layers/parallel_state.py:642] > initializing world size to 4
[2026-05-28 09:36:58.507: I neuronx_distributed/parallel_layers/parallel_state.py:387] [rank_0_pp-1_tp-1_dp-1_cp-1] Chosen Logic for replica groups ret_logic=<PG_Group_Logic.LOGIC1: (<function ascending_ring_PG_group at 0x7c705c507560>, 'Ascending Ring PG Group')>
[2026-05-28 09:36:58.507: I neuronx_distributed/parallel_layers/parallel_state.py:666] [rank_0_pp-1_tp-1_dp-1_cp-1] tp_groups: replica_groups.tp_groups=[[0, 1, 2, 3]]
[2026-05-28 09:36:58.507: I neuronx_distributed/parallel_layers/parallel_state.py:667] [rank_0_pp-1_tp-1_dp-1_cp-1] dp_groups: replica_groups.dp_groups=[[0], [1], [2], [3]]
[2026-05-28 09:36:58.507: I neuronx_distributed/parallel_layers/parallel_state.py:668] [rank_0_pp-1_tp-1_dp-1_cp-1] pp_groups: replica_groups.pp_groups=[[0], [1], [2], [3]]
[2026-05-28 09:36:58.507: I neuronx_distributed/parallel_layers/parallel_state.py:669] [rank_0_pp-1_tp-1_dp-1_cp-1] cp_groups: replica_groups.cp_groups=[[0], [1], [2], [3]]
[2026-05-28 09:36:58.507: I neuronx_distributed/parallel_layers/parallel_state.py:670] [rank_0_pp-1_tp-1_dp-1_cp-1] ep_model_groups: replica_groups.ep_model_groups=[[0], [1], [2], [3]]
[2026-05-28 09:36:58.507: I neuronx_distributed/parallel_layers/parallel_state.py:671] [rank_0_pp-1_tp-1_dp-1_cp-1] ep_data_groups: replica_groups.ep_data_groups=[[0], [1], [2], [3]]
INFO:Neuron:Generating 15 hlos for key: context_encoding_model
INFO:Neuron:Minimal metadata will be added to HLO
INFO:Neuron:Started loading module context_encoding_model
INFO:Neuron:Finished loading module context_encoding_model in 3.3976759910583496 seconds
INFO:Neuron:generating HLO: context_encoding_model, input example shape = torch.Size([1, 256])
/opt/aws_neuronx_venv_pytorch_inference_vllm_0_16/lib/python3.12/site-packages/neuronx_distributed/parallel_layers/layers.py:531: FutureWarning: `torch.cuda.amp.autocast(args...)` is deprecated. Please use `torch.amp.autocast('cuda', args...)` instead.
  with torch.cuda.amp.autocast(enabled=False):
/opt/aws_neuronx_venv_pytorch_inference_vllm_0_16/lib/python3.12/site-packages/torch_neuronx/xla_impl/hlo_conversion.py:470: UserWarning: Received an input tensor that was unused or used in a non-static way when traced so the tensor will be ignored. (index=1, shape=torch.Size([1]), dtype=torch.int32). The non-static usage could happen when the traced function expects the input tensor's shape to change (i.e., using the shape to do index slicing), which is not allowed by inference trace expecting static input shapes.
  warnings.warn(
/opt/aws_neuronx_venv_pytorch_inference_vllm_0_16/lib/python3.12/site-packages/torch_neuronx/xla_impl/hlo_conversion.py:470: UserWarning: Received an input tensor that was unused or used in a non-static way when traced so the tensor will be ignored. (index=4, shape=torch.Size([1, 3]), dtype=torch.float32). The non-static usage could happen when the traced function expects the input tensor's shape to change (i.e., using the shape to do index slicing), which is not allowed by inference trace expecting static input shapes.
  warnings.warn(
/opt/aws_neuronx_venv_pytorch_inference_vllm_0_16/lib/python3.12/site-packages/torch_neuronx/xla_impl/hlo_conversion.py:470: UserWarning: Received an input tensor that was unused or used in a non-static way when traced so the tensor will be ignored. (index=5, shape=torch.Size([0]), dtype=torch.float32). The non-static usage could happen when the traced function expects the input tensor's shape to change (i.e., using the shape to do index slicing), which is not allowed by inference trace expecting static input shapes.
  warnings.warn(
/opt/aws_neuronx_venv_pytorch_inference_vllm_0_16/lib/python3.12/site-packages/torch_neuronx/xla_impl/hlo_conversion.py:470: UserWarning: Received an input tensor that was unused or used in a non-static way when traced so the tensor will be ignored. (index=6, shape=torch.Size([1]), dtype=torch.int32). The non-static usage could happen when the traced function expects the input tensor's shape to change (i.e., using the shape to do index slicing), which is not allowed by inference trace expecting static input shapes.
  warnings.warn(
/opt/aws_neuronx_venv_pytorch_inference_vllm_0_16/lib/python3.12/site-packages/torch_neuronx/xla_impl/hlo_conversion.py:470: UserWarning: Received an input tensor that was unused or used in a non-static way when traced so the tensor will be ignored. (index=7, shape=torch.Size([0]), dtype=torch.float32). The non-static usage could happen when the traced function expects the input tensor's shape to change (i.e., using the shape to do index slicing), which is not allowed by inference trace expecting static input shapes.
  warnings.warn(
/opt/aws_neuronx_venv_pytorch_inference_vllm_0_16/lib/python3.12/site-packages/torch_neuronx/xla_impl/hlo_conversion.py:470: UserWarning: Received an input tensor that was unused or used in a non-static way when traced so the tensor will be ignored. (index=8, shape=torch.Size([0]), dtype=torch.float32). The non-static usage could happen when the traced function expects the input tensor's shape to change (i.e., using the shape to do index slicing), which is not allowed by inference trace expecting static input shapes.
  warnings.warn(
/opt/aws_neuronx_venv_pytorch_inference_vllm_0_16/lib/python3.12/site-packages/torch_neuronx/xla_impl/hlo_conversion.py:470: UserWarning: Received an input tensor that was unused or used in a non-static way when traced so the tensor will be ignored. (index=9, shape=torch.Size([0]), dtype=torch.float32). The non-static usage could happen when the traced function expects the input tensor's shape to change (i.e., using the shape to do index slicing), which is not allowed by inference trace expecting static input shapes.
  warnings.warn(
/opt/aws_neuronx_venv_pytorch_inference_vllm_0_16/lib/python3.12/site-packages/torch_neuronx/xla_impl/hlo_conversion.py:470: UserWarning: Received an input tensor that was unused or used in a non-static way when traced so the tensor will be ignored. (index=10, shape=torch.Size([0]), dtype=torch.float32). The non-static usage could happen when the traced function expects the input tensor's shape to change (i.e., using the shape to do index slicing), which is not allowed by inference trace expecting static input shapes.
  warnings.warn(
/opt/aws_neuronx_venv_pytorch_inference_vllm_0_16/lib/python3.12/site-packages/torch_neuronx/xla_impl/hlo_conversion.py:470: UserWarning: Received an input tensor that was unused or used in a non-static way when traced so the tensor will be ignored. (index=12, shape=torch.Size([1]), dtype=torch.int32). The non-static usage could happen when the traced function expects the input tensor's shape to change (i.e., using the shape to do index slicing), which is not allowed by inference trace expecting static input shapes.
  warnings.warn(
/opt/aws_neuronx_venv_pytorch_inference_vllm_0_16/lib/python3.12/site-packages/torch_neuronx/xla_impl/hlo_conversion.py:470: UserWarning: Received an input tensor that was unused or used in a non-static way when traced so the tensor will be ignored. (index=14, shape=torch.Size([1, 1]), dtype=torch.int32). The non-static usage could happen when the traced function expects the input tensor's shape to change (i.e., using the shape to do index slicing), which is not allowed by inference trace expecting static input shapes.
  warnings.warn(
/opt/aws_neuronx_venv_pytorch_inference_vllm_0_16/lib/python3.12/site-packages/torch_neuronx/xla_impl/hlo_conversion.py:470: UserWarning: Received an input tensor that was unused or used in a non-static way when traced so the tensor will be ignored. (index=15, shape=torch.Size([0]), dtype=torch.float32). The non-static usage could happen when the traced function expects the input tensor's shape to change (i.e., using the shape to do index slicing), which is not allowed by inference trace expecting static input shapes.
  warnings.warn(
/opt/aws_neuronx_venv_pytorch_inference_vllm_0_16/lib/python3.12/site-packages/torch_neuronx/xla_impl/hlo_conversion.py:470: UserWarning: Received an input tensor that was unused or used in a non-static way when traced so the tensor will be ignored. (index=16, shape=torch.Size([0]), dtype=torch.float32). The non-static usage could happen when the traced function expects the input tensor's shape to change (i.e., using the shape to do index slicing), which is not allowed by inference trace expecting static input shapes.
  warnings.warn(
/opt/aws_neuronx_venv_pytorch_inference_vllm_0_16/lib/python3.12/site-packages/torch_neuronx/xla_impl/hlo_conversion.py:470: UserWarning: Received an input tensor that was unused or used in a non-static way when traced so the tensor will be ignored. (index=17, shape=torch.Size([0]), dtype=torch.float32). The non-static usage could happen when the traced function expects the input tensor's shape to change (i.e., using the shape to do index slicing), which is not allowed by inference trace expecting static input shapes.
  warnings.warn(
/opt/aws_neuronx_venv_pytorch_inference_vllm_0_16/lib/python3.12/site-packages/torch_neuronx/xla_impl/hlo_conversion.py:470: UserWarning: Received an input tensor that was unused or used in a non-static way when traced so the tensor will be ignored. (index=18, shape=torch.Size([0]), dtype=torch.float32). The non-static usage could happen when the traced function expects the input tensor's shape to change (i.e., using the shape to do index slicing), which is not allowed by inference trace expecting static input shapes.
  warnings.warn(
/opt/aws_neuronx_venv_pytorch_inference_vllm_0_16/lib/python3.12/site-packages/torch_neuronx/xla_impl/hlo_conversion.py:470: UserWarning: Received an input tensor that was unused or used in a non-static way when traced so the tensor will be ignored. (index=19, shape=torch.Size([0]), dtype=torch.float32). The non-static usage could happen when the traced function expects the input tensor's shape to change (i.e., using the shape to do index slicing), which is not allowed by inference trace expecting static input shapes.
  warnings.warn(
/opt/aws_neuronx_venv_pytorch_inference_vllm_0_16/lib/python3.12/site-packages/torch_neuronx/xla_impl/hlo_conversion.py:470: UserWarning: Received an input tensor that was unused or used in a non-static way when traced so the tensor will be ignored. (index=20, shape=torch.Size([0]), dtype=torch.float32). The non-static usage could happen when the traced function expects the input tensor's shape to change (i.e., using the shape to do index slicing), which is not allowed by inference trace expecting static input shapes.
  warnings.warn(
/opt/aws_neuronx_venv_pytorch_inference_vllm_0_16/lib/python3.12/site-packages/torch_neuronx/xla_impl/hlo_conversion.py:470: UserWarning: Received an input tensor that was unused or used in a non-static way when traced so the tensor will be ignored. (index=22, shape=torch.Size([0]), dtype=torch.bfloat16). The non-static usage could happen when the traced function expects the input tensor's shape to change (i.e., using the shape to do index slicing), which is not allowed by inference trace expecting static input shapes.
  warnings.warn(
/opt/aws_neuronx_venv_pytorch_inference_vllm_0_16/lib/python3.12/site-packages/torch_neuronx/xla_impl/hlo_conversion.py:470: UserWarning: Received an input tensor that was unused or used in a non-static way when traced so the tensor will be ignored. (index=23, shape=torch.Size([0]), dtype=torch.int32). The non-static usage could happen when the traced function expects the input tensor's shape to change (i.e., using the shape to do index slicing), which is not allowed by inference trace expecting static input shapes.
  warnings.warn(
/opt/aws_neuronx_venv_pytorch_inference_vllm_0_16/lib/python3.12/site-packages/torch_neuronx/xla_impl/hlo_conversion.py:470: UserWarning: Received an input tensor that was unused or used in a non-static way when traced so the tensor will be ignored. (index=26, shape=torch.Size([1]), dtype=torch.int32). The non-static usage could happen when the traced function expects the input tensor's shape to change (i.e., using the shape to do index slicing), which is not allowed by inference trace expecting static input shapes.
  warnings.warn(
INFO:Neuron:Finished generating HLO for context_encoding_model in 8.57122015953064 seconds, input example shape = torch.Size([1, 256])
INFO:Neuron:generating HLO: context_encoding_model, input example shape = torch.Size([1, 256])
INFO:Neuron:Finished generating HLO for context_encoding_model in 8.035823106765747 seconds, input example shape = torch.Size([1, 256])
INFO:Neuron:generating HLO: context_encoding_model, input example shape = torch.Size([1, 256])
/opt/aws_neuronx_venv_pytorch_inference_vllm_0_16/lib/python3.12/site-packages/torch_neuronx/xla_impl/hlo_conversion.py:470: UserWarning: Received an input tensor that was unused or used in a non-static way when traced so the tensor will be ignored. (index=1, shape=torch.Size([1, 512]), dtype=torch.int32). The non-static usage could happen when the traced function expects the input tensor's shape to change (i.e., using the shape to do index slicing), which is not allowed by inference trace expecting static input shapes.
  warnings.warn(
INFO:Neuron:Finished generating HLO for context_encoding_model in 8.039739608764648 seconds, input example shape = torch.Size([1, 256])
INFO:Neuron:generating HLO: context_encoding_model, input example shape = torch.Size([1, 256])
/opt/aws_neuronx_venv_pytorch_inference_vllm_0_16/lib/python3.12/site-packages/torch_neuronx/xla_impl/hlo_conversion.py:470: UserWarning: Received an input tensor that was unused or used in a non-static way when traced so the tensor will be ignored. (index=1, shape=torch.Size([1, 1024]), dtype=torch.int32). The non-static usage could happen when the traced function expects the input tensor's shape to change (i.e., using the shape to do index slicing), which is not allowed by inference trace expecting static input shapes.
  warnings.warn(
INFO:Neuron:Finished generating HLO for context_encoding_model in 8.354756593704224 seconds, input example shape = torch.Size([1, 256])
INFO:Neuron:generating HLO: context_encoding_model, input example shape = torch.Size([1, 256])
/opt/aws_neuronx_venv_pytorch_inference_vllm_0_16/lib/python3.12/site-packages/torch_neuronx/xla_impl/hlo_conversion.py:470: UserWarning: Received an input tensor that was unused or used in a non-static way when traced so the tensor will be ignored. (index=1, shape=torch.Size([1, 2048]), dtype=torch.int32). The non-static usage could happen when the traced function expects the input tensor's shape to change (i.e., using the shape to do index slicing), which is not allowed by inference trace expecting static input shapes.
  warnings.warn(
INFO:Neuron:Finished generating HLO for context_encoding_model in 8.124897480010986 seconds, input example shape = torch.Size([1, 256])
INFO:Neuron:generating HLO: context_encoding_model, input example shape = torch.Size([1, 256])
/opt/aws_neuronx_venv_pytorch_inference_vllm_0_16/lib/python3.12/site-packages/torch_neuronx/xla_impl/hlo_conversion.py:470: UserWarning: Received an input tensor that was unused or used in a non-static way when traced so the tensor will be ignored. (index=1, shape=torch.Size([1, 4096]), dtype=torch.int32). The non-static usage could happen when the traced function expects the input tensor's shape to change (i.e., using the shape to do index slicing), which is not allowed by inference trace expecting static input shapes.
  warnings.warn(
INFO:Neuron:Finished generating HLO for context_encoding_model in 8.098046064376831 seconds, input example shape = torch.Size([1, 256])
INFO:Neuron:generating HLO: context_encoding_model, input example shape = torch.Size([1, 256])
/opt/aws_neuronx_venv_pytorch_inference_vllm_0_16/lib/python3.12/site-packages/torch_neuronx/xla_impl/hlo_conversion.py:470: UserWarning: Received an input tensor that was unused or used in a non-static way when traced so the tensor will be ignored. (index=1, shape=torch.Size([1, 8192]), dtype=torch.int32). The non-static usage could happen when the traced function expects the input tensor's shape to change (i.e., using the shape to do index slicing), which is not allowed by inference trace expecting static input shapes.
  warnings.warn(
INFO:Neuron:Finished generating HLO for context_encoding_model in 8.375911235809326 seconds, input example shape = torch.Size([1, 256])
INFO:Neuron:generating HLO: context_encoding_model, input example shape = torch.Size([1, 512])
INFO:Neuron:Finished generating HLO for context_encoding_model in 8.704269170761108 seconds, input example shape = torch.Size([1, 512])
INFO:Neuron:generating HLO: context_encoding_model, input example shape = torch.Size([1, 512])
/opt/aws_neuronx_venv_pytorch_inference_vllm_0_16/lib/python3.12/site-packages/torch_neuronx/xla_impl/hlo_conversion.py:470: UserWarning: Received an input tensor that was unused or used in a non-static way when traced so the tensor will be ignored. (index=1, shape=torch.Size([1, 256]), dtype=torch.int32). The non-static usage could happen when the traced function expects the input tensor's shape to change (i.e., using the shape to do index slicing), which is not allowed by inference trace expecting static input shapes.
  warnings.warn(
INFO:Neuron:Finished generating HLO for context_encoding_model in 8.094699621200562 seconds, input example shape = torch.Size([1, 512])
INFO:Neuron:generating HLO: context_encoding_model, input example shape = torch.Size([1, 512])
INFO:Neuron:Finished generating HLO for context_encoding_model in 8.325946807861328 seconds, input example shape = torch.Size([1, 512])
INFO:Neuron:generating HLO: context_encoding_model, input example shape = torch.Size([1, 512])
INFO:Neuron:Finished generating HLO for context_encoding_model in 8.095020055770874 seconds, input example shape = torch.Size([1, 512])
INFO:Neuron:generating HLO: context_encoding_model, input example shape = torch.Size([1, 512])
INFO:Neuron:Finished generating HLO for context_encoding_model in 8.36070966720581 seconds, input example shape = torch.Size([1, 512])
INFO:Neuron:generating HLO: context_encoding_model, input example shape = torch.Size([1, 512])
INFO:Neuron:Finished generating HLO for context_encoding_model in 8.10206151008606 seconds, input example shape = torch.Size([1, 512])
INFO:Neuron:generating HLO: context_encoding_model, input example shape = torch.Size([1, 512])
INFO:Neuron:Finished generating HLO for context_encoding_model in 8.164882898330688 seconds, input example shape = torch.Size([1, 512])
INFO:Neuron:generating HLO: context_encoding_model, input example shape = torch.Size([1, 512])
/opt/aws_neuronx_venv_pytorch_inference_vllm_0_16/lib/python3.12/site-packages/torch_neuronx/xla_impl/hlo_conversion.py:470: UserWarning: Received an input tensor that was unused or used in a non-static way when traced so the tensor will be ignored. (index=1, shape=torch.Size([1, 16384]), dtype=torch.int32). The non-static usage could happen when the traced function expects the input tensor's shape to change (i.e., using the shape to do index slicing), which is not allowed by inference trace expecting static input shapes.
  warnings.warn(
INFO:Neuron:Finished generating HLO for context_encoding_model in 8.342689275741577 seconds, input example shape = torch.Size([1, 512])
INFO:Neuron:Generating 21 hlos for key: token_generation_model
INFO:Neuron:Minimal metadata will be added to HLO
INFO:Neuron:Started loading module token_generation_model
WARNING:root:quantize_clamp_bound is not specified in NeuronConfig. We will use the default value of 1200 for llama models in quantized kernels.
WARNING:root:quantize_clamp_bound is not specified in NeuronConfig. We will use the default value of 1200 for llama models in quantized kernels.
WARNING:root:quantize_clamp_bound is not specified in NeuronConfig. We will use the default value of 1200 for llama models in quantized kernels.
WARNING:root:quantize_clamp_bound is not specified in NeuronConfig. We will use the default value of 1200 for llama models in quantized kernels.
WARNING:root:quantize_clamp_bound is not specified in NeuronConfig. We will use the default value of 1200 for llama models in quantized kernels.
WARNING:root:quantize_clamp_bound is not specified in NeuronConfig. We will use the default value of 1200 for llama models in quantized kernels.
WARNING:root:quantize_clamp_bound is not specified in NeuronConfig. We will use the default value of 1200 for llama models in quantized kernels.
WARNING:root:quantize_clamp_bound is not specified in NeuronConfig. We will use the default value of 1200 for llama models in quantized kernels.
WARNING:root:quantize_clamp_bound is not specified in NeuronConfig. We will use the default value of 1200 for llama models in quantized kernels.
WARNING:root:quantize_clamp_bound is not specified in NeuronConfig. We will use the default value of 1200 for llama models in quantized kernels.
WARNING:root:quantize_clamp_bound is not specified in NeuronConfig. We will use the default value of 1200 for llama models in quantized kernels.
WARNING:root:quantize_clamp_bound is not specified in NeuronConfig. We will use the default value of 1200 for llama models in quantized kernels.
WARNING:root:quantize_clamp_bound is not specified in NeuronConfig. We will use the default value of 1200 for llama models in quantized kernels.
WARNING:root:quantize_clamp_bound is not specified in NeuronConfig. We will use the default value of 1200 for llama models in quantized kernels.
WARNING:root:quantize_clamp_bound is not specified in NeuronConfig. We will use the default value of 1200 for llama models in quantized kernels.
WARNING:root:quantize_clamp_bound is not specified in NeuronConfig. We will use the default value of 1200 for llama models in quantized kernels.
WARNING:root:quantize_clamp_bound is not specified in NeuronConfig. We will use the default value of 1200 for llama models in quantized kernels.
WARNING:root:quantize_clamp_bound is not specified in NeuronConfig. We will use the default value of 1200 for llama models in quantized kernels.
WARNING:root:quantize_clamp_bound is not specified in NeuronConfig. We will use the default value of 1200 for llama models in quantized kernels.
WARNING:root:quantize_clamp_bound is not specified in NeuronConfig. We will use the default value of 1200 for llama models in quantized kernels.
WARNING:root:quantize_clamp_bound is not specified in NeuronConfig. We will use the default value of 1200 for llama models in quantized kernels.
WARNING:root:quantize_clamp_bound is not specified in NeuronConfig. We will use the default value of 1200 for llama models in quantized kernels.
WARNING:root:quantize_clamp_bound is not specified in NeuronConfig. We will use the default value of 1200 for llama models in quantized kernels.
WARNING:root:quantize_clamp_bound is not specified in NeuronConfig. We will use the default value of 1200 for llama models in quantized kernels.
WARNING:root:quantize_clamp_bound is not specified in NeuronConfig. We will use the default value of 1200 for llama models in quantized kernels.
WARNING:root:quantize_clamp_bound is not specified in NeuronConfig. We will use the default value of 1200 for llama models in quantized kernels.
WARNING:root:quantize_clamp_bound is not specified in NeuronConfig. We will use the default value of 1200 for llama models in quantized kernels.
WARNING:root:quantize_clamp_bound is not specified in NeuronConfig. We will use the default value of 1200 for llama models in quantized kernels.
WARNING:root:quantize_clamp_bound is not specified in NeuronConfig. We will use the default value of 1200 for llama models in quantized kernels.
WARNING:root:quantize_clamp_bound is not specified in NeuronConfig. We will use the default value of 1200 for llama models in quantized kernels.
WARNING:root:quantize_clamp_bound is not specified in NeuronConfig. We will use the default value of 1200 for llama models in quantized kernels.
WARNING:root:quantize_clamp_bound is not specified in NeuronConfig. We will use the default value of 1200 for llama models in quantized kernels.
WARNING:root:quantize_clamp_bound is not specified in NeuronConfig. We will use the default value of 1200 for llama models in quantized kernels.
WARNING:root:quantize_clamp_bound is not specified in NeuronConfig. We will use the default value of 1200 for llama models in quantized kernels.
WARNING:root:quantize_clamp_bound is not specified in NeuronConfig. We will use the default value of 1200 for llama models in quantized kernels.
WARNING:root:quantize_clamp_bound is not specified in NeuronConfig. We will use the default value of 1200 for llama models in quantized kernels.
WARNING:root:quantize_clamp_bound is not specified in NeuronConfig. We will use the default value of 1200 for llama models in quantized kernels.
WARNING:root:quantize_clamp_bound is not specified in NeuronConfig. We will use the default value of 1200 for llama models in quantized kernels.
WARNING:root:quantize_clamp_bound is not specified in NeuronConfig. We will use the default value of 1200 for llama models in quantized kernels.
WARNING:root:quantize_clamp_bound is not specified in NeuronConfig. We will use the default value of 1200 for llama models in quantized kernels.
WARNING:root:quantize_clamp_bound is not specified in NeuronConfig. We will use the default value of 1200 for llama models in quantized kernels.
WARNING:root:quantize_clamp_bound is not specified in NeuronConfig. We will use the default value of 1200 for llama models in quantized kernels.
WARNING:root:quantize_clamp_bound is not specified in NeuronConfig. We will use the default value of 1200 for llama models in quantized kernels.
WARNING:root:quantize_clamp_bound is not specified in NeuronConfig. We will use the default value of 1200 for llama models in quantized kernels.
WARNING:root:quantize_clamp_bound is not specified in NeuronConfig. We will use the default value of 1200 for llama models in quantized kernels.
WARNING:root:quantize_clamp_bound is not specified in NeuronConfig. We will use the default value of 1200 for llama models in quantized kernels.
WARNING:root:quantize_clamp_bound is not specified in NeuronConfig. We will use the default value of 1200 for llama models in quantized kernels.
WARNING:root:quantize_clamp_bound is not specified in NeuronConfig. We will use the default value of 1200 for llama models in quantized kernels.
WARNING:root:quantize_clamp_bound is not specified in NeuronConfig. We will use the default value of 1200 for llama models in quantized kernels.
WARNING:root:quantize_clamp_bound is not specified in NeuronConfig. We will use the default value of 1200 for llama models in quantized kernels.
WARNING:root:quantize_clamp_bound is not specified in NeuronConfig. We will use the default value of 1200 for llama models in quantized kernels.
WARNING:root:quantize_clamp_bound is not specified in NeuronConfig. We will use the default value of 1200 for llama models in quantized kernels.
WARNING:root:quantize_clamp_bound is not specified in NeuronConfig. We will use the default value of 1200 for llama models in quantized kernels.
WARNING:root:quantize_clamp_bound is not specified in NeuronConfig. We will use the default value of 1200 for llama models in quantized kernels.
WARNING:root:quantize_clamp_bound is not specified in NeuronConfig. We will use the default value of 1200 for llama models in quantized kernels.
WARNING:root:quantize_clamp_bound is not specified in NeuronConfig. We will use the default value of 1200 for llama models in quantized kernels.
WARNING:root:quantize_clamp_bound is not specified in NeuronConfig. We will use the default value of 1200 for llama models in quantized kernels.
WARNING:root:quantize_clamp_bound is not specified in NeuronConfig. We will use the default value of 1200 for llama models in quantized kernels.
WARNING:root:quantize_clamp_bound is not specified in NeuronConfig. We will use the default value of 1200 for llama models in quantized kernels.
WARNING:root:quantize_clamp_bound is not specified in NeuronConfig. We will use the default value of 1200 for llama models in quantized kernels.
WARNING:root:quantize_clamp_bound is not specified in NeuronConfig. We will use the default value of 1200 for llama models in quantized kernels.
WARNING:root:quantize_clamp_bound is not specified in NeuronConfig. We will use the default value of 1200 for llama models in quantized kernels.
WARNING:root:quantize_clamp_bound is not specified in NeuronConfig. We will use the default value of 1200 for llama models in quantized kernels.
WARNING:root:quantize_clamp_bound is not specified in NeuronConfig. We will use the default value of 1200 for llama models in quantized kernels.
INFO:Neuron:Finished loading module token_generation_model in 3.9888200759887695 seconds
INFO:Neuron:generating HLO: token_generation_model, input example shape = torch.Size([1, 1])
/opt/aws_neuronx_venv_pytorch_inference_vllm_0_16/lib/python3.12/site-packages/torch_neuronx/xla_impl/hlo_conversion.py:470: UserWarning: Received an input tensor that was unused or used in a non-static way when traced so the tensor will be ignored. (index=13, shape=torch.Size([1, 1]), dtype=torch.int32). The non-static usage could happen when the traced function expects the input tensor's shape to change (i.e., using the shape to do index slicing), which is not allowed by inference trace expecting static input shapes.
  warnings.warn(
/opt/aws_neuronx_venv_pytorch_inference_vllm_0_16/lib/python3.12/site-packages/torch_neuronx/xla_impl/hlo_conversion.py:470: UserWarning: Received an input tensor that was unused or used in a non-static way when traced so the tensor will be ignored. (index=21, shape=torch.Size([0]), dtype=torch.int32). The non-static usage could happen when the traced function expects the input tensor's shape to change (i.e., using the shape to do index slicing), which is not allowed by inference trace expecting static input shapes.
  warnings.warn(
/opt/aws_neuronx_venv_pytorch_inference_vllm_0_16/lib/python3.12/site-packages/torch_neuronx/xla_impl/hlo_conversion.py:470: UserWarning: Received an input tensor that was unused or used in a non-static way when traced so the tensor will be ignored. (index=27, shape=torch.Size([1]), dtype=torch.int32). The non-static usage could happen when the traced function expects the input tensor's shape to change (i.e., using the shape to do index slicing), which is not allowed by inference trace expecting static input shapes.
  warnings.warn(
/opt/aws_neuronx_venv_pytorch_inference_vllm_0_16/lib/python3.12/site-packages/torch_neuronx/xla_impl/hlo_conversion.py:470: UserWarning: Received an input tensor that was unused or used in a non-static way when traced so the tensor will be ignored. (index=28, shape=torch.Size([1]), dtype=torch.int32). The non-static usage could happen when the traced function expects the input tensor's shape to change (i.e., using the shape to do index slicing), which is not allowed by inference trace expecting static input shapes.
  warnings.warn(
INFO:Neuron:Finished generating HLO for token_generation_model in 4.5487165451049805 seconds, input example shape = torch.Size([1, 1])
INFO:Neuron:generating HLO: token_generation_model, input example shape = torch.Size([1, 1])
INFO:Neuron:Finished generating HLO for token_generation_model in 3.151480197906494 seconds, input example shape = torch.Size([1, 1])
INFO:Neuron:generating HLO: token_generation_model, input example shape = torch.Size([1, 1])
INFO:Neuron:Finished generating HLO for token_generation_model in 3.1654458045959473 seconds, input example shape = torch.Size([1, 1])
INFO:Neuron:generating HLO: token_generation_model, input example shape = torch.Size([1, 1])
INFO:Neuron:Finished generating HLO for token_generation_model in 3.153527021408081 seconds, input example shape = torch.Size([1, 1])
INFO:Neuron:generating HLO: token_generation_model, input example shape = torch.Size([1, 1])
INFO:Neuron:Finished generating HLO for token_generation_model in 3.1619858741760254 seconds, input example shape = torch.Size([1, 1])
INFO:Neuron:generating HLO: token_generation_model, input example shape = torch.Size([1, 1])
INFO:Neuron:Finished generating HLO for token_generation_model in 3.161820650100708 seconds, input example shape = torch.Size([1, 1])
INFO:Neuron:generating HLO: token_generation_model, input example shape = torch.Size([1, 1])
INFO:Neuron:Finished generating HLO for token_generation_model in 3.4118361473083496 seconds, input example shape = torch.Size([1, 1])
INFO:Neuron:generating HLO: token_generation_model, input example shape = torch.Size([1, 1])
INFO:Neuron:Finished generating HLO for token_generation_model in 3.1689000129699707 seconds, input example shape = torch.Size([1, 1])
INFO:Neuron:generating HLO: token_generation_model, input example shape = torch.Size([1, 1])
INFO:Neuron:Finished generating HLO for token_generation_model in 3.173985242843628 seconds, input example shape = torch.Size([1, 1])
INFO:Neuron:generating HLO: token_generation_model, input example shape = torch.Size([1, 1])
INFO:Neuron:Finished generating HLO for token_generation_model in 3.15720272064209 seconds, input example shape = torch.Size([1, 1])
INFO:Neuron:generating HLO: token_generation_model, input example shape = torch.Size([1, 1])
INFO:Neuron:Finished generating HLO for token_generation_model in 3.1521718502044678 seconds, input example shape = torch.Size([1, 1])
INFO:Neuron:generating HLO: token_generation_model, input example shape = torch.Size([1, 1])
INFO:Neuron:Finished generating HLO for token_generation_model in 3.4207983016967773 seconds, input example shape = torch.Size([1, 1])
INFO:Neuron:generating HLO: token_generation_model, input example shape = torch.Size([1, 1])
INFO:Neuron:Finished generating HLO for token_generation_model in 3.1549906730651855 seconds, input example shape = torch.Size([1, 1])
INFO:Neuron:generating HLO: token_generation_model, input example shape = torch.Size([1, 1])
INFO:Neuron:Finished generating HLO for token_generation_model in 3.154933452606201 seconds, input example shape = torch.Size([1, 1])
INFO:Neuron:generating HLO: token_generation_model, input example shape = torch.Size([1, 1])
INFO:Neuron:Finished generating HLO for token_generation_model in 3.1557490825653076 seconds, input example shape = torch.Size([1, 1])
INFO:Neuron:generating HLO: token_generation_model, input example shape = torch.Size([1, 1])
INFO:Neuron:Finished generating HLO for token_generation_model in 3.1580522060394287 seconds, input example shape = torch.Size([1, 1])
INFO:Neuron:generating HLO: token_generation_model, input example shape = torch.Size([1, 1])
INFO:Neuron:Finished generating HLO for token_generation_model in 3.425489902496338 seconds, input example shape = torch.Size([1, 1])
INFO:Neuron:generating HLO: token_generation_model, input example shape = torch.Size([1, 1])
INFO:Neuron:Finished generating HLO for token_generation_model in 3.153036594390869 seconds, input example shape = torch.Size([1, 1])
INFO:Neuron:generating HLO: token_generation_model, input example shape = torch.Size([1, 1])
INFO:Neuron:Finished generating HLO for token_generation_model in 3.1610541343688965 seconds, input example shape = torch.Size([1, 1])
INFO:Neuron:generating HLO: token_generation_model, input example shape = torch.Size([1, 1])
INFO:Neuron:Finished generating HLO for token_generation_model in 3.152777671813965 seconds, input example shape = torch.Size([1, 1])
INFO:Neuron:generating HLO: token_generation_model, input example shape = torch.Size([1, 1])
INFO:Neuron:Finished generating HLO for token_generation_model in 3.1609015464782715 seconds, input example shape = torch.Size([1, 1])
INFO:Neuron:Generated all HLOs in 200.91890478134155 seconds
INFO:Neuron:Removing 496 kernel weights from the frontend attributes
INFO:Neuron:Starting compilation for the priority HLO
INFO:Neuron:'token_generation_model' is the priority model with bucket rank 0
/opt/aws_neuronx_venv_pytorch_inference_vllm_0_16/lib/python3.12/site-packages/libneuronxla/neuron_cc_wrapper.py:284: SyntaxWarning: str format compiler_flags is discouraged as its handling involves repeated joining and splitting, which can easily make mistakes if something is quoted or escaped. Use list[str] instead. Refer to documentation of the Python subprocess module for details.
  warnings.warn(SyntaxWarning(
.............
Compiler status PASS
Neuron NKI - Kernel call: nki_qkv_projection_tkg_impl(hidden = Tensor(shape: (1, 1, 5120), dtype: bfloat16), qkv_w = Tensor(shape: (5120, 1536), dtype: float8_e4m3), norm_w = None, fused_add = False, mlp_prev = None, attn_prev = None, d_head = 256, output_layout = QKVOutputLayout.BSD, eps = 1e-06, norm_type = NormType.NO_NORM, qkvInSB = False, qkv_bias = None, norm_bias = None, hidden_actual = 5120, B = 1, S = 1, H = 5120, num_q_heads = 6, num_kv_heads = 6, quantization_type = QuantizationType.NONE, qkv_w_scales = None, qkv_in_scales = None)
Neuron NKI - Kernel call: nki_qkv_projection_tkg_impl(hidden = Tensor(shape: (1, 1, 5120), dtype: bfloat16), qkv_w = Tensor(shape: (5120, 256), dtype: float8_e4m3), norm_w = None, fused_add = False, mlp_prev = None, attn_prev = None, d_head = 256, output_layout = QKVOutputLayout.BSD, eps = 1e-06, norm_type = NormType.NO_NORM, qkvInSB = False, qkv_bias = None, norm_bias = None, hidden_actual = 5120, B = 1, S = 1, H = 5120, num_q_heads = 1, num_kv_heads = 1, quantization_type = QuantizationType.NONE, qkv_w_scales = None, qkv_in_scales = None)
2026-05-28 09:44:23.000247:  240827  [INFO]: Compilation Successfully Completed for model.MODULE_c8af8743223b58698f50+3af957d2.hlo_module.pb
INFO:Neuron:Done compilation for the priority HLO in 243.86914324760437 seconds
2026-05-28 09:44:23.460072: W hilo/hlo_passes/neuron_collective_permute_to_all_gather.cc:30] Platform Version: . Defaulting to 32 cores
INFO:Neuron:Updating the hlo module with optimized layout
2026-05-28 09:44:24.717850: W hilo/hlo_passes/neuron_collective_permute_to_all_gather.cc:30] Platform Version: . Defaulting to 32 cores
INFO:Neuron:Updating the hlo module with optimized layout
2026-05-28 09:44:26.002986: W hilo/hlo_passes/neuron_collective_permute_to_all_gather.cc:30] Platform Version: . Defaulting to 32 cores
INFO:Neuron:Updating the hlo module with optimized layout
2026-05-28 09:44:27.261869: W hilo/hlo_passes/neuron_collective_permute_to_all_gather.cc:30] Platform Version: . Defaulting to 32 cores
INFO:Neuron:Updating the hlo module with optimized layout
2026-05-28 09:44:28.500527: W hilo/hlo_passes/neuron_collective_permute_to_all_gather.cc:30] Platform Version: . Defaulting to 32 cores
INFO:Neuron:Updating the hlo module with optimized layout
2026-05-28 09:44:29.758819: W hilo/hlo_passes/neuron_collective_permute_to_all_gather.cc:30] Platform Version: . Defaulting to 32 cores
INFO:Neuron:Updating the hlo module with optimized layout
2026-05-28 09:44:31.007523: W hilo/hlo_passes/neuron_collective_permute_to_all_gather.cc:30] Platform Version: . Defaulting to 32 cores
INFO:Neuron:Updating the hlo module with optimized layout
2026-05-28 09:44:32.294282: W hilo/hlo_passes/neuron_collective_permute_to_all_gather.cc:30] Platform Version: . Defaulting to 32 cores
INFO:Neuron:Updating the hlo module with optimized layout
2026-05-28 09:44:33.561952: W hilo/hlo_passes/neuron_collective_permute_to_all_gather.cc:30] Platform Version: . Defaulting to 32 cores
INFO:Neuron:Updating the hlo module with optimized layout
2026-05-28 09:44:34.808558: W hilo/hlo_passes/neuron_collective_permute_to_all_gather.cc:30] Platform Version: . Defaulting to 32 cores
INFO:Neuron:Updating the hlo module with optimized layout
2026-05-28 09:44:36.068627: W hilo/hlo_passes/neuron_collective_permute_to_all_gather.cc:30] Platform Version: . Defaulting to 32 cores
INFO:Neuron:Updating the hlo module with optimized layout
2026-05-28 09:44:37.332723: W hilo/hlo_passes/neuron_collective_permute_to_all_gather.cc:30] Platform Version: . Defaulting to 32 cores
INFO:Neuron:Updating the hlo module with optimized layout
2026-05-28 09:44:38.608865: W hilo/hlo_passes/neuron_collective_permute_to_all_gather.cc:30] Platform Version: . Defaulting to 32 cores
INFO:Neuron:Updating the hlo module with optimized layout
2026-05-28 09:44:39.881401: W hilo/hlo_passes/neuron_collective_permute_to_all_gather.cc:30] Platform Version: . Defaulting to 32 cores
INFO:Neuron:Updating the hlo module with optimized layout
2026-05-28 09:44:41.131175: W hilo/hlo_passes/neuron_collective_permute_to_all_gather.cc:30] Platform Version: . Defaulting to 32 cores
INFO:Neuron:Updating the hlo module with optimized layout
2026-05-28 09:44:42.340866: W hilo/hlo_passes/neuron_collective_permute_to_all_gather.cc:30] Platform Version: . Defaulting to 32 cores
INFO:Neuron:Updating the hlo module with optimized layout
2026-05-28 09:44:42.998682: W hilo/hlo_passes/neuron_collective_permute_to_all_gather.cc:30] Platform Version: . Defaulting to 32 cores
INFO:Neuron:Updating the hlo module with optimized layout
2026-05-28 09:44:43.644484: W hilo/hlo_passes/neuron_collective_permute_to_all_gather.cc:30] Platform Version: . Defaulting to 32 cores
INFO:Neuron:Updating the hlo module with optimized layout
2026-05-28 09:44:44.288271: W hilo/hlo_passes/neuron_collective_permute_to_all_gather.cc:30] Platform Version: . Defaulting to 32 cores
INFO:Neuron:Updating the hlo module with optimized layout
2026-05-28 09:44:44.896506: W hilo/hlo_passes/neuron_collective_permute_to_all_gather.cc:30] Platform Version: . Defaulting to 32 cores
INFO:Neuron:Updating the hlo module with optimized layout
2026-05-28 09:44:45.516407: W hilo/hlo_passes/neuron_collective_permute_to_all_gather.cc:30] Platform Version: . Defaulting to 32 cores
INFO:Neuron:Updating the hlo module with optimized layout
2026-05-28 09:44:46.155705: W hilo/hlo_passes/neuron_collective_permute_to_all_gather.cc:30] Platform Version: . Defaulting to 32 cores
INFO:Neuron:Updating the hlo module with optimized layout
2026-05-28 09:44:46.801470: W hilo/hlo_passes/neuron_collective_permute_to_all_gather.cc:30] Platform Version: . Defaulting to 32 cores
INFO:Neuron:Updating the hlo module with optimized layout
2026-05-28 09:44:47.445819: W hilo/hlo_passes/neuron_collective_permute_to_all_gather.cc:30] Platform Version: . Defaulting to 32 cores
INFO:Neuron:Updating the hlo module with optimized layout
2026-05-28 09:44:48.098546: W hilo/hlo_passes/neuron_collective_permute_to_all_gather.cc:30] Platform Version: . Defaulting to 32 cores
INFO:Neuron:Updating the hlo module with optimized layout
2026-05-28 09:44:48.755578: W hilo/hlo_passes/neuron_collective_permute_to_all_gather.cc:30] Platform Version: . Defaulting to 32 cores
INFO:Neuron:Updating the hlo module with optimized layout
2026-05-28 09:44:49.399609: W hilo/hlo_passes/neuron_collective_permute_to_all_gather.cc:30] Platform Version: . Defaulting to 32 cores
INFO:Neuron:Updating the hlo module with optimized layout
2026-05-28 09:44:50.043115: W hilo/hlo_passes/neuron_collective_permute_to_all_gather.cc:30] Platform Version: . Defaulting to 32 cores
INFO:Neuron:Updating the hlo module with optimized layout
2026-05-28 09:44:50.665198: W hilo/hlo_passes/neuron_collective_permute_to_all_gather.cc:30] Platform Version: . Defaulting to 32 cores
INFO:Neuron:Updating the hlo module with optimized layout
2026-05-28 09:44:51.270339: W hilo/hlo_passes/neuron_collective_permute_to_all_gather.cc:30] Platform Version: . Defaulting to 32 cores
INFO:Neuron:Updating the hlo module with optimized layout
2026-05-28 09:44:51.899172: W hilo/hlo_passes/neuron_collective_permute_to_all_gather.cc:30] Platform Version: . Defaulting to 32 cores
INFO:Neuron:Updating the hlo module with optimized layout
2026-05-28 09:44:52.522041: W hilo/hlo_passes/neuron_collective_permute_to_all_gather.cc:30] Platform Version: . Defaulting to 32 cores
INFO:Neuron:Updating the hlo module with optimized layout
2026-05-28 09:44:53.160639: W hilo/hlo_passes/neuron_collective_permute_to_all_gather.cc:30] Platform Version: . Defaulting to 32 cores
INFO:Neuron:Updating the hlo module with optimized layout
2026-05-28 09:44:53.799694: W hilo/hlo_passes/neuron_collective_permute_to_all_gather.cc:30] Platform Version: . Defaulting to 32 cores
INFO:Neuron:Updating the hlo module with optimized layout
2026-05-28 09:44:54.447725: W hilo/hlo_passes/neuron_collective_permute_to_all_gather.cc:30] Platform Version: . Defaulting to 32 cores
INFO:Neuron:Updating the hlo module with optimized layout
INFO:Neuron:Done optimizing weight layout for all HLOs in 31.688048601150513 seconds
INFO:Neuron:Starting compilation for all HLOs
INFO:Neuron:Neuron compiler flags: --enable-saturate-infinity --enable-mixed-precision-accumulation --model-type transformer -O1 --auto-cast=none  --internal-hlo2tensorizer-options=' --experimental-unsafe-fp8e4m3fn-as-fp8e4m3  --verify-hlo=true'  --verbose=35 --logfile=/mnt/trainium_artifacts/qwen_artifacts/_nxd_model_workdir_256k_fp8_full_lmheadfp8_kvfp8_nki_decode_splitqkv_mlpker_gdnrecbfloat16_sampletokens_b256_20260528T093650Z/context_encoding_model/_tp0_bk0/log-neuron-cc.txt
/opt/aws_neuronx_venv_pytorch_inference_vllm_0_16/lib/python3.12/site-packages/libneuronxla/neuron_cc_wrapper.py:246: SyntaxWarning: str format compiler_flags is discouraged as its handling involves repeated joining and splitting, which can easily make mistakes if something is quoted or escaped. Use list[str] instead. Refer to documentation of the Python subprocess module for details.
  warnings.warn(SyntaxWarning(
INFO:Neuron:Neuron compiler flags: --enable-saturate-infinity --enable-mixed-precision-accumulation --model-type transformer -O1 --auto-cast=none  --internal-hlo2tensorizer-options=' --experimental-unsafe-fp8e4m3fn-as-fp8e4m3  --verify-hlo=true'  --verbose=35 --logfile=/mnt/trainium_artifacts/qwen_artifacts/_nxd_model_workdir_256k_fp8_full_lmheadfp8_kvfp8_nki_decode_splitqkv_mlpker_gdnrecbfloat16_sampletokens_b256_20260528T093650Z/context_encoding_model/_tp0_bk1/log-neuron-cc.txt
INFO:Neuron:Neuron compiler flags: --enable-saturate-infinity --enable-mixed-precision-accumulation --model-type transformer -O1 --auto-cast=none  --internal-hlo2tensorizer-options=' --experimental-unsafe-fp8e4m3fn-as-fp8e4m3  --verify-hlo=true'  --verbose=35 --logfile=/mnt/trainium_artifacts/qwen_artifacts/_nxd_model_workdir_256k_fp8_full_lmheadfp8_kvfp8_nki_decode_splitqkv_mlpker_gdnrecbfloat16_sampletokens_b256_20260528T093650Z/context_encoding_model/_tp0_bk2/log-neuron-cc.txt
INFO:Neuron:Neuron compiler flags: --enable-saturate-infinity --enable-mixed-precision-accumulation --model-type transformer -O1 --auto-cast=none  --internal-hlo2tensorizer-options=' --experimental-unsafe-fp8e4m3fn-as-fp8e4m3  --verify-hlo=true'  --verbose=35 --logfile=/mnt/trainium_artifacts/qwen_artifacts/_nxd_model_workdir_256k_fp8_full_lmheadfp8_kvfp8_nki_decode_splitqkv_mlpker_gdnrecbfloat16_sampletokens_b256_20260528T093650Z/context_encoding_model/_tp0_bk3/log-neuron-cc.txt
/opt/aws_neuronx_venv_pytorch_inference_vllm_0_16/lib/python3.12/site-packages/libneuronxla/neuron_cc_wrapper.py:246: SyntaxWarning: str format compiler_flags is discouraged as its handling involves repeated joining and splitting, which can easily make mistakes if something is quoted or escaped. Use list[str] instead. Refer to documentation of the Python subprocess module for details.
  warnings.warn(SyntaxWarning(
INFO:Neuron:Neuron compiler flags: --enable-saturate-infinity --enable-mixed-precision-accumulation --model-type transformer -O1 --auto-cast=none  --internal-hlo2tensorizer-options=' --experimental-unsafe-fp8e4m3fn-as-fp8e4m3  --verify-hlo=true'  --verbose=35 --logfile=/mnt/trainium_artifacts/qwen_artifacts/_nxd_model_workdir_256k_fp8_full_lmheadfp8_kvfp8_nki_decode_splitqkv_mlpker_gdnrecbfloat16_sampletokens_b256_20260528T093650Z/context_encoding_model/_tp0_bk4/log-neuron-cc.txt
.INFO:Neuron:Neuron compiler flags: --enable-saturate-infinity --enable-mixed-precision-accumulation --model-type transformer -O1 --auto-cast=none  --internal-hlo2tensorizer-options=' --experimental-unsafe-fp8e4m3fn-as-fp8e4m3  --verify-hlo=true'  --verbose=35 --logfile=/mnt/trainium_artifacts/qwen_artifacts/_nxd_model_workdir_256k_fp8_full_lmheadfp8_kvfp8_nki_decode_splitqkv_mlpker_gdnrecbfloat16_sampletokens_b256_20260528T093650Z/context_encoding_model/_tp0_bk5/log-neuron-cc.txt
/opt/aws_neuronx_venv_pytorch_inference_vllm_0_16/lib/python3.12/site-packages/libneuronxla/neuron_cc_wrapper.py:246: SyntaxWarning: str format compiler_flags is discouraged as its handling involves repeated joining and splitting, which can easily make mistakes if something is quoted or escaped. Use list[str] instead. Refer to documentation of the Python subprocess module for details.
  warnings.warn(SyntaxWarning(
INFO:Neuron:Neuron compiler flags: --enable-saturate-infinity --enable-mixed-precision-accumulation --model-type transformer -O1 --auto-cast=none  --internal-hlo2tensorizer-options=' --experimental-unsafe-fp8e4m3fn-as-fp8e4m3  --verify-hlo=true'  --verbose=35 --logfile=/mnt/trainium_artifacts/qwen_artifacts/_nxd_model_workdir_256k_fp8_full_lmheadfp8_kvfp8_nki_decode_splitqkv_mlpker_gdnrecbfloat16_sampletokens_b256_20260528T093650Z/context_encoding_model/_tp0_bk6/log-neuron-cc.txt
/opt/aws_neuronx_venv_pytorch_inference_vllm_0_16/lib/python3.12/site-packages/libneuronxla/neuron_cc_wrapper.py:246: SyntaxWarning: str format compiler_flags is discouraged as its handling involves repeated joining and splitting, which can easily make mistakes if something is quoted or escaped. Use list[str] instead. Refer to documentation of the Python subprocess module for details.
  warnings.warn(SyntaxWarning(
..INFO:Neuron:Neuron compiler flags: --enable-saturate-infinity --enable-mixed-precision-accumulation --model-type transformer -O1 --auto-cast=none  --internal-hlo2tensorizer-options=' --experimental-unsafe-fp8e4m3fn-as-fp8e4m3  --verify-hlo=true'  --verbose=35 --logfile=/mnt/trainium_artifacts/qwen_artifacts/_nxd_model_workdir_256k_fp8_full_lmheadfp8_kvfp8_nki_decode_splitqkv_mlpker_gdnrecbfloat16_sampletokens_b256_20260528T093650Z/context_encoding_model/_tp0_bk7/log-neuron-cc.txt
/opt/aws_neuronx_venv_pytorch_inference_vllm_0_16/lib/python3.12/site-packages/libneuronxla/neuron_cc_wrapper.py:246: SyntaxWarning: str format compiler_flags is discouraged as its handling involves repeated joining and splitting, which can easily make mistakes if something is quoted or escaped. Use list[str] instead. Refer to documentation of the Python subprocess module for details.
  warnings.warn(SyntaxWarning(
.INFO:Neuron:Neuron compiler flags: --enable-saturate-infinity --enable-mixed-precision-accumulation --model-type transformer -O1 --auto-cast=none  --internal-hlo2tensorizer-options=' --experimental-unsafe-fp8e4m3fn-as-fp8e4m3  --verify-hlo=true'  --verbose=35 --logfile=/mnt/trainium_artifacts/qwen_artifacts/_nxd_model_workdir_256k_fp8_full_lmheadfp8_kvfp8_nki_decode_splitqkv_mlpker_gdnrecbfloat16_sampletokens_b256_20260528T093650Z/context_encoding_model/_tp0_bk8/log-neuron-cc.txt
/opt/aws_neuronx_venv_pytorch_inference_vllm_0_16/lib/python3.12/site-packages/libneuronxla/neuron_cc_wrapper.py:246: SyntaxWarning: str format compiler_flags is discouraged as its handling involves repeated joining and splitting, which can easily make mistakes if something is quoted or escaped. Use list[str] instead. Refer to documentation of the Python subprocess module for details.
  warnings.warn(SyntaxWarning(
.INFO:Neuron:Neuron compiler flags: --enable-saturate-infinity --enable-mixed-precision-accumulation --model-type transformer -O1 --auto-cast=none  --internal-hlo2tensorizer-options=' --experimental-unsafe-fp8e4m3fn-as-fp8e4m3  --verify-hlo=true'  --verbose=35 --logfile=/mnt/trainium_artifacts/qwen_artifacts/_nxd_model_workdir_256k_fp8_full_lmheadfp8_kvfp8_nki_decode_splitqkv_mlpker_gdnrecbfloat16_sampletokens_b256_20260528T093650Z/context_encoding_model/_tp0_bk9/log-neuron-cc.txt
/opt/aws_neuronx_venv_pytorch_inference_vllm_0_16/lib/python3.12/site-packages/libneuronxla/neuron_cc_wrapper.py:246: SyntaxWarning: str format compiler_flags is discouraged as its handling involves repeated joining and splitting, which can easily make mistakes if something is quoted or escaped. Use list[str] instead. Refer to documentation of the Python subprocess module for details.
  warnings.warn(SyntaxWarning(
.INFO:Neuron:Neuron compiler flags: --enable-saturate-infinity --enable-mixed-precision-accumulation --model-type transformer -O1 --auto-cast=none  --internal-hlo2tensorizer-options=' --experimental-unsafe-fp8e4m3fn-as-fp8e4m3  --verify-hlo=true'  --verbose=35 --logfile=/mnt/trainium_artifacts/qwen_artifacts/_nxd_model_workdir_256k_fp8_full_lmheadfp8_kvfp8_nki_decode_splitqkv_mlpker_gdnrecbfloat16_sampletokens_b256_20260528T093650Z/context_encoding_model/_tp0_bk10/log-neuron-cc.txt
/opt/aws_neuronx_venv_pytorch_inference_vllm_0_16/lib/python3.12/site-packages/libneuronxla/neuron_cc_wrapper.py:246: SyntaxWarning: str format compiler_flags is discouraged as its handling involves repeated joining and splitting, which can easily make mistakes if something is quoted or escaped. Use list[str] instead. Refer to documentation of the Python subprocess module for details.
  warnings.warn(SyntaxWarning(
..INFO:Neuron:Neuron compiler flags: --enable-saturate-infinity --enable-mixed-precision-accumulation --model-type transformer -O1 --auto-cast=none  --internal-hlo2tensorizer-options=' --experimental-unsafe-fp8e4m3fn-as-fp8e4m3  --verify-hlo=true'  --verbose=35 --logfile=/mnt/trainium_artifacts/qwen_artifacts/_nxd_model_workdir_256k_fp8_full_lmheadfp8_kvfp8_nki_decode_splitqkv_mlpker_gdnrecbfloat16_sampletokens_b256_20260528T093650Z/context_encoding_model/_tp0_bk11/log-neuron-cc.txt
/opt/aws_neuronx_venv_pytorch_inference_vllm_0_16/lib/python3.12/site-packages/libneuronxla/neuron_cc_wrapper.py:246: SyntaxWarning: str format compiler_flags is discouraged as its handling involves repeated joining and splitting, which can easily make mistakes if something is quoted or escaped. Use list[str] instead. Refer to documentation of the Python subprocess module for details.
  warnings.warn(SyntaxWarning(
.INFO:Neuron:Neuron compiler flags: --enable-saturate-infinity --enable-mixed-precision-accumulation --model-type transformer -O1 --auto-cast=none  --internal-hlo2tensorizer-options=' --experimental-unsafe-fp8e4m3fn-as-fp8e4m3  --verify-hlo=true'  --verbose=35 --logfile=/mnt/trainium_artifacts/qwen_artifacts/_nxd_model_workdir_256k_fp8_full_lmheadfp8_kvfp8_nki_decode_splitqkv_mlpker_gdnrecbfloat16_sampletokens_b256_20260528T093650Z/context_encoding_model/_tp0_bk12/log-neuron-cc.txt
/opt/aws_neuronx_venv_pytorch_inference_vllm_0_16/lib/python3.12/site-packages/libneuronxla/neuron_cc_wrapper.py:246: SyntaxWarning: str format compiler_flags is discouraged as its handling involves repeated joining and splitting, which can easily make mistakes if something is quoted or escaped. Use list[str] instead. Refer to documentation of the Python subprocess module for details.
  warnings.warn(SyntaxWarning(
.INFO:Neuron:Neuron compiler flags: --enable-saturate-infinity --enable-mixed-precision-accumulation --model-type transformer -O1 --auto-cast=none  --internal-hlo2tensorizer-options=' --experimental-unsafe-fp8e4m3fn-as-fp8e4m3  --verify-hlo=true'  --verbose=35 --logfile=/mnt/trainium_artifacts/qwen_artifacts/_nxd_model_workdir_256k_fp8_full_lmheadfp8_kvfp8_nki_decode_splitqkv_mlpker_gdnrecbfloat16_sampletokens_b256_20260528T093650Z/context_encoding_model/_tp0_bk13/log-neuron-cc.txt
/opt/aws_neuronx_venv_pytorch_inference_vllm_0_16/lib/python3.12/site-packages/libneuronxla/neuron_cc_wrapper.py:246: SyntaxWarning: str format compiler_flags is discouraged as its handling involves repeated joining and splitting, which can easily make mistakes if something is quoted or escaped. Use list[str] instead. Refer to documentation of the Python subprocess module for details.
  warnings.warn(SyntaxWarning(
..INFO:Neuron:Neuron compiler flags: --enable-saturate-infinity --enable-mixed-precision-accumulation --model-type transformer -O1 --auto-cast=none  --internal-hlo2tensorizer-options=' --experimental-unsafe-fp8e4m3fn-as-fp8e4m3  --verify-hlo=true'  --verbose=35 --logfile=/mnt/trainium_artifacts/qwen_artifacts/_nxd_model_workdir_256k_fp8_full_lmheadfp8_kvfp8_nki_decode_splitqkv_mlpker_gdnrecbfloat16_sampletokens_b256_20260528T093650Z/context_encoding_model/_tp0_bk14/log-neuron-cc.txt
/opt/aws_neuronx_venv_pytorch_inference_vllm_0_16/lib/python3.12/site-packages/libneuronxla/neuron_cc_wrapper.py:246: SyntaxWarning: str format compiler_flags is discouraged as its handling involves repeated joining and splitting, which can easily make mistakes if something is quoted or escaped. Use list[str] instead. Refer to documentation of the Python subprocess module for details.
  warnings.warn(SyntaxWarning(
.INFO:Neuron:Neuron compiler flags: --enable-saturate-infinity --enable-mixed-precision-accumulation --model-type transformer -O1 --auto-cast=none  --internal-hlo2tensorizer-options=' --experimental-unsafe-fp8e4m3fn-as-fp8e4m3  --verify-hlo=true'  --verbose=35 --logfile=/mnt/trainium_artifacts/qwen_artifacts/_nxd_model_workdir_256k_fp8_full_lmheadfp8_kvfp8_nki_decode_splitqkv_mlpker_gdnrecbfloat16_sampletokens_b256_20260528T093650Z/token_generation_model/_tp0_bk1/log-neuron-cc.txt
INFO:Neuron:Neuron compiler flags: --enable-saturate-infinity --enable-mixed-precision-accumulation --model-type transformer -O1 --auto-cast=none  --internal-hlo2tensorizer-options=' --experimental-unsafe-fp8e4m3fn-as-fp8e4m3  --verify-hlo=true'  --verbose=35 --logfile=/mnt/trainium_artifacts/qwen_artifacts/_nxd_model_workdir_256k_fp8_full_lmheadfp8_kvfp8_nki_decode_splitqkv_mlpker_gdnrecbfloat16_sampletokens_b256_20260528T093650Z/token_generation_model/_tp0_bk2/log-neuron-cc.txt
INFO:Neuron:Neuron compiler flags: --enable-saturate-infinity --enable-mixed-precision-accumulation --model-type transformer -O1 --auto-cast=none  --internal-hlo2tensorizer-options=' --experimental-unsafe-fp8e4m3fn-as-fp8e4m3  --verify-hlo=true'  --verbose=35 --logfile=/mnt/trainium_artifacts/qwen_artifacts/_nxd_model_workdir_256k_fp8_full_lmheadfp8_kvfp8_nki_decode_splitqkv_mlpker_gdnrecbfloat16_sampletokens_b256_20260528T093650Z/token_generation_model/_tp0_bk3/log-neuron-cc.txt
/opt/aws_neuronx_venv_pytorch_inference_vllm_0_16/lib/python3.12/site-packages/libneuronxla/neuron_cc_wrapper.py:246: SyntaxWarning: str format compiler_flags is discouraged as its handling involves repeated joining and splitting, which can easily make mistakes if something is quoted or escaped. Use list[str] instead. Refer to documentation of the Python subprocess module for details.
  warnings.warn(SyntaxWarning(
INFO:Neuron:Neuron compiler flags: --enable-saturate-infinity --enable-mixed-precision-accumulation --model-type transformer -O1 --auto-cast=none  --internal-hlo2tensorizer-options=' --experimental-unsafe-fp8e4m3fn-as-fp8e4m3  --verify-hlo=true'  --verbose=35 --logfile=/mnt/trainium_artifacts/qwen_artifacts/_nxd_model_workdir_256k_fp8_full_lmheadfp8_kvfp8_nki_decode_splitqkv_mlpker_gdnrecbfloat16_sampletokens_b256_20260528T093650Z/token_generation_model/_tp0_bk4/log-neuron-cc.txt
/opt/aws_neuronx_venv_pytorch_inference_vllm_0_16/lib/python3.12/site-packages/libneuronxla/neuron_cc_wrapper.py:246: SyntaxWarning: str format compiler_flags is discouraged as its handling involves repeated joining and splitting, which can easily make mistakes if something is quoted or escaped. Use list[str] instead. Refer to documentation of the Python subprocess module for details.
  warnings.warn(SyntaxWarning(
INFO:Neuron:Neuron compiler flags: --enable-saturate-infinity --enable-mixed-precision-accumulation --model-type transformer -O1 --auto-cast=none  --internal-hlo2tensorizer-options=' --experimental-unsafe-fp8e4m3fn-as-fp8e4m3  --verify-hlo=true'  --verbose=35 --logfile=/mnt/trainium_artifacts/qwen_artifacts/_nxd_model_workdir_256k_fp8_full_lmheadfp8_kvfp8_nki_decode_splitqkv_mlpker_gdnrecbfloat16_sampletokens_b256_20260528T093650Z/token_generation_model/_tp0_bk5/log-neuron-cc.txt
/opt/aws_neuronx_venv_pytorch_inference_vllm_0_16/lib/python3.12/site-packages/libneuronxla/neuron_cc_wrapper.py:246: SyntaxWarning: str format compiler_flags is discouraged as its handling involves repeated joining and splitting, which can easily make mistakes if something is quoted or escaped. Use list[str] instead. Refer to documentation of the Python subprocess module for details.
  warnings.warn(SyntaxWarning(
INFO:Neuron:Neuron compiler flags: --enable-saturate-infinity --enable-mixed-precision-accumulation --model-type transformer -O1 --auto-cast=none  --internal-hlo2tensorizer-options=' --experimental-unsafe-fp8e4m3fn-as-fp8e4m3  --verify-hlo=true'  --verbose=35 --logfile=/mnt/trainium_artifacts/qwen_artifacts/_nxd_model_workdir_256k_fp8_full_lmheadfp8_kvfp8_nki_decode_splitqkv_mlpker_gdnrecbfloat16_sampletokens_b256_20260528T093650Z/token_generation_model/_tp0_bk6/log-neuron-cc.txt
.INFO:Neuron:Neuron compiler flags: --enable-saturate-infinity --enable-mixed-precision-accumulation --model-type transformer -O1 --auto-cast=none  --internal-hlo2tensorizer-options=' --experimental-unsafe-fp8e4m3fn-as-fp8e4m3  --verify-hlo=true'  --verbose=35 --logfile=/mnt/trainium_artifacts/qwen_artifacts/_nxd_model_workdir_256k_fp8_full_lmheadfp8_kvfp8_nki_decode_splitqkv_mlpker_gdnrecbfloat16_sampletokens_b256_20260528T093650Z/token_generation_model/_tp0_bk7/log-neuron-cc.txt
/opt/aws_neuronx_venv_pytorch_inference_vllm_0_16/lib/python3.12/site-packages/libneuronxla/neuron_cc_wrapper.py:246: SyntaxWarning: str format compiler_flags is discouraged as its handling involves repeated joining and splitting, which can easily make mistakes if something is quoted or escaped. Use list[str] instead. Refer to documentation of the Python subprocess module for details.
  warnings.warn(SyntaxWarning(
INFO:Neuron:Neuron compiler flags: --enable-saturate-infinity --enable-mixed-precision-accumulation --model-type transformer -O1 --auto-cast=none  --internal-hlo2tensorizer-options=' --experimental-unsafe-fp8e4m3fn-as-fp8e4m3  --verify-hlo=true'  --verbose=35 --logfile=/mnt/trainium_artifacts/qwen_artifacts/_nxd_model_workdir_256k_fp8_full_lmheadfp8_kvfp8_nki_decode_splitqkv_mlpker_gdnrecbfloat16_sampletokens_b256_20260528T093650Z/token_generation_model/_tp0_bk8/log-neuron-cc.txt
INFO:Neuron:Neuron compiler flags: --enable-saturate-infinity --enable-mixed-precision-accumulation --model-type transformer -O1 --auto-cast=none  --internal-hlo2tensorizer-options=' --experimental-unsafe-fp8e4m3fn-as-fp8e4m3  --verify-hlo=true'  --verbose=35 --logfile=/mnt/trainium_artifacts/qwen_artifacts/_nxd_model_workdir_256k_fp8_full_lmheadfp8_kvfp8_nki_decode_splitqkv_mlpker_gdnrecbfloat16_sampletokens_b256_20260528T093650Z/token_generation_model/_tp0_bk9/log-neuron-cc.txt
/opt/aws_neuronx_venv_pytorch_inference_vllm_0_16/lib/python3.12/site-packages/libneuronxla/neuron_cc_wrapper.py:246: SyntaxWarning: str format compiler_flags is discouraged as its handling involves repeated joining and splitting, which can easily make mistakes if something is quoted or escaped. Use list[str] instead. Refer to documentation of the Python subprocess module for details.
  warnings.warn(SyntaxWarning(
...INFO:Neuron:Neuron compiler flags: --enable-saturate-infinity --enable-mixed-precision-accumulation --model-type transformer -O1 --auto-cast=none  --internal-hlo2tensorizer-options=' --experimental-unsafe-fp8e4m3fn-as-fp8e4m3  --verify-hlo=true'  --verbose=35 --logfile=/mnt/trainium_artifacts/qwen_artifacts/_nxd_model_workdir_256k_fp8_full_lmheadfp8_kvfp8_nki_decode_splitqkv_mlpker_gdnrecbfloat16_sampletokens_b256_20260528T093650Z/token_generation_model/_tp0_bk10/log-neuron-cc.txt
/opt/aws_neuronx_venv_pytorch_inference_vllm_0_16/lib/python3.12/site-packages/libneuronxla/neuron_cc_wrapper.py:246: SyntaxWarning: str format compiler_flags is discouraged as its handling involves repeated joining and splitting, which can easily make mistakes if something is quoted or escaped. Use list[str] instead. Refer to documentation of the Python subprocess module for details.
  warnings.warn(SyntaxWarning(
.INFO:Neuron:Neuron compiler flags: --enable-saturate-infinity --enable-mixed-precision-accumulation --model-type transformer -O1 --auto-cast=none  --internal-hlo2tensorizer-options=' --experimental-unsafe-fp8e4m3fn-as-fp8e4m3  --verify-hlo=true'  --verbose=35 --logfile=/mnt/trainium_artifacts/qwen_artifacts/_nxd_model_workdir_256k_fp8_full_lmheadfp8_kvfp8_nki_decode_splitqkv_mlpker_gdnrecbfloat16_sampletokens_b256_20260528T093650Z/token_generation_model/_tp0_bk11/log-neuron-cc.txt
.INFO:Neuron:Neuron compiler flags: --enable-saturate-infinity --enable-mixed-precision-accumulation --model-type transformer -O1 --auto-cast=none  --internal-hlo2tensorizer-options=' --experimental-unsafe-fp8e4m3fn-as-fp8e4m3  --verify-hlo=true'  --verbose=35 --logfile=/mnt/trainium_artifacts/qwen_artifacts/_nxd_model_workdir_256k_fp8_full_lmheadfp8_kvfp8_nki_decode_splitqkv_mlpker_gdnrecbfloat16_sampletokens_b256_20260528T093650Z/token_generation_model/_tp0_bk12/log-neuron-cc.txt
/opt/aws_neuronx_venv_pytorch_inference_vllm_0_16/lib/python3.12/site-packages/libneuronxla/neuron_cc_wrapper.py:246: SyntaxWarning: str format compiler_flags is discouraged as its handling involves repeated joining and splitting, which can easily make mistakes if something is quoted or escaped. Use list[str] instead. Refer to documentation of the Python subprocess module for details.
  warnings.warn(SyntaxWarning(
.INFO:Neuron:Neuron compiler flags: --enable-saturate-infinity --enable-mixed-precision-accumulation --model-type transformer -O1 --auto-cast=none  --internal-hlo2tensorizer-options=' --experimental-unsafe-fp8e4m3fn-as-fp8e4m3  --verify-hlo=true'  --verbose=35 --logfile=/mnt/trainium_artifacts/qwen_artifacts/_nxd_model_workdir_256k_fp8_full_lmheadfp8_kvfp8_nki_decode_splitqkv_mlpker_gdnrecbfloat16_sampletokens_b256_20260528T093650Z/token_generation_model/_tp0_bk13/log-neuron-cc.txt
..INFO:Neuron:Neuron compiler flags: --enable-saturate-infinity --enable-mixed-precision-accumulation --model-type transformer -O1 --auto-cast=none  --internal-hlo2tensorizer-options=' --experimental-unsafe-fp8e4m3fn-as-fp8e4m3  --verify-hlo=true'  --verbose=35 --logfile=/mnt/trainium_artifacts/qwen_artifacts/_nxd_model_workdir_256k_fp8_full_lmheadfp8_kvfp8_nki_decode_splitqkv_mlpker_gdnrecbfloat16_sampletokens_b256_20260528T093650Z/token_generation_model/_tp0_bk14/log-neuron-cc.txt
/opt/aws_neuronx_venv_pytorch_inference_vllm_0_16/lib/python3.12/site-packages/libneuronxla/neuron_cc_wrapper.py:246: SyntaxWarning: str format compiler_flags is discouraged as its handling involves repeated joining and splitting, which can easily make mistakes if something is quoted or escaped. Use list[str] instead. Refer to documentation of the Python subprocess module for details.
  warnings.warn(SyntaxWarning(
.INFO:Neuron:Neuron compiler flags: --enable-saturate-infinity --enable-mixed-precision-accumulation --model-type transformer -O1 --auto-cast=none  --internal-hlo2tensorizer-options=' --experimental-unsafe-fp8e4m3fn-as-fp8e4m3  --verify-hlo=true'  --verbose=35 --logfile=/mnt/trainium_artifacts/qwen_artifacts/_nxd_model_workdir_256k_fp8_full_lmheadfp8_kvfp8_nki_decode_splitqkv_mlpker_gdnrecbfloat16_sampletokens_b256_20260528T093650Z/token_generation_model/_tp0_bk15/log-neuron-cc.txt
/opt/aws_neuronx_venv_pytorch_inference_vllm_0_16/lib/python3.12/site-packages/libneuronxla/neuron_cc_wrapper.py:246: SyntaxWarning: str format compiler_flags is discouraged as its handling involves repeated joining and splitting, which can easily make mistakes if something is quoted or escaped. Use list[str] instead. Refer to documentation of the Python subprocess module for details.
  warnings.warn(SyntaxWarning(
.INFO:Neuron:Neuron compiler flags: --enable-saturate-infinity --enable-mixed-precision-accumulation --model-type transformer -O1 --auto-cast=none  --internal-hlo2tensorizer-options=' --experimental-unsafe-fp8e4m3fn-as-fp8e4m3  --verify-hlo=true'  --verbose=35 --logfile=/mnt/trainium_artifacts/qwen_artifacts/_nxd_model_workdir_256k_fp8_full_lmheadfp8_kvfp8_nki_decode_splitqkv_mlpker_gdnrecbfloat16_sampletokens_b256_20260528T093650Z/token_generation_model/_tp0_bk16/log-neuron-cc.txt
/opt/aws_neuronx_venv_pytorch_inference_vllm_0_16/lib/python3.12/site-packages/libneuronxla/neuron_cc_wrapper.py:246: SyntaxWarning: str format compiler_flags is discouraged as its handling involves repeated joining and splitting, which can easily make mistakes if something is quoted or escaped. Use list[str] instead. Refer to documentation of the Python subprocess module for details.
  warnings.warn(SyntaxWarning(
..INFO:Neuron:Neuron compiler flags: --enable-saturate-infinity --enable-mixed-precision-accumulation --model-type transformer -O1 --auto-cast=none  --internal-hlo2tensorizer-options=' --experimental-unsafe-fp8e4m3fn-as-fp8e4m3  --verify-hlo=true'  --verbose=35 --logfile=/mnt/trainium_artifacts/qwen_artifacts/_nxd_model_workdir_256k_fp8_full_lmheadfp8_kvfp8_nki_decode_splitqkv_mlpker_gdnrecbfloat16_sampletokens_b256_20260528T093650Z/token_generation_model/_tp0_bk17/log-neuron-cc.txt
/opt/aws_neuronx_venv_pytorch_inference_vllm_0_16/lib/python3.12/site-packages/libneuronxla/neuron_cc_wrapper.py:246: SyntaxWarning: str format compiler_flags is discouraged as its handling involves repeated joining and splitting, which can easily make mistakes if something is quoted or escaped. Use list[str] instead. Refer to documentation of the Python subprocess module for details.
  warnings.warn(SyntaxWarning(
INFO:Neuron:Neuron compiler flags: --enable-saturate-infinity --enable-mixed-precision-accumulation --model-type transformer -O1 --auto-cast=none  --internal-hlo2tensorizer-options=' --experimental-unsafe-fp8e4m3fn-as-fp8e4m3  --verify-hlo=true'  --verbose=35 --logfile=/mnt/trainium_artifacts/qwen_artifacts/_nxd_model_workdir_256k_fp8_full_lmheadfp8_kvfp8_nki_decode_splitqkv_mlpker_gdnrecbfloat16_sampletokens_b256_20260528T093650Z/token_generation_model/_tp0_bk18/log-neuron-cc.txt
..INFO:Neuron:Neuron compiler flags: --enable-saturate-infinity --enable-mixed-precision-accumulation --model-type transformer -O1 --auto-cast=none  --internal-hlo2tensorizer-options=' --experimental-unsafe-fp8e4m3fn-as-fp8e4m3  --verify-hlo=true'  --verbose=35 --logfile=/mnt/trainium_artifacts/qwen_artifacts/_nxd_model_workdir_256k_fp8_full_lmheadfp8_kvfp8_nki_decode_splitqkv_mlpker_gdnrecbfloat16_sampletokens_b256_20260528T093650Z/token_generation_model/_tp0_bk19/log-neuron-cc.txt
.INFO:Neuron:Neuron compiler flags: --enable-saturate-infinity --enable-mixed-precision-accumulation --model-type transformer -O1 --auto-cast=none  --internal-hlo2tensorizer-options=' --experimental-unsafe-fp8e4m3fn-as-fp8e4m3  --verify-hlo=true'  --verbose=35 --logfile=/mnt/trainium_artifacts/qwen_artifacts/_nxd_model_workdir_256k_fp8_full_lmheadfp8_kvfp8_nki_decode_splitqkv_mlpker_gdnrecbfloat16_sampletokens_b256_20260528T093650Z/token_generation_model/_tp0_bk20/log-neuron-cc.txt
.................................................................................
Compiler status PASS
2026-05-28 09:46:29.000045:  240827  [INFO]: Compilation Successfully Completed for model.MODULE_ffe1e1075ee171b7bbad+d9111b72.hlo_module.pb
/opt/aws_neuronx_venv_pytorch_inference_vllm_0_16/lib/python3.12/site-packages/libneuronxla/neuron_cc_wrapper.py:246: SyntaxWarning: str format compiler_flags is discouraged as its handling involves repeated joining and splitting, which can easily make mistakes if something is quoted or escaped. Use list[str] instead. Refer to documentation of the Python subprocess module for details.
  warnings.warn(SyntaxWarning(
............................................................................................................................
Compiler status PASS
.2026-05-28 09:47:42.000194:  240827  [INFO]: Compilation Successfully Completed for model.MODULE_3a61da88e7a531a9c08d+29a5aced.hlo_module.pb
/opt/aws_neuronx_venv_pytorch_inference_vllm_0_16/lib/python3.12/site-packages/libneuronxla/neuron_cc_wrapper.py:246: SyntaxWarning: str format compiler_flags is discouraged as its handling involves repeated joining and splitting, which can easily make mistakes if something is quoted or escaped. Use list[str] instead. Refer to documentation of the Python subprocess module for details.
  warnings.warn(SyntaxWarning(

Compiler status PASS
2026-05-28 09:47:43.000703:  240827  [INFO]: Compilation Successfully Completed for model.MODULE_24f08d7d696501ec16b0+2588b87f.hlo_module.pb
/opt/aws_neuronx_venv_pytorch_inference_vllm_0_16/lib/python3.12/site-packages/libneuronxla/neuron_cc_wrapper.py:246: SyntaxWarning: str format compiler_flags is discouraged as its handling involves repeated joining and splitting, which can easily make mistakes if something is quoted or escaped. Use list[str] instead. Refer to documentation of the Python subprocess module for details.
  warnings.warn(SyntaxWarning(
...
Compiler status PASS
..2026-05-28 09:47:48.000570:  240827  [INFO]: Compilation Successfully Completed for model.MODULE_28d3fff40adc6f075f65+83204971.hlo_module.pb
....
Compiler status PASS
..2026-05-28 09:47:51.000659:  240827  [INFO]: Compilation Successfully Completed for model.MODULE_0049ad723ca373316e1e+6d7dfc82.hlo_module.pb
..............
Compiler status PASS
...2026-05-28 09:47:57.000713:  240827  [INFO]: Compilation Successfully Completed for model.MODULE_08bfc3966bf3879b3ebe+11768ca7.hlo_module.pb
...
Compiler status PASS
2026-05-28 09:48:05.000431:  240827  [INFO]: Compilation Successfully Completed for model.MODULE_630755764957c7e0cdff+e1fec9df.hlo_module.pb
....
Compiler status PASS
.2026-05-28 09:48:09.000687:  240827  [INFO]: Compilation Successfully Completed for model.MODULE_e28c36aa35d98d00f6b3+ef075f13.hlo_module.pb
......
Compiler status PASS
..2026-05-28 09:48:12.000473:  240827  [INFO]: Compilation Successfully Completed for model.MODULE_9877ddff922094e99559+5c147b2b.hlo_module.pb
......
Compiler status PASS
2026-05-28 09:48:15.000339:  240827  [INFO]: Compilation Successfully Completed for model.MODULE_1bc4c23476f4e5f3b53a+966c9db8.hlo_module.pb
.....
Compiler status PASS
2026-05-28 09:48:19.000031:  240827  [INFO]: Compilation Successfully Completed for model.MODULE_41441c6d4900b569face+631edd38.hlo_module.pb

Compiler status PASS
2026-05-28 09:48:20.000739:  240827  [INFO]: Compilation Successfully Completed for model.MODULE_d3788e4fadca41025d9b+cadb56ff.hlo_module.pb

Compiler status PASS
2026-05-28 09:48:24.000955:  240827  [INFO]: Compilation Successfully Completed for model.MODULE_9f27d5fb8bd0380f5718+8c3e9538.hlo_module.pb
.
Compiler status PASS
2026-05-28 09:48:27.000628:  240827  [INFO]: Compilation Successfully Completed for model.MODULE_7ffd54e57405f3c45f2e+77ff81c3.hlo_module.pb
..............
Compiler status PASS
.2026-05-28 09:48:34.000985:  240827  [INFO]: Compilation Successfully Completed for model.MODULE_5cf01cc5deeb806c4ead+5e1cf5b6.hlo_module.pb
.........................................................................................................................................................................................
Compiler status PASS
2026-05-28 09:51:40.000074:  240827  [INFO]: Compilation Successfully Completed for model.MODULE_92e303ab9f9063981870+08b5f745.hlo_module.pb

Compiler status PASS

Compiler status PASS

Compiler status PASS
2026-05-28 09:51:40.000727:  240827  [INFO]: Compilation Successfully Completed for model.MODULE_4d3c3c9029735afd26ff+fed9ea66.hlo_module.pb

Compiler status PASS

Compiler status PASS
2026-05-28 09:51:41.000122:  240827  [INFO]: Compilation Successfully Completed for model.MODULE_b6f9ac0df9fa84082234+de74b80e.hlo_module.pb
2026-05-28 09:51:41.000313:  240827  [INFO]: Compilation Successfully Completed for model.MODULE_c6c17e4e56e1d68934cf+59246579.hlo_module.pb
2026-05-28 09:51:41.000323:  240827  [INFO]: Compilation Successfully Completed for model.MODULE_489da14565f62cc736a1+d6d32ff1.hlo_module.pb
2026-05-28 09:51:41.000508:  240827  [INFO]: Compilation Successfully Completed for model.MODULE_6d57e63123cba4138835+21239b5b.hlo_module.pb

Compiler status PASS
2026-05-28 09:51:42.000294:  240827  [INFO]: Compilation Successfully Completed for model.MODULE_d0e6f5ba085a985764b7+abc920d7.hlo_module.pb

Compiler status PASS
2026-05-28 09:51:43.000664:  240827  [INFO]: Compilation Successfully Completed for model.MODULE_072f0be61ceafb596045+4db8a5ef.hlo_module.pb
..
Compiler status PASS
2026-05-28 09:51:53.000030:  240827  [INFO]: Compilation Successfully Completed for model.MODULE_9a7d72e1dc66f8ea521c+1280998a.hlo_module.pb

Compiler status PASS
.2026-05-28 09:51:53.000673:  240827  [INFO]: Compilation Successfully Completed for model.MODULE_3862d908a43d7cdbb308+4dbc643b.hlo_module.pb
.
Compiler status PASS
2026-05-28 09:51:54.000537:  240827  [INFO]: Compilation Successfully Completed for model.MODULE_4caa1cfffcdf91034511+66e5d115.hlo_module.pb
.......................
Compiler status PASS
2026-05-28 09:52:37.000124:  240827  [INFO]: Compilation Successfully Completed for model.MODULE_15510789212b67899e66+57d742b0.hlo_module.pb
....
Compiler status PASS
.2026-05-28 09:52:55.000152:  240827  [INFO]: Compilation Successfully Completed for model.MODULE_3a6a6797f3210667d4a8+b3c7a900.hlo_module.pb
.................
Compiler status PASS
2026-05-28 09:53:38.000910:  240827  [INFO]: Compilation Successfully Completed for model.MODULE_ae1770e22b7263f50628+eaf4ee66.hlo_module.pb
....................................
Compiler status PASS
2026-05-28 09:55:40.000936:  240827  [INFO]: Compilation Successfully Completed for model.MODULE_fbfba4025c65fd27aeef+8bae9002.hlo_module.pb

Compiler status PASS
2026-05-28 09:55:41.000936:  240827  [INFO]: Compilation Successfully Completed for model.MODULE_cda0499a519c925a75e2+52c3dff9.hlo_module.pb
................
Compiler status PASS
2026-05-28 09:57:01.000371:  240827  [INFO]: Compilation Successfully Completed for model.MODULE_dba759f82d4443191a59+afd3af75.hlo_module.pb
...............................................
Compiler status PASS
2026-05-28 10:02:08.000426:  240827  [INFO]: Compilation Successfully Completed for model.MODULE_02c6e68f4aeda4bccdfc+d04549db.hlo_module.pb
......
Compiler status PASS
2026-05-28 10:03:11.000298:  240827  [INFO]: Compilation Successfully Completed for model.MODULE_39d237b356a6182791f5+b1e0bbc6.hlo_module.pb
........................................
Compiler status PASS
2026-05-28 10:16:24.000963:  240827  [INFO]: Compilation Successfully Completed for model.MODULE_e5e50b15fc7be91be9af+201065a7.hlo_module.pb
INFO:Neuron:Finished Compilation for all HLOs in 1890.293469429016 seconds
../opt/aws_neuronx_venv_pytorch_inference_vllm_0_16/lib/python3.12/site-packages/neuronxcc/private_nkl/transpose.py:458:17: warning: 'neuronxcc.private_nkl.utils.tiled_range.TiledRange' is from the 'neuronxcc' package which is not supported in NKI kernels; use the 'nki' package instead
  I_128_tiles = TiledRange(I_tile, nl.tile_size.pmax)
                ^
/opt/aws_neuronx_venv_pytorch_inference_vllm_0_16/lib/python3.12/site-packages/neuronxcc/private_nkl/transpose.py:465:33: warning: 'neuronxcc.private_nkl.utils.tiled_range.TiledRange' is from the 'neuronxcc' package which is not supported in NKI kernels; use the 'nki' package instead
    for vectorization_factor in TiledRange(num_full_128_tiles_per_I_tile, VECTORIZATION_FACTOR):
                                ^
/opt/aws_neuronx_venv_pytorch_inference_vllm_0_16/lib/python3.12/site-packages/neuronxcc/private_nkl/transpose.py:284:16: warning: 'neuronxcc.private_nkl.transpose.max_f_size' is from the 'neuronxcc' package which is not supported in NKI kernels; use the 'nki' package instead
  MAX_F_SIZE = max_f_size(dtype)
               ^
/opt/aws_neuronx_venv_pytorch_inference_vllm_0_16/lib/python3.12/site-packages/neuronxcc/private_nkl/transpose.py:289:15: warning: 'neuronxcc.private_nkl.transpose_utils.next_multiple' is from the 'neuronxcc' package which is not supported in NKI kernels; use the 'nki' package instead
    return I, next_multiple(min(J, MAX_F_SIZE), 128)
              ^
/opt/aws_neuronx_venv_pytorch_inference_vllm_0_16/lib/python3.12/site-packages/neuronxcc/private_nkl/transpose.py:291:12: warning: 'neuronxcc.private_nkl.transpose_utils.next_multiple' is from the 'neuronxcc' package which is not supported in NKI kernels; use the 'nki' package instead
    return next_multiple(min(I, MAX_F_SIZE), 128), J
           ^
/opt/aws_neuronx_venv_pytorch_inference_vllm_0_16/lib/python3.12/site-packages/neuronxcc/private_nkl/transpose.py:302:19: warning: 'neuronxcc.private_nkl.transpose_utils.next_multiple' is from the 'neuronxcc' package which is not supported in NKI kernels; use the 'nki' package instead
    I_tile_size = next_multiple(I_tile_size, 128)
                  ^
/opt/aws_neuronx_venv_pytorch_inference_vllm_0_16/lib/python3.12/site-packages/neuronxcc/private_nkl/transpose.py:303:19: warning: 'neuronxcc.private_nkl.transpose_utils.next_multiple' is from the 'neuronxcc' package which is not supported in NKI kernels; use the 'nki' package instead
    J_tile_size = next_multiple(J_tile_size, 128)
                  ^
/opt/aws_neuronx_venv_pytorch_inference_vllm_0_16/lib/python3.12/site-packages/neuronxcc/private_nkl/transpose.py:681:17: warning: 'neuronxcc.private_nkl.utils.tiled_range.TiledRange' is from the 'neuronxcc' package which is not supported in NKI kernels; use the 'nki' package instead
  J_128_tiles = TiledRange(J_tile, nl.tile_size.pmax)
                ^
/opt/aws_neuronx_venv_pytorch_inference_vllm_0_16/lib/python3.12/site-packages/neuronxcc/private_nkl/transpose.py:688:33: warning: 'neuronxcc.private_nkl.utils.tiled_range.TiledRange' is from the 'neuronxcc' package which is not supported in NKI kernels; use the 'nki' package instead
    for vectorization_factor in TiledRange(num_full_128_tiles_per_J_tile, VECTORIZATION_FACTOR):
                                ^
/opt/aws_neuronx_venv_pytorch_inference_vllm_0_16/lib/python3.12/site-packages/neuronxcc/private_nkl/transpose.py:751:3: warning: 'neuronxcc.private_nkl.transpose.check_input_transpose' is from the 'neuronxcc' package which is not supported in NKI kernels; use the 'nki' package instead
  check_input_transpose(in_tensor, in_shape, permutation)
  ^
/opt/aws_neuronx_venv_pytorch_inference_vllm_0_16/lib/python3.12/site-packages/neuronxcc/private_nkl/transpose.py:757:33: warning: 'neuronxcc.private_nkl.transpose_utils.permutation_reduction' is from the 'neuronxcc' package which is not supported in NKI kernels; use the 'nki' package instead
  reduced_perm, reduced_shape = permutation_reduction(in_shape, permutation)
                                ^
/opt/aws_neuronx_venv_pytorch_inference_vllm_0_16/lib/python3.12/site-packages/neuronxcc/private_nkl/transpose.py:758:10: warning: 'neuronxcc.private_nkl.transpose_utils.permutes_last_two_dims' is from the 'neuronxcc' package which is not supported in NKI kernels; use the 'nki' package instead
  assert permutes_last_two_dims(reduced_perm), f"must permutate last two dims, got {reduced_perm}"
         ^
/opt/aws_neuronx_venv_pytorch_inference_vllm_0_16/lib/python3.12/site-packages/neuronxcc/private_nkl/transpose.py:763:11: warning: 'neuronxcc.private_nkl.transpose._str_to_dtype' is from the 'neuronxcc' package which is not supported in NKI kernels; use the 'nki' package instead
    dtype=_str_to_dtype(out_dtype),
          ^
/opt/aws_neuronx_venv_pytorch_inference_vllm_0_16/lib/python3.12/site-packages/neuronxcc/private_nkl/transpose.py:764:12: warning: 'neuronxcc.private_nkl.transpose_utils._get_hbm_buffer' is from the 'neuronxcc' package which is not supported in NKI kernels; use the 'nki' package instead
    buffer=_get_hbm_buffer(),
           ^
/opt/aws_neuronx_venv_pytorch_inference_vllm_0_16/lib/python3.12/site-packages/neuronxcc/private_nkl/transpose.py:767:3: warning: 'neuronxcc.private_nkl.transpose._pe_transpose_impl' is from the 'neuronxcc' package which is not supported in NKI kernels; use the 'nki' package instead
  _pe_transpose_impl(in_tensor, out_tensor, num_shards, shard_id)
  ^
/opt/aws_neuronx_venv_pytorch_inference_vllm_0_16/lib/python3.12/site-packages/neuronxcc/private_nkl/transpose.py:373:25: warning: 'neuronxcc.private_nkl.transpose_utils.n_elts' is from the 'neuronxcc' package which is not supported in NKI kernels; use the 'nki' package instead
  flattened_B_dim = int(n_elts(in_shape[:-2])) if in_shape[:-2] else 1
                        ^
/opt/aws_neuronx_venv_pytorch_inference_vllm_0_16/lib/python3.12/site-packages/neuronxcc/private_nkl/transpose.py:378:30: warning: 'neuronxcc.private_nkl.transpose._pe_optimal_tile_sizes' is from the 'neuronxcc' package which is not supported in NKI kernels; use the 'nki' package instead
  I_tile_size, J_tile_size = _pe_optimal_tile_sizes(I, J, in_tensor.dtype)
                             ^
/opt/aws_neuronx_venv_pytorch_inference_vllm_0_16/lib/python3.12/site-packages/neuronxcc/private_nkl/transpose.py:381:17: warning: 'neuronxcc.private_nkl.utils.kernel_helpers.div_ceil' is from the 'neuronxcc' package which is not supported in NKI kernels; use the 'nki' package instead
  b_per_shard = div_ceil(flattened_B_dim, num_shards)
                ^
/opt/aws_neuronx_venv_pytorch_inference_vllm_0_16/lib/python3.12/site-packages/neuronxcc/private_nkl/transpose.py:384:19: warning: 'neuronxcc.private_nkl.transpose._to_compute_dtype' is from the 'neuronxcc' package which is not supported in NKI kernels; use the 'nki' package instead
  compute_dtype = _to_compute_dtype(in_tensor.dtype)
                  ^
/opt/aws_neuronx_venv_pytorch_inference_vllm_0_16/lib/python3.12/site-packages/neuronxcc/private_nkl/transpose.py:398:19: warning: 'neuronxcc.private_nkl.utils.tiled_range.TiledRange' is from the 'neuronxcc' package which is not supported in NKI kernels; use the 'nki' package instead
    for I_tile in TiledRange(I, I_tile_size):
                  ^
/opt/aws_neuronx_venv_pytorch_inference_vllm_0_16/lib/python3.12/site-packages/neuronxcc/private_nkl/transpose.py:399:21: warning: 'neuronxcc.private_nkl.utils.tiled_range.TiledRange' is from the 'neuronxcc' package which is not supported in NKI kernels; use the 'nki' package instead
      for J_tile in TiledRange(J, J_tile_size):
                    ^
/opt/aws_neuronx_venv_pytorch_inference_vllm_0_16/lib/python3.12/site-packages/neuronxcc/private_nkl/transpose.py:400:23: warning: 'neuronxcc.private_nkl.utils.tiled_range.TiledRange' is from the 'neuronxcc' package which is not supported in NKI kernels; use the 'nki' package instead
        I_128_tiles = TiledRange(I_tile, nl.tile_size.pmax)
                      ^
/opt/aws_neuronx_venv_pytorch_inference_vllm_0_16/lib/python3.12/site-packages/neuronxcc/private_nkl/transpose.py:405:23: warning: 'neuronxcc.private_nkl.utils.tiled_range.TiledRange' is from the 'neuronxcc' package which is not supported in NKI kernels; use the 'nki' package instead
        J_128_tiles = TiledRange(J_tile, nl.tile_size.pmax)
                      ^
/opt/aws_neuronx_venv_pytorch_inference_vllm_0_16/lib/python3.12/site-packages/neuronxcc/private_nkl/transpose.py:411:9: warning: 'neuronxcc.private_nkl.transpose._pe_load_tile' is from the 'neuronxcc' package which is not supported in NKI kernels; use the 'nki' package instead
        _pe_load_tile(
        ^
/opt/aws_neuronx_venv_pytorch_inference_vllm_0_16/lib/python3.12/site-packages/neuronxcc/private_nkl/transpose.py:422:11: warning: 'neuronxcc.private_nkl.transpose._pe_transpose_tile_I_vectorized' is from the 'neuronxcc' package which is not supported in NKI kernels; use the 'nki' package instead
          _pe_transpose_tile_I_vectorized(
          ^
/opt/aws_neuronx_venv_pytorch_inference_vllm_0_16/lib/python3.12/site-packages/neuronxcc/private_nkl/transpose.py:430:11: warning: 'neuronxcc.private_nkl.transpose._pe_transpose_tile_J_vectorized' is from the 'neuronxcc' package which is not supported in NKI kernels; use the 'nki' package instead
          _pe_transpose_tile_J_vectorized(
          ^
/opt/aws_neuronx_venv_pytorch_inference_vllm_0_16/lib/python3.12/site-packages/neuronxcc/private_nkl/transpose.py:438:9: warning: 'neuronxcc.private_nkl.transpose._pe_store_tile' is from the 'neuronxcc' package which is not supported in NKI kernels; use the 'nki' package instead
        _pe_store_tile(
        ^
/opt/aws_neuronx_venv_pytorch_inference_vllm_0_16/lib/python3.12/site-packages/neuronxcc/private_nkl/transpose.py:527:17: warning: 'neuronxcc.private_nkl.utils.tiled_range.TiledRange' is from the 'neuronxcc' package which is not supported in NKI kernels; use the 'nki' package instead
  I_128_tiles = TiledRange(I_tile, nl.tile_size.pmax)
                ^
/opt/aws_neuronx_venv_pytorch_inference_vllm_0_16/lib/python3.12/site-packages/neuronxcc/private_nkl/transpose.py:529:17: warning: 'neuronxcc.private_nkl.utils.tiled_range.TiledRange' is from the 'neuronxcc' package which is not supported in NKI kernels; use the 'nki' package instead
  J_128_tiles = TiledRange(J_tile, nl.tile_size.pmax)
                ^
/opt/aws_neuronx_venv_pytorch_inference_vllm_0_16/lib/python3.12/site-packages/neuronxcc/private_nkl/transpose.py:538:21: warning: 'neuronxcc.private_nkl.utils.tiled_range.TiledRange' is from the 'neuronxcc' package which is not supported in NKI kernels; use the 'nki' package instead
  for J_128_tile in TiledRange(J_tile.size, nl.tile_size.pmax):
                    ^
/opt/aws_neuronx_venv_pytorch_inference_vllm_0_16/lib/python3.12/site-packages/neuronxcc/private_nkl/transpose.py:539:23: warning: 'neuronxcc.private_nkl.utils.tiled_range.TiledRange' is from the 'neuronxcc' package which is not supported in NKI kernels; use the 'nki' package instead
    for I_512_tile in TiledRange(I_tile.size, nl.tile_size.psum_fmax):
                      ^
/opt/aws_neuronx_venv_pytorch_inference_vllm_0_16/lib/python3.12/site-packages/neuronxcc/private_nkl/transpose.py:551:25: warning: 'neuronxcc.private_nkl.utils.tiled_range.TiledRange' is from the 'neuronxcc' package which is not supported in NKI kernels; use the 'nki' package instead
      for I_128_tile in TiledRange(I_512_tile, nl.tile_size.pmax):
                        ^
/opt/aws_neuronx_venv_pytorch_inference_vllm_0_16/lib/python3.12/site-packages/neuronxcc/private_nkl/transpose.py:569:7: warning: 'neuronxcc.private_nkl.transpose._copy_with_engine' is from the 'neuronxcc' package which is not supported in NKI kernels; use the 'nki' package instead
      _copy_with_engine(
      ^
/opt/aws_neuronx_venv_pytorch_inference_vllm_0_16/lib/python3.12/site-packages/neuronxcc/private_nkl/transpose.py:586:17: warning: 'neuronxcc.private_nkl.utils.tiled_range.TiledRange' is from the 'neuronxcc' package which is not supported in NKI kernels; use the 'nki' package instead
  I_128_tiles = TiledRange(I_tile, nl.tile_size.pmax)
                ^
/opt/aws_neuronx_venv_pytorch_inference_vllm_0_16/lib/python3.12/site-packages/neuronxcc/private_nkl/transpose.py:588:17: warning: 'neuronxcc.private_nkl.utils.tiled_range.TiledRange' is from the 'neuronxcc' package which is not supported in NKI kernels; use the 'nki' package instead
  J_128_tiles = TiledRange(J_tile, nl.tile_size.pmax)
                ^
/opt/aws_neuronx_venv_pytorch_inference_vllm_0_16/lib/python3.12/site-packages/neuronxcc/private_nkl/transpose.py:596:21: warning: 'neuronxcc.private_nkl.utils.tiled_range.TiledRange' is from the 'neuronxcc' package which is not supported in NKI kernels; use the 'nki' package instead
  for I_128_tile in TiledRange(I_tile.size, nl.tile_size.pmax):
                    ^
/opt/aws_neuronx_venv_pytorch_inference_vllm_0_16/lib/python3.12/site-packages/neuronxcc/private_nkl/transpose.py:597:23: warning: 'neuronxcc.private_nkl.utils.tiled_range.TiledRange' is from the 'neuronxcc' package which is not supported in NKI kernels; use the 'nki' package instead
    for J_512_tile in TiledRange(J_tile.size, nl.tile_size.psum_fmax):
                      ^
/opt/aws_neuronx_venv_pytorch_inference_vllm_0_16/lib/python3.12/site-packages/neuronxcc/private_nkl/transpose.py:609:25: warning: 'neuronxcc.private_nkl.utils.tiled_range.TiledRange' is from the 'neuronxcc' package which is not supported in NKI kernels; use the 'nki' package instead
      for J_128_tile in TiledRange(J_512_tile, nl.tile_size.pmax):
                        ^
/opt/aws_neuronx_venv_pytorch_inference_vllm_0_16/lib/python3.12/site-packages/neuronxcc/private_nkl/transpose.py:628:9: warning: 'neuronxcc.private_nkl.transpose._copy_with_engine' is from the 'neuronxcc' package which is not supported in NKI kernels; use the 'nki' package instead
        _copy_with_engine(
        ^
/opt/aws_neuronx_venv_pytorch_inference_vllm_0_16/lib/python3.12/site-packages/neuronxcc/private_nkl/transpose.py:652:9: warning: 'neuronxcc.private_nkl.transpose._copy_with_engine' is from the 'neuronxcc' package which is not supported in NKI kernels; use the 'nki' package instead
        _copy_with_engine(
        ^
/opt/aws_neuronx_venv_pytorch_inference_vllm_0_16/lib/python3.12/site-packages/neuronxcc/private_nkl/transpose.py:38:10: warning: 'neuronxcc.private_nkl.transpose_utils.is_valid_permutation' is from the 'neuronxcc' package which is not supported in NKI kernels; use the 'nki' package instead
  assert is_valid_permutation(permutation), "input permutation is invalid"
         ^
/opt/aws_neuronx_venv_pytorch_inference_vllm_0_16/lib/python3.12/site-packages/neuronxcc/private_nkl/transpose.py:41:10: warning: 'neuronxcc.private_nkl.transpose_utils.n_elts' is from the 'neuronxcc' package which is not supported in NKI kernels; use the 'nki' package instead
  assert n_elts(in_shape) == n_elts(in_tensor.shape), "tensor shape is invalid"
         ^
/opt/aws_neuronx_venv_pytorch_inference_vllm_0_16/lib/python3.12/site-packages/neuronxcc/private_nkl/transpose.py:41:30: warning: 'neuronxcc.private_nkl.transpose_utils.n_elts' is from the 'neuronxcc' package which is not supported in NKI kernels; use the 'nki' package instead
  assert n_elts(in_shape) == n_elts(in_tensor.shape), "tensor shape is invalid"
                             ^
/opt/aws_neuronx_venv_pytorch_inference_vllm_0_16/lib/python3.12/site-packages/neuronxcc/private_nkl/transpose.py:32:20: warning: 'neuronxcc.private_nkl.utils.StackAllocator.sizeinbytes' is from the 'neuronxcc' package which is not supported in NKI kernels; use the 'nki' package instead
  return (98304 // sizeinbytes(dtype)) // 2
                   ^
/opt/aws_neuronx_venv_pytorch_inference_vllm_0_16/lib/python3.12/site-packages/neuronxcc/private_nkl/transpose.py:886:29: warning: 'neuronxcc.private_nkl.utils.kernel_helpers.get_program_sharding_info' is from the 'neuronxcc' package which is not supported in NKI kernels; use the 'nki' package instead
  _, num_shards, shard_id = get_program_sharding_info()
                            ^
/opt/aws_neuronx_venv_pytorch_inference_vllm_0_16/lib/python3.12/site-packages/neuronxcc/private_nkl/transpose.py:887:9: warning: 'neuronxcc.private_nkl.transpose._pe_transpose' is from the 'neuronxcc' package which is not supported in NKI kernels; use the 'nki' package instead
  out = _pe_transpose(in_tensor, in_shape, permutation, out_dtype, num_shards, shard_id)
        ^
/opt/aws_neuronx_venv_pytorch_inference_vllm_0_16/lib/python3.12/site-packages/neuronxcc/private_nkl/transpose_utils.py:71:10: warning: 'neuronxcc.private_nkl.transpose_utils.is_valid_permutation' is from the 'neuronxcc' package which is not supported in NKI kernels; use the 'nki' package instead
  if not is_valid_permutation(permutation):
         ^
/opt/aws_neuronx_venv_pytorch_inference_vllm_0_16/lib/python3.12/site-packages/neuronxcc/private_nkl/utils/tiled_range.py:66:23: warning: 'neuronxcc.private_nkl.utils.tiled_range.TiledRangeIterator' is from the 'neuronxcc' package which is not supported in NKI kernels; use the 'nki' package instead
  if isinstance(size, TiledRangeIterator):
                      ^
/opt/aws_neuronx_venv_pytorch_inference_vllm_0_16/lib/python3.12/site-packages/neuronxcc/private_nkl/utils/tiled_range.py:84:22: warning: 'neuronxcc.private_nkl.utils.tiled_range.TiledRangeIterator' is from the 'neuronxcc' package which is not supported in NKI kernels; use the 'nki' package instead
    iterators.append(TiledRangeIterator(current_tile_size, i, base_offset + relative_offset))
                     ^
/opt/aws_neuronx_venv_pytorch_inference_vllm_0_16/lib/python3.12/site-packages/neuronxcc/private_nkl/transpose.py:69:16: warning: 'neuronxcc.private_nkl.transpose.max_f_size' is from the 'neuronxcc' package which is not supported in NKI kernels; use the 'nki' package instead
  MAX_F_SIZE = max_f_size(in_tensor.dtype)
               ^
/opt/aws_neuronx_venv_pytorch_inference_vllm_0_16/lib/python3.12/site-packages/neuronxcc/private_nkl/transpose.py:74:25: warning: 'neuronxcc.private_nkl.transpose_utils.n_elts' is from the 'neuronxcc' package which is not supported in NKI kernels; use the 'nki' package instead
  flattened_B_dim = int(n_elts(in_shape[:-2])) if in_shape[:-2] else 1
                        ^
/opt/aws_neuronx_venv_pytorch_inference_vllm_0_16/lib/python3.12/site-packages/neuronxcc/private_nkl/transpose.py:77:18: warning: 'neuronxcc.private_nkl.transpose_utils.factor_within_limit' is from the 'neuronxcc' package which is not supported in NKI kernels; use the 'nki' package instead
    i_division = factor_within_limit(I, MAX_F_SIZE)
                 ^
/opt/aws_neuronx_venv_pytorch_inference_vllm_0_16/lib/python3.12/site-packages/neuronxcc/private_nkl/transpose.py:79:22: warning: 'neuronxcc.private_nkl.utils.kernel_helpers.div_ceil' is from the 'neuronxcc' package which is not supported in NKI kernels; use the 'nki' package instead
    i_division_num = div_ceil(I, i_division)
                     ^
/opt/aws_neuronx_venv_pytorch_inference_vllm_0_16/lib/python3.12/site-packages/neuronxcc/private_nkl/transpose.py:87:16: warning: 'neuronxcc.private_nkl.utils.kernel_helpers.div_ceil' is from the 'neuronxcc' package which is not supported in NKI kernels; use the 'nki' package instead
  num_j_divs = div_ceil(J, j_division)
               ^
/opt/aws_neuronx_venv_pytorch_inference_vllm_0_16/lib/python3.12/site-packages/neuronxcc/private_nkl/transpose.py:91:18: warning: 'neuronxcc.private_nkl.utils.kernel_helpers.div_ceil' is from the 'neuronxcc' package which is not supported in NKI kernels; use the 'nki' package instead
    num_j_divs = div_ceil(J, j_division)
                 ^
/opt/aws_neuronx_venv_pytorch_inference_vllm_0_16/lib/python3.12/site-packages/neuronxcc/private_nkl/transpose.py:93:22: warning: 'neuronxcc.private_nkl.utils.kernel_helpers.div_ceil' is from the 'neuronxcc' package which is not supported in NKI kernels; use the 'nki' package instead
    i_division_num = div_ceil(I, i_division)
                     ^
/opt/aws_neuronx_venv_pytorch_inference_vllm_0_16/lib/python3.12/site-packages/neuronxcc/private_nkl/transpose.py:95:33: warning: 'neuronxcc.private_nkl.utils.kernel_helpers.div_ceil' is from the 'neuronxcc' package which is not supported in NKI kernels; use the 'nki' package instead
  DVE_ACT_LOAD_BALANCE_FACTOR = div_ceil(i_division, MIN_DVE_ACT_CYCLES)
                                ^
/opt/aws_neuronx_venv_pytorch_inference_vllm_0_16/lib/python3.12/site-packages/neuronxcc/private_nkl/transpose.py:97:17: warning: 'neuronxcc.private_nkl.utils.kernel_helpers.div_ceil' is from the 'neuronxcc' package which is not supported in NKI kernels; use the 'nki' package instead
  num_i_tiles = div_ceil(i_division, i_tile_size)
                ^
/opt/aws_neuronx_venv_pytorch_inference_vllm_0_16/lib/python3.12/site-packages/neuronxcc/private_nkl/transpose.py:100:13: warning: 'neuronxcc.private_nkl.utils.kernel_helpers.div_ceil' is from the 'neuronxcc' package which is not supported in NKI kernels; use the 'nki' package instead
  j_tiles = div_ceil(j_division, j_tile_size)
            ^
/opt/aws_neuronx_venv_pytorch_inference_vllm_0_16/lib/python3.12/site-packages/neuronxcc/private_nkl/transpose.py:103:17: warning: 'neuronxcc.private_nkl.utils.kernel_helpers.div_ceil' is from the 'neuronxcc' package which is not supported in NKI kernels; use the 'nki' package instead
  b_per_shard = div_ceil(flattened_B_dim, num_shards)
                ^
/opt/aws_neuronx_venv_pytorch_inference_vllm_0_16/lib/python3.12/site-packages/neuronxcc/private_nkl/transpose.py:107:17: warning: 'neuronxcc.private_nkl.utils.kernel_helpers.div_ceil' is from the 'neuronxcc' package which is not supported in NKI kernels; use the 'nki' package instead
  num_p_tiles = div_ceil(b_per_shard, MAX_P)
                ^
/opt/aws_neuronx_venv_pytorch_inference_vllm_0_16/lib/python3.12/site-packages/neuronxcc/private_nkl/transpose.py:159:13: warning: 'neuronxcc.private_nkl.transpose._copy_with_engine' is from the 'neuronxcc' package which is not supported in NKI kernels; use the 'nki' package instead
            _copy_with_engine(
            ^
/opt/aws_neuronx_venv_pytorch_inference_vllm_0_16/lib/python3.12/site-packages/neuronxcc/private_nkl/transpose.py:199:16: warning: 'neuronxcc.private_nkl.transpose.max_f_size' is from the 'neuronxcc' package which is not supported in NKI kernels; use the 'nki' package instead
  MAX_F_SIZE = max_f_size(in_tensor.dtype)
               ^
/opt/aws_neuronx_venv_pytorch_inference_vllm_0_16/lib/python3.12/site-packages/neuronxcc/private_nkl/transpose.py:204:25: warning: 'neuronxcc.private_nkl.transpose_utils.n_elts' is from the 'neuronxcc' package which is not supported in NKI kernels; use the 'nki' package instead
  flattened_B_dim = int(n_elts(in_shape[:-2])) if in_shape[:-2] else 1
                        ^
/opt/aws_neuronx_venv_pytorch_inference_vllm_0_16/lib/python3.12/site-packages/neuronxcc/private_nkl/transpose.py:207:17: warning: 'neuronxcc.private_nkl.utils.kernel_helpers.div_ceil' is from the 'neuronxcc' package which is not supported in NKI kernels; use the 'nki' package instead
  b_per_shard = div_ceil(flattened_B_dim, num_shards)
                ^
/opt/aws_neuronx_venv_pytorch_inference_vllm_0_16/lib/python3.12/site-packages/neuronxcc/private_nkl/transpose.py:211:17: warning: 'neuronxcc.private_nkl.utils.kernel_helpers.div_ceil' is from the 'neuronxcc' package which is not supported in NKI kernels; use the 'nki' package instead
  num_p_tiles = div_ceil(b_per_shard, P)
                ^
/opt/aws_neuronx_venv_pytorch_inference_vllm_0_16/lib/python3.12/site-packages/neuronxcc/private_nkl/transpose.py:218:13: warning: 'neuronxcc.private_nkl.utils.kernel_helpers.div_ceil' is from the 'neuronxcc' package which is not supported in NKI kernels; use the 'nki' package instead
  i_tiles = div_ceil(I, i_tile_size)
            ^
/opt/aws_neuronx_venv_pytorch_inference_vllm_0_16/lib/python3.12/site-packages/neuronxcc/private_nkl/transpose.py:224:19: warning: 'neuronxcc.private_nkl.utils.kernel_helpers.div_ceil' is from the 'neuronxcc' package which is not supported in NKI kernels; use the 'nki' package instead
    j_tile_size = div_ceil(J, J_LOAD_BALANCING_FACTOR)
                  ^
/opt/aws_neuronx_venv_pytorch_inference_vllm_0_16/lib/python3.12/site-packages/neuronxcc/private_nkl/transpose.py:251:9: warning: 'neuronxcc.private_nkl.transpose._copy_with_engine' is from the 'neuronxcc' package which is not supported in NKI kernels; use the 'nki' package instead
        _copy_with_engine(
        ^
/opt/aws_neuronx_venv_pytorch_inference_vllm_0_16/lib/python3.12/site-packages/neuronxcc/private_nkl/transpose.py:458:17: warning: 'neuronxcc.private_nkl.utils.tiled_range.TiledRange' is from the 'neuronxcc' package which is not supported in NKI kernels; use the 'nki' package instead
  I_128_tiles = TiledRange(I_tile, nl.tile_size.pmax)
                ^
/opt/aws_neuronx_venv_pytorch_inference_vllm_0_16/lib/python3.12/site-packages/neuronxcc/private_nkl/transpose.py:465:33: warning: 'neuronxcc.private_nkl.utils.tiled_range.TiledRange' is from the 'neuronxcc' package which is not supported in NKI kernels; use the 'nki' package instead
    for vectorization_factor in TiledRange(num_full_128_tiles_per_I_tile, VECTORIZATION_FACTOR):
                                ^
/opt/aws_neuronx_venv_pytorch_inference_vllm_0_16/lib/python3.12/site-packages/neuronxcc/private_nkl/transpose.py:284:16: warning: 'neuronxcc.private_nkl.transpose.max_f_size' is from the 'neuronxcc' package which is not supported in NKI kernels; use the 'nki' package instead
  MAX_F_SIZE = max_f_size(dtype)
               ^
/opt/aws_neuronx_venv_pytorch_inference_vllm_0_16/lib/python3.12/site-packages/neuronxcc/private_nkl/transpose.py:289:15: warning: 'neuronxcc.private_nkl.transpose_utils.next_multiple' is from the 'neuronxcc' package which is not supported in NKI kernels; use the 'nki' package instead
    return I, next_multiple(min(J, MAX_F_SIZE), 128)
              ^
/opt/aws_neuronx_venv_pytorch_inference_vllm_0_16/lib/python3.12/site-packages/neuronxcc/private_nkl/transpose.py:291:12: warning: 'neuronxcc.private_nkl.transpose_utils.next_multiple' is from the 'neuronxcc' package which is not supported in NKI kernels; use the 'nki' package instead
    return next_multiple(min(I, MAX_F_SIZE), 128), J
           ^
/opt/aws_neuronx_venv_pytorch_inference_vllm_0_16/lib/python3.12/site-packages/neuronxcc/private_nkl/transpose.py:302:19: warning: 'neuronxcc.private_nkl.transpose_utils.next_multiple' is from the 'neuronxcc' package which is not supported in NKI kernels; use the 'nki' package instead
    I_tile_size = next_multiple(I_tile_size, 128)
                  ^
/opt/aws_neuronx_venv_pytorch_inference_vllm_0_16/lib/python3.12/site-packages/neuronxcc/private_nkl/transpose.py:303:19: warning: 'neuronxcc.private_nkl.transpose_utils.next_multiple' is from the 'neuronxcc' package which is not supported in NKI kernels; use the 'nki' package instead
    J_tile_size = next_multiple(J_tile_size, 128)
                  ^
/opt/aws_neuronx_venv_pytorch_inference_vllm_0_16/lib/python3.12/site-packages/neuronxcc/private_nkl/transpose.py:681:17: warning: 'neuronxcc.private_nkl.utils.tiled_range.TiledRange' is from the 'neuronxcc' package which is not supported in NKI kernels; use the 'nki' package instead
  J_128_tiles = TiledRange(J_tile, nl.tile_size.pmax)
                ^
/opt/aws_neuronx_venv_pytorch_inference_vllm_0_16/lib/python3.12/site-packages/neuronxcc/private_nkl/transpose.py:688:33: warning: 'neuronxcc.private_nkl.utils.tiled_range.TiledRange' is from the 'neuronxcc' package which is not supported in NKI kernels; use the 'nki' package instead
    for vectorization_factor in TiledRange(num_full_128_tiles_per_J_tile, VECTORIZATION_FACTOR):
                                ^
/opt/aws_neuronx_venv_pytorch_inference_vllm_0_16/lib/python3.12/site-packages/neuronxcc/private_nkl/transpose.py:373:25: warning: 'neuronxcc.private_nkl.transpose_utils.n_elts' is from the 'neuronxcc' package which is not supported in NKI kernels; use the 'nki' package instead
  flattened_B_dim = int(n_elts(in_shape[:-2])) if in_shape[:-2] else 1
                        ^
/opt/aws_neuronx_venv_pytorch_inference_vllm_0_16/lib/python3.12/site-packages/neuronxcc/private_nkl/transpose.py:378:30: warning: 'neuronxcc.private_nkl.transpose._pe_optimal_tile_sizes' is from the 'neuronxcc' package which is not supported in NKI kernels; use the 'nki' package instead
  I_tile_size, J_tile_size = _pe_optimal_tile_sizes(I, J, in_tensor.dtype)
                             ^
/opt/aws_neuronx_venv_pytorch_inference_vllm_0_16/lib/python3.12/site-packages/neuronxcc/private_nkl/transpose.py:381:17: warning: 'neuronxcc.private_nkl.utils.kernel_helpers.div_ceil' is from the 'neuronxcc' package which is not supported in NKI kernels; use the 'nki' package instead
  b_per_shard = div_ceil(flattened_B_dim, num_shards)
                ^
/opt/aws_neuronx_venv_pytorch_inference_vllm_0_16/lib/python3.12/site-packages/neuronxcc/private_nkl/transpose.py:384:19: warning: 'neuronxcc.private_nkl.transpose._to_compute_dtype' is from the 'neuronxcc' package which is not supported in NKI kernels; use the 'nki' package instead
  compute_dtype = _to_compute_dtype(in_tensor.dtype)
                  ^
/opt/aws_neuronx_venv_pytorch_inference_vllm_0_16/lib/python3.12/site-packages/neuronxcc/private_nkl/transpose.py:398:19: warning: 'neuronxcc.private_nkl.utils.tiled_range.TiledRange' is from the 'neuronxcc' package which is not supported in NKI kernels; use the 'nki' package instead
    for I_tile in TiledRange(I, I_tile_size):
                  ^
/opt/aws_neuronx_venv_pytorch_inference_vllm_0_16/lib/python3.12/site-packages/neuronxcc/private_nkl/transpose.py:399:21: warning: 'neuronxcc.private_nkl.utils.tiled_range.TiledRange' is from the 'neuronxcc' package which is not supported in NKI kernels; use the 'nki' package instead
      for J_tile in TiledRange(J, J_tile_size):
                    ^
/opt/aws_neuronx_venv_pytorch_inference_vllm_0_16/lib/python3.12/site-packages/neuronxcc/private_nkl/transpose.py:400:23: warning: 'neuronxcc.private_nkl.utils.tiled_range.TiledRange' is from the 'neuronxcc' package which is not supported in NKI kernels; use the 'nki' package instead
        I_128_tiles = TiledRange(I_tile, nl.tile_size.pmax)
                      ^
/opt/aws_neuronx_venv_pytorch_inference_vllm_0_16/lib/python3.12/site-packages/neuronxcc/private_nkl/transpose.py:405:23: warning: 'neuronxcc.private_nkl.utils.tiled_range.TiledRange' is from the 'neuronxcc' package which is not supported in NKI kernels; use the 'nki' package instead
        J_128_tiles = TiledRange(J_tile, nl.tile_size.pmax)
                      ^
/opt/aws_neuronx_venv_pytorch_inference_vllm_0_16/lib/python3.12/site-packages/neuronxcc/private_nkl/transpose.py:411:9: warning: 'neuronxcc.private_nkl.transpose._pe_load_tile' is from the 'neuronxcc' package which is not supported in NKI kernels; use the 'nki' package instead
        _pe_load_tile(
        ^
/opt/aws_neuronx_venv_pytorch_inference_vllm_0_16/lib/python3.12/site-packages/neuronxcc/private_nkl/transpose.py:422:11: warning: 'neuronxcc.private_nkl.transpose._pe_transpose_tile_I_vectorized' is from the 'neuronxcc' package which is not supported in NKI kernels; use the 'nki' package instead
          _pe_transpose_tile_I_vectorized(
          ^
/opt/aws_neuronx_venv_pytorch_inference_vllm_0_16/lib/python3.12/site-packages/neuronxcc/private_nkl/transpose.py:430:11: warning: 'neuronxcc.private_nkl.transpose._pe_transpose_tile_J_vectorized' is from the 'neuronxcc' package which is not supported in NKI kernels; use the 'nki' package instead
          _pe_transpose_tile_J_vectorized(
          ^
/opt/aws_neuronx_venv_pytorch_inference_vllm_0_16/lib/python3.12/site-packages/neuronxcc/private_nkl/transpose.py:438:9: warning: 'neuronxcc.private_nkl.transpose._pe_store_tile' is from the 'neuronxcc' package which is not supported in NKI kernels; use the 'nki' package instead
        _pe_store_tile(
        ^
/opt/aws_neuronx_venv_pytorch_inference_vllm_0_16/lib/python3.12/site-packages/neuronxcc/private_nkl/transpose.py:527:17: warning: 'neuronxcc.private_nkl.utils.tiled_range.TiledRange' is from the 'neuronxcc' package which is not supported in NKI kernels; use the 'nki' package instead
  I_128_tiles = TiledRange(I_tile, nl.tile_size.pmax)
                ^
/opt/aws_neuronx_venv_pytorch_inference_vllm_0_16/lib/python3.12/site-packages/neuronxcc/private_nkl/transpose.py:529:17: warning: 'neuronxcc.private_nkl.utils.tiled_range.TiledRange' is from the 'neuronxcc' package which is not supported in NKI kernels; use the 'nki' package instead
  J_128_tiles = TiledRange(J_tile, nl.tile_size.pmax)
                ^
/opt/aws_neuronx_venv_pytorch_inference_vllm_0_16/lib/python3.12/site-packages/neuronxcc/private_nkl/transpose.py:538:21: warning: 'neuronxcc.private_nkl.utils.tiled_range.TiledRange' is from the 'neuronxcc' package which is not supported in NKI kernels; use the 'nki' package instead
  for J_128_tile in TiledRange(J_tile.size, nl.tile_size.pmax):
                    ^
/opt/aws_neuronx_venv_pytorch_inference_vllm_0_16/lib/python3.12/site-packages/neuronxcc/private_nkl/transpose.py:539:23: warning: 'neuronxcc.private_nkl.utils.tiled_range.TiledRange' is from the 'neuronxcc' package which is not supported in NKI kernels; use the 'nki' package instead
    for I_512_tile in TiledRange(I_tile.size, nl.tile_size.psum_fmax):
                      ^
/opt/aws_neuronx_venv_pytorch_inference_vllm_0_16/lib/python3.12/site-packages/neuronxcc/private_nkl/transpose.py:551:25: warning: 'neuronxcc.private_nkl.utils.tiled_range.TiledRange' is from the 'neuronxcc' package which is not supported in NKI kernels; use the 'nki' package instead
      for I_128_tile in TiledRange(I_512_tile, nl.tile_size.pmax):
                        ^
/opt/aws_neuronx_venv_pytorch_inference_vllm_0_16/lib/python3.12/site-packages/neuronxcc/private_nkl/transpose.py:569:7: warning: 'neuronxcc.private_nkl.transpose._copy_with_engine' is from the 'neuronxcc' package which is not supported in NKI kernels; use the 'nki' package instead
      _copy_with_engine(
      ^
/opt/aws_neuronx_venv_pytorch_inference_vllm_0_16/lib/python3.12/site-packages/neuronxcc/private_nkl/transpose.py:586:17: warning: 'neuronxcc.private_nkl.utils.tiled_range.TiledRange' is from the 'neuronxcc' package which is not supported in NKI kernels; use the 'nki' package instead
  I_128_tiles = TiledRange(I_tile, nl.tile_size.pmax)
                ^
/opt/aws_neuronx_venv_pytorch_inference_vllm_0_16/lib/python3.12/site-packages/neuronxcc/private_nkl/transpose.py:588:17: warning: 'neuronxcc.private_nkl.utils.tiled_range.TiledRange' is from the 'neuronxcc' package which is not supported in NKI kernels; use the 'nki' package instead
  J_128_tiles = TiledRange(J_tile, nl.tile_size.pmax)
                ^
/opt/aws_neuronx_venv_pytorch_inference_vllm_0_16/lib/python3.12/site-packages/neuronxcc/private_nkl/transpose.py:596:21: warning: 'neuronxcc.private_nkl.utils.tiled_range.TiledRange' is from the 'neuronxcc' package which is not supported in NKI kernels; use the 'nki' package instead
  for I_128_tile in TiledRange(I_tile.size, nl.tile_size.pmax):
                    ^
/opt/aws_neuronx_venv_pytorch_inference_vllm_0_16/lib/python3.12/site-packages/neuronxcc/private_nkl/transpose.py:597:23: warning: 'neuronxcc.private_nkl.utils.tiled_range.TiledRange' is from the 'neuronxcc' package which is not supported in NKI kernels; use the 'nki' package instead
    for J_512_tile in TiledRange(J_tile.size, nl.tile_size.psum_fmax):
                      ^
/opt/aws_neuronx_venv_pytorch_inference_vllm_0_16/lib/python3.12/site-packages/neuronxcc/private_nkl/transpose.py:609:25: warning: 'neuronxcc.private_nkl.utils.tiled_range.TiledRange' is from the 'neuronxcc' package which is not supported in NKI kernels; use the 'nki' package instead
      for J_128_tile in TiledRange(J_512_tile, nl.tile_size.pmax):
                        ^
/opt/aws_neuronx_venv_pytorch_inference_vllm_0_16/lib/python3.12/site-packages/neuronxcc/private_nkl/transpose.py:628:9: warning: 'neuronxcc.private_nkl.transpose._copy_with_engine' is from the 'neuronxcc' package which is not supported in NKI kernels; use the 'nki' package instead
        _copy_with_engine(
        ^
/opt/aws_neuronx_venv_pytorch_inference_vllm_0_16/lib/python3.12/site-packages/neuronxcc/private_nkl/transpose.py:652:9: warning: 'neuronxcc.private_nkl.transpose._copy_with_engine' is from the 'neuronxcc' package which is not supported in NKI kernels; use the 'nki' package instead
        _copy_with_engine(
        ^
/opt/aws_neuronx_venv_pytorch_inference_vllm_0_16/lib/python3.12/site-packages/neuronxcc/private_nkl/transpose.py:784:3: warning: 'neuronxcc.private_nkl.transpose.check_input_transpose' is from the 'neuronxcc' package which is not supported in NKI kernels; use the 'nki' package instead
  check_input_transpose(in_tensor, in_shape, permutation)
  ^
/opt/aws_neuronx_venv_pytorch_inference_vllm_0_16/lib/python3.12/site-packages/neuronxcc/private_nkl/transpose.py:790:33: warning: 'neuronxcc.private_nkl.transpose_utils.permutation_reduction' is from the 'neuronxcc' package which is not supported in NKI kernels; use the 'nki' package instead
  reduced_perm, reduced_shape = permutation_reduction(in_shape, permutation)
                                ^
/opt/aws_neuronx_venv_pytorch_inference_vllm_0_16/lib/python3.12/site-packages/neuronxcc/private_nkl/transpose.py:791:10: warning: 'neuronxcc.private_nkl.transpose_utils.permutes_last_two_dims' is from the 'neuronxcc' package which is not supported in NKI kernels; use the 'nki' package instead
  assert permutes_last_two_dims(reduced_perm), f"must permutate last two dims, got {reduced_perm}"
         ^
/opt/aws_neuronx_venv_pytorch_inference_vllm_0_16/lib/python3.12/site-packages/neuronxcc/private_nkl/transpose.py:796:11: warning: 'neuronxcc.private_nkl.transpose._str_to_dtype' is from the 'neuronxcc' package which is not supported in NKI kernels; use the 'nki' package instead
    dtype=_str_to_dtype(out_dtype),
          ^
/opt/aws_neuronx_venv_pytorch_inference_vllm_0_16/lib/python3.12/site-packages/neuronxcc/private_nkl/transpose.py:797:12: warning: 'neuronxcc.private_nkl.transpose_utils._get_hbm_buffer' is from the 'neuronxcc' package which is not supported in NKI kernels; use the 'nki' package instead
    buffer=_get_hbm_buffer(),
           ^
/opt/aws_neuronx_venv_pytorch_inference_vllm_0_16/lib/python3.12/site-packages/neuronxcc/private_nkl/transpose.py:805:16: warning: 'neuronxcc.private_nkl.transpose.max_f_size' is from the 'neuronxcc' package which is not supported in NKI kernels; use the 'nki' package instead
  MAX_F_SIZE = max_f_size(in_tensor.dtype)
               ^
/opt/aws_neuronx_venv_pytorch_inference_vllm_0_16/lib/python3.12/site-packages/neuronxcc/private_nkl/transpose.py:808:5: warning: 'neuronxcc.private_nkl.transpose._dve_transpose_large_cols_impl' is from the 'neuronxcc' package which is not supported in NKI kernels; use the 'nki' package instead
    _dve_transpose_large_cols_impl(in_tensor, out_tensor, num_shards, shard_id)
    ^
/opt/aws_neuronx_venv_pytorch_inference_vllm_0_16/lib/python3.12/site-packages/neuronxcc/private_nkl/transpose.py:810:5: warning: 'neuronxcc.private_nkl.transpose._dve_transpose_large_rows_impl' is from the 'neuronxcc' package which is not supported in NKI kernels; use the 'nki' package instead
    _dve_transpose_large_rows_impl(in_tensor, out_tensor, num_shards, shard_id)
    ^
/opt/aws_neuronx_venv_pytorch_inference_vllm_0_16/lib/python3.12/site-packages/neuronxcc/private_nkl/transpose.py:812:5: warning: 'neuronxcc.private_nkl.transpose._pe_transpose_impl' is from the 'neuronxcc' package which is not supported in NKI kernels; use the 'nki' package instead
    _pe_transpose_impl(in_tensor, out_tensor, num_shards, shard_id)
    ^
/opt/aws_neuronx_venv_pytorch_inference_vllm_0_16/lib/python3.12/site-packages/neuronxcc/private_nkl/transpose.py:38:10: warning: 'neuronxcc.private_nkl.transpose_utils.is_valid_permutation' is from the 'neuronxcc' package which is not supported in NKI kernels; use the 'nki' package instead
  assert is_valid_permutation(permutation), "input permutation is invalid"
         ^
/opt/aws_neuronx_venv_pytorch_inference_vllm_0_16/lib/python3.12/site-packages/neuronxcc/private_nkl/transpose.py:41:10: warning: 'neuronxcc.private_nkl.transpose_utils.n_elts' is from the 'neuronxcc' package which is not supported in NKI kernels; use the 'nki' package instead
  assert n_elts(in_shape) == n_elts(in_tensor.shape), "tensor shape is invalid"
         ^
/opt/aws_neuronx_venv_pytorch_inference_vllm_0_16/lib/python3.12/site-packages/neuronxcc/private_nkl/transpose.py:41:30: warning: 'neuronxcc.private_nkl.transpose_utils.n_elts' is from the 'neuronxcc' package which is not supported in NKI kernels; use the 'nki' package instead
  assert n_elts(in_shape) == n_elts(in_tensor.shape), "tensor shape is invalid"
                             ^
/opt/aws_neuronx_venv_pytorch_inference_vllm_0_16/lib/python3.12/site-packages/neuronxcc/private_nkl/transpose.py:32:20: warning: 'neuronxcc.private_nkl.utils.StackAllocator.sizeinbytes' is from the 'neuronxcc' package which is not supported in NKI kernels; use the 'nki' package instead
  return (98304 // sizeinbytes(dtype)) // 2
                   ^
/opt/aws_neuronx_venv_pytorch_inference_vllm_0_16/lib/python3.12/site-packages/neuronxcc/private_nkl/transpose.py:862:29: warning: 'neuronxcc.private_nkl.utils.kernel_helpers.get_program_sharding_info' is from the 'neuronxcc' package which is not supported in NKI kernels; use the 'nki' package instead
  _, num_shards, shard_id = get_program_sharding_info()
                            ^
/opt/aws_neuronx_venv_pytorch_inference_vllm_0_16/lib/python3.12/site-packages/neuronxcc/private_nkl/transpose.py:863:9: warning: 'neuronxcc.private_nkl.transpose._transpose_last_two_dims' is from the 'neuronxcc' package which is not supported in NKI kernels; use the 'nki' package instead
  out = _transpose_last_two_dims(in_tensor, in_shape, permutation, out_dtype, num_shards, shard_id)
        ^
/opt/aws_neuronx_venv_pytorch_inference_vllm_0_16/lib/python3.12/site-packages/neuronxcc/private_nkl/transpose_utils.py:71:10: warning: 'neuronxcc.private_nkl.transpose_utils.is_valid_permutation' is from the 'neuronxcc' package which is not supported in NKI kernels; use the 'nki' package instead
  if not is_valid_permutation(permutation):
         ^
/opt/aws_neuronx_venv_pytorch_inference_vllm_0_16/lib/python3.12/site-packages/neuronxcc/private_nkl/utils/tiled_range.py:66:23: warning: 'neuronxcc.private_nkl.utils.tiled_range.TiledRangeIterator' is from the 'neuronxcc' package which is not supported in NKI kernels; use the 'nki' package instead
  if isinstance(size, TiledRangeIterator):
                      ^
/opt/aws_neuronx_venv_pytorch_inference_vllm_0_16/lib/python3.12/site-packages/neuronxcc/private_nkl/utils/tiled_range.py:84:22: warning: 'neuronxcc.private_nkl.utils.tiled_range.TiledRangeIterator' is from the 'neuronxcc' package which is not supported in NKI kernels; use the 'nki' package instead
    iterators.append(TiledRangeIterator(current_tile_size, i, base_offset + relative_offset))
                     ^
/opt/aws_neuronx_venv_pytorch_inference_vllm_0_16/lib/python3.12/site-packages/neuronxcc/private_nkl/transpose.py:458:17: warning: 'neuronxcc.private_nkl.utils.tiled_range.TiledRange' is from the 'neuronxcc' package which is not supported in NKI kernels; use the 'nki' package instead
  I_128_tiles = TiledRange(I_tile, nl.tile_size.pmax)
                ^
/opt/aws_neuronx_venv_pytorch_inference_vllm_0_16/lib/python3.12/site-packages/neuronxcc/private_nkl/transpose.py:465:33: warning: 'neuronxcc.private_nkl.utils.tiled_range.TiledRange' is from the 'neuronxcc' package which is not supported in NKI kernels; use the 'nki' package instead
    for vectorization_factor in TiledRange(num_full_128_tiles_per_I_tile, VECTORIZATION_FACTOR):
                                ^
/opt/aws_neuronx_venv_pytorch_inference_vllm_0_16/lib/python3.12/site-packages/neuronxcc/private_nkl/transpose.py:284:16: warning: 'neuronxcc.private_nkl.transpose.max_f_size' is from the 'neuronxcc' package which is not supported in NKI kernels; use the 'nki' package instead
  MAX_F_SIZE = max_f_size(dtype)
               ^
/opt/aws_neuronx_venv_pytorch_inference_vllm_0_16/lib/python3.12/site-packages/neuronxcc/private_nkl/transpose.py:289:15: warning: 'neuronxcc.private_nkl.transpose_utils.next_multiple' is from the 'neuronxcc' package which is not supported in NKI kernels; use the 'nki' package instead
    return I, next_multiple(min(J, MAX_F_SIZE), 128)
              ^
/opt/aws_neuronx_venv_pytorch_inference_vllm_0_16/lib/python3.12/site-packages/neuronxcc/private_nkl/transpose.py:291:12: warning: 'neuronxcc.private_nkl.transpose_utils.next_multiple' is from the 'neuronxcc' package which is not supported in NKI kernels; use the 'nki' package instead
    return next_multiple(min(I, MAX_F_SIZE), 128), J
           ^
/opt/aws_neuronx_venv_pytorch_inference_vllm_0_16/lib/python3.12/site-packages/neuronxcc/private_nkl/transpose.py:302:19: warning: 'neuronxcc.private_nkl.transpose_utils.next_multiple' is from the 'neuronxcc' package which is not supported in NKI kernels; use the 'nki' package instead
    I_tile_size = next_multiple(I_tile_size, 128)
                  ^
/opt/aws_neuronx_venv_pytorch_inference_vllm_0_16/lib/python3.12/site-packages/neuronxcc/private_nkl/transpose.py:303:19: warning: 'neuronxcc.private_nkl.transpose_utils.next_multiple' is from the 'neuronxcc' package which is not supported in NKI kernels; use the 'nki' package instead
    J_tile_size = next_multiple(J_tile_size, 128)
                  ^
/opt/aws_neuronx_venv_pytorch_inference_vllm_0_16/lib/python3.12/site-packages/neuronxcc/private_nkl/transpose.py:681:17: warning: 'neuronxcc.private_nkl.utils.tiled_range.TiledRange' is from the 'neuronxcc' package which is not supported in NKI kernels; use the 'nki' package instead
  J_128_tiles = TiledRange(J_tile, nl.tile_size.pmax)
                ^
/opt/aws_neuronx_venv_pytorch_inference_vllm_0_16/lib/python3.12/site-packages/neuronxcc/private_nkl/transpose.py:688:33: warning: 'neuronxcc.private_nkl.utils.tiled_range.TiledRange' is from the 'neuronxcc' package which is not supported in NKI kernels; use the 'nki' package instead
    for vectorization_factor in TiledRange(num_full_128_tiles_per_J_tile, VECTORIZATION_FACTOR):
                                ^
/opt/aws_neuronx_venv_pytorch_inference_vllm_0_16/lib/python3.12/site-packages/neuronxcc/private_nkl/transpose.py:751:3: warning: 'neuronxcc.private_nkl.transpose.check_input_transpose' is from the 'neuronxcc' package which is not supported in NKI kernels; use the 'nki' package instead
  check_input_transpose(in_tensor, in_shape, permutation)
  ^
/opt/aws_neuronx_venv_pytorch_inference_vllm_0_16/lib/python3.12/site-packages/neuronxcc/private_nkl/transpose.py:757:33: warning: 'neuronxcc.private_nkl.transpose_utils.permutation_reduction' is from the 'neuronxcc' package which is not supported in NKI kernels; use the 'nki' package instead
  reduced_perm, reduced_shape = permutation_reduction(in_shape, permutation)
                                ^
/opt/aws_neuronx_venv_pytorch_inference_vllm_0_16/lib/python3.12/site-packages/neuronxcc/private_nkl/transpose.py:758:10: warning: 'neuronxcc.private_nkl.transpose_utils.permutes_last_two_dims' is from the 'neuronxcc' package which is not supported in NKI kernels; use the 'nki' package instead
  assert permutes_last_two_dims(reduced_perm), f"must permutate last two dims, got {reduced_perm}"
         ^
/opt/aws_neuronx_venv_pytorch_inference_vllm_0_16/lib/python3.12/site-packages/neuronxcc/private_nkl/transpose.py:763:11: warning: 'neuronxcc.private_nkl.transpose._str_to_dtype' is from the 'neuronxcc' package which is not supported in NKI kernels; use the 'nki' package instead
    dtype=_str_to_dtype(out_dtype),
          ^
/opt/aws_neuronx_venv_pytorch_inference_vllm_0_16/lib/python3.12/site-packages/neuronxcc/private_nkl/transpose.py:764:12: warning: 'neuronxcc.private_nkl.transpose_utils._get_hbm_buffer' is from the 'neuronxcc' package which is not supported in NKI kernels; use the 'nki' package instead
    buffer=_get_hbm_buffer(),
           ^
/opt/aws_neuronx_venv_pytorch_inference_vllm_0_16/lib/python3.12/site-packages/neuronxcc/private_nkl/transpose.py:767:3: warning: 'neuronxcc.private_nkl.transpose._pe_transpose_impl' is from the 'neuronxcc' package which is not supported in NKI kernels; use the 'nki' package instead
  _pe_transpose_impl(in_tensor, out_tensor, num_shards, shard_id)
  ^
/opt/aws_neuronx_venv_pytorch_inference_vllm_0_16/lib/python3.12/site-packages/neuronxcc/private_nkl/transpose.py:373:25: warning: 'neuronxcc.private_nkl.transpose_utils.n_elts' is from the 'neuronxcc' package which is not supported in NKI kernels; use the 'nki' package instead
  flattened_B_dim = int(n_elts(in_shape[:-2])) if in_shape[:-2] else 1
                        ^
/opt/aws_neuronx_venv_pytorch_inference_vllm_0_16/lib/python3.12/site-packages/neuronxcc/private_nkl/transpose.py:378:30: warning: 'neuronxcc.private_nkl.transpose._pe_optimal_tile_sizes' is from the 'neuronxcc' package which is not supported in NKI kernels; use the 'nki' package instead
  I_tile_size, J_tile_size = _pe_optimal_tile_sizes(I, J, in_tensor.dtype)
                             ^
/opt/aws_neuronx_venv_pytorch_inference_vllm_0_16/lib/python3.12/site-packages/neuronxcc/private_nkl/transpose.py:381:17: warning: 'neuronxcc.private_nkl.utils.kernel_helpers.div_ceil' is from the 'neuronxcc' package which is not supported in NKI kernels; use the 'nki' package instead
  b_per_shard = div_ceil(flattened_B_dim, num_shards)
                ^
/opt/aws_neuronx_venv_pytorch_inference_vllm_0_16/lib/python3.12/site-packages/neuronxcc/private_nkl/transpose.py:384:19: warning: 'neuronxcc.private_nkl.transpose._to_compute_dtype' is from the 'neuronxcc' package which is not supported in NKI kernels; use the 'nki' package instead
  compute_dtype = _to_compute_dtype(in_tensor.dtype)
                  ^
/opt/aws_neuronx_venv_pytorch_inference_vllm_0_16/lib/python3.12/site-packages/neuronxcc/private_nkl/transpose.py:398:19: warning: 'neuronxcc.private_nkl.utils.tiled_range.TiledRange' is from the 'neuronxcc' package which is not supported in NKI kernels; use the 'nki' package instead
    for I_tile in TiledRange(I, I_tile_size):
                  ^
/opt/aws_neuronx_venv_pytorch_inference_vllm_0_16/lib/python3.12/site-packages/neuronxcc/private_nkl/transpose.py:399:21: warning: 'neuronxcc.private_nkl.utils.tiled_range.TiledRange' is from the 'neuronxcc' package which is not supported in NKI kernels; use the 'nki' package instead
      for J_tile in TiledRange(J, J_tile_size):
                    ^
/opt/aws_neuronx_venv_pytorch_inference_vllm_0_16/lib/python3.12/site-packages/neuronxcc/private_nkl/transpose.py:400:23: warning: 'neuronxcc.private_nkl.utils.tiled_range.TiledRange' is from the 'neuronxcc' package which is not supported in NKI kernels; use the 'nki' package instead
        I_128_tiles = TiledRange(I_tile, nl.tile_size.pmax)
                      ^
/opt/aws_neuronx_venv_pytorch_inference_vllm_0_16/lib/python3.12/site-packages/neuronxcc/private_nkl/transpose.py:405:23: warning: 'neuronxcc.private_nkl.utils.tiled_range.TiledRange' is from the 'neuronxcc' package which is not supported in NKI kernels; use the 'nki' package instead
        J_128_tiles = TiledRange(J_tile, nl.tile_size.pmax)
                      ^
/opt/aws_neuronx_venv_pytorch_inference_vllm_0_16/lib/python3.12/site-packages/neuronxcc/private_nkl/transpose.py:411:9: warning: 'neuronxcc.private_nkl.transpose._pe_load_tile' is from the 'neuronxcc' package which is not supported in NKI kernels; use the 'nki' package instead
        _pe_load_tile(
        ^
/opt/aws_neuronx_venv_pytorch_inference_vllm_0_16/lib/python3.12/site-packages/neuronxcc/private_nkl/transpose.py:422:11: warning: 'neuronxcc.private_nkl.transpose._pe_transpose_tile_I_vectorized' is from the 'neuronxcc' package which is not supported in NKI kernels; use the 'nki' package instead
          _pe_transpose_tile_I_vectorized(
          ^
/opt/aws_neuronx_venv_pytorch_inference_vllm_0_16/lib/python3.12/site-packages/neuronxcc/private_nkl/transpose.py:430:11: warning: 'neuronxcc.private_nkl.transpose._pe_transpose_tile_J_vectorized' is from the 'neuronxcc' package which is not supported in NKI kernels; use the 'nki' package instead
          _pe_transpose_tile_J_vectorized(
          ^
/opt/aws_neuronx_venv_pytorch_inference_vllm_0_16/lib/python3.12/site-packages/neuronxcc/private_nkl/transpose.py:438:9: warning: 'neuronxcc.private_nkl.transpose._pe_store_tile' is from the 'neuronxcc' package which is not supported in NKI kernels; use the 'nki' package instead
        _pe_store_tile(
        ^
/opt/aws_neuronx_venv_pytorch_inference_vllm_0_16/lib/python3.12/site-packages/neuronxcc/private_nkl/transpose.py:527:17: warning: 'neuronxcc.private_nkl.utils.tiled_range.TiledRange' is from the 'neuronxcc' package which is not supported in NKI kernels; use the 'nki' package instead
  I_128_tiles = TiledRange(I_tile, nl.tile_size.pmax)
                ^
/opt/aws_neuronx_venv_pytorch_inference_vllm_0_16/lib/python3.12/site-packages/neuronxcc/private_nkl/transpose.py:529:17: warning: 'neuronxcc.private_nkl.utils.tiled_range.TiledRange' is from the 'neuronxcc' package which is not supported in NKI kernels; use the 'nki' package instead
  J_128_tiles = TiledRange(J_tile, nl.tile_size.pmax)
                ^
/opt/aws_neuronx_venv_pytorch_inference_vllm_0_16/lib/python3.12/site-packages/neuronxcc/private_nkl/transpose.py:538:21: warning: 'neuronxcc.private_nkl.utils.tiled_range.TiledRange' is from the 'neuronxcc' package which is not supported in NKI kernels; use the 'nki' package instead
  for J_128_tile in TiledRange(J_tile.size, nl.tile_size.pmax):
                    ^
/opt/aws_neuronx_venv_pytorch_inference_vllm_0_16/lib/python3.12/site-packages/neuronxcc/private_nkl/transpose.py:539:23: warning: 'neuronxcc.private_nkl.utils.tiled_range.TiledRange' is from the 'neuronxcc' package which is not supported in NKI kernels; use the 'nki' package instead
    for I_512_tile in TiledRange(I_tile.size, nl.tile_size.psum_fmax):
                      ^
/opt/aws_neuronx_venv_pytorch_inference_vllm_0_16/lib/python3.12/site-packages/neuronxcc/private_nkl/transpose.py:551:25: warning: 'neuronxcc.private_nkl.utils.tiled_range.TiledRange' is from the 'neuronxcc' package which is not supported in NKI kernels; use the 'nki' package instead
      for I_128_tile in TiledRange(I_512_tile, nl.tile_size.pmax):
                        ^
/opt/aws_neuronx_venv_pytorch_inference_vllm_0_16/lib/python3.12/site-packages/neuronxcc/private_nkl/transpose.py:569:7: warning: 'neuronxcc.private_nkl.transpose._copy_with_engine' is from the 'neuronxcc' package which is not supported in NKI kernels; use the 'nki' package instead
      _copy_with_engine(
      ^
/opt/aws_neuronx_venv_pytorch_inference_vllm_0_16/lib/python3.12/site-packages/neuronxcc/private_nkl/transpose.py:586:17: warning: 'neuronxcc.private_nkl.utils.tiled_range.TiledRange' is from the 'neuronxcc' package which is not supported in NKI kernels; use the 'nki' package instead
  I_128_tiles = TiledRange(I_tile, nl.tile_size.pmax)
                ^
/opt/aws_neuronx_venv_pytorch_inference_vllm_0_16/lib/python3.12/site-packages/neuronxcc/private_nkl/transpose.py:588:17: warning: 'neuronxcc.private_nkl.utils.tiled_range.TiledRange' is from the 'neuronxcc' package which is not supported in NKI kernels; use the 'nki' package instead
  J_128_tiles = TiledRange(J_tile, nl.tile_size.pmax)
                ^
/opt/aws_neuronx_venv_pytorch_inference_vllm_0_16/lib/python3.12/site-packages/neuronxcc/private_nkl/transpose.py:596:21: warning: 'neuronxcc.private_nkl.utils.tiled_range.TiledRange' is from the 'neuronxcc' package which is not supported in NKI kernels; use the 'nki' package instead
  for I_128_tile in TiledRange(I_tile.size, nl.tile_size.pmax):
                    ^
/opt/aws_neuronx_venv_pytorch_inference_vllm_0_16/lib/python3.12/site-packages/neuronxcc/private_nkl/transpose.py:597:23: warning: 'neuronxcc.private_nkl.utils.tiled_range.TiledRange' is from the 'neuronxcc' package which is not supported in NKI kernels; use the 'nki' package instead
    for J_512_tile in TiledRange(J_tile.size, nl.tile_size.psum_fmax):
                      ^
/opt/aws_neuronx_venv_pytorch_inference_vllm_0_16/lib/python3.12/site-packages/neuronxcc/private_nkl/transpose.py:609:25: warning: 'neuronxcc.private_nkl.utils.tiled_range.TiledRange' is from the 'neuronxcc' package which is not supported in NKI kernels; use the 'nki' package instead
      for J_128_tile in TiledRange(J_512_tile, nl.tile_size.pmax):
                        ^
/opt/aws_neuronx_venv_pytorch_inference_vllm_0_16/lib/python3.12/site-packages/neuronxcc/private_nkl/transpose.py:628:9: warning: 'neuronxcc.private_nkl.transpose._copy_with_engine' is from the 'neuronxcc' package which is not supported in NKI kernels; use the 'nki' package instead
        _copy_with_engine(
        ^
/opt/aws_neuronx_venv_pytorch_inference_vllm_0_16/lib/python3.12/site-packages/neuronxcc/private_nkl/transpose.py:652:9: warning: 'neuronxcc.private_nkl.transpose._copy_with_engine' is from the 'neuronxcc' package which is not supported in NKI kernels; use the 'nki' package instead
        _copy_with_engine(
        ^
/opt/aws_neuronx_venv_pytorch_inference_vllm_0_16/lib/python3.12/site-packages/neuronxcc/private_nkl/transpose.py:38:10: warning: 'neuronxcc.private_nkl.transpose_utils.is_valid_permutation' is from the 'neuronxcc' package which is not supported in NKI kernels; use the 'nki' package instead
  assert is_valid_permutation(permutation), "input permutation is invalid"
         ^
/opt/aws_neuronx_venv_pytorch_inference_vllm_0_16/lib/python3.12/site-packages/neuronxcc/private_nkl/transpose.py:41:10: warning: 'neuronxcc.private_nkl.transpose_utils.n_elts' is from the 'neuronxcc' package which is not supported in NKI kernels; use the 'nki' package instead
  assert n_elts(in_shape) == n_elts(in_tensor.shape), "tensor shape is invalid"
         ^
/opt/aws_neuronx_venv_pytorch_inference_vllm_0_16/lib/python3.12/site-packages/neuronxcc/private_nkl/transpose.py:41:30: warning: 'neuronxcc.private_nkl.transpose_utils.n_elts' is from the 'neuronxcc' package which is not supported in NKI kernels; use the 'nki' package instead
  assert n_elts(in_shape) == n_elts(in_tensor.shape), "tensor shape is invalid"
                             ^
/opt/aws_neuronx_venv_pytorch_inference_vllm_0_16/lib/python3.12/site-packages/neuronxcc/private_nkl/transpose.py:32:20: warning: 'neuronxcc.private_nkl.utils.StackAllocator.sizeinbytes' is from the 'neuronxcc' package which is not supported in NKI kernels; use the 'nki' package instead
  return (98304 // sizeinbytes(dtype)) // 2
                   ^
/opt/aws_neuronx_venv_pytorch_inference_vllm_0_16/lib/python3.12/site-packages/neuronxcc/private_nkl/transpose.py:886:29: warning: 'neuronxcc.private_nkl.utils.kernel_helpers.get_program_sharding_info' is from the 'neuronxcc' package which is not supported in NKI kernels; use the 'nki' package instead
  _, num_shards, shard_id = get_program_sharding_info()
                            ^
/opt/aws_neuronx_venv_pytorch_inference_vllm_0_16/lib/python3.12/site-packages/neuronxcc/private_nkl/transpose.py:887:9: warning: 'neuronxcc.private_nkl.transpose._pe_transpose' is from the 'neuronxcc' package which is not supported in NKI kernels; use the 'nki' package instead
  out = _pe_transpose(in_tensor, in_shape, permutation, out_dtype, num_shards, shard_id)
        ^
/opt/aws_neuronx_venv_pytorch_inference_vllm_0_16/lib/python3.12/site-packages/neuronxcc/private_nkl/transpose_utils.py:71:10: warning: 'neuronxcc.private_nkl.transpose_utils.is_valid_permutation' is from the 'neuronxcc' package which is not supported in NKI kernels; use the 'nki' package instead
  if not is_valid_permutation(permutation):
         ^
/opt/aws_neuronx_venv_pytorch_inference_vllm_0_16/lib/python3.12/site-packages/neuronxcc/private_nkl/utils/tiled_range.py:66:23: warning: 'neuronxcc.private_nkl.utils.tiled_range.TiledRangeIterator' is from the 'neuronxcc' package which is not supported in NKI kernels; use the 'nki' package instead
  if isinstance(size, TiledRangeIterator):
                      ^
/opt/aws_neuronx_venv_pytorch_inference_vllm_0_16/lib/python3.12/site-packages/neuronxcc/private_nkl/utils/tiled_range.py:84:22: warning: 'neuronxcc.private_nkl.utils.tiled_range.TiledRangeIterator' is from the 'neuronxcc' package which is not supported in NKI kernels; use the 'nki' package instead
    iterators.append(TiledRangeIterator(current_tile_size, i, base_offset + relative_offset))
                     ^
/opt/aws_neuronx_venv_pytorch_inference_vllm_0_16/lib/python3.12/site-packages/neuronxcc/private_nkl/transpose.py:458:17: warning: 'neuronxcc.private_nkl.utils.tiled_range.TiledRange' is from the 'neuronxcc' package which is not supported in NKI kernels; use the 'nki' package instead
  I_128_tiles = TiledRange(I_tile, nl.tile_size.pmax)
                ^
/opt/aws_neuronx_venv_pytorch_inference_vllm_0_16/lib/python3.12/site-packages/neuronxcc/private_nkl/transpose.py:465:33: warning: 'neuronxcc.private_nkl.utils.tiled_range.TiledRange' is from the 'neuronxcc' package which is not supported in NKI kernels; use the 'nki' package instead
    for vectorization_factor in TiledRange(num_full_128_tiles_per_I_tile, VECTORIZATION_FACTOR):
                                ^
/opt/aws_neuronx_venv_pytorch_inference_vllm_0_16/lib/python3.12/site-packages/neuronxcc/private_nkl/transpose.py:284:16: warning: 'neuronxcc.private_nkl.transpose.max_f_size' is from the 'neuronxcc' package which is not supported in NKI kernels; use the 'nki' package instead
  MAX_F_SIZE = max_f_size(dtype)
               ^
/opt/aws_neuronx_venv_pytorch_inference_vllm_0_16/lib/python3.12/site-packages/neuronxcc/private_nkl/transpose.py:289:15: warning: 'neuronxcc.private_nkl.transpose_utils.next_multiple' is from the 'neuronxcc' package which is not supported in NKI kernels; use the 'nki' package instead
    return I, next_multiple(min(J, MAX_F_SIZE), 128)
              ^
/opt/aws_neuronx_venv_pytorch_inference_vllm_0_16/lib/python3.12/site-packages/neuronxcc/private_nkl/transpose.py:291:12: warning: 'neuronxcc.private_nkl.transpose_utils.next_multiple' is from the 'neuronxcc' package which is not supported in NKI kernels; use the 'nki' package instead
    return next_multiple(min(I, MAX_F_SIZE), 128), J
           ^
/opt/aws_neuronx_venv_pytorch_inference_vllm_0_16/lib/python3.12/site-packages/neuronxcc/private_nkl/transpose.py:302:19: warning: 'neuronxcc.private_nkl.transpose_utils.next_multiple' is from the 'neuronxcc' package which is not supported in NKI kernels; use the 'nki' package instead
    I_tile_size = next_multiple(I_tile_size, 128)
                  ^
/opt/aws_neuronx_venv_pytorch_inference_vllm_0_16/lib/python3.12/site-packages/neuronxcc/private_nkl/transpose.py:303:19: warning: 'neuronxcc.private_nkl.transpose_utils.next_multiple' is from the 'neuronxcc' package which is not supported in NKI kernels; use the 'nki' package instead
    J_tile_size = next_multiple(J_tile_size, 128)
                  ^
/opt/aws_neuronx_venv_pytorch_inference_vllm_0_16/lib/python3.12/site-packages/neuronxcc/private_nkl/transpose.py:681:17: warning: 'neuronxcc.private_nkl.utils.tiled_range.TiledRange' is from the 'neuronxcc' package which is not supported in NKI kernels; use the 'nki' package instead
  J_128_tiles = TiledRange(J_tile, nl.tile_size.pmax)
                ^
/opt/aws_neuronx_venv_pytorch_inference_vllm_0_16/lib/python3.12/site-packages/neuronxcc/private_nkl/transpose.py:688:33: warning: 'neuronxcc.private_nkl.utils.tiled_range.TiledRange' is from the 'neuronxcc' package which is not supported in NKI kernels; use the 'nki' package instead
    for vectorization_factor in TiledRange(num_full_128_tiles_per_J_tile, VECTORIZATION_FACTOR):
                                ^
/opt/aws_neuronx_venv_pytorch_inference_vllm_0_16/lib/python3.12/site-packages/neuronxcc/private_nkl/transpose.py:751:3: warning: 'neuronxcc.private_nkl.transpose.check_input_transpose' is from the 'neuronxcc' package which is not supported in NKI kernels; use the 'nki' package instead
  check_input_transpose(in_tensor, in_shape, permutation)
  ^
/opt/aws_neuronx_venv_pytorch_inference_vllm_0_16/lib/python3.12/site-packages/neuronxcc/private_nkl/transpose.py:757:33: warning: 'neuronxcc.private_nkl.transpose_utils.permutation_reduction' is from the 'neuronxcc' package which is not supported in NKI kernels; use the 'nki' package instead
  reduced_perm, reduced_shape = permutation_reduction(in_shape, permutation)
                                ^
/opt/aws_neuronx_venv_pytorch_inference_vllm_0_16/lib/python3.12/site-packages/neuronxcc/private_nkl/transpose.py:758:10: warning: 'neuronxcc.private_nkl.transpose_utils.permutes_last_two_dims' is from the 'neuronxcc' package which is not supported in NKI kernels; use the 'nki' package instead
  assert permutes_last_two_dims(reduced_perm), f"must permutate last two dims, got {reduced_perm}"
         ^
/opt/aws_neuronx_venv_pytorch_inference_vllm_0_16/lib/python3.12/site-packages/neuronxcc/private_nkl/transpose.py:763:11: warning: 'neuronxcc.private_nkl.transpose._str_to_dtype' is from the 'neuronxcc' package which is not supported in NKI kernels; use the 'nki' package instead
    dtype=_str_to_dtype(out_dtype),
          ^
/opt/aws_neuronx_venv_pytorch_inference_vllm_0_16/lib/python3.12/site-packages/neuronxcc/private_nkl/transpose.py:764:12: warning: 'neuronxcc.private_nkl.transpose_utils._get_hbm_buffer' is from the 'neuronxcc' package which is not supported in NKI kernels; use the 'nki' package instead
    buffer=_get_hbm_buffer(),
           ^
/opt/aws_neuronx_venv_pytorch_inference_vllm_0_16/lib/python3.12/site-packages/neuronxcc/private_nkl/transpose.py:767:3: warning: 'neuronxcc.private_nkl.transpose._pe_transpose_impl' is from the 'neuronxcc' package which is not supported in NKI kernels; use the 'nki' package instead
  _pe_transpose_impl(in_tensor, out_tensor, num_shards, shard_id)
  ^
/opt/aws_neuronx_venv_pytorch_inference_vllm_0_16/lib/python3.12/site-packages/neuronxcc/private_nkl/transpose.py:373:25: warning: 'neuronxcc.private_nkl.transpose_utils.n_elts' is from the 'neuronxcc' package which is not supported in NKI kernels; use the 'nki' package instead
  flattened_B_dim = int(n_elts(in_shape[:-2])) if in_shape[:-2] else 1
                        ^
/opt/aws_neuronx_venv_pytorch_inference_vllm_0_16/lib/python3.12/site-packages/neuronxcc/private_nkl/transpose.py:378:30: warning: 'neuronxcc.private_nkl.transpose._pe_optimal_tile_sizes' is from the 'neuronxcc' package which is not supported in NKI kernels; use the 'nki' package instead
  I_tile_size, J_tile_size = _pe_optimal_tile_sizes(I, J, in_tensor.dtype)
                             ^
/opt/aws_neuronx_venv_pytorch_inference_vllm_0_16/lib/python3.12/site-packages/neuronxcc/private_nkl/transpose.py:381:17: warning: 'neuronxcc.private_nkl.utils.kernel_helpers.div_ceil' is from the 'neuronxcc' package which is not supported in NKI kernels; use the 'nki' package instead
  b_per_shard = div_ceil(flattened_B_dim, num_shards)
                ^
/opt/aws_neuronx_venv_pytorch_inference_vllm_0_16/lib/python3.12/site-packages/neuronxcc/private_nkl/transpose.py:384:19: warning: 'neuronxcc.private_nkl.transpose._to_compute_dtype' is from the 'neuronxcc' package which is not supported in NKI kernels; use the 'nki' package instead
  compute_dtype = _to_compute_dtype(in_tensor.dtype)
                  ^
/opt/aws_neuronx_venv_pytorch_inference_vllm_0_16/lib/python3.12/site-packages/neuronxcc/private_nkl/transpose.py:398:19: warning: 'neuronxcc.private_nkl.utils.tiled_range.TiledRange' is from the 'neuronxcc' package which is not supported in NKI kernels; use the 'nki' package instead
    for I_tile in TiledRange(I, I_tile_size):
                  ^
/opt/aws_neuronx_venv_pytorch_inference_vllm_0_16/lib/python3.12/site-packages/neuronxcc/private_nkl/transpose.py:399:21: warning: 'neuronxcc.private_nkl.utils.tiled_range.TiledRange' is from the 'neuronxcc' package which is not supported in NKI kernels; use the 'nki' package instead
      for J_tile in TiledRange(J, J_tile_size):
                    ^
/opt/aws_neuronx_venv_pytorch_inference_vllm_0_16/lib/python3.12/site-packages/neuronxcc/private_nkl/transpose.py:400:23: warning: 'neuronxcc.private_nkl.utils.tiled_range.TiledRange' is from the 'neuronxcc' package which is not supported in NKI kernels; use the 'nki' package instead
        I_128_tiles = TiledRange(I_tile, nl.tile_size.pmax)
                      ^
/opt/aws_neuronx_venv_pytorch_inference_vllm_0_16/lib/python3.12/site-packages/neuronxcc/private_nkl/transpose.py:405:23: warning: 'neuronxcc.private_nkl.utils.tiled_range.TiledRange' is from the 'neuronxcc' package which is not supported in NKI kernels; use the 'nki' package instead
        J_128_tiles = TiledRange(J_tile, nl.tile_size.pmax)
                      ^
/opt/aws_neuronx_venv_pytorch_inference_vllm_0_16/lib/python3.12/site-packages/neuronxcc/private_nkl/transpose.py:411:9: warning: 'neuronxcc.private_nkl.transpose._pe_load_tile' is from the 'neuronxcc' package which is not supported in NKI kernels; use the 'nki' package instead
        _pe_load_tile(
        ^
/opt/aws_neuronx_venv_pytorch_inference_vllm_0_16/lib/python3.12/site-packages/neuronxcc/private_nkl/transpose.py:422:11: warning: 'neuronxcc.private_nkl.transpose._pe_transpose_tile_I_vectorized' is from the 'neuronxcc' package which is not supported in NKI kernels; use the 'nki' package instead
          _pe_transpose_tile_I_vectorized(
          ^
/opt/aws_neuronx_venv_pytorch_inference_vllm_0_16/lib/python3.12/site-packages/neuronxcc/private_nkl/transpose.py:430:11: warning: 'neuronxcc.private_nkl.transpose._pe_transpose_tile_J_vectorized' is from the 'neuronxcc' package which is not supported in NKI kernels; use the 'nki' package instead
          _pe_transpose_tile_J_vectorized(
          ^
/opt/aws_neuronx_venv_pytorch_inference_vllm_0_16/lib/python3.12/site-packages/neuronxcc/private_nkl/transpose.py:438:9: warning: 'neuronxcc.private_nkl.transpose._pe_store_tile' is from the 'neuronxcc' package which is not supported in NKI kernels; use the 'nki' package instead
        _pe_store_tile(
        ^
/opt/aws_neuronx_venv_pytorch_inference_vllm_0_16/lib/python3.12/site-packages/neuronxcc/private_nkl/transpose.py:527:17: warning: 'neuronxcc.private_nkl.utils.tiled_range.TiledRange' is from the 'neuronxcc' package which is not supported in NKI kernels; use the 'nki' package instead
  I_128_tiles = TiledRange(I_tile, nl.tile_size.pmax)
                ^
/opt/aws_neuronx_venv_pytorch_inference_vllm_0_16/lib/python3.12/site-packages/neuronxcc/private_nkl/transpose.py:529:17: warning: 'neuronxcc.private_nkl.utils.tiled_range.TiledRange' is from the 'neuronxcc' package which is not supported in NKI kernels; use the 'nki' package instead
  J_128_tiles = TiledRange(J_tile, nl.tile_size.pmax)
                ^
/opt/aws_neuronx_venv_pytorch_inference_vllm_0_16/lib/python3.12/site-packages/neuronxcc/private_nkl/transpose.py:538:21: warning: 'neuronxcc.private_nkl.utils.tiled_range.TiledRange' is from the 'neuronxcc' package which is not supported in NKI kernels; use the 'nki' package instead
  for J_128_tile in TiledRange(J_tile.size, nl.tile_size.pmax):
                    ^
/opt/aws_neuronx_venv_pytorch_inference_vllm_0_16/lib/python3.12/site-packages/neuronxcc/private_nkl/transpose.py:539:23: warning: 'neuronxcc.private_nkl.utils.tiled_range.TiledRange' is from the 'neuronxcc' package which is not supported in NKI kernels; use the 'nki' package instead
    for I_512_tile in TiledRange(I_tile.size, nl.tile_size.psum_fmax):
                      ^
/opt/aws_neuronx_venv_pytorch_inference_vllm_0_16/lib/python3.12/site-packages/neuronxcc/private_nkl/transpose.py:551:25: warning: 'neuronxcc.private_nkl.utils.tiled_range.TiledRange' is from the 'neuronxcc' package which is not supported in NKI kernels; use the 'nki' package instead
      for I_128_tile in TiledRange(I_512_tile, nl.tile_size.pmax):
                        ^
/opt/aws_neuronx_venv_pytorch_inference_vllm_0_16/lib/python3.12/site-packages/neuronxcc/private_nkl/transpose.py:569:7: warning: 'neuronxcc.private_nkl.transpose._copy_with_engine' is from the 'neuronxcc' package which is not supported in NKI kernels; use the 'nki' package instead
      _copy_with_engine(
      ^
/opt/aws_neuronx_venv_pytorch_inference_vllm_0_16/lib/python3.12/site-packages/neuronxcc/private_nkl/transpose.py:586:17: warning: 'neuronxcc.private_nkl.utils.tiled_range.TiledRange' is from the 'neuronxcc' package which is not supported in NKI kernels; use the 'nki' package instead
  I_128_tiles = TiledRange(I_tile, nl.tile_size.pmax)
                ^
/opt/aws_neuronx_venv_pytorch_inference_vllm_0_16/lib/python3.12/site-packages/neuronxcc/private_nkl/transpose.py:588:17: warning: 'neuronxcc.private_nkl.utils.tiled_range.TiledRange' is from the 'neuronxcc' package which is not supported in NKI kernels; use the 'nki' package instead
  J_128_tiles = TiledRange(J_tile, nl.tile_size.pmax)
                ^
/opt/aws_neuronx_venv_pytorch_inference_vllm_0_16/lib/python3.12/site-packages/neuronxcc/private_nkl/transpose.py:596:21: warning: 'neuronxcc.private_nkl.utils.tiled_range.TiledRange' is from the 'neuronxcc' package which is not supported in NKI kernels; use the 'nki' package instead
  for I_128_tile in TiledRange(I_tile.size, nl.tile_size.pmax):
                    ^
/opt/aws_neuronx_venv_pytorch_inference_vllm_0_16/lib/python3.12/site-packages/neuronxcc/private_nkl/transpose.py:597:23: warning: 'neuronxcc.private_nkl.utils.tiled_range.TiledRange' is from the 'neuronxcc' package which is not supported in NKI kernels; use the 'nki' package instead
    for J_512_tile in TiledRange(J_tile.size, nl.tile_size.psum_fmax):
                      ^
/opt/aws_neuronx_venv_pytorch_inference_vllm_0_16/lib/python3.12/site-packages/neuronxcc/private_nkl/transpose.py:609:25: warning: 'neuronxcc.private_nkl.utils.tiled_range.TiledRange' is from the 'neuronxcc' package which is not supported in NKI kernels; use the 'nki' package instead
      for J_128_tile in TiledRange(J_512_tile, nl.tile_size.pmax):
                        ^
/opt/aws_neuronx_venv_pytorch_inference_vllm_0_16/lib/python3.12/site-packages/neuronxcc/private_nkl/transpose.py:628:9: warning: 'neuronxcc.private_nkl.transpose._copy_with_engine' is from the 'neuronxcc' package which is not supported in NKI kernels; use the 'nki' package instead
        _copy_with_engine(
        ^
/opt/aws_neuronx_venv_pytorch_inference_vllm_0_16/lib/python3.12/site-packages/neuronxcc/private_nkl/transpose.py:652:9: warning: 'neuronxcc.private_nkl.transpose._copy_with_engine' is from the 'neuronxcc' package which is not supported in NKI kernels; use the 'nki' package instead
        _copy_with_engine(
        ^
/opt/aws_neuronx_venv_pytorch_inference_vllm_0_16/lib/python3.12/site-packages/neuronxcc/private_nkl/transpose.py:38:10: warning: 'neuronxcc.private_nkl.transpose_utils.is_valid_permutation' is from the 'neuronxcc' package which is not supported in NKI kernels; use the 'nki' package instead
  assert is_valid_permutation(permutation), "input permutation is invalid"
         ^
/opt/aws_neuronx_venv_pytorch_inference_vllm_0_16/lib/python3.12/site-packages/neuronxcc/private_nkl/transpose.py:41:10: warning: 'neuronxcc.private_nkl.transpose_utils.n_elts' is from the 'neuronxcc' package which is not supported in NKI kernels; use the 'nki' package instead
  assert n_elts(in_shape) == n_elts(in_tensor.shape), "tensor shape is invalid"
         ^
/opt/aws_neuronx_venv_pytorch_inference_vllm_0_16/lib/python3.12/site-packages/neuronxcc/private_nkl/transpose.py:41:30: warning: 'neuronxcc.private_nkl.transpose_utils.n_elts' is from the 'neuronxcc' package which is not supported in NKI kernels; use the 'nki' package instead
  assert n_elts(in_shape) == n_elts(in_tensor.shape), "tensor shape is invalid"
                             ^
/opt/aws_neuronx_venv_pytorch_inference_vllm_0_16/lib/python3.12/site-packages/neuronxcc/private_nkl/transpose.py:32:20: warning: 'neuronxcc.private_nkl.utils.StackAllocator.sizeinbytes' is from the 'neuronxcc' package which is not supported in NKI kernels; use the 'nki' package instead
  return (98304 // sizeinbytes(dtype)) // 2
                   ^
/opt/aws_neuronx_venv_pytorch_inference_vllm_0_16/lib/python3.12/site-packages/neuronxcc/private_nkl/transpose.py:886:29: warning: 'neuronxcc.private_nkl.utils.kernel_helpers.get_program_sharding_info' is from the 'neuronxcc' package which is not supported in NKI kernels; use the 'nki' package instead
  _, num_shards, shard_id = get_program_sharding_info()
                            ^
/opt/aws_neuronx_venv_pytorch_inference_vllm_0_16/lib/python3.12/site-packages/neuronxcc/private_nkl/transpose.py:887:9: warning: 'neuronxcc.private_nkl.transpose._pe_transpose' is from the 'neuronxcc' package which is not supported in NKI kernels; use the 'nki' package instead
  out = _pe_transpose(in_tensor, in_shape, permutation, out_dtype, num_shards, shard_id)
        ^
/opt/aws_neuronx_venv_pytorch_inference_vllm_0_16/lib/python3.12/site-packages/neuronxcc/private_nkl/transpose_utils.py:71:10: warning: 'neuronxcc.private_nkl.transpose_utils.is_valid_permutation' is from the 'neuronxcc' package which is not supported in NKI kernels; use the 'nki' package instead
  if not is_valid_permutation(permutation):
         ^
/opt/aws_neuronx_venv_pytorch_inference_vllm_0_16/lib/python3.12/site-packages/neuronxcc/private_nkl/utils/tiled_range.py:66:23: warning: 'neuronxcc.private_nkl.utils.tiled_range.TiledRangeIterator' is from the 'neuronxcc' package which is not supported in NKI kernels; use the 'nki' package instead
  if isinstance(size, TiledRangeIterator):
                      ^
/opt/aws_neuronx_venv_pytorch_inference_vllm_0_16/lib/python3.12/site-packages/neuronxcc/private_nkl/utils/tiled_range.py:84:22: warning: 'neuronxcc.private_nkl.utils.tiled_range.TiledRangeIterator' is from the 'neuronxcc' package which is not supported in NKI kernels; use the 'nki' package instead
    iterators.append(TiledRangeIterator(current_tile_size, i, base_offset + relative_offset))
                     ^
./opt/aws_neuronx_venv_pytorch_inference_vllm_0_16/lib/python3.12/site-packages/neuronxcc/private_nkl/transpose.py:458:17: warning: 'neuronxcc.private_nkl.utils.tiled_range.TiledRange' is from the 'neuronxcc' package which is not supported in NKI kernels; use the 'nki' package instead
  I_128_tiles = TiledRange(I_tile, nl.tile_size.pmax)
                ^
/opt/aws_neuronx_venv_pytorch_inference_vllm_0_16/lib/python3.12/site-packages/neuronxcc/private_nkl/transpose.py:465:33: warning: 'neuronxcc.private_nkl.utils.tiled_range.TiledRange' is from the 'neuronxcc' package which is not supported in NKI kernels; use the 'nki' package instead
    for vectorization_factor in TiledRange(num_full_128_tiles_per_I_tile, VECTORIZATION_FACTOR):
                                ^
/opt/aws_neuronx_venv_pytorch_inference_vllm_0_16/lib/python3.12/site-packages/neuronxcc/private_nkl/transpose.py:284:16: warning: 'neuronxcc.private_nkl.transpose.max_f_size' is from the 'neuronxcc' package which is not supported in NKI kernels; use the 'nki' package instead
  MAX_F_SIZE = max_f_size(dtype)
               ^
/opt/aws_neuronx_venv_pytorch_inference_vllm_0_16/lib/python3.12/site-packages/neuronxcc/private_nkl/transpose.py:289:15: warning: 'neuronxcc.private_nkl.transpose_utils.next_multiple' is from the 'neuronxcc' package which is not supported in NKI kernels; use the 'nki' package instead
    return I, next_multiple(min(J, MAX_F_SIZE), 128)
              ^
/opt/aws_neuronx_venv_pytorch_inference_vllm_0_16/lib/python3.12/site-packages/neuronxcc/private_nkl/transpose.py:291:12: warning: 'neuronxcc.private_nkl.transpose_utils.next_multiple' is from the 'neuronxcc' package which is not supported in NKI kernels; use the 'nki' package instead
    return next_multiple(min(I, MAX_F_SIZE), 128), J
           ^
/opt/aws_neuronx_venv_pytorch_inference_vllm_0_16/lib/python3.12/site-packages/neuronxcc/private_nkl/transpose.py:302:19: warning: 'neuronxcc.private_nkl.transpose_utils.next_multiple' is from the 'neuronxcc' package which is not supported in NKI kernels; use the 'nki' package instead
    I_tile_size = next_multiple(I_tile_size, 128)
                  ^
/opt/aws_neuronx_venv_pytorch_inference_vllm_0_16/lib/python3.12/site-packages/neuronxcc/private_nkl/transpose.py:303:19: warning: 'neuronxcc.private_nkl.transpose_utils.next_multiple' is from the 'neuronxcc' package which is not supported in NKI kernels; use the 'nki' package instead
    J_tile_size = next_multiple(J_tile_size, 128)
                  ^
/opt/aws_neuronx_venv_pytorch_inference_vllm_0_16/lib/python3.12/site-packages/neuronxcc/private_nkl/transpose.py:681:17: warning: 'neuronxcc.private_nkl.utils.tiled_range.TiledRange' is from the 'neuronxcc' package which is not supported in NKI kernels; use the 'nki' package instead
  J_128_tiles = TiledRange(J_tile, nl.tile_size.pmax)
                ^
/opt/aws_neuronx_venv_pytorch_inference_vllm_0_16/lib/python3.12/site-packages/neuronxcc/private_nkl/transpose.py:688:33: warning: 'neuronxcc.private_nkl.utils.tiled_range.TiledRange' is from the 'neuronxcc' package which is not supported in NKI kernels; use the 'nki' package instead
    for vectorization_factor in TiledRange(num_full_128_tiles_per_J_tile, VECTORIZATION_FACTOR):
                                ^
/opt/aws_neuronx_venv_pytorch_inference_vllm_0_16/lib/python3.12/site-packages/neuronxcc/private_nkl/transpose.py:751:3: warning: 'neuronxcc.private_nkl.transpose.check_input_transpose' is from the 'neuronxcc' package which is not supported in NKI kernels; use the 'nki' package instead
  check_input_transpose(in_tensor, in_shape, permutation)
  ^
/opt/aws_neuronx_venv_pytorch_inference_vllm_0_16/lib/python3.12/site-packages/neuronxcc/private_nkl/transpose.py:757:33: warning: 'neuronxcc.private_nkl.transpose_utils.permutation_reduction' is from the 'neuronxcc' package which is not supported in NKI kernels; use the 'nki' package instead
  reduced_perm, reduced_shape = permutation_reduction(in_shape, permutation)
                                ^
/opt/aws_neuronx_venv_pytorch_inference_vllm_0_16/lib/python3.12/site-packages/neuronxcc/private_nkl/transpose.py:758:10: warning: 'neuronxcc.private_nkl.transpose_utils.permutes_last_two_dims' is from the 'neuronxcc' package which is not supported in NKI kernels; use the 'nki' package instead
  assert permutes_last_two_dims(reduced_perm), f"must permutate last two dims, got {reduced_perm}"
         ^
/opt/aws_neuronx_venv_pytorch_inference_vllm_0_16/lib/python3.12/site-packages/neuronxcc/private_nkl/transpose.py:763:11: warning: 'neuronxcc.private_nkl.transpose._str_to_dtype' is from the 'neuronxcc' package which is not supported in NKI kernels; use the 'nki' package instead
    dtype=_str_to_dtype(out_dtype),
          ^
/opt/aws_neuronx_venv_pytorch_inference_vllm_0_16/lib/python3.12/site-packages/neuronxcc/private_nkl/transpose.py:764:12: warning: 'neuronxcc.private_nkl.transpose_utils._get_hbm_buffer' is from the 'neuronxcc' package which is not supported in NKI kernels; use the 'nki' package instead
    buffer=_get_hbm_buffer(),
           ^
/opt/aws_neuronx_venv_pytorch_inference_vllm_0_16/lib/python3.12/site-packages/neuronxcc/private_nkl/transpose.py:767:3: warning: 'neuronxcc.private_nkl.transpose._pe_transpose_impl' is from the 'neuronxcc' package which is not supported in NKI kernels; use the 'nki' package instead
  _pe_transpose_impl(in_tensor, out_tensor, num_shards, shard_id)
  ^
/opt/aws_neuronx_venv_pytorch_inference_vllm_0_16/lib/python3.12/site-packages/neuronxcc/private_nkl/transpose.py:373:25: warning: 'neuronxcc.private_nkl.transpose_utils.n_elts' is from the 'neuronxcc' package which is not supported in NKI kernels; use the 'nki' package instead
  flattened_B_dim = int(n_elts(in_shape[:-2])) if in_shape[:-2] else 1
                        ^
/opt/aws_neuronx_venv_pytorch_inference_vllm_0_16/lib/python3.12/site-packages/neuronxcc/private_nkl/transpose.py:378:30: warning: 'neuronxcc.private_nkl.transpose._pe_optimal_tile_sizes' is from the 'neuronxcc' package which is not supported in NKI kernels; use the 'nki' package instead
  I_tile_size, J_tile_size = _pe_optimal_tile_sizes(I, J, in_tensor.dtype)
                             ^
/opt/aws_neuronx_venv_pytorch_inference_vllm_0_16/lib/python3.12/site-packages/neuronxcc/private_nkl/transpose.py:381:17: warning: 'neuronxcc.private_nkl.utils.kernel_helpers.div_ceil' is from the 'neuronxcc' package which is not supported in NKI kernels; use the 'nki' package instead
  b_per_shard = div_ceil(flattened_B_dim, num_shards)
                ^
/opt/aws_neuronx_venv_pytorch_inference_vllm_0_16/lib/python3.12/site-packages/neuronxcc/private_nkl/transpose.py:384:19: warning: 'neuronxcc.private_nkl.transpose._to_compute_dtype' is from the 'neuronxcc' package which is not supported in NKI kernels; use the 'nki' package instead
  compute_dtype = _to_compute_dtype(in_tensor.dtype)
                  ^
/opt/aws_neuronx_venv_pytorch_inference_vllm_0_16/lib/python3.12/site-packages/neuronxcc/private_nkl/transpose.py:398:19: warning: 'neuronxcc.private_nkl.utils.tiled_range.TiledRange' is from the 'neuronxcc' package which is not supported in NKI kernels; use the 'nki' package instead
    for I_tile in TiledRange(I, I_tile_size):
                  ^
/opt/aws_neuronx_venv_pytorch_inference_vllm_0_16/lib/python3.12/site-packages/neuronxcc/private_nkl/transpose.py:399:21: warning: 'neuronxcc.private_nkl.utils.tiled_range.TiledRange' is from the 'neuronxcc' package which is not supported in NKI kernels; use the 'nki' package instead
      for J_tile in TiledRange(J, J_tile_size):
                    ^
/opt/aws_neuronx_venv_pytorch_inference_vllm_0_16/lib/python3.12/site-packages/neuronxcc/private_nkl/transpose.py:400:23: warning: 'neuronxcc.private_nkl.utils.tiled_range.TiledRange' is from the 'neuronxcc' package which is not supported in NKI kernels; use the 'nki' package instead
        I_128_tiles = TiledRange(I_tile, nl.tile_size.pmax)
                      ^
/opt/aws_neuronx_venv_pytorch_inference_vllm_0_16/lib/python3.12/site-packages/neuronxcc/private_nkl/transpose.py:405:23: warning: 'neuronxcc.private_nkl.utils.tiled_range.TiledRange' is from the 'neuronxcc' package which is not supported in NKI kernels; use the 'nki' package instead
        J_128_tiles = TiledRange(J_tile, nl.tile_size.pmax)
                      ^
/opt/aws_neuronx_venv_pytorch_inference_vllm_0_16/lib/python3.12/site-packages/neuronxcc/private_nkl/transpose.py:411:9: warning: 'neuronxcc.private_nkl.transpose._pe_load_tile' is from the 'neuronxcc' package which is not supported in NKI kernels; use the 'nki' package instead
        _pe_load_tile(
        ^
/opt/aws_neuronx_venv_pytorch_inference_vllm_0_16/lib/python3.12/site-packages/neuronxcc/private_nkl/transpose.py:422:11: warning: 'neuronxcc.private_nkl.transpose._pe_transpose_tile_I_vectorized' is from the 'neuronxcc' package which is not supported in NKI kernels; use the 'nki' package instead
          _pe_transpose_tile_I_vectorized(
          ^
/opt/aws_neuronx_venv_pytorch_inference_vllm_0_16/lib/python3.12/site-packages/neuronxcc/private_nkl/transpose.py:430:11: warning: 'neuronxcc.private_nkl.transpose._pe_transpose_tile_J_vectorized' is from the 'neuronxcc' package which is not supported in NKI kernels; use the 'nki' package instead
          _pe_transpose_tile_J_vectorized(
          ^
/opt/aws_neuronx_venv_pytorch_inference_vllm_0_16/lib/python3.12/site-packages/neuronxcc/private_nkl/transpose.py:438:9: warning: 'neuronxcc.private_nkl.transpose._pe_store_tile' is from the 'neuronxcc' package which is not supported in NKI kernels; use the 'nki' package instead
        _pe_store_tile(
        ^
/opt/aws_neuronx_venv_pytorch_inference_vllm_0_16/lib/python3.12/site-packages/neuronxcc/private_nkl/transpose.py:527:17: warning: 'neuronxcc.private_nkl.utils.tiled_range.TiledRange' is from the 'neuronxcc' package which is not supported in NKI kernels; use the 'nki' package instead
  I_128_tiles = TiledRange(I_tile, nl.tile_size.pmax)
                ^
/opt/aws_neuronx_venv_pytorch_inference_vllm_0_16/lib/python3.12/site-packages/neuronxcc/private_nkl/transpose.py:529:17: warning: 'neuronxcc.private_nkl.utils.tiled_range.TiledRange' is from the 'neuronxcc' package which is not supported in NKI kernels; use the 'nki' package instead
  J_128_tiles = TiledRange(J_tile, nl.tile_size.pmax)
                ^
/opt/aws_neuronx_venv_pytorch_inference_vllm_0_16/lib/python3.12/site-packages/neuronxcc/private_nkl/transpose.py:538:21: warning: 'neuronxcc.private_nkl.utils.tiled_range.TiledRange' is from the 'neuronxcc' package which is not supported in NKI kernels; use the 'nki' package instead
  for J_128_tile in TiledRange(J_tile.size, nl.tile_size.pmax):
                    ^
/opt/aws_neuronx_venv_pytorch_inference_vllm_0_16/lib/python3.12/site-packages/neuronxcc/private_nkl/transpose.py:539:23: warning: 'neuronxcc.private_nkl.utils.tiled_range.TiledRange' is from the 'neuronxcc' package which is not supported in NKI kernels; use the 'nki' package instead
    for I_512_tile in TiledRange(I_tile.size, nl.tile_size.psum_fmax):
                      ^
/opt/aws_neuronx_venv_pytorch_inference_vllm_0_16/lib/python3.12/site-packages/neuronxcc/private_nkl/transpose.py:551:25: warning: 'neuronxcc.private_nkl.utils.tiled_range.TiledRange' is from the 'neuronxcc' package which is not supported in NKI kernels; use the 'nki' package instead
      for I_128_tile in TiledRange(I_512_tile, nl.tile_size.pmax):
                        ^
/opt/aws_neuronx_venv_pytorch_inference_vllm_0_16/lib/python3.12/site-packages/neuronxcc/private_nkl/transpose.py:569:7: warning: 'neuronxcc.private_nkl.transpose._copy_with_engine' is from the 'neuronxcc' package which is not supported in NKI kernels; use the 'nki' package instead
      _copy_with_engine(
      ^
/opt/aws_neuronx_venv_pytorch_inference_vllm_0_16/lib/python3.12/site-packages/neuronxcc/private_nkl/transpose.py:586:17: warning: 'neuronxcc.private_nkl.utils.tiled_range.TiledRange' is from the 'neuronxcc' package which is not supported in NKI kernels; use the 'nki' package instead
  I_128_tiles = TiledRange(I_tile, nl.tile_size.pmax)
                ^
/opt/aws_neuronx_venv_pytorch_inference_vllm_0_16/lib/python3.12/site-packages/neuronxcc/private_nkl/transpose.py:588:17: warning: 'neuronxcc.private_nkl.utils.tiled_range.TiledRange' is from the 'neuronxcc' package which is not supported in NKI kernels; use the 'nki' package instead
  J_128_tiles = TiledRange(J_tile, nl.tile_size.pmax)
                ^
/opt/aws_neuronx_venv_pytorch_inference_vllm_0_16/lib/python3.12/site-packages/neuronxcc/private_nkl/transpose.py:596:21: warning: 'neuronxcc.private_nkl.utils.tiled_range.TiledRange' is from the 'neuronxcc' package which is not supported in NKI kernels; use the 'nki' package instead
  for I_128_tile in TiledRange(I_tile.size, nl.tile_size.pmax):
                    ^
/opt/aws_neuronx_venv_pytorch_inference_vllm_0_16/lib/python3.12/site-packages/neuronxcc/private_nkl/transpose.py:597:23: warning: 'neuronxcc.private_nkl.utils.tiled_range.TiledRange' is from the 'neuronxcc' package which is not supported in NKI kernels; use the 'nki' package instead
    for J_512_tile in TiledRange(J_tile.size, nl.tile_size.psum_fmax):
                      ^
/opt/aws_neuronx_venv_pytorch_inference_vllm_0_16/lib/python3.12/site-packages/neuronxcc/private_nkl/transpose.py:609:25: warning: 'neuronxcc.private_nkl.utils.tiled_range.TiledRange' is from the 'neuronxcc' package which is not supported in NKI kernels; use the 'nki' package instead
      for J_128_tile in TiledRange(J_512_tile, nl.tile_size.pmax):
                        ^
/opt/aws_neuronx_venv_pytorch_inference_vllm_0_16/lib/python3.12/site-packages/neuronxcc/private_nkl/transpose.py:628:9: warning: 'neuronxcc.private_nkl.transpose._copy_with_engine' is from the 'neuronxcc' package which is not supported in NKI kernels; use the 'nki' package instead
        _copy_with_engine(
        ^
/opt/aws_neuronx_venv_pytorch_inference_vllm_0_16/lib/python3.12/site-packages/neuronxcc/private_nkl/transpose.py:652:9: warning: 'neuronxcc.private_nkl.transpose._copy_with_engine' is from the 'neuronxcc' package which is not supported in NKI kernels; use the 'nki' package instead
        _copy_with_engine(
        ^
/opt/aws_neuronx_venv_pytorch_inference_vllm_0_16/lib/python3.12/site-packages/neuronxcc/private_nkl/transpose.py:38:10: warning: 'neuronxcc.private_nkl.transpose_utils.is_valid_permutation' is from the 'neuronxcc' package which is not supported in NKI kernels; use the 'nki' package instead
  assert is_valid_permutation(permutation), "input permutation is invalid"
         ^
/opt/aws_neuronx_venv_pytorch_inference_vllm_0_16/lib/python3.12/site-packages/neuronxcc/private_nkl/transpose.py:41:10: warning: 'neuronxcc.private_nkl.transpose_utils.n_elts' is from the 'neuronxcc' package which is not supported in NKI kernels; use the 'nki' package instead
  assert n_elts(in_shape) == n_elts(in_tensor.shape), "tensor shape is invalid"
         ^
/opt/aws_neuronx_venv_pytorch_inference_vllm_0_16/lib/python3.12/site-packages/neuronxcc/private_nkl/transpose.py:41:30: warning: 'neuronxcc.private_nkl.transpose_utils.n_elts' is from the 'neuronxcc' package which is not supported in NKI kernels; use the 'nki' package instead
  assert n_elts(in_shape) == n_elts(in_tensor.shape), "tensor shape is invalid"
                             ^
/opt/aws_neuronx_venv_pytorch_inference_vllm_0_16/lib/python3.12/site-packages/neuronxcc/private_nkl/transpose.py:32:20: warning: 'neuronxcc.private_nkl.utils.StackAllocator.sizeinbytes' is from the 'neuronxcc' package which is not supported in NKI kernels; use the 'nki' package instead
  return (98304 // sizeinbytes(dtype)) // 2
                   ^
/opt/aws_neuronx_venv_pytorch_inference_vllm_0_16/lib/python3.12/site-packages/neuronxcc/private_nkl/transpose.py:886:29: warning: 'neuronxcc.private_nkl.utils.kernel_helpers.get_program_sharding_info' is from the 'neuronxcc' package which is not supported in NKI kernels; use the 'nki' package instead
  _, num_shards, shard_id = get_program_sharding_info()
                            ^
/opt/aws_neuronx_venv_pytorch_inference_vllm_0_16/lib/python3.12/site-packages/neuronxcc/private_nkl/transpose.py:887:9: warning: 'neuronxcc.private_nkl.transpose._pe_transpose' is from the 'neuronxcc' package which is not supported in NKI kernels; use the 'nki' package instead
  out = _pe_transpose(in_tensor, in_shape, permutation, out_dtype, num_shards, shard_id)
        ^
/opt/aws_neuronx_venv_pytorch_inference_vllm_0_16/lib/python3.12/site-packages/neuronxcc/private_nkl/transpose_utils.py:71:10: warning: 'neuronxcc.private_nkl.transpose_utils.is_valid_permutation' is from the 'neuronxcc' package which is not supported in NKI kernels; use the 'nki' package instead
  if not is_valid_permutation(permutation):
         ^
/opt/aws_neuronx_venv_pytorch_inference_vllm_0_16/lib/python3.12/site-packages/neuronxcc/private_nkl/utils/tiled_range.py:66:23: warning: 'neuronxcc.private_nkl.utils.tiled_range.TiledRangeIterator' is from the 'neuronxcc' package which is not supported in NKI kernels; use the 'nki' package instead
  if isinstance(size, TiledRangeIterator):
                      ^
/opt/aws_neuronx_venv_pytorch_inference_vllm_0_16/lib/python3.12/site-packages/neuronxcc/private_nkl/utils/tiled_range.py:84:22: warning: 'neuronxcc.private_nkl.utils.tiled_range.TiledRangeIterator' is from the 'neuronxcc' package which is not supported in NKI kernels; use the 'nki' package instead
    iterators.append(TiledRangeIterator(current_tile_size, i, base_offset + relative_offset))
                     ^
/opt/aws_neuronx_venv_pytorch_inference_vllm_0_16/lib/python3.12/site-packages/neuronxcc/private_nkl/transpose.py:69:16: warning: 'neuronxcc.private_nkl.transpose.max_f_size' is from the 'neuronxcc' package which is not supported in NKI kernels; use the 'nki' package instead
  MAX_F_SIZE = max_f_size(in_tensor.dtype)
               ^
/opt/aws_neuronx_venv_pytorch_inference_vllm_0_16/lib/python3.12/site-packages/neuronxcc/private_nkl/transpose.py:74:25: warning: 'neuronxcc.private_nkl.transpose_utils.n_elts' is from the 'neuronxcc' package which is not supported in NKI kernels; use the 'nki' package instead
  flattened_B_dim = int(n_elts(in_shape[:-2])) if in_shape[:-2] else 1
                        ^
/opt/aws_neuronx_venv_pytorch_inference_vllm_0_16/lib/python3.12/site-packages/neuronxcc/private_nkl/transpose.py:77:18: warning: 'neuronxcc.private_nkl.transpose_utils.factor_within_limit' is from the 'neuronxcc' package which is not supported in NKI kernels; use the 'nki' package instead
    i_division = factor_within_limit(I, MAX_F_SIZE)
                 ^
/opt/aws_neuronx_venv_pytorch_inference_vllm_0_16/lib/python3.12/site-packages/neuronxcc/private_nkl/transpose.py:79:22: warning: 'neuronxcc.private_nkl.utils.kernel_helpers.div_ceil' is from the 'neuronxcc' package which is not supported in NKI kernels; use the 'nki' package instead
    i_division_num = div_ceil(I, i_division)
                     ^
/opt/aws_neuronx_venv_pytorch_inference_vllm_0_16/lib/python3.12/site-packages/neuronxcc/private_nkl/transpose.py:87:16: warning: 'neuronxcc.private_nkl.utils.kernel_helpers.div_ceil' is from the 'neuronxcc' package which is not supported in NKI kernels; use the 'nki' package instead
  num_j_divs = div_ceil(J, j_division)
               ^
/opt/aws_neuronx_venv_pytorch_inference_vllm_0_16/lib/python3.12/site-packages/neuronxcc/private_nkl/transpose.py:91:18: warning: 'neuronxcc.private_nkl.utils.kernel_helpers.div_ceil' is from the 'neuronxcc' package which is not supported in NKI kernels; use the 'nki' package instead
    num_j_divs = div_ceil(J, j_division)
                 ^
/opt/aws_neuronx_venv_pytorch_inference_vllm_0_16/lib/python3.12/site-packages/neuronxcc/private_nkl/transpose.py:93:22: warning: 'neuronxcc.private_nkl.utils.kernel_helpers.div_ceil' is from the 'neuronxcc' package which is not supported in NKI kernels; use the 'nki' package instead
    i_division_num = div_ceil(I, i_division)
                     ^
/opt/aws_neuronx_venv_pytorch_inference_vllm_0_16/lib/python3.12/site-packages/neuronxcc/private_nkl/transpose.py:95:33: warning: 'neuronxcc.private_nkl.utils.kernel_helpers.div_ceil' is from the 'neuronxcc' package which is not supported in NKI kernels; use the 'nki' package instead
  DVE_ACT_LOAD_BALANCE_FACTOR = div_ceil(i_division, MIN_DVE_ACT_CYCLES)
                                ^
/opt/aws_neuronx_venv_pytorch_inference_vllm_0_16/lib/python3.12/site-packages/neuronxcc/private_nkl/transpose.py:97:17: warning: 'neuronxcc.private_nkl.utils.kernel_helpers.div_ceil' is from the 'neuronxcc' package which is not supported in NKI kernels; use the 'nki' package instead
  num_i_tiles = div_ceil(i_division, i_tile_size)
                ^
/opt/aws_neuronx_venv_pytorch_inference_vllm_0_16/lib/python3.12/site-packages/neuronxcc/private_nkl/transpose.py:100:13: warning: 'neuronxcc.private_nkl.utils.kernel_helpers.div_ceil' is from the 'neuronxcc' package which is not supported in NKI kernels; use the 'nki' package instead
  j_tiles = div_ceil(j_division, j_tile_size)
            ^
/opt/aws_neuronx_venv_pytorch_inference_vllm_0_16/lib/python3.12/site-packages/neuronxcc/private_nkl/transpose.py:103:17: warning: 'neuronxcc.private_nkl.utils.kernel_helpers.div_ceil' is from the 'neuronxcc' package which is not supported in NKI kernels; use the 'nki' package instead
  b_per_shard = div_ceil(flattened_B_dim, num_shards)
                ^
/opt/aws_neuronx_venv_pytorch_inference_vllm_0_16/lib/python3.12/site-packages/neuronxcc/private_nkl/transpose.py:107:17: warning: 'neuronxcc.private_nkl.utils.kernel_helpers.div_ceil' is from the 'neuronxcc' package which is not supported in NKI kernels; use the 'nki' package instead
  num_p_tiles = div_ceil(b_per_shard, MAX_P)
                ^
/opt/aws_neuronx_venv_pytorch_inference_vllm_0_16/lib/python3.12/site-packages/neuronxcc/private_nkl/transpose.py:159:13: warning: 'neuronxcc.private_nkl.transpose._copy_with_engine' is from the 'neuronxcc' package which is not supported in NKI kernels; use the 'nki' package instead
            _copy_with_engine(
            ^
/opt/aws_neuronx_venv_pytorch_inference_vllm_0_16/lib/python3.12/site-packages/neuronxcc/private_nkl/transpose.py:199:16: warning: 'neuronxcc.private_nkl.transpose.max_f_size' is from the 'neuronxcc' package which is not supported in NKI kernels; use the 'nki' package instead
  MAX_F_SIZE = max_f_size(in_tensor.dtype)
               ^
/opt/aws_neuronx_venv_pytorch_inference_vllm_0_16/lib/python3.12/site-packages/neuronxcc/private_nkl/transpose.py:204:25: warning: 'neuronxcc.private_nkl.transpose_utils.n_elts' is from the 'neuronxcc' package which is not supported in NKI kernels; use the 'nki' package instead
  flattened_B_dim = int(n_elts(in_shape[:-2])) if in_shape[:-2] else 1
                        ^
/opt/aws_neuronx_venv_pytorch_inference_vllm_0_16/lib/python3.12/site-packages/neuronxcc/private_nkl/transpose.py:207:17: warning: 'neuronxcc.private_nkl.utils.kernel_helpers.div_ceil' is from the 'neuronxcc' package which is not supported in NKI kernels; use the 'nki' package instead
  b_per_shard = div_ceil(flattened_B_dim, num_shards)
                ^
/opt/aws_neuronx_venv_pytorch_inference_vllm_0_16/lib/python3.12/site-packages/neuronxcc/private_nkl/transpose.py:211:17: warning: 'neuronxcc.private_nkl.utils.kernel_helpers.div_ceil' is from the 'neuronxcc' package which is not supported in NKI kernels; use the 'nki' package instead
  num_p_tiles = div_ceil(b_per_shard, P)
                ^
/opt/aws_neuronx_venv_pytorch_inference_vllm_0_16/lib/python3.12/site-packages/neuronxcc/private_nkl/transpose.py:218:13: warning: 'neuronxcc.private_nkl.utils.kernel_helpers.div_ceil' is from the 'neuronxcc' package which is not supported in NKI kernels; use the 'nki' package instead
  i_tiles = div_ceil(I, i_tile_size)
            ^
/opt/aws_neuronx_venv_pytorch_inference_vllm_0_16/lib/python3.12/site-packages/neuronxcc/private_nkl/transpose.py:224:19: warning: 'neuronxcc.private_nkl.utils.kernel_helpers.div_ceil' is from the 'neuronxcc' package which is not supported in NKI kernels; use the 'nki' package instead
    j_tile_size = div_ceil(J, J_LOAD_BALANCING_FACTOR)
                  ^
/opt/aws_neuronx_venv_pytorch_inference_vllm_0_16/lib/python3.12/site-packages/neuronxcc/private_nkl/transpose.py:251:9: warning: 'neuronxcc.private_nkl.transpose._copy_with_engine' is from the 'neuronxcc' package which is not supported in NKI kernels; use the 'nki' package instead
        _copy_with_engine(
        ^
/opt/aws_neuronx_venv_pytorch_inference_vllm_0_16/lib/python3.12/site-packages/neuronxcc/private_nkl/transpose.py:458:17: warning: 'neuronxcc.private_nkl.utils.tiled_range.TiledRange' is from the 'neuronxcc' package which is not supported in NKI kernels; use the 'nki' package instead
  I_128_tiles = TiledRange(I_tile, nl.tile_size.pmax)
                ^
/opt/aws_neuronx_venv_pytorch_inference_vllm_0_16/lib/python3.12/site-packages/neuronxcc/private_nkl/transpose.py:465:33: warning: 'neuronxcc.private_nkl.utils.tiled_range.TiledRange' is from the 'neuronxcc' package which is not supported in NKI kernels; use the 'nki' package instead
    for vectorization_factor in TiledRange(num_full_128_tiles_per_I_tile, VECTORIZATION_FACTOR):
                                ^
/opt/aws_neuronx_venv_pytorch_inference_vllm_0_16/lib/python3.12/site-packages/neuronxcc/private_nkl/transpose.py:284:16: warning: 'neuronxcc.private_nkl.transpose.max_f_size' is from the 'neuronxcc' package which is not supported in NKI kernels; use the 'nki' package instead
  MAX_F_SIZE = max_f_size(dtype)
               ^
/opt/aws_neuronx_venv_pytorch_inference_vllm_0_16/lib/python3.12/site-packages/neuronxcc/private_nkl/transpose.py:289:15: warning: 'neuronxcc.private_nkl.transpose_utils.next_multiple' is from the 'neuronxcc' package which is not supported in NKI kernels; use the 'nki' package instead
    return I, next_multiple(min(J, MAX_F_SIZE), 128)
              ^
/opt/aws_neuronx_venv_pytorch_inference_vllm_0_16/lib/python3.12/site-packages/neuronxcc/private_nkl/transpose.py:291:12: warning: 'neuronxcc.private_nkl.transpose_utils.next_multiple' is from the 'neuronxcc' package which is not supported in NKI kernels; use the 'nki' package instead
    return next_multiple(min(I, MAX_F_SIZE), 128), J
           ^
/opt/aws_neuronx_venv_pytorch_inference_vllm_0_16/lib/python3.12/site-packages/neuronxcc/private_nkl/transpose.py:302:19: warning: 'neuronxcc.private_nkl.transpose_utils.next_multiple' is from the 'neuronxcc' package which is not supported in NKI kernels; use the 'nki' package instead
    I_tile_size = next_multiple(I_tile_size, 128)
                  ^
/opt/aws_neuronx_venv_pytorch_inference_vllm_0_16/lib/python3.12/site-packages/neuronxcc/private_nkl/transpose.py:303:19: warning: 'neuronxcc.private_nkl.transpose_utils.next_multiple' is from the 'neuronxcc' package which is not supported in NKI kernels; use the 'nki' package instead
    J_tile_size = next_multiple(J_tile_size, 128)
                  ^
/opt/aws_neuronx_venv_pytorch_inference_vllm_0_16/lib/python3.12/site-packages/neuronxcc/private_nkl/transpose.py:681:17: warning: 'neuronxcc.private_nkl.utils.tiled_range.TiledRange' is from the 'neuronxcc' package which is not supported in NKI kernels; use the 'nki' package instead
  J_128_tiles = TiledRange(J_tile, nl.tile_size.pmax)
                ^
/opt/aws_neuronx_venv_pytorch_inference_vllm_0_16/lib/python3.12/site-packages/neuronxcc/private_nkl/transpose.py:688:33: warning: 'neuronxcc.private_nkl.utils.tiled_range.TiledRange' is from the 'neuronxcc' package which is not supported in NKI kernels; use the 'nki' package instead
    for vectorization_factor in TiledRange(num_full_128_tiles_per_J_tile, VECTORIZATION_FACTOR):
                                ^
/opt/aws_neuronx_venv_pytorch_inference_vllm_0_16/lib/python3.12/site-packages/neuronxcc/private_nkl/transpose.py:373:25: warning: 'neuronxcc.private_nkl.transpose_utils.n_elts' is from the 'neuronxcc' package which is not supported in NKI kernels; use the 'nki' package instead
  flattened_B_dim = int(n_elts(in_shape[:-2])) if in_shape[:-2] else 1
                        ^
/opt/aws_neuronx_venv_pytorch_inference_vllm_0_16/lib/python3.12/site-packages/neuronxcc/private_nkl/transpose.py:378:30: warning: 'neuronxcc.private_nkl.transpose._pe_optimal_tile_sizes' is from the 'neuronxcc' package which is not supported in NKI kernels; use the 'nki' package instead
  I_tile_size, J_tile_size = _pe_optimal_tile_sizes(I, J, in_tensor.dtype)
                             ^
/opt/aws_neuronx_venv_pytorch_inference_vllm_0_16/lib/python3.12/site-packages/neuronxcc/private_nkl/transpose.py:381:17: warning: 'neuronxcc.private_nkl.utils.kernel_helpers.div_ceil' is from the 'neuronxcc' package which is not supported in NKI kernels; use the 'nki' package instead
  b_per_shard = div_ceil(flattened_B_dim, num_shards)
                ^
/opt/aws_neuronx_venv_pytorch_inference_vllm_0_16/lib/python3.12/site-packages/neuronxcc/private_nkl/transpose.py:384:19: warning: 'neuronxcc.private_nkl.transpose._to_compute_dtype' is from the 'neuronxcc' package which is not supported in NKI kernels; use the 'nki' package instead
  compute_dtype = _to_compute_dtype(in_tensor.dtype)
                  ^
/opt/aws_neuronx_venv_pytorch_inference_vllm_0_16/lib/python3.12/site-packages/neuronxcc/private_nkl/transpose.py:398:19: warning: 'neuronxcc.private_nkl.utils.tiled_range.TiledRange' is from the 'neuronxcc' package which is not supported in NKI kernels; use the 'nki' package instead
    for I_tile in TiledRange(I, I_tile_size):
                  ^
/opt/aws_neuronx_venv_pytorch_inference_vllm_0_16/lib/python3.12/site-packages/neuronxcc/private_nkl/transpose.py:399:21: warning: 'neuronxcc.private_nkl.utils.tiled_range.TiledRange' is from the 'neuronxcc' package which is not supported in NKI kernels; use the 'nki' package instead
      for J_tile in TiledRange(J, J_tile_size):
                    ^
/opt/aws_neuronx_venv_pytorch_inference_vllm_0_16/lib/python3.12/site-packages/neuronxcc/private_nkl/transpose.py:400:23: warning: 'neuronxcc.private_nkl.utils.tiled_range.TiledRange' is from the 'neuronxcc' package which is not supported in NKI kernels; use the 'nki' package instead
        I_128_tiles = TiledRange(I_tile, nl.tile_size.pmax)
                      ^
/opt/aws_neuronx_venv_pytorch_inference_vllm_0_16/lib/python3.12/site-packages/neuronxcc/private_nkl/transpose.py:405:23: warning: 'neuronxcc.private_nkl.utils.tiled_range.TiledRange' is from the 'neuronxcc' package which is not supported in NKI kernels; use the 'nki' package instead
        J_128_tiles = TiledRange(J_tile, nl.tile_size.pmax)
                      ^
/opt/aws_neuronx_venv_pytorch_inference_vllm_0_16/lib/python3.12/site-packages/neuronxcc/private_nkl/transpose.py:411:9: warning: 'neuronxcc.private_nkl.transpose._pe_load_tile' is from the 'neuronxcc' package which is not supported in NKI kernels; use the 'nki' package instead
        _pe_load_tile(
        ^
/opt/aws_neuronx_venv_pytorch_inference_vllm_0_16/lib/python3.12/site-packages/neuronxcc/private_nkl/transpose.py:422:11: warning: 'neuronxcc.private_nkl.transpose._pe_transpose_tile_I_vectorized' is from the 'neuronxcc' package which is not supported in NKI kernels; use the 'nki' package instead
          _pe_transpose_tile_I_vectorized(
          ^
/opt/aws_neuronx_venv_pytorch_inference_vllm_0_16/lib/python3.12/site-packages/neuronxcc/private_nkl/transpose.py:430:11: warning: 'neuronxcc.private_nkl.transpose._pe_transpose_tile_J_vectorized' is from the 'neuronxcc' package which is not supported in NKI kernels; use the 'nki' package instead
          _pe_transpose_tile_J_vectorized(
          ^
/opt/aws_neuronx_venv_pytorch_inference_vllm_0_16/lib/python3.12/site-packages/neuronxcc/private_nkl/transpose.py:438:9: warning: 'neuronxcc.private_nkl.transpose._pe_store_tile' is from the 'neuronxcc' package which is not supported in NKI kernels; use the 'nki' package instead
        _pe_store_tile(
        ^
/opt/aws_neuronx_venv_pytorch_inference_vllm_0_16/lib/python3.12/site-packages/neuronxcc/private_nkl/transpose.py:527:17: warning: 'neuronxcc.private_nkl.utils.tiled_range.TiledRange' is from the 'neuronxcc' package which is not supported in NKI kernels; use the 'nki' package instead
  I_128_tiles = TiledRange(I_tile, nl.tile_size.pmax)
                ^
/opt/aws_neuronx_venv_pytorch_inference_vllm_0_16/lib/python3.12/site-packages/neuronxcc/private_nkl/transpose.py:529:17: warning: 'neuronxcc.private_nkl.utils.tiled_range.TiledRange' is from the 'neuronxcc' package which is not supported in NKI kernels; use the 'nki' package instead
  J_128_tiles = TiledRange(J_tile, nl.tile_size.pmax)
                ^
/opt/aws_neuronx_venv_pytorch_inference_vllm_0_16/lib/python3.12/site-packages/neuronxcc/private_nkl/transpose.py:538:21: warning: 'neuronxcc.private_nkl.utils.tiled_range.TiledRange' is from the 'neuronxcc' package which is not supported in NKI kernels; use the 'nki' package instead
  for J_128_tile in TiledRange(J_tile.size, nl.tile_size.pmax):
                    ^
/opt/aws_neuronx_venv_pytorch_inference_vllm_0_16/lib/python3.12/site-packages/neuronxcc/private_nkl/transpose.py:539:23: warning: 'neuronxcc.private_nkl.utils.tiled_range.TiledRange' is from the 'neuronxcc' package which is not supported in NKI kernels; use the 'nki' package instead
    for I_512_tile in TiledRange(I_tile.size, nl.tile_size.psum_fmax):
                      ^
/opt/aws_neuronx_venv_pytorch_inference_vllm_0_16/lib/python3.12/site-packages/neuronxcc/private_nkl/transpose.py:551:25: warning: 'neuronxcc.private_nkl.utils.tiled_range.TiledRange' is from the 'neuronxcc' package which is not supported in NKI kernels; use the 'nki' package instead
      for I_128_tile in TiledRange(I_512_tile, nl.tile_size.pmax):
                        ^
/opt/aws_neuronx_venv_pytorch_inference_vllm_0_16/lib/python3.12/site-packages/neuronxcc/private_nkl/transpose.py:569:7: warning: 'neuronxcc.private_nkl.transpose._copy_with_engine' is from the 'neuronxcc' package which is not supported in NKI kernels; use the 'nki' package instead
      _copy_with_engine(
      ^
/opt/aws_neuronx_venv_pytorch_inference_vllm_0_16/lib/python3.12/site-packages/neuronxcc/private_nkl/transpose.py:586:17: warning: 'neuronxcc.private_nkl.utils.tiled_range.TiledRange' is from the 'neuronxcc' package which is not supported in NKI kernels; use the 'nki' package instead
  I_128_tiles = TiledRange(I_tile, nl.tile_size.pmax)
                ^
/opt/aws_neuronx_venv_pytorch_inference_vllm_0_16/lib/python3.12/site-packages/neuronxcc/private_nkl/transpose.py:588:17: warning: 'neuronxcc.private_nkl.utils.tiled_range.TiledRange' is from the 'neuronxcc' package which is not supported in NKI kernels; use the 'nki' package instead
  J_128_tiles = TiledRange(J_tile, nl.tile_size.pmax)
                ^
/opt/aws_neuronx_venv_pytorch_inference_vllm_0_16/lib/python3.12/site-packages/neuronxcc/private_nkl/transpose.py:596:21: warning: 'neuronxcc.private_nkl.utils.tiled_range.TiledRange' is from the 'neuronxcc' package which is not supported in NKI kernels; use the 'nki' package instead
  for I_128_tile in TiledRange(I_tile.size, nl.tile_size.pmax):
                    ^
/opt/aws_neuronx_venv_pytorch_inference_vllm_0_16/lib/python3.12/site-packages/neuronxcc/private_nkl/transpose.py:597:23: warning: 'neuronxcc.private_nkl.utils.tiled_range.TiledRange' is from the 'neuronxcc' package which is not supported in NKI kernels; use the 'nki' package instead
    for J_512_tile in TiledRange(J_tile.size, nl.tile_size.psum_fmax):
                      ^
/opt/aws_neuronx_venv_pytorch_inference_vllm_0_16/lib/python3.12/site-packages/neuronxcc/private_nkl/transpose.py:609:25: warning: 'neuronxcc.private_nkl.utils.tiled_range.TiledRange' is from the 'neuronxcc' package which is not supported in NKI kernels; use the 'nki' package instead
      for J_128_tile in TiledRange(J_512_tile, nl.tile_size.pmax):
                        ^
/opt/aws_neuronx_venv_pytorch_inference_vllm_0_16/lib/python3.12/site-packages/neuronxcc/private_nkl/transpose.py:628:9: warning: 'neuronxcc.private_nkl.transpose._copy_with_engine' is from the 'neuronxcc' package which is not supported in NKI kernels; use the 'nki' package instead
        _copy_with_engine(
        ^
/opt/aws_neuronx_venv_pytorch_inference_vllm_0_16/lib/python3.12/site-packages/neuronxcc/private_nkl/transpose.py:652:9: warning: 'neuronxcc.private_nkl.transpose._copy_with_engine' is from the 'neuronxcc' package which is not supported in NKI kernels; use the 'nki' package instead
        _copy_with_engine(
        ^
/opt/aws_neuronx_venv_pytorch_inference_vllm_0_16/lib/python3.12/site-packages/neuronxcc/private_nkl/transpose.py:784:3: warning: 'neuronxcc.private_nkl.transpose.check_input_transpose' is from the 'neuronxcc' package which is not supported in NKI kernels; use the 'nki' package instead
  check_input_transpose(in_tensor, in_shape, permutation)
  ^
/opt/aws_neuronx_venv_pytorch_inference_vllm_0_16/lib/python3.12/site-packages/neuronxcc/private_nkl/transpose.py:790:33: warning: 'neuronxcc.private_nkl.transpose_utils.permutation_reduction' is from the 'neuronxcc' package which is not supported in NKI kernels; use the 'nki' package instead
  reduced_perm, reduced_shape = permutation_reduction(in_shape, permutation)
                                ^
/opt/aws_neuronx_venv_pytorch_inference_vllm_0_16/lib/python3.12/site-packages/neuronxcc/private_nkl/transpose.py:791:10: warning: 'neuronxcc.private_nkl.transpose_utils.permutes_last_two_dims' is from the 'neuronxcc' package which is not supported in NKI kernels; use the 'nki' package instead
  assert permutes_last_two_dims(reduced_perm), f"must permutate last two dims, got {reduced_perm}"
         ^
/opt/aws_neuronx_venv_pytorch_inference_vllm_0_16/lib/python3.12/site-packages/neuronxcc/private_nkl/transpose.py:796:11: warning: 'neuronxcc.private_nkl.transpose._str_to_dtype' is from the 'neuronxcc' package which is not supported in NKI kernels; use the 'nki' package instead
    dtype=_str_to_dtype(out_dtype),
          ^
/opt/aws_neuronx_venv_pytorch_inference_vllm_0_16/lib/python3.12/site-packages/neuronxcc/private_nkl/transpose.py:797:12: warning: 'neuronxcc.private_nkl.transpose_utils._get_hbm_buffer' is from the 'neuronxcc' package which is not supported in NKI kernels; use the 'nki' package instead
    buffer=_get_hbm_buffer(),
           ^
/opt/aws_neuronx_venv_pytorch_inference_vllm_0_16/lib/python3.12/site-packages/neuronxcc/private_nkl/transpose.py:805:16: warning: 'neuronxcc.private_nkl.transpose.max_f_size' is from the 'neuronxcc' package which is not supported in NKI kernels; use the 'nki' package instead
  MAX_F_SIZE = max_f_size(in_tensor.dtype)
               ^
/opt/aws_neuronx_venv_pytorch_inference_vllm_0_16/lib/python3.12/site-packages/neuronxcc/private_nkl/transpose.py:808:5: warning: 'neuronxcc.private_nkl.transpose._dve_transpose_large_cols_impl' is from the 'neuronxcc' package which is not supported in NKI kernels; use the 'nki' package instead
    _dve_transpose_large_cols_impl(in_tensor, out_tensor, num_shards, shard_id)
    ^
/opt/aws_neuronx_venv_pytorch_inference_vllm_0_16/lib/python3.12/site-packages/neuronxcc/private_nkl/transpose.py:810:5: warning: 'neuronxcc.private_nkl.transpose._dve_transpose_large_rows_impl' is from the 'neuronxcc' package which is not supported in NKI kernels; use the 'nki' package instead
    _dve_transpose_large_rows_impl(in_tensor, out_tensor, num_shards, shard_id)
    ^
/opt/aws_neuronx_venv_pytorch_inference_vllm_0_16/lib/python3.12/site-packages/neuronxcc/private_nkl/transpose.py:812:5: warning: 'neuronxcc.private_nkl.transpose._pe_transpose_impl' is from the 'neuronxcc' package which is not supported in NKI kernels; use the 'nki' package instead
    _pe_transpose_impl(in_tensor, out_tensor, num_shards, shard_id)
    ^
/opt/aws_neuronx_venv_pytorch_inference_vllm_0_16/lib/python3.12/site-packages/neuronxcc/private_nkl/transpose.py:38:10: warning: 'neuronxcc.private_nkl.transpose_utils.is_valid_permutation' is from the 'neuronxcc' package which is not supported in NKI kernels; use the 'nki' package instead
  assert is_valid_permutation(permutation), "input permutation is invalid"
         ^
/opt/aws_neuronx_venv_pytorch_inference_vllm_0_16/lib/python3.12/site-packages/neuronxcc/private_nkl/transpose.py:41:10: warning: 'neuronxcc.private_nkl.transpose_utils.n_elts' is from the 'neuronxcc' package which is not supported in NKI kernels; use the 'nki' package instead
  assert n_elts(in_shape) == n_elts(in_tensor.shape), "tensor shape is invalid"
         ^
/opt/aws_neuronx_venv_pytorch_inference_vllm_0_16/lib/python3.12/site-packages/neuronxcc/private_nkl/transpose.py:41:30: warning: 'neuronxcc.private_nkl.transpose_utils.n_elts' is from the 'neuronxcc' package which is not supported in NKI kernels; use the 'nki' package instead
  assert n_elts(in_shape) == n_elts(in_tensor.shape), "tensor shape is invalid"
                             ^
/opt/aws_neuronx_venv_pytorch_inference_vllm_0_16/lib/python3.12/site-packages/neuronxcc/private_nkl/transpose.py:32:20: warning: 'neuronxcc.private_nkl.utils.StackAllocator.sizeinbytes' is from the 'neuronxcc' package which is not supported in NKI kernels; use the 'nki' package instead
  return (98304 // sizeinbytes(dtype)) // 2
                   ^
/opt/aws_neuronx_venv_pytorch_inference_vllm_0_16/lib/python3.12/site-packages/neuronxcc/private_nkl/transpose.py:862:29: warning: 'neuronxcc.private_nkl.utils.kernel_helpers.get_program_sharding_info' is from the 'neuronxcc' package which is not supported in NKI kernels; use the 'nki' package instead
  _, num_shards, shard_id = get_program_sharding_info()
                            ^
/opt/aws_neuronx_venv_pytorch_inference_vllm_0_16/lib/python3.12/site-packages/neuronxcc/private_nkl/transpose.py:863:9: warning: 'neuronxcc.private_nkl.transpose._transpose_last_two_dims' is from the 'neuronxcc' package which is not supported in NKI kernels; use the 'nki' package instead
  out = _transpose_last_two_dims(in_tensor, in_shape, permutation, out_dtype, num_shards, shard_id)
        ^
/opt/aws_neuronx_venv_pytorch_inference_vllm_0_16/lib/python3.12/site-packages/neuronxcc/private_nkl/transpose_utils.py:71:10: warning: 'neuronxcc.private_nkl.transpose_utils.is_valid_permutation' is from the 'neuronxcc' package which is not supported in NKI kernels; use the 'nki' package instead
  if not is_valid_permutation(permutation):
         ^
/opt/aws_neuronx_venv_pytorch_inference_vllm_0_16/lib/python3.12/site-packages/neuronxcc/private_nkl/utils/tiled_range.py:66:23: warning: 'neuronxcc.private_nkl.utils.tiled_range.TiledRangeIterator' is from the 'neuronxcc' package which is not supported in NKI kernels; use the 'nki' package instead
  if isinstance(size, TiledRangeIterator):
                      ^
/opt/aws_neuronx_venv_pytorch_inference_vllm_0_16/lib/python3.12/site-packages/neuronxcc/private_nkl/utils/tiled_range.py:84:22: warning: 'neuronxcc.private_nkl.utils.tiled_range.TiledRangeIterator' is from the 'neuronxcc' package which is not supported in NKI kernels; use the 'nki' package instead
    iterators.append(TiledRangeIterator(current_tile_size, i, base_offset + relative_offset))
                     ^
/opt/aws_neuronx_venv_pytorch_inference_vllm_0_16/lib/python3.12/site-packages/neuronxcc/private_nkl/transpose.py:458:17: warning: 'neuronxcc.private_nkl.utils.tiled_range.TiledRange' is from the 'neuronxcc' package which is not supported in NKI kernels; use the 'nki' package instead
  I_128_tiles = TiledRange(I_tile, nl.tile_size.pmax)
                ^
/opt/aws_neuronx_venv_pytorch_inference_vllm_0_16/lib/python3.12/site-packages/neuronxcc/private_nkl/transpose.py:465:33: warning: 'neuronxcc.private_nkl.utils.tiled_range.TiledRange' is from the 'neuronxcc' package which is not supported in NKI kernels; use the 'nki' package instead
    for vectorization_factor in TiledRange(num_full_128_tiles_per_I_tile, VECTORIZATION_FACTOR):
                                ^
/opt/aws_neuronx_venv_pytorch_inference_vllm_0_16/lib/python3.12/site-packages/neuronxcc/private_nkl/transpose.py:284:16: warning: 'neuronxcc.private_nkl.transpose.max_f_size' is from the 'neuronxcc' package which is not supported in NKI kernels; use the 'nki' package instead
  MAX_F_SIZE = max_f_size(dtype)
               ^
/opt/aws_neuronx_venv_pytorch_inference_vllm_0_16/lib/python3.12/site-packages/neuronxcc/private_nkl/transpose.py:289:15: warning: 'neuronxcc.private_nkl.transpose_utils.next_multiple' is from the 'neuronxcc' package which is not supported in NKI kernels; use the 'nki' package instead
    return I, next_multiple(min(J, MAX_F_SIZE), 128)
              ^
/opt/aws_neuronx_venv_pytorch_inference_vllm_0_16/lib/python3.12/site-packages/neuronxcc/private_nkl/transpose.py:291:12: warning: 'neuronxcc.private_nkl.transpose_utils.next_multiple' is from the 'neuronxcc' package which is not supported in NKI kernels; use the 'nki' package instead
    return next_multiple(min(I, MAX_F_SIZE), 128), J
           ^
/opt/aws_neuronx_venv_pytorch_inference_vllm_0_16/lib/python3.12/site-packages/neuronxcc/private_nkl/transpose.py:302:19: warning: 'neuronxcc.private_nkl.transpose_utils.next_multiple' is from the 'neuronxcc' package which is not supported in NKI kernels; use the 'nki' package instead
    I_tile_size = next_multiple(I_tile_size, 128)
                  ^
/opt/aws_neuronx_venv_pytorch_inference_vllm_0_16/lib/python3.12/site-packages/neuronxcc/private_nkl/transpose.py:303:19: warning: 'neuronxcc.private_nkl.transpose_utils.next_multiple' is from the 'neuronxcc' package which is not supported in NKI kernels; use the 'nki' package instead
    J_tile_size = next_multiple(J_tile_size, 128)
                  ^
/opt/aws_neuronx_venv_pytorch_inference_vllm_0_16/lib/python3.12/site-packages/neuronxcc/private_nkl/transpose.py:681:17: warning: 'neuronxcc.private_nkl.utils.tiled_range.TiledRange' is from the 'neuronxcc' package which is not supported in NKI kernels; use the 'nki' package instead
  J_128_tiles = TiledRange(J_tile, nl.tile_size.pmax)
                ^
/opt/aws_neuronx_venv_pytorch_inference_vllm_0_16/lib/python3.12/site-packages/neuronxcc/private_nkl/transpose.py:688:33: warning: 'neuronxcc.private_nkl.utils.tiled_range.TiledRange' is from the 'neuronxcc' package which is not supported in NKI kernels; use the 'nki' package instead
    for vectorization_factor in TiledRange(num_full_128_tiles_per_J_tile, VECTORIZATION_FACTOR):
                                ^
/opt/aws_neuronx_venv_pytorch_inference_vllm_0_16/lib/python3.12/site-packages/neuronxcc/private_nkl/transpose.py:751:3: warning: 'neuronxcc.private_nkl.transpose.check_input_transpose' is from the 'neuronxcc' package which is not supported in NKI kernels; use the 'nki' package instead
  check_input_transpose(in_tensor, in_shape, permutation)
  ^
/opt/aws_neuronx_venv_pytorch_inference_vllm_0_16/lib/python3.12/site-packages/neuronxcc/private_nkl/transpose.py:757:33: warning: 'neuronxcc.private_nkl.transpose_utils.permutation_reduction' is from the 'neuronxcc' package which is not supported in NKI kernels; use the 'nki' package instead
  reduced_perm, reduced_shape = permutation_reduction(in_shape, permutation)
                                ^
/opt/aws_neuronx_venv_pytorch_inference_vllm_0_16/lib/python3.12/site-packages/neuronxcc/private_nkl/transpose.py:758:10: warning: 'neuronxcc.private_nkl.transpose_utils.permutes_last_two_dims' is from the 'neuronxcc' package which is not supported in NKI kernels; use the 'nki' package instead
  assert permutes_last_two_dims(reduced_perm), f"must permutate last two dims, got {reduced_perm}"
         ^
/opt/aws_neuronx_venv_pytorch_inference_vllm_0_16/lib/python3.12/site-packages/neuronxcc/private_nkl/transpose.py:763:11: warning: 'neuronxcc.private_nkl.transpose._str_to_dtype' is from the 'neuronxcc' package which is not supported in NKI kernels; use the 'nki' package instead
    dtype=_str_to_dtype(out_dtype),
          ^
/opt/aws_neuronx_venv_pytorch_inference_vllm_0_16/lib/python3.12/site-packages/neuronxcc/private_nkl/transpose.py:764:12: warning: 'neuronxcc.private_nkl.transpose_utils._get_hbm_buffer' is from the 'neuronxcc' package which is not supported in NKI kernels; use the 'nki' package instead
    buffer=_get_hbm_buffer(),
           ^
/opt/aws_neuronx_venv_pytorch_inference_vllm_0_16/lib/python3.12/site-packages/neuronxcc/private_nkl/transpose.py:767:3: warning: 'neuronxcc.private_nkl.transpose._pe_transpose_impl' is from the 'neuronxcc' package which is not supported in NKI kernels; use the 'nki' package instead
  _pe_transpose_impl(in_tensor, out_tensor, num_shards, shard_id)
  ^
/opt/aws_neuronx_venv_pytorch_inference_vllm_0_16/lib/python3.12/site-packages/neuronxcc/private_nkl/transpose.py:373:25: warning: 'neuronxcc.private_nkl.transpose_utils.n_elts' is from the 'neuronxcc' package which is not supported in NKI kernels; use the 'nki' package instead
  flattened_B_dim = int(n_elts(in_shape[:-2])) if in_shape[:-2] else 1
                        ^
/opt/aws_neuronx_venv_pytorch_inference_vllm_0_16/lib/python3.12/site-packages/neuronxcc/private_nkl/transpose.py:378:30: warning: 'neuronxcc.private_nkl.transpose._pe_optimal_tile_sizes' is from the 'neuronxcc' package which is not supported in NKI kernels; use the 'nki' package instead
  I_tile_size, J_tile_size = _pe_optimal_tile_sizes(I, J, in_tensor.dtype)
                             ^
/opt/aws_neuronx_venv_pytorch_inference_vllm_0_16/lib/python3.12/site-packages/neuronxcc/private_nkl/transpose.py:381:17: warning: 'neuronxcc.private_nkl.utils.kernel_helpers.div_ceil' is from the 'neuronxcc' package which is not supported in NKI kernels; use the 'nki' package instead
  b_per_shard = div_ceil(flattened_B_dim, num_shards)
                ^
/opt/aws_neuronx_venv_pytorch_inference_vllm_0_16/lib/python3.12/site-packages/neuronxcc/private_nkl/transpose.py:384:19: warning: 'neuronxcc.private_nkl.transpose._to_compute_dtype' is from the 'neuronxcc' package which is not supported in NKI kernels; use the 'nki' package instead
  compute_dtype = _to_compute_dtype(in_tensor.dtype)
                  ^
/opt/aws_neuronx_venv_pytorch_inference_vllm_0_16/lib/python3.12/site-packages/neuronxcc/private_nkl/transpose.py:398:19: warning: 'neuronxcc.private_nkl.utils.tiled_range.TiledRange' is from the 'neuronxcc' package which is not supported in NKI kernels; use the 'nki' package instead
    for I_tile in TiledRange(I, I_tile_size):
                  ^
/opt/aws_neuronx_venv_pytorch_inference_vllm_0_16/lib/python3.12/site-packages/neuronxcc/private_nkl/transpose.py:399:21: warning: 'neuronxcc.private_nkl.utils.tiled_range.TiledRange' is from the 'neuronxcc' package which is not supported in NKI kernels; use the 'nki' package instead
      for J_tile in TiledRange(J, J_tile_size):
                    ^
/opt/aws_neuronx_venv_pytorch_inference_vllm_0_16/lib/python3.12/site-packages/neuronxcc/private_nkl/transpose.py:400:23: warning: 'neuronxcc.private_nkl.utils.tiled_range.TiledRange' is from the 'neuronxcc' package which is not supported in NKI kernels; use the 'nki' package instead
        I_128_tiles = TiledRange(I_tile, nl.tile_size.pmax)
                      ^
/opt/aws_neuronx_venv_pytorch_inference_vllm_0_16/lib/python3.12/site-packages/neuronxcc/private_nkl/transpose.py:405:23: warning: 'neuronxcc.private_nkl.utils.tiled_range.TiledRange' is from the 'neuronxcc' package which is not supported in NKI kernels; use the 'nki' package instead
        J_128_tiles = TiledRange(J_tile, nl.tile_size.pmax)
                      ^
/opt/aws_neuronx_venv_pytorch_inference_vllm_0_16/lib/python3.12/site-packages/neuronxcc/private_nkl/transpose.py:411:9: warning: 'neuronxcc.private_nkl.transpose._pe_load_tile' is from the 'neuronxcc' package which is not supported in NKI kernels; use the 'nki' package instead
        _pe_load_tile(
        ^
/opt/aws_neuronx_venv_pytorch_inference_vllm_0_16/lib/python3.12/site-packages/neuronxcc/private_nkl/transpose.py:422:11: warning: 'neuronxcc.private_nkl.transpose._pe_transpose_tile_I_vectorized' is from the 'neuronxcc' package which is not supported in NKI kernels; use the 'nki' package instead
          _pe_transpose_tile_I_vectorized(
          ^
/opt/aws_neuronx_venv_pytorch_inference_vllm_0_16/lib/python3.12/site-packages/neuronxcc/private_nkl/transpose.py:430:11: warning: 'neuronxcc.private_nkl.transpose._pe_transpose_tile_J_vectorized' is from the 'neuronxcc' package which is not supported in NKI kernels; use the 'nki' package instead
          _pe_transpose_tile_J_vectorized(
          ^
/opt/aws_neuronx_venv_pytorch_inference_vllm_0_16/lib/python3.12/site-packages/neuronxcc/private_nkl/transpose.py:438:9: warning: 'neuronxcc.private_nkl.transpose._pe_store_tile' is from the 'neuronxcc' package which is not supported in NKI kernels; use the 'nki' package instead
        _pe_store_tile(
        ^
/opt/aws_neuronx_venv_pytorch_inference_vllm_0_16/lib/python3.12/site-packages/neuronxcc/private_nkl/transpose.py:527:17: warning: 'neuronxcc.private_nkl.utils.tiled_range.TiledRange' is from the 'neuronxcc' package which is not supported in NKI kernels; use the 'nki' package instead
  I_128_tiles = TiledRange(I_tile, nl.tile_size.pmax)
                ^
/opt/aws_neuronx_venv_pytorch_inference_vllm_0_16/lib/python3.12/site-packages/neuronxcc/private_nkl/transpose.py:529:17: warning: 'neuronxcc.private_nkl.utils.tiled_range.TiledRange' is from the 'neuronxcc' package which is not supported in NKI kernels; use the 'nki' package instead
  J_128_tiles = TiledRange(J_tile, nl.tile_size.pmax)
                ^
/opt/aws_neuronx_venv_pytorch_inference_vllm_0_16/lib/python3.12/site-packages/neuronxcc/private_nkl/transpose.py:538:21: warning: 'neuronxcc.private_nkl.utils.tiled_range.TiledRange' is from the 'neuronxcc' package which is not supported in NKI kernels; use the 'nki' package instead
  for J_128_tile in TiledRange(J_tile.size, nl.tile_size.pmax):
                    ^
/opt/aws_neuronx_venv_pytorch_inference_vllm_0_16/lib/python3.12/site-packages/neuronxcc/private_nkl/transpose.py:539:23: warning: 'neuronxcc.private_nkl.utils.tiled_range.TiledRange' is from the 'neuronxcc' package which is not supported in NKI kernels; use the 'nki' package instead
    for I_512_tile in TiledRange(I_tile.size, nl.tile_size.psum_fmax):
                      ^
/opt/aws_neuronx_venv_pytorch_inference_vllm_0_16/lib/python3.12/site-packages/neuronxcc/private_nkl/transpose.py:551:25: warning: 'neuronxcc.private_nkl.utils.tiled_range.TiledRange' is from the 'neuronxcc' package which is not supported in NKI kernels; use the 'nki' package instead
      for I_128_tile in TiledRange(I_512_tile, nl.tile_size.pmax):
                        ^
/opt/aws_neuronx_venv_pytorch_inference_vllm_0_16/lib/python3.12/site-packages/neuronxcc/private_nkl/transpose.py:569:7: warning: 'neuronxcc.private_nkl.transpose._copy_with_engine' is from the 'neuronxcc' package which is not supported in NKI kernels; use the 'nki' package instead
      _copy_with_engine(
      ^
/opt/aws_neuronx_venv_pytorch_inference_vllm_0_16/lib/python3.12/site-packages/neuronxcc/private_nkl/transpose.py:586:17: warning: 'neuronxcc.private_nkl.utils.tiled_range.TiledRange' is from the 'neuronxcc' package which is not supported in NKI kernels; use the 'nki' package instead
  I_128_tiles = TiledRange(I_tile, nl.tile_size.pmax)
                ^
/opt/aws_neuronx_venv_pytorch_inference_vllm_0_16/lib/python3.12/site-packages/neuronxcc/private_nkl/transpose.py:588:17: warning: 'neuronxcc.private_nkl.utils.tiled_range.TiledRange' is from the 'neuronxcc' package which is not supported in NKI kernels; use the 'nki' package instead
  J_128_tiles = TiledRange(J_tile, nl.tile_size.pmax)
                ^
/opt/aws_neuronx_venv_pytorch_inference_vllm_0_16/lib/python3.12/site-packages/neuronxcc/private_nkl/transpose.py:596:21: warning: 'neuronxcc.private_nkl.utils.tiled_range.TiledRange' is from the 'neuronxcc' package which is not supported in NKI kernels; use the 'nki' package instead
  for I_128_tile in TiledRange(I_tile.size, nl.tile_size.pmax):
                    ^
/opt/aws_neuronx_venv_pytorch_inference_vllm_0_16/lib/python3.12/site-packages/neuronxcc/private_nkl/transpose.py:597:23: warning: 'neuronxcc.private_nkl.utils.tiled_range.TiledRange' is from the 'neuronxcc' package which is not supported in NKI kernels; use the 'nki' package instead
    for J_512_tile in TiledRange(J_tile.size, nl.tile_size.psum_fmax):
                      ^
/opt/aws_neuronx_venv_pytorch_inference_vllm_0_16/lib/python3.12/site-packages/neuronxcc/private_nkl/transpose.py:609:25: warning: 'neuronxcc.private_nkl.utils.tiled_range.TiledRange' is from the 'neuronxcc' package which is not supported in NKI kernels; use the 'nki' package instead
      for J_128_tile in TiledRange(J_512_tile, nl.tile_size.pmax):
                        ^
/opt/aws_neuronx_venv_pytorch_inference_vllm_0_16/lib/python3.12/site-packages/neuronxcc/private_nkl/transpose.py:628:9: warning: 'neuronxcc.private_nkl.transpose._copy_with_engine' is from the 'neuronxcc' package which is not supported in NKI kernels; use the 'nki' package instead
        _copy_with_engine(
        ^
/opt/aws_neuronx_venv_pytorch_inference_vllm_0_16/lib/python3.12/site-packages/neuronxcc/private_nkl/transpose.py:652:9: warning: 'neuronxcc.private_nkl.transpose._copy_with_engine' is from the 'neuronxcc' package which is not supported in NKI kernels; use the 'nki' package instead
        _copy_with_engine(
        ^
/opt/aws_neuronx_venv_pytorch_inference_vllm_0_16/lib/python3.12/site-packages/neuronxcc/private_nkl/transpose.py:38:10: warning: 'neuronxcc.private_nkl.transpose_utils.is_valid_permutation' is from the 'neuronxcc' package which is not supported in NKI kernels; use the 'nki' package instead
  assert is_valid_permutation(permutation), "input permutation is invalid"
         ^
/opt/aws_neuronx_venv_pytorch_inference_vllm_0_16/lib/python3.12/site-packages/neuronxcc/private_nkl/transpose.py:41:10: warning: 'neuronxcc.private_nkl.transpose_utils.n_elts' is from the 'neuronxcc' package which is not supported in NKI kernels; use the 'nki' package instead
  assert n_elts(in_shape) == n_elts(in_tensor.shape), "tensor shape is invalid"
         ^
/opt/aws_neuronx_venv_pytorch_inference_vllm_0_16/lib/python3.12/site-packages/neuronxcc/private_nkl/transpose.py:41:30: warning: 'neuronxcc.private_nkl.transpose_utils.n_elts' is from the 'neuronxcc' package which is not supported in NKI kernels; use the 'nki' package instead
  assert n_elts(in_shape) == n_elts(in_tensor.shape), "tensor shape is invalid"
                             ^
/opt/aws_neuronx_venv_pytorch_inference_vllm_0_16/lib/python3.12/site-packages/neuronxcc/private_nkl/transpose.py:32:20: warning: 'neuronxcc.private_nkl.utils.StackAllocator.sizeinbytes' is from the 'neuronxcc' package which is not supported in NKI kernels; use the 'nki' package instead
  return (98304 // sizeinbytes(dtype)) // 2
                   ^
/opt/aws_neuronx_venv_pytorch_inference_vllm_0_16/lib/python3.12/site-packages/neuronxcc/private_nkl/transpose.py:886:29: warning: 'neuronxcc.private_nkl.utils.kernel_helpers.get_program_sharding_info' is from the 'neuronxcc' package which is not supported in NKI kernels; use the 'nki' package instead
  _, num_shards, shard_id = get_program_sharding_info()
                            ^
/opt/aws_neuronx_venv_pytorch_inference_vllm_0_16/lib/python3.12/site-packages/neuronxcc/private_nkl/transpose.py:887:9: warning: 'neuronxcc.private_nkl.transpose._pe_transpose' is from the 'neuronxcc' package which is not supported in NKI kernels; use the 'nki' package instead
  out = _pe_transpose(in_tensor, in_shape, permutation, out_dtype, num_shards, shard_id)
        ^
/opt/aws_neuronx_venv_pytorch_inference_vllm_0_16/lib/python3.12/site-packages/neuronxcc/private_nkl/transpose_utils.py:71:10: warning: 'neuronxcc.private_nkl.transpose_utils.is_valid_permutation' is from the 'neuronxcc' package which is not supported in NKI kernels; use the 'nki' package instead
  if not is_valid_permutation(permutation):
         ^
/opt/aws_neuronx_venv_pytorch_inference_vllm_0_16/lib/python3.12/site-packages/neuronxcc/private_nkl/utils/tiled_range.py:66:23: warning: 'neuronxcc.private_nkl.utils.tiled_range.TiledRangeIterator' is from the 'neuronxcc' package which is not supported in NKI kernels; use the 'nki' package instead
  if isinstance(size, TiledRangeIterator):
                      ^
/opt/aws_neuronx_venv_pytorch_inference_vllm_0_16/lib/python3.12/site-packages/neuronxcc/private_nkl/utils/tiled_range.py:84:22: warning: 'neuronxcc.private_nkl.utils.tiled_range.TiledRangeIterator' is from the 'neuronxcc' package which is not supported in NKI kernels; use the 'nki' package instead
    iterators.append(TiledRangeIterator(current_tile_size, i, base_offset + relative_offset))
                     ^
/opt/aws_neuronx_venv_pytorch_inference_vllm_0_16/lib/python3.12/site-packages/neuronxcc/private_nkl/transpose.py:458:17: warning: 'neuronxcc.private_nkl.utils.tiled_range.TiledRange' is from the 'neuronxcc' package which is not supported in NKI kernels; use the 'nki' package instead
  I_128_tiles = TiledRange(I_tile, nl.tile_size.pmax)
                ^
/opt/aws_neuronx_venv_pytorch_inference_vllm_0_16/lib/python3.12/site-packages/neuronxcc/private_nkl/transpose.py:465:33: warning: 'neuronxcc.private_nkl.utils.tiled_range.TiledRange' is from the 'neuronxcc' package which is not supported in NKI kernels; use the 'nki' package instead
    for vectorization_factor in TiledRange(num_full_128_tiles_per_I_tile, VECTORIZATION_FACTOR):
                                ^
/opt/aws_neuronx_venv_pytorch_inference_vllm_0_16/lib/python3.12/site-packages/neuronxcc/private_nkl/transpose.py:284:16: warning: 'neuronxcc.private_nkl.transpose.max_f_size' is from the 'neuronxcc' package which is not supported in NKI kernels; use the 'nki' package instead
  MAX_F_SIZE = max_f_size(dtype)
               ^
/opt/aws_neuronx_venv_pytorch_inference_vllm_0_16/lib/python3.12/site-packages/neuronxcc/private_nkl/transpose.py:289:15: warning: 'neuronxcc.private_nkl.transpose_utils.next_multiple' is from the 'neuronxcc' package which is not supported in NKI kernels; use the 'nki' package instead
    return I, next_multiple(min(J, MAX_F_SIZE), 128)
              ^
/opt/aws_neuronx_venv_pytorch_inference_vllm_0_16/lib/python3.12/site-packages/neuronxcc/private_nkl/transpose.py:291:12: warning: 'neuronxcc.private_nkl.transpose_utils.next_multiple' is from the 'neuronxcc' package which is not supported in NKI kernels; use the 'nki' package instead
    return next_multiple(min(I, MAX_F_SIZE), 128), J
           ^
/opt/aws_neuronx_venv_pytorch_inference_vllm_0_16/lib/python3.12/site-packages/neuronxcc/private_nkl/transpose.py:302:19: warning: 'neuronxcc.private_nkl.transpose_utils.next_multiple' is from the 'neuronxcc' package which is not supported in NKI kernels; use the 'nki' package instead
    I_tile_size = next_multiple(I_tile_size, 128)
                  ^
/opt/aws_neuronx_venv_pytorch_inference_vllm_0_16/lib/python3.12/site-packages/neuronxcc/private_nkl/transpose.py:303:19: warning: 'neuronxcc.private_nkl.transpose_utils.next_multiple' is from the 'neuronxcc' package which is not supported in NKI kernels; use the 'nki' package instead
    J_tile_size = next_multiple(J_tile_size, 128)
                  ^
/opt/aws_neuronx_venv_pytorch_inference_vllm_0_16/lib/python3.12/site-packages/neuronxcc/private_nkl/transpose.py:681:17: warning: 'neuronxcc.private_nkl.utils.tiled_range.TiledRange' is from the 'neuronxcc' package which is not supported in NKI kernels; use the 'nki' package instead
  J_128_tiles = TiledRange(J_tile, nl.tile_size.pmax)
                ^
/opt/aws_neuronx_venv_pytorch_inference_vllm_0_16/lib/python3.12/site-packages/neuronxcc/private_nkl/transpose.py:688:33: warning: 'neuronxcc.private_nkl.utils.tiled_range.TiledRange' is from the 'neuronxcc' package which is not supported in NKI kernels; use the 'nki' package instead
    for vectorization_factor in TiledRange(num_full_128_tiles_per_J_tile, VECTORIZATION_FACTOR):
                                ^
/opt/aws_neuronx_venv_pytorch_inference_vllm_0_16/lib/python3.12/site-packages/neuronxcc/private_nkl/transpose.py:751:3: warning: 'neuronxcc.private_nkl.transpose.check_input_transpose' is from the 'neuronxcc' package which is not supported in NKI kernels; use the 'nki' package instead
  check_input_transpose(in_tensor, in_shape, permutation)
  ^
/opt/aws_neuronx_venv_pytorch_inference_vllm_0_16/lib/python3.12/site-packages/neuronxcc/private_nkl/transpose.py:757:33: warning: 'neuronxcc.private_nkl.transpose_utils.permutation_reduction' is from the 'neuronxcc' package which is not supported in NKI kernels; use the 'nki' package instead
  reduced_perm, reduced_shape = permutation_reduction(in_shape, permutation)
                                ^
/opt/aws_neuronx_venv_pytorch_inference_vllm_0_16/lib/python3.12/site-packages/neuronxcc/private_nkl/transpose.py:758:10: warning: 'neuronxcc.private_nkl.transpose_utils.permutes_last_two_dims' is from the 'neuronxcc' package which is not supported in NKI kernels; use the 'nki' package instead
  assert permutes_last_two_dims(reduced_perm), f"must permutate last two dims, got {reduced_perm}"
         ^
/opt/aws_neuronx_venv_pytorch_inference_vllm_0_16/lib/python3.12/site-packages/neuronxcc/private_nkl/transpose.py:763:11: warning: 'neuronxcc.private_nkl.transpose._str_to_dtype' is from the 'neuronxcc' package which is not supported in NKI kernels; use the 'nki' package instead
    dtype=_str_to_dtype(out_dtype),
          ^
/opt/aws_neuronx_venv_pytorch_inference_vllm_0_16/lib/python3.12/site-packages/neuronxcc/private_nkl/transpose.py:764:12: warning: 'neuronxcc.private_nkl.transpose_utils._get_hbm_buffer' is from the 'neuronxcc' package which is not supported in NKI kernels; use the 'nki' package instead
    buffer=_get_hbm_buffer(),
           ^
/opt/aws_neuronx_venv_pytorch_inference_vllm_0_16/lib/python3.12/site-packages/neuronxcc/private_nkl/transpose.py:767:3: warning: 'neuronxcc.private_nkl.transpose._pe_transpose_impl' is from the 'neuronxcc' package which is not supported in NKI kernels; use the 'nki' package instead
  _pe_transpose_impl(in_tensor, out_tensor, num_shards, shard_id)
  ^
/opt/aws_neuronx_venv_pytorch_inference_vllm_0_16/lib/python3.12/site-packages/neuronxcc/private_nkl/transpose.py:373:25: warning: 'neuronxcc.private_nkl.transpose_utils.n_elts' is from the 'neuronxcc' package which is not supported in NKI kernels; use the 'nki' package instead
  flattened_B_dim = int(n_elts(in_shape[:-2])) if in_shape[:-2] else 1
                        ^
/opt/aws_neuronx_venv_pytorch_inference_vllm_0_16/lib/python3.12/site-packages/neuronxcc/private_nkl/transpose.py:378:30: warning: 'neuronxcc.private_nkl.transpose._pe_optimal_tile_sizes' is from the 'neuronxcc' package which is not supported in NKI kernels; use the 'nki' package instead
  I_tile_size, J_tile_size = _pe_optimal_tile_sizes(I, J, in_tensor.dtype)
                             ^
/opt/aws_neuronx_venv_pytorch_inference_vllm_0_16/lib/python3.12/site-packages/neuronxcc/private_nkl/transpose.py:381:17: warning: 'neuronxcc.private_nkl.utils.kernel_helpers.div_ceil' is from the 'neuronxcc' package which is not supported in NKI kernels; use the 'nki' package instead
  b_per_shard = div_ceil(flattened_B_dim, num_shards)
                ^
/opt/aws_neuronx_venv_pytorch_inference_vllm_0_16/lib/python3.12/site-packages/neuronxcc/private_nkl/transpose.py:384:19: warning: 'neuronxcc.private_nkl.transpose._to_compute_dtype' is from the 'neuronxcc' package which is not supported in NKI kernels; use the 'nki' package instead
  compute_dtype = _to_compute_dtype(in_tensor.dtype)
                  ^
/opt/aws_neuronx_venv_pytorch_inference_vllm_0_16/lib/python3.12/site-packages/neuronxcc/private_nkl/transpose.py:398:19: warning: 'neuronxcc.private_nkl.utils.tiled_range.TiledRange' is from the 'neuronxcc' package which is not supported in NKI kernels; use the 'nki' package instead
    for I_tile in TiledRange(I, I_tile_size):
                  ^
/opt/aws_neuronx_venv_pytorch_inference_vllm_0_16/lib/python3.12/site-packages/neuronxcc/private_nkl/transpose.py:399:21: warning: 'neuronxcc.private_nkl.utils.tiled_range.TiledRange' is from the 'neuronxcc' package which is not supported in NKI kernels; use the 'nki' package instead
      for J_tile in TiledRange(J, J_tile_size):
                    ^
/opt/aws_neuronx_venv_pytorch_inference_vllm_0_16/lib/python3.12/site-packages/neuronxcc/private_nkl/transpose.py:400:23: warning: 'neuronxcc.private_nkl.utils.tiled_range.TiledRange' is from the 'neuronxcc' package which is not supported in NKI kernels; use the 'nki' package instead
        I_128_tiles = TiledRange(I_tile, nl.tile_size.pmax)
                      ^
/opt/aws_neuronx_venv_pytorch_inference_vllm_0_16/lib/python3.12/site-packages/neuronxcc/private_nkl/transpose.py:405:23: warning: 'neuronxcc.private_nkl.utils.tiled_range.TiledRange' is from the 'neuronxcc' package which is not supported in NKI kernels; use the 'nki' package instead
        J_128_tiles = TiledRange(J_tile, nl.tile_size.pmax)
                      ^
/opt/aws_neuronx_venv_pytorch_inference_vllm_0_16/lib/python3.12/site-packages/neuronxcc/private_nkl/transpose.py:411:9: warning: 'neuronxcc.private_nkl.transpose._pe_load_tile' is from the 'neuronxcc' package which is not supported in NKI kernels; use the 'nki' package instead
        _pe_load_tile(
        ^
/opt/aws_neuronx_venv_pytorch_inference_vllm_0_16/lib/python3.12/site-packages/neuronxcc/private_nkl/transpose.py:422:11: warning: 'neuronxcc.private_nkl.transpose._pe_transpose_tile_I_vectorized' is from the 'neuronxcc' package which is not supported in NKI kernels; use the 'nki' package instead
          _pe_transpose_tile_I_vectorized(
          ^
/opt/aws_neuronx_venv_pytorch_inference_vllm_0_16/lib/python3.12/site-packages/neuronxcc/private_nkl/transpose.py:430:11: warning: 'neuronxcc.private_nkl.transpose._pe_transpose_tile_J_vectorized' is from the 'neuronxcc' package which is not supported in NKI kernels; use the 'nki' package instead
          _pe_transpose_tile_J_vectorized(
          ^
/opt/aws_neuronx_venv_pytorch_inference_vllm_0_16/lib/python3.12/site-packages/neuronxcc/private_nkl/transpose.py:438:9: warning: 'neuronxcc.private_nkl.transpose._pe_store_tile' is from the 'neuronxcc' package which is not supported in NKI kernels; use the 'nki' package instead
        _pe_store_tile(
        ^
/opt/aws_neuronx_venv_pytorch_inference_vllm_0_16/lib/python3.12/site-packages/neuronxcc/private_nkl/transpose.py:527:17: warning: 'neuronxcc.private_nkl.utils.tiled_range.TiledRange' is from the 'neuronxcc' package which is not supported in NKI kernels; use the 'nki' package instead
  I_128_tiles = TiledRange(I_tile, nl.tile_size.pmax)
                ^
/opt/aws_neuronx_venv_pytorch_inference_vllm_0_16/lib/python3.12/site-packages/neuronxcc/private_nkl/transpose.py:529:17: warning: 'neuronxcc.private_nkl.utils.tiled_range.TiledRange' is from the 'neuronxcc' package which is not supported in NKI kernels; use the 'nki' package instead
  J_128_tiles = TiledRange(J_tile, nl.tile_size.pmax)
                ^
/opt/aws_neuronx_venv_pytorch_inference_vllm_0_16/lib/python3.12/site-packages/neuronxcc/private_nkl/transpose.py:538:21: warning: 'neuronxcc.private_nkl.utils.tiled_range.TiledRange' is from the 'neuronxcc' package which is not supported in NKI kernels; use the 'nki' package instead
  for J_128_tile in TiledRange(J_tile.size, nl.tile_size.pmax):
                    ^
/opt/aws_neuronx_venv_pytorch_inference_vllm_0_16/lib/python3.12/site-packages/neuronxcc/private_nkl/transpose.py:539:23: warning: 'neuronxcc.private_nkl.utils.tiled_range.TiledRange' is from the 'neuronxcc' package which is not supported in NKI kernels; use the 'nki' package instead
    for I_512_tile in TiledRange(I_tile.size, nl.tile_size.psum_fmax):
                      ^
/opt/aws_neuronx_venv_pytorch_inference_vllm_0_16/lib/python3.12/site-packages/neuronxcc/private_nkl/transpose.py:551:25: warning: 'neuronxcc.private_nkl.utils.tiled_range.TiledRange' is from the 'neuronxcc' package which is not supported in NKI kernels; use the 'nki' package instead
      for I_128_tile in TiledRange(I_512_tile, nl.tile_size.pmax):
                        ^
/opt/aws_neuronx_venv_pytorch_inference_vllm_0_16/lib/python3.12/site-packages/neuronxcc/private_nkl/transpose.py:569:7: warning: 'neuronxcc.private_nkl.transpose._copy_with_engine' is from the 'neuronxcc' package which is not supported in NKI kernels; use the 'nki' package instead
      _copy_with_engine(
      ^
/opt/aws_neuronx_venv_pytorch_inference_vllm_0_16/lib/python3.12/site-packages/neuronxcc/private_nkl/transpose.py:586:17: warning: 'neuronxcc.private_nkl.utils.tiled_range.TiledRange' is from the 'neuronxcc' package which is not supported in NKI kernels; use the 'nki' package instead
  I_128_tiles = TiledRange(I_tile, nl.tile_size.pmax)
                ^
/opt/aws_neuronx_venv_pytorch_inference_vllm_0_16/lib/python3.12/site-packages/neuronxcc/private_nkl/transpose.py:588:17: warning: 'neuronxcc.private_nkl.utils.tiled_range.TiledRange' is from the 'neuronxcc' package which is not supported in NKI kernels; use the 'nki' package instead
  J_128_tiles = TiledRange(J_tile, nl.tile_size.pmax)
                ^
/opt/aws_neuronx_venv_pytorch_inference_vllm_0_16/lib/python3.12/site-packages/neuronxcc/private_nkl/transpose.py:596:21: warning: 'neuronxcc.private_nkl.utils.tiled_range.TiledRange' is from the 'neuronxcc' package which is not supported in NKI kernels; use the 'nki' package instead
  for I_128_tile in TiledRange(I_tile.size, nl.tile_size.pmax):
                    ^
/opt/aws_neuronx_venv_pytorch_inference_vllm_0_16/lib/python3.12/site-packages/neuronxcc/private_nkl/transpose.py:597:23: warning: 'neuronxcc.private_nkl.utils.tiled_range.TiledRange' is from the 'neuronxcc' package which is not supported in NKI kernels; use the 'nki' package instead
    for J_512_tile in TiledRange(J_tile.size, nl.tile_size.psum_fmax):
                      ^
/opt/aws_neuronx_venv_pytorch_inference_vllm_0_16/lib/python3.12/site-packages/neuronxcc/private_nkl/transpose.py:609:25: warning: 'neuronxcc.private_nkl.utils.tiled_range.TiledRange' is from the 'neuronxcc' package which is not supported in NKI kernels; use the 'nki' package instead
      for J_128_tile in TiledRange(J_512_tile, nl.tile_size.pmax):
                        ^
/opt/aws_neuronx_venv_pytorch_inference_vllm_0_16/lib/python3.12/site-packages/neuronxcc/private_nkl/transpose.py:628:9: warning: 'neuronxcc.private_nkl.transpose._copy_with_engine' is from the 'neuronxcc' package which is not supported in NKI kernels; use the 'nki' package instead
        _copy_with_engine(
        ^
/opt/aws_neuronx_venv_pytorch_inference_vllm_0_16/lib/python3.12/site-packages/neuronxcc/private_nkl/transpose.py:652:9: warning: 'neuronxcc.private_nkl.transpose._copy_with_engine' is from the 'neuronxcc' package which is not supported in NKI kernels; use the 'nki' package instead
        _copy_with_engine(
        ^
/opt/aws_neuronx_venv_pytorch_inference_vllm_0_16/lib/python3.12/site-packages/neuronxcc/private_nkl/transpose.py:38:10: warning: 'neuronxcc.private_nkl.transpose_utils.is_valid_permutation' is from the 'neuronxcc' package which is not supported in NKI kernels; use the 'nki' package instead
  assert is_valid_permutation(permutation), "input permutation is invalid"
         ^
/opt/aws_neuronx_venv_pytorch_inference_vllm_0_16/lib/python3.12/site-packages/neuronxcc/private_nkl/transpose.py:41:10: warning: 'neuronxcc.private_nkl.transpose_utils.n_elts' is from the 'neuronxcc' package which is not supported in NKI kernels; use the 'nki' package instead
  assert n_elts(in_shape) == n_elts(in_tensor.shape), "tensor shape is invalid"
         ^
/opt/aws_neuronx_venv_pytorch_inference_vllm_0_16/lib/python3.12/site-packages/neuronxcc/private_nkl/transpose.py:41:30: warning: 'neuronxcc.private_nkl.transpose_utils.n_elts' is from the 'neuronxcc' package which is not supported in NKI kernels; use the 'nki' package instead
  assert n_elts(in_shape) == n_elts(in_tensor.shape), "tensor shape is invalid"
                             ^
/opt/aws_neuronx_venv_pytorch_inference_vllm_0_16/lib/python3.12/site-packages/neuronxcc/private_nkl/transpose.py:32:20: warning: 'neuronxcc.private_nkl.utils.StackAllocator.sizeinbytes' is from the 'neuronxcc' package which is not supported in NKI kernels; use the 'nki' package instead
  return (98304 // sizeinbytes(dtype)) // 2
                   ^
/opt/aws_neuronx_venv_pytorch_inference_vllm_0_16/lib/python3.12/site-packages/neuronxcc/private_nkl/transpose.py:886:29: warning: 'neuronxcc.private_nkl.utils.kernel_helpers.get_program_sharding_info' is from the 'neuronxcc' package which is not supported in NKI kernels; use the 'nki' package instead
  _, num_shards, shard_id = get_program_sharding_info()
                            ^
/opt/aws_neuronx_venv_pytorch_inference_vllm_0_16/lib/python3.12/site-packages/neuronxcc/private_nkl/transpose.py:887:9: warning: 'neuronxcc.private_nkl.transpose._pe_transpose' is from the 'neuronxcc' package which is not supported in NKI kernels; use the 'nki' package instead
  out = _pe_transpose(in_tensor, in_shape, permutation, out_dtype, num_shards, shard_id)
        ^
/opt/aws_neuronx_venv_pytorch_inference_vllm_0_16/lib/python3.12/site-packages/neuronxcc/private_nkl/transpose_utils.py:71:10: warning: 'neuronxcc.private_nkl.transpose_utils.is_valid_permutation' is from the 'neuronxcc' package which is not supported in NKI kernels; use the 'nki' package instead
  if not is_valid_permutation(permutation):
         ^
/opt/aws_neuronx_venv_pytorch_inference_vllm_0_16/lib/python3.12/site-packages/neuronxcc/private_nkl/utils/tiled_range.py:66:23: warning: 'neuronxcc.private_nkl.utils.tiled_range.TiledRangeIterator' is from the 'neuronxcc' package which is not supported in NKI kernels; use the 'nki' package instead
  if isinstance(size, TiledRangeIterator):
                      ^
/opt/aws_neuronx_venv_pytorch_inference_vllm_0_16/lib/python3.12/site-packages/neuronxcc/private_nkl/utils/tiled_range.py:84:22: warning: 'neuronxcc.private_nkl.utils.tiled_range.TiledRangeIterator' is from the 'neuronxcc' package which is not supported in NKI kernels; use the 'nki' package instead
    iterators.append(TiledRangeIterator(current_tile_size, i, base_offset + relative_offset))
                     ^
/opt/aws_neuronx_venv_pytorch_inference_vllm_0_16/lib/python3.12/site-packages/neuronxcc/private_nkl/transpose.py:69:16: warning: 'neuronxcc.private_nkl.transpose.max_f_size' is from the 'neuronxcc' package which is not supported in NKI kernels; use the 'nki' package instead
  MAX_F_SIZE = max_f_size(in_tensor.dtype)
               ^
/opt/aws_neuronx_venv_pytorch_inference_vllm_0_16/lib/python3.12/site-packages/neuronxcc/private_nkl/transpose.py:74:25: warning: 'neuronxcc.private_nkl.transpose_utils.n_elts' is from the 'neuronxcc' package which is not supported in NKI kernels; use the 'nki' package instead
  flattened_B_dim = int(n_elts(in_shape[:-2])) if in_shape[:-2] else 1
                        ^
/opt/aws_neuronx_venv_pytorch_inference_vllm_0_16/lib/python3.12/site-packages/neuronxcc/private_nkl/transpose.py:77:18: warning: 'neuronxcc.private_nkl.transpose_utils.factor_within_limit' is from the 'neuronxcc' package which is not supported in NKI kernels; use the 'nki' package instead
    i_division = factor_within_limit(I, MAX_F_SIZE)
                 ^
/opt/aws_neuronx_venv_pytorch_inference_vllm_0_16/lib/python3.12/site-packages/neuronxcc/private_nkl/transpose.py:79:22: warning: 'neuronxcc.private_nkl.utils.kernel_helpers.div_ceil' is from the 'neuronxcc' package which is not supported in NKI kernels; use the 'nki' package instead
    i_division_num = div_ceil(I, i_division)
                     ^
/opt/aws_neuronx_venv_pytorch_inference_vllm_0_16/lib/python3.12/site-packages/neuronxcc/private_nkl/transpose.py:87:16: warning: 'neuronxcc.private_nkl.utils.kernel_helpers.div_ceil' is from the 'neuronxcc' package which is not supported in NKI kernels; use the 'nki' package instead
  num_j_divs = div_ceil(J, j_division)
               ^
/opt/aws_neuronx_venv_pytorch_inference_vllm_0_16/lib/python3.12/site-packages/neuronxcc/private_nkl/transpose.py:91:18: warning: 'neuronxcc.private_nkl.utils.kernel_helpers.div_ceil' is from the 'neuronxcc' package which is not supported in NKI kernels; use the 'nki' package instead
    num_j_divs = div_ceil(J, j_division)
                 ^
/opt/aws_neuronx_venv_pytorch_inference_vllm_0_16/lib/python3.12/site-packages/neuronxcc/private_nkl/transpose.py:93:22: warning: 'neuronxcc.private_nkl.utils.kernel_helpers.div_ceil' is from the 'neuronxcc' package which is not supported in NKI kernels; use the 'nki' package instead
    i_division_num = div_ceil(I, i_division)
                     ^
/opt/aws_neuronx_venv_pytorch_inference_vllm_0_16/lib/python3.12/site-packages/neuronxcc/private_nkl/transpose.py:95:33: warning: 'neuronxcc.private_nkl.utils.kernel_helpers.div_ceil' is from the 'neuronxcc' package which is not supported in NKI kernels; use the 'nki' package instead
  DVE_ACT_LOAD_BALANCE_FACTOR = div_ceil(i_division, MIN_DVE_ACT_CYCLES)
                                ^
/opt/aws_neuronx_venv_pytorch_inference_vllm_0_16/lib/python3.12/site-packages/neuronxcc/private_nkl/transpose.py:97:17: warning: 'neuronxcc.private_nkl.utils.kernel_helpers.div_ceil' is from the 'neuronxcc' package which is not supported in NKI kernels; use the 'nki' package instead
  num_i_tiles = div_ceil(i_division, i_tile_size)
                ^
/opt/aws_neuronx_venv_pytorch_inference_vllm_0_16/lib/python3.12/site-packages/neuronxcc/private_nkl/transpose.py:100:13: warning: 'neuronxcc.private_nkl.utils.kernel_helpers.div_ceil' is from the 'neuronxcc' package which is not supported in NKI kernels; use the 'nki' package instead
  j_tiles = div_ceil(j_division, j_tile_size)
            ^
/opt/aws_neuronx_venv_pytorch_inference_vllm_0_16/lib/python3.12/site-packages/neuronxcc/private_nkl/transpose.py:103:17: warning: 'neuronxcc.private_nkl.utils.kernel_helpers.div_ceil' is from the 'neuronxcc' package which is not supported in NKI kernels; use the 'nki' package instead
  b_per_shard = div_ceil(flattened_B_dim, num_shards)
                ^
/opt/aws_neuronx_venv_pytorch_inference_vllm_0_16/lib/python3.12/site-packages/neuronxcc/private_nkl/transpose.py:107:17: warning: 'neuronxcc.private_nkl.utils.kernel_helpers.div_ceil' is from the 'neuronxcc' package which is not supported in NKI kernels; use the 'nki' package instead
  num_p_tiles = div_ceil(b_per_shard, MAX_P)
                ^
/opt/aws_neuronx_venv_pytorch_inference_vllm_0_16/lib/python3.12/site-packages/neuronxcc/private_nkl/transpose.py:159:13: warning: 'neuronxcc.private_nkl.transpose._copy_with_engine' is from the 'neuronxcc' package which is not supported in NKI kernels; use the 'nki' package instead
            _copy_with_engine(
            ^
/opt/aws_neuronx_venv_pytorch_inference_vllm_0_16/lib/python3.12/site-packages/neuronxcc/private_nkl/transpose.py:199:16: warning: 'neuronxcc.private_nkl.transpose.max_f_size' is from the 'neuronxcc' package which is not supported in NKI kernels; use the 'nki' package instead
  MAX_F_SIZE = max_f_size(in_tensor.dtype)
               ^
/opt/aws_neuronx_venv_pytorch_inference_vllm_0_16/lib/python3.12/site-packages/neuronxcc/private_nkl/transpose.py:204:25: warning: 'neuronxcc.private_nkl.transpose_utils.n_elts' is from the 'neuronxcc' package which is not supported in NKI kernels; use the 'nki' package instead
  flattened_B_dim = int(n_elts(in_shape[:-2])) if in_shape[:-2] else 1
                        ^
/opt/aws_neuronx_venv_pytorch_inference_vllm_0_16/lib/python3.12/site-packages/neuronxcc/private_nkl/transpose.py:207:17: warning: 'neuronxcc.private_nkl.utils.kernel_helpers.div_ceil' is from the 'neuronxcc' package which is not supported in NKI kernels; use the 'nki' package instead
  b_per_shard = div_ceil(flattened_B_dim, num_shards)
                ^
/opt/aws_neuronx_venv_pytorch_inference_vllm_0_16/lib/python3.12/site-packages/neuronxcc/private_nkl/transpose.py:211:17: warning: 'neuronxcc.private_nkl.utils.kernel_helpers.div_ceil' is from the 'neuronxcc' package which is not supported in NKI kernels; use the 'nki' package instead
  num_p_tiles = div_ceil(b_per_shard, P)
                ^
/opt/aws_neuronx_venv_pytorch_inference_vllm_0_16/lib/python3.12/site-packages/neuronxcc/private_nkl/transpose.py:218:13: warning: 'neuronxcc.private_nkl.utils.kernel_helpers.div_ceil' is from the 'neuronxcc' package which is not supported in NKI kernels; use the 'nki' package instead
  i_tiles = div_ceil(I, i_tile_size)
            ^
/opt/aws_neuronx_venv_pytorch_inference_vllm_0_16/lib/python3.12/site-packages/neuronxcc/private_nkl/transpose.py:224:19: warning: 'neuronxcc.private_nkl.utils.kernel_helpers.div_ceil' is from the 'neuronxcc' package which is not supported in NKI kernels; use the 'nki' package instead
    j_tile_size = div_ceil(J, J_LOAD_BALANCING_FACTOR)
                  ^
/opt/aws_neuronx_venv_pytorch_inference_vllm_0_16/lib/python3.12/site-packages/neuronxcc/private_nkl/transpose.py:251:9: warning: 'neuronxcc.private_nkl.transpose._copy_with_engine' is from the 'neuronxcc' package which is not supported in NKI kernels; use the 'nki' package instead
        _copy_with_engine(
        ^
/opt/aws_neuronx_venv_pytorch_inference_vllm_0_16/lib/python3.12/site-packages/neuronxcc/private_nkl/transpose.py:458:17: warning: 'neuronxcc.private_nkl.utils.tiled_range.TiledRange' is from the 'neuronxcc' package which is not supported in NKI kernels; use the 'nki' package instead
  I_128_tiles = TiledRange(I_tile, nl.tile_size.pmax)
                ^
/opt/aws_neuronx_venv_pytorch_inference_vllm_0_16/lib/python3.12/site-packages/neuronxcc/private_nkl/transpose.py:465:33: warning: 'neuronxcc.private_nkl.utils.tiled_range.TiledRange' is from the 'neuronxcc' package which is not supported in NKI kernels; use the 'nki' package instead
    for vectorization_factor in TiledRange(num_full_128_tiles_per_I_tile, VECTORIZATION_FACTOR):
                                ^
/opt/aws_neuronx_venv_pytorch_inference_vllm_0_16/lib/python3.12/site-packages/neuronxcc/private_nkl/transpose.py:284:16: warning: 'neuronxcc.private_nkl.transpose.max_f_size' is from the 'neuronxcc' package which is not supported in NKI kernels; use the 'nki' package instead
  MAX_F_SIZE = max_f_size(dtype)
               ^
/opt/aws_neuronx_venv_pytorch_inference_vllm_0_16/lib/python3.12/site-packages/neuronxcc/private_nkl/transpose.py:289:15: warning: 'neuronxcc.private_nkl.transpose_utils.next_multiple' is from the 'neuronxcc' package which is not supported in NKI kernels; use the 'nki' package instead
    return I, next_multiple(min(J, MAX_F_SIZE), 128)
              ^
/opt/aws_neuronx_venv_pytorch_inference_vllm_0_16/lib/python3.12/site-packages/neuronxcc/private_nkl/transpose.py:291:12: warning: 'neuronxcc.private_nkl.transpose_utils.next_multiple' is from the 'neuronxcc' package which is not supported in NKI kernels; use the 'nki' package instead
    return next_multiple(min(I, MAX_F_SIZE), 128), J
           ^
/opt/aws_neuronx_venv_pytorch_inference_vllm_0_16/lib/python3.12/site-packages/neuronxcc/private_nkl/transpose.py:302:19: warning: 'neuronxcc.private_nkl.transpose_utils.next_multiple' is from the 'neuronxcc' package which is not supported in NKI kernels; use the 'nki' package instead
    I_tile_size = next_multiple(I_tile_size, 128)
                  ^
/opt/aws_neuronx_venv_pytorch_inference_vllm_0_16/lib/python3.12/site-packages/neuronxcc/private_nkl/transpose.py:303:19: warning: 'neuronxcc.private_nkl.transpose_utils.next_multiple' is from the 'neuronxcc' package which is not supported in NKI kernels; use the 'nki' package instead
    J_tile_size = next_multiple(J_tile_size, 128)
                  ^
/opt/aws_neuronx_venv_pytorch_inference_vllm_0_16/lib/python3.12/site-packages/neuronxcc/private_nkl/transpose.py:681:17: warning: 'neuronxcc.private_nkl.utils.tiled_range.TiledRange' is from the 'neuronxcc' package which is not supported in NKI kernels; use the 'nki' package instead
  J_128_tiles = TiledRange(J_tile, nl.tile_size.pmax)
                ^
/opt/aws_neuronx_venv_pytorch_inference_vllm_0_16/lib/python3.12/site-packages/neuronxcc/private_nkl/transpose.py:688:33: warning: 'neuronxcc.private_nkl.utils.tiled_range.TiledRange' is from the 'neuronxcc' package which is not supported in NKI kernels; use the 'nki' package instead
    for vectorization_factor in TiledRange(num_full_128_tiles_per_J_tile, VECTORIZATION_FACTOR):
                                ^
/opt/aws_neuronx_venv_pytorch_inference_vllm_0_16/lib/python3.12/site-packages/neuronxcc/private_nkl/transpose.py:373:25: warning: 'neuronxcc.private_nkl.transpose_utils.n_elts' is from the 'neuronxcc' package which is not supported in NKI kernels; use the 'nki' package instead
  flattened_B_dim = int(n_elts(in_shape[:-2])) if in_shape[:-2] else 1
                        ^
/opt/aws_neuronx_venv_pytorch_inference_vllm_0_16/lib/python3.12/site-packages/neuronxcc/private_nkl/transpose.py:378:30: warning: 'neuronxcc.private_nkl.transpose._pe_optimal_tile_sizes' is from the 'neuronxcc' package which is not supported in NKI kernels; use the 'nki' package instead
  I_tile_size, J_tile_size = _pe_optimal_tile_sizes(I, J, in_tensor.dtype)
                             ^
/opt/aws_neuronx_venv_pytorch_inference_vllm_0_16/lib/python3.12/site-packages/neuronxcc/private_nkl/transpose.py:381:17: warning: 'neuronxcc.private_nkl.utils.kernel_helpers.div_ceil' is from the 'neuronxcc' package which is not supported in NKI kernels; use the 'nki' package instead
  b_per_shard = div_ceil(flattened_B_dim, num_shards)
                ^
/opt/aws_neuronx_venv_pytorch_inference_vllm_0_16/lib/python3.12/site-packages/neuronxcc/private_nkl/transpose.py:384:19: warning: 'neuronxcc.private_nkl.transpose._to_compute_dtype' is from the 'neuronxcc' package which is not supported in NKI kernels; use the 'nki' package instead
  compute_dtype = _to_compute_dtype(in_tensor.dtype)
                  ^
/opt/aws_neuronx_venv_pytorch_inference_vllm_0_16/lib/python3.12/site-packages/neuronxcc/private_nkl/transpose.py:398:19: warning: 'neuronxcc.private_nkl.utils.tiled_range.TiledRange' is from the 'neuronxcc' package which is not supported in NKI kernels; use the 'nki' package instead
    for I_tile in TiledRange(I, I_tile_size):
                  ^
/opt/aws_neuronx_venv_pytorch_inference_vllm_0_16/lib/python3.12/site-packages/neuronxcc/private_nkl/transpose.py:399:21: warning: 'neuronxcc.private_nkl.utils.tiled_range.TiledRange' is from the 'neuronxcc' package which is not supported in NKI kernels; use the 'nki' package instead
      for J_tile in TiledRange(J, J_tile_size):
                    ^
/opt/aws_neuronx_venv_pytorch_inference_vllm_0_16/lib/python3.12/site-packages/neuronxcc/private_nkl/transpose.py:400:23: warning: 'neuronxcc.private_nkl.utils.tiled_range.TiledRange' is from the 'neuronxcc' package which is not supported in NKI kernels; use the 'nki' package instead
        I_128_tiles = TiledRange(I_tile, nl.tile_size.pmax)
                      ^
/opt/aws_neuronx_venv_pytorch_inference_vllm_0_16/lib/python3.12/site-packages/neuronxcc/private_nkl/transpose.py:405:23: warning: 'neuronxcc.private_nkl.utils.tiled_range.TiledRange' is from the 'neuronxcc' package which is not supported in NKI kernels; use the 'nki' package instead
        J_128_tiles = TiledRange(J_tile, nl.tile_size.pmax)
                      ^
/opt/aws_neuronx_venv_pytorch_inference_vllm_0_16/lib/python3.12/site-packages/neuronxcc/private_nkl/transpose.py:411:9: warning: 'neuronxcc.private_nkl.transpose._pe_load_tile' is from the 'neuronxcc' package which is not supported in NKI kernels; use the 'nki' package instead
        _pe_load_tile(
        ^
/opt/aws_neuronx_venv_pytorch_inference_vllm_0_16/lib/python3.12/site-packages/neuronxcc/private_nkl/transpose.py:422:11: warning: 'neuronxcc.private_nkl.transpose._pe_transpose_tile_I_vectorized' is from the 'neuronxcc' package which is not supported in NKI kernels; use the 'nki' package instead
          _pe_transpose_tile_I_vectorized(
          ^
/opt/aws_neuronx_venv_pytorch_inference_vllm_0_16/lib/python3.12/site-packages/neuronxcc/private_nkl/transpose.py:430:11: warning: 'neuronxcc.private_nkl.transpose._pe_transpose_tile_J_vectorized' is from the 'neuronxcc' package which is not supported in NKI kernels; use the 'nki' package instead
          _pe_transpose_tile_J_vectorized(
          ^
/opt/aws_neuronx_venv_pytorch_inference_vllm_0_16/lib/python3.12/site-packages/neuronxcc/private_nkl/transpose.py:438:9: warning: 'neuronxcc.private_nkl.transpose._pe_store_tile' is from the 'neuronxcc' package which is not supported in NKI kernels; use the 'nki' package instead
        _pe_store_tile(
        ^
/opt/aws_neuronx_venv_pytorch_inference_vllm_0_16/lib/python3.12/site-packages/neuronxcc/private_nkl/transpose.py:527:17: warning: 'neuronxcc.private_nkl.utils.tiled_range.TiledRange' is from the 'neuronxcc' package which is not supported in NKI kernels; use the 'nki' package instead
  I_128_tiles = TiledRange(I_tile, nl.tile_size.pmax)
                ^
/opt/aws_neuronx_venv_pytorch_inference_vllm_0_16/lib/python3.12/site-packages/neuronxcc/private_nkl/transpose.py:529:17: warning: 'neuronxcc.private_nkl.utils.tiled_range.TiledRange' is from the 'neuronxcc' package which is not supported in NKI kernels; use the 'nki' package instead
  J_128_tiles = TiledRange(J_tile, nl.tile_size.pmax)
                ^
/opt/aws_neuronx_venv_pytorch_inference_vllm_0_16/lib/python3.12/site-packages/neuronxcc/private_nkl/transpose.py:538:21: warning: 'neuronxcc.private_nkl.utils.tiled_range.TiledRange' is from the 'neuronxcc' package which is not supported in NKI kernels; use the 'nki' package instead
  for J_128_tile in TiledRange(J_tile.size, nl.tile_size.pmax):
                    ^
/opt/aws_neuronx_venv_pytorch_inference_vllm_0_16/lib/python3.12/site-packages/neuronxcc/private_nkl/transpose.py:539:23: warning: 'neuronxcc.private_nkl.utils.tiled_range.TiledRange' is from the 'neuronxcc' package which is not supported in NKI kernels; use the 'nki' package instead
    for I_512_tile in TiledRange(I_tile.size, nl.tile_size.psum_fmax):
                      ^
/opt/aws_neuronx_venv_pytorch_inference_vllm_0_16/lib/python3.12/site-packages/neuronxcc/private_nkl/transpose.py:551:25: warning: 'neuronxcc.private_nkl.utils.tiled_range.TiledRange' is from the 'neuronxcc' package which is not supported in NKI kernels; use the 'nki' package instead
      for I_128_tile in TiledRange(I_512_tile, nl.tile_size.pmax):
                        ^
/opt/aws_neuronx_venv_pytorch_inference_vllm_0_16/lib/python3.12/site-packages/neuronxcc/private_nkl/transpose.py:569:7: warning: 'neuronxcc.private_nkl.transpose._copy_with_engine' is from the 'neuronxcc' package which is not supported in NKI kernels; use the 'nki' package instead
      _copy_with_engine(
      ^
/opt/aws_neuronx_venv_pytorch_inference_vllm_0_16/lib/python3.12/site-packages/neuronxcc/private_nkl/transpose.py:586:17: warning: 'neuronxcc.private_nkl.utils.tiled_range.TiledRange' is from the 'neuronxcc' package which is not supported in NKI kernels; use the 'nki' package instead
  I_128_tiles = TiledRange(I_tile, nl.tile_size.pmax)
                ^
/opt/aws_neuronx_venv_pytorch_inference_vllm_0_16/lib/python3.12/site-packages/neuronxcc/private_nkl/transpose.py:588:17: warning: 'neuronxcc.private_nkl.utils.tiled_range.TiledRange' is from the 'neuronxcc' package which is not supported in NKI kernels; use the 'nki' package instead
  J_128_tiles = TiledRange(J_tile, nl.tile_size.pmax)
                ^
/opt/aws_neuronx_venv_pytorch_inference_vllm_0_16/lib/python3.12/site-packages/neuronxcc/private_nkl/transpose.py:596:21: warning: 'neuronxcc.private_nkl.utils.tiled_range.TiledRange' is from the 'neuronxcc' package which is not supported in NKI kernels; use the 'nki' package instead
  for I_128_tile in TiledRange(I_tile.size, nl.tile_size.pmax):
                    ^
/opt/aws_neuronx_venv_pytorch_inference_vllm_0_16/lib/python3.12/site-packages/neuronxcc/private_nkl/transpose.py:597:23: warning: 'neuronxcc.private_nkl.utils.tiled_range.TiledRange' is from the 'neuronxcc' package which is not supported in NKI kernels; use the 'nki' package instead
    for J_512_tile in TiledRange(J_tile.size, nl.tile_size.psum_fmax):
                      ^
/opt/aws_neuronx_venv_pytorch_inference_vllm_0_16/lib/python3.12/site-packages/neuronxcc/private_nkl/transpose.py:609:25: warning: 'neuronxcc.private_nkl.utils.tiled_range.TiledRange' is from the 'neuronxcc' package which is not supported in NKI kernels; use the 'nki' package instead
      for J_128_tile in TiledRange(J_512_tile, nl.tile_size.pmax):
                        ^
/opt/aws_neuronx_venv_pytorch_inference_vllm_0_16/lib/python3.12/site-packages/neuronxcc/private_nkl/transpose.py:628:9: warning: 'neuronxcc.private_nkl.transpose._copy_with_engine' is from the 'neuronxcc' package which is not supported in NKI kernels; use the 'nki' package instead
        _copy_with_engine(
        ^
/opt/aws_neuronx_venv_pytorch_inference_vllm_0_16/lib/python3.12/site-packages/neuronxcc/private_nkl/transpose.py:652:9: warning: 'neuronxcc.private_nkl.transpose._copy_with_engine' is from the 'neuronxcc' package which is not supported in NKI kernels; use the 'nki' package instead
        _copy_with_engine(
        ^
/opt/aws_neuronx_venv_pytorch_inference_vllm_0_16/lib/python3.12/site-packages/neuronxcc/private_nkl/transpose.py:784:3: warning: 'neuronxcc.private_nkl.transpose.check_input_transpose' is from the 'neuronxcc' package which is not supported in NKI kernels; use the 'nki' package instead
  check_input_transpose(in_tensor, in_shape, permutation)
  ^
/opt/aws_neuronx_venv_pytorch_inference_vllm_0_16/lib/python3.12/site-packages/neuronxcc/private_nkl/transpose.py:790:33: warning: 'neuronxcc.private_nkl.transpose_utils.permutation_reduction' is from the 'neuronxcc' package which is not supported in NKI kernels; use the 'nki' package instead
  reduced_perm, reduced_shape = permutation_reduction(in_shape, permutation)
                                ^
/opt/aws_neuronx_venv_pytorch_inference_vllm_0_16/lib/python3.12/site-packages/neuronxcc/private_nkl/transpose.py:791:10: warning: 'neuronxcc.private_nkl.transpose_utils.permutes_last_two_dims' is from the 'neuronxcc' package which is not supported in NKI kernels; use the 'nki' package instead
  assert permutes_last_two_dims(reduced_perm), f"must permutate last two dims, got {reduced_perm}"
         ^
/opt/aws_neuronx_venv_pytorch_inference_vllm_0_16/lib/python3.12/site-packages/neuronxcc/private_nkl/transpose.py:796:11: warning: 'neuronxcc.private_nkl.transpose._str_to_dtype' is from the 'neuronxcc' package which is not supported in NKI kernels; use the 'nki' package instead
    dtype=_str_to_dtype(out_dtype),
          ^
/opt/aws_neuronx_venv_pytorch_inference_vllm_0_16/lib/python3.12/site-packages/neuronxcc/private_nkl/transpose.py:797:12: warning: 'neuronxcc.private_nkl.transpose_utils._get_hbm_buffer' is from the 'neuronxcc' package which is not supported in NKI kernels; use the 'nki' package instead
    buffer=_get_hbm_buffer(),
           ^
/opt/aws_neuronx_venv_pytorch_inference_vllm_0_16/lib/python3.12/site-packages/neuronxcc/private_nkl/transpose.py:805:16: warning: 'neuronxcc.private_nkl.transpose.max_f_size' is from the 'neuronxcc' package which is not supported in NKI kernels; use the 'nki' package instead
  MAX_F_SIZE = max_f_size(in_tensor.dtype)
               ^
/opt/aws_neuronx_venv_pytorch_inference_vllm_0_16/lib/python3.12/site-packages/neuronxcc/private_nkl/transpose.py:808:5: warning: 'neuronxcc.private_nkl.transpose._dve_transpose_large_cols_impl' is from the 'neuronxcc' package which is not supported in NKI kernels; use the 'nki' package instead
    _dve_transpose_large_cols_impl(in_tensor, out_tensor, num_shards, shard_id)
    ^
/opt/aws_neuronx_venv_pytorch_inference_vllm_0_16/lib/python3.12/site-packages/neuronxcc/private_nkl/transpose.py:810:5: warning: 'neuronxcc.private_nkl.transpose._dve_transpose_large_rows_impl' is from the 'neuronxcc' package which is not supported in NKI kernels; use the 'nki' package instead
    _dve_transpose_large_rows_impl(in_tensor, out_tensor, num_shards, shard_id)
    ^
/opt/aws_neuronx_venv_pytorch_inference_vllm_0_16/lib/python3.12/site-packages/neuronxcc/private_nkl/transpose.py:812:5: warning: 'neuronxcc.private_nkl.transpose._pe_transpose_impl' is from the 'neuronxcc' package which is not supported in NKI kernels; use the 'nki' package instead
    _pe_transpose_impl(in_tensor, out_tensor, num_shards, shard_id)
    ^
/opt/aws_neuronx_venv_pytorch_inference_vllm_0_16/lib/python3.12/site-packages/neuronxcc/private_nkl/transpose.py:38:10: warning: 'neuronxcc.private_nkl.transpose_utils.is_valid_permutation' is from the 'neuronxcc' package which is not supported in NKI kernels; use the 'nki' package instead
  assert is_valid_permutation(permutation), "input permutation is invalid"
         ^
/opt/aws_neuronx_venv_pytorch_inference_vllm_0_16/lib/python3.12/site-packages/neuronxcc/private_nkl/transpose.py:41:10: warning: 'neuronxcc.private_nkl.transpose_utils.n_elts' is from the 'neuronxcc' package which is not supported in NKI kernels; use the 'nki' package instead
  assert n_elts(in_shape) == n_elts(in_tensor.shape), "tensor shape is invalid"
         ^
/opt/aws_neuronx_venv_pytorch_inference_vllm_0_16/lib/python3.12/site-packages/neuronxcc/private_nkl/transpose.py:41:30: warning: 'neuronxcc.private_nkl.transpose_utils.n_elts' is from the 'neuronxcc' package which is not supported in NKI kernels; use the 'nki' package instead
  assert n_elts(in_shape) == n_elts(in_tensor.shape), "tensor shape is invalid"
                             ^
/opt/aws_neuronx_venv_pytorch_inference_vllm_0_16/lib/python3.12/site-packages/neuronxcc/private_nkl/transpose.py:32:20: warning: 'neuronxcc.private_nkl.utils.StackAllocator.sizeinbytes' is from the 'neuronxcc' package which is not supported in NKI kernels; use the 'nki' package instead
  return (98304 // sizeinbytes(dtype)) // 2
                   ^
/opt/aws_neuronx_venv_pytorch_inference_vllm_0_16/lib/python3.12/site-packages/neuronxcc/private_nkl/transpose.py:862:29: warning: 'neuronxcc.private_nkl.utils.kernel_helpers.get_program_sharding_info' is from the 'neuronxcc' package which is not supported in NKI kernels; use the 'nki' package instead
  _, num_shards, shard_id = get_program_sharding_info()
                            ^
/opt/aws_neuronx_venv_pytorch_inference_vllm_0_16/lib/python3.12/site-packages/neuronxcc/private_nkl/transpose.py:863:9: warning: 'neuronxcc.private_nkl.transpose._transpose_last_two_dims' is from the 'neuronxcc' package which is not supported in NKI kernels; use the 'nki' package instead
  out = _transpose_last_two_dims(in_tensor, in_shape, permutation, out_dtype, num_shards, shard_id)
        ^
/opt/aws_neuronx_venv_pytorch_inference_vllm_0_16/lib/python3.12/site-packages/neuronxcc/private_nkl/transpose_utils.py:71:10: warning: 'neuronxcc.private_nkl.transpose_utils.is_valid_permutation' is from the 'neuronxcc' package which is not supported in NKI kernels; use the 'nki' package instead
  if not is_valid_permutation(permutation):
         ^
/opt/aws_neuronx_venv_pytorch_inference_vllm_0_16/lib/python3.12/site-packages/neuronxcc/private_nkl/utils/tiled_range.py:66:23: warning: 'neuronxcc.private_nkl.utils.tiled_range.TiledRangeIterator' is from the 'neuronxcc' package which is not supported in NKI kernels; use the 'nki' package instead
  if isinstance(size, TiledRangeIterator):
                      ^
/opt/aws_neuronx_venv_pytorch_inference_vllm_0_16/lib/python3.12/site-packages/neuronxcc/private_nkl/utils/tiled_range.py:84:22: warning: 'neuronxcc.private_nkl.utils.tiled_range.TiledRangeIterator' is from the 'neuronxcc' package which is not supported in NKI kernels; use the 'nki' package instead
    iterators.append(TiledRangeIterator(current_tile_size, i, base_offset + relative_offset))
                     ^
/opt/aws_neuronx_venv_pytorch_inference_vllm_0_16/lib/python3.12/site-packages/neuronxcc/private_nkl/transpose.py:69:16: warning: 'neuronxcc.private_nkl.transpose.max_f_size' is from the 'neuronxcc' package which is not supported in NKI kernels; use the 'nki' package instead
  MAX_F_SIZE = max_f_size(in_tensor.dtype)
               ^
/opt/aws_neuronx_venv_pytorch_inference_vllm_0_16/lib/python3.12/site-packages/neuronxcc/private_nkl/transpose.py:74:25: warning: 'neuronxcc.private_nkl.transpose_utils.n_elts' is from the 'neuronxcc' package which is not supported in NKI kernels; use the 'nki' package instead
  flattened_B_dim = int(n_elts(in_shape[:-2])) if in_shape[:-2] else 1
                        ^
/opt/aws_neuronx_venv_pytorch_inference_vllm_0_16/lib/python3.12/site-packages/neuronxcc/private_nkl/transpose.py:77:18: warning: 'neuronxcc.private_nkl.transpose_utils.factor_within_limit' is from the 'neuronxcc' package which is not supported in NKI kernels; use the 'nki' package instead
    i_division = factor_within_limit(I, MAX_F_SIZE)
                 ^
/opt/aws_neuronx_venv_pytorch_inference_vllm_0_16/lib/python3.12/site-packages/neuronxcc/private_nkl/transpose.py:79:22: warning: 'neuronxcc.private_nkl.utils.kernel_helpers.div_ceil' is from the 'neuronxcc' package which is not supported in NKI kernels; use the 'nki' package instead
    i_division_num = div_ceil(I, i_division)
                     ^
/opt/aws_neuronx_venv_pytorch_inference_vllm_0_16/lib/python3.12/site-packages/neuronxcc/private_nkl/transpose.py:87:16: warning: 'neuronxcc.private_nkl.utils.kernel_helpers.div_ceil' is from the 'neuronxcc' package which is not supported in NKI kernels; use the 'nki' package instead
  num_j_divs = div_ceil(J, j_division)
               ^
/opt/aws_neuronx_venv_pytorch_inference_vllm_0_16/lib/python3.12/site-packages/neuronxcc/private_nkl/transpose.py:91:18: warning: 'neuronxcc.private_nkl.utils.kernel_helpers.div_ceil' is from the 'neuronxcc' package which is not supported in NKI kernels; use the 'nki' package instead
    num_j_divs = div_ceil(J, j_division)
                 ^
/opt/aws_neuronx_venv_pytorch_inference_vllm_0_16/lib/python3.12/site-packages/neuronxcc/private_nkl/transpose.py:93:22: warning: 'neuronxcc.private_nkl.utils.kernel_helpers.div_ceil' is from the 'neuronxcc' package which is not supported in NKI kernels; use the 'nki' package instead
    i_division_num = div_ceil(I, i_division)
                     ^
/opt/aws_neuronx_venv_pytorch_inference_vllm_0_16/lib/python3.12/site-packages/neuronxcc/private_nkl/transpose.py:95:33: warning: 'neuronxcc.private_nkl.utils.kernel_helpers.div_ceil' is from the 'neuronxcc' package which is not supported in NKI kernels; use the 'nki' package instead
  DVE_ACT_LOAD_BALANCE_FACTOR = div_ceil(i_division, MIN_DVE_ACT_CYCLES)
                                ^
/opt/aws_neuronx_venv_pytorch_inference_vllm_0_16/lib/python3.12/site-packages/neuronxcc/private_nkl/transpose.py:97:17: warning: 'neuronxcc.private_nkl.utils.kernel_helpers.div_ceil' is from the 'neuronxcc' package which is not supported in NKI kernels; use the 'nki' package instead
  num_i_tiles = div_ceil(i_division, i_tile_size)
                ^
/opt/aws_neuronx_venv_pytorch_inference_vllm_0_16/lib/python3.12/site-packages/neuronxcc/private_nkl/transpose.py:100:13: warning: 'neuronxcc.private_nkl.utils.kernel_helpers.div_ceil' is from the 'neuronxcc' package which is not supported in NKI kernels; use the 'nki' package instead
  j_tiles = div_ceil(j_division, j_tile_size)
            ^
/opt/aws_neuronx_venv_pytorch_inference_vllm_0_16/lib/python3.12/site-packages/neuronxcc/private_nkl/transpose.py:103:17: warning: 'neuronxcc.private_nkl.utils.kernel_helpers.div_ceil' is from the 'neuronxcc' package which is not supported in NKI kernels; use the 'nki' package instead
  b_per_shard = div_ceil(flattened_B_dim, num_shards)
                ^
/opt/aws_neuronx_venv_pytorch_inference_vllm_0_16/lib/python3.12/site-packages/neuronxcc/private_nkl/transpose.py:107:17: warning: 'neuronxcc.private_nkl.utils.kernel_helpers.div_ceil' is from the 'neuronxcc' package which is not supported in NKI kernels; use the 'nki' package instead
  num_p_tiles = div_ceil(b_per_shard, MAX_P)
                ^
/opt/aws_neuronx_venv_pytorch_inference_vllm_0_16/lib/python3.12/site-packages/neuronxcc/private_nkl/transpose.py:159:13: warning: 'neuronxcc.private_nkl.transpose._copy_with_engine' is from the 'neuronxcc' package which is not supported in NKI kernels; use the 'nki' package instead
            _copy_with_engine(
            ^
/opt/aws_neuronx_venv_pytorch_inference_vllm_0_16/lib/python3.12/site-packages/neuronxcc/private_nkl/transpose.py:199:16: warning: 'neuronxcc.private_nkl.transpose.max_f_size' is from the 'neuronxcc' package which is not supported in NKI kernels; use the 'nki' package instead
  MAX_F_SIZE = max_f_size(in_tensor.dtype)
               ^
/opt/aws_neuronx_venv_pytorch_inference_vllm_0_16/lib/python3.12/site-packages/neuronxcc/private_nkl/transpose.py:204:25: warning: 'neuronxcc.private_nkl.transpose_utils.n_elts' is from the 'neuronxcc' package which is not supported in NKI kernels; use the 'nki' package instead
  flattened_B_dim = int(n_elts(in_shape[:-2])) if in_shape[:-2] else 1
                        ^
/opt/aws_neuronx_venv_pytorch_inference_vllm_0_16/lib/python3.12/site-packages/neuronxcc/private_nkl/transpose.py:207:17: warning: 'neuronxcc.private_nkl.utils.kernel_helpers.div_ceil' is from the 'neuronxcc' package which is not supported in NKI kernels; use the 'nki' package instead
  b_per_shard = div_ceil(flattened_B_dim, num_shards)
                ^
/opt/aws_neuronx_venv_pytorch_inference_vllm_0_16/lib/python3.12/site-packages/neuronxcc/private_nkl/transpose.py:211:17: warning: 'neuronxcc.private_nkl.utils.kernel_helpers.div_ceil' is from the 'neuronxcc' package which is not supported in NKI kernels; use the 'nki' package instead
  num_p_tiles = div_ceil(b_per_shard, P)
                ^
/opt/aws_neuronx_venv_pytorch_inference_vllm_0_16/lib/python3.12/site-packages/neuronxcc/private_nkl/transpose.py:218:13: warning: 'neuronxcc.private_nkl.utils.kernel_helpers.div_ceil' is from the 'neuronxcc' package which is not supported in NKI kernels; use the 'nki' package instead
  i_tiles = div_ceil(I, i_tile_size)
            ^
/opt/aws_neuronx_venv_pytorch_inference_vllm_0_16/lib/python3.12/site-packages/neuronxcc/private_nkl/transpose.py:224:19: warning: 'neuronxcc.private_nkl.utils.kernel_helpers.div_ceil' is from the 'neuronxcc' package which is not supported in NKI kernels; use the 'nki' package instead
    j_tile_size = div_ceil(J, J_LOAD_BALANCING_FACTOR)
                  ^
/opt/aws_neuronx_venv_pytorch_inference_vllm_0_16/lib/python3.12/site-packages/neuronxcc/private_nkl/transpose.py:251:9: warning: 'neuronxcc.private_nkl.transpose._copy_with_engine' is from the 'neuronxcc' package which is not supported in NKI kernels; use the 'nki' package instead
        _copy_with_engine(
        ^
/opt/aws_neuronx_venv_pytorch_inference_vllm_0_16/lib/python3.12/site-packages/neuronxcc/private_nkl/transpose.py:458:17: warning: 'neuronxcc.private_nkl.utils.tiled_range.TiledRange' is from the 'neuronxcc' package which is not supported in NKI kernels; use the 'nki' package instead
  I_128_tiles = TiledRange(I_tile, nl.tile_size.pmax)
                ^
/opt/aws_neuronx_venv_pytorch_inference_vllm_0_16/lib/python3.12/site-packages/neuronxcc/private_nkl/transpose.py:465:33: warning: 'neuronxcc.private_nkl.utils.tiled_range.TiledRange' is from the 'neuronxcc' package which is not supported in NKI kernels; use the 'nki' package instead
    for vectorization_factor in TiledRange(num_full_128_tiles_per_I_tile, VECTORIZATION_FACTOR):
                                ^
/opt/aws_neuronx_venv_pytorch_inference_vllm_0_16/lib/python3.12/site-packages/neuronxcc/private_nkl/transpose.py:284:16: warning: 'neuronxcc.private_nkl.transpose.max_f_size' is from the 'neuronxcc' package which is not supported in NKI kernels; use the 'nki' package instead
  MAX_F_SIZE = max_f_size(dtype)
               ^
/opt/aws_neuronx_venv_pytorch_inference_vllm_0_16/lib/python3.12/site-packages/neuronxcc/private_nkl/transpose.py:289:15: warning: 'neuronxcc.private_nkl.transpose_utils.next_multiple' is from the 'neuronxcc' package which is not supported in NKI kernels; use the 'nki' package instead
    return I, next_multiple(min(J, MAX_F_SIZE), 128)
              ^
/opt/aws_neuronx_venv_pytorch_inference_vllm_0_16/lib/python3.12/site-packages/neuronxcc/private_nkl/transpose.py:291:12: warning: 'neuronxcc.private_nkl.transpose_utils.next_multiple' is from the 'neuronxcc' package which is not supported in NKI kernels; use the 'nki' package instead
    return next_multiple(min(I, MAX_F_SIZE), 128), J
           ^
/opt/aws_neuronx_venv_pytorch_inference_vllm_0_16/lib/python3.12/site-packages/neuronxcc/private_nkl/transpose.py:302:19: warning: 'neuronxcc.private_nkl.transpose_utils.next_multiple' is from the 'neuronxcc' package which is not supported in NKI kernels; use the 'nki' package instead
    I_tile_size = next_multiple(I_tile_size, 128)
                  ^
/opt/aws_neuronx_venv_pytorch_inference_vllm_0_16/lib/python3.12/site-packages/neuronxcc/private_nkl/transpose.py:303:19: warning: 'neuronxcc.private_nkl.transpose_utils.next_multiple' is from the 'neuronxcc' package which is not supported in NKI kernels; use the 'nki' package instead
    J_tile_size = next_multiple(J_tile_size, 128)
                  ^
/opt/aws_neuronx_venv_pytorch_inference_vllm_0_16/lib/python3.12/site-packages/neuronxcc/private_nkl/transpose.py:681:17: warning: 'neuronxcc.private_nkl.utils.tiled_range.TiledRange' is from the 'neuronxcc' package which is not supported in NKI kernels; use the 'nki' package instead
  J_128_tiles = TiledRange(J_tile, nl.tile_size.pmax)
                ^
/opt/aws_neuronx_venv_pytorch_inference_vllm_0_16/lib/python3.12/site-packages/neuronxcc/private_nkl/transpose.py:688:33: warning: 'neuronxcc.private_nkl.utils.tiled_range.TiledRange' is from the 'neuronxcc' package which is not supported in NKI kernels; use the 'nki' package instead
    for vectorization_factor in TiledRange(num_full_128_tiles_per_J_tile, VECTORIZATION_FACTOR):
                                ^
/opt/aws_neuronx_venv_pytorch_inference_vllm_0_16/lib/python3.12/site-packages/neuronxcc/private_nkl/transpose.py:373:25: warning: 'neuronxcc.private_nkl.transpose_utils.n_elts' is from the 'neuronxcc' package which is not supported in NKI kernels; use the 'nki' package instead
  flattened_B_dim = int(n_elts(in_shape[:-2])) if in_shape[:-2] else 1
                        ^
/opt/aws_neuronx_venv_pytorch_inference_vllm_0_16/lib/python3.12/site-packages/neuronxcc/private_nkl/transpose.py:378:30: warning: 'neuronxcc.private_nkl.transpose._pe_optimal_tile_sizes' is from the 'neuronxcc' package which is not supported in NKI kernels; use the 'nki' package instead
  I_tile_size, J_tile_size = _pe_optimal_tile_sizes(I, J, in_tensor.dtype)
                             ^
/opt/aws_neuronx_venv_pytorch_inference_vllm_0_16/lib/python3.12/site-packages/neuronxcc/private_nkl/transpose.py:381:17: warning: 'neuronxcc.private_nkl.utils.kernel_helpers.div_ceil' is from the 'neuronxcc' package which is not supported in NKI kernels; use the 'nki' package instead
  b_per_shard = div_ceil(flattened_B_dim, num_shards)
                ^
/opt/aws_neuronx_venv_pytorch_inference_vllm_0_16/lib/python3.12/site-packages/neuronxcc/private_nkl/transpose.py:384:19: warning: 'neuronxcc.private_nkl.transpose._to_compute_dtype' is from the 'neuronxcc' package which is not supported in NKI kernels; use the 'nki' package instead
  compute_dtype = _to_compute_dtype(in_tensor.dtype)
                  ^
/opt/aws_neuronx_venv_pytorch_inference_vllm_0_16/lib/python3.12/site-packages/neuronxcc/private_nkl/transpose.py:398:19: warning: 'neuronxcc.private_nkl.utils.tiled_range.TiledRange' is from the 'neuronxcc' package which is not supported in NKI kernels; use the 'nki' package instead
    for I_tile in TiledRange(I, I_tile_size):
                  ^
/opt/aws_neuronx_venv_pytorch_inference_vllm_0_16/lib/python3.12/site-packages/neuronxcc/private_nkl/transpose.py:399:21: warning: 'neuronxcc.private_nkl.utils.tiled_range.TiledRange' is from the 'neuronxcc' package which is not supported in NKI kernels; use the 'nki' package instead
      for J_tile in TiledRange(J, J_tile_size):
                    ^
/opt/aws_neuronx_venv_pytorch_inference_vllm_0_16/lib/python3.12/site-packages/neuronxcc/private_nkl/transpose.py:400:23: warning: 'neuronxcc.private_nkl.utils.tiled_range.TiledRange' is from the 'neuronxcc' package which is not supported in NKI kernels; use the 'nki' package instead
        I_128_tiles = TiledRange(I_tile, nl.tile_size.pmax)
                      ^
/opt/aws_neuronx_venv_pytorch_inference_vllm_0_16/lib/python3.12/site-packages/neuronxcc/private_nkl/transpose.py:405:23: warning: 'neuronxcc.private_nkl.utils.tiled_range.TiledRange' is from the 'neuronxcc' package which is not supported in NKI kernels; use the 'nki' package instead
        J_128_tiles = TiledRange(J_tile, nl.tile_size.pmax)
                      ^
/opt/aws_neuronx_venv_pytorch_inference_vllm_0_16/lib/python3.12/site-packages/neuronxcc/private_nkl/transpose.py:411:9: warning: 'neuronxcc.private_nkl.transpose._pe_load_tile' is from the 'neuronxcc' package which is not supported in NKI kernels; use the 'nki' package instead
        _pe_load_tile(
        ^
/opt/aws_neuronx_venv_pytorch_inference_vllm_0_16/lib/python3.12/site-packages/neuronxcc/private_nkl/transpose.py:422:11: warning: 'neuronxcc.private_nkl.transpose._pe_transpose_tile_I_vectorized' is from the 'neuronxcc' package which is not supported in NKI kernels; use the 'nki' package instead
          _pe_transpose_tile_I_vectorized(
          ^
/opt/aws_neuronx_venv_pytorch_inference_vllm_0_16/lib/python3.12/site-packages/neuronxcc/private_nkl/transpose.py:430:11: warning: 'neuronxcc.private_nkl.transpose._pe_transpose_tile_J_vectorized' is from the 'neuronxcc' package which is not supported in NKI kernels; use the 'nki' package instead
          _pe_transpose_tile_J_vectorized(
          ^
/opt/aws_neuronx_venv_pytorch_inference_vllm_0_16/lib/python3.12/site-packages/neuronxcc/private_nkl/transpose.py:438:9: warning: 'neuronxcc.private_nkl.transpose._pe_store_tile' is from the 'neuronxcc' package which is not supported in NKI kernels; use the 'nki' package instead
        _pe_store_tile(
        ^
/opt/aws_neuronx_venv_pytorch_inference_vllm_0_16/lib/python3.12/site-packages/neuronxcc/private_nkl/transpose.py:527:17: warning: 'neuronxcc.private_nkl.utils.tiled_range.TiledRange' is from the 'neuronxcc' package which is not supported in NKI kernels; use the 'nki' package instead
  I_128_tiles = TiledRange(I_tile, nl.tile_size.pmax)
                ^
/opt/aws_neuronx_venv_pytorch_inference_vllm_0_16/lib/python3.12/site-packages/neuronxcc/private_nkl/transpose.py:529:17: warning: 'neuronxcc.private_nkl.utils.tiled_range.TiledRange' is from the 'neuronxcc' package which is not supported in NKI kernels; use the 'nki' package instead
  J_128_tiles = TiledRange(J_tile, nl.tile_size.pmax)
                ^
/opt/aws_neuronx_venv_pytorch_inference_vllm_0_16/lib/python3.12/site-packages/neuronxcc/private_nkl/transpose.py:538:21: warning: 'neuronxcc.private_nkl.utils.tiled_range.TiledRange' is from the 'neuronxcc' package which is not supported in NKI kernels; use the 'nki' package instead
  for J_128_tile in TiledRange(J_tile.size, nl.tile_size.pmax):
                    ^
/opt/aws_neuronx_venv_pytorch_inference_vllm_0_16/lib/python3.12/site-packages/neuronxcc/private_nkl/transpose.py:539:23: warning: 'neuronxcc.private_nkl.utils.tiled_range.TiledRange' is from the 'neuronxcc' package which is not supported in NKI kernels; use the 'nki' package instead
    for I_512_tile in TiledRange(I_tile.size, nl.tile_size.psum_fmax):
                      ^
/opt/aws_neuronx_venv_pytorch_inference_vllm_0_16/lib/python3.12/site-packages/neuronxcc/private_nkl/transpose.py:551:25: warning: 'neuronxcc.private_nkl.utils.tiled_range.TiledRange' is from the 'neuronxcc' package which is not supported in NKI kernels; use the 'nki' package instead
      for I_128_tile in TiledRange(I_512_tile, nl.tile_size.pmax):
                        ^
/opt/aws_neuronx_venv_pytorch_inference_vllm_0_16/lib/python3.12/site-packages/neuronxcc/private_nkl/transpose.py:569:7: warning: 'neuronxcc.private_nkl.transpose._copy_with_engine' is from the 'neuronxcc' package which is not supported in NKI kernels; use the 'nki' package instead
      _copy_with_engine(
      ^
/opt/aws_neuronx_venv_pytorch_inference_vllm_0_16/lib/python3.12/site-packages/neuronxcc/private_nkl/transpose.py:586:17: warning: 'neuronxcc.private_nkl.utils.tiled_range.TiledRange' is from the 'neuronxcc' package which is not supported in NKI kernels; use the 'nki' package instead
  I_128_tiles = TiledRange(I_tile, nl.tile_size.pmax)
                ^
/opt/aws_neuronx_venv_pytorch_inference_vllm_0_16/lib/python3.12/site-packages/neuronxcc/private_nkl/transpose.py:588:17: warning: 'neuronxcc.private_nkl.utils.tiled_range.TiledRange' is from the 'neuronxcc' package which is not supported in NKI kernels; use the 'nki' package instead
  J_128_tiles = TiledRange(J_tile, nl.tile_size.pmax)
                ^
/opt/aws_neuronx_venv_pytorch_inference_vllm_0_16/lib/python3.12/site-packages/neuronxcc/private_nkl/transpose.py:596:21: warning: 'neuronxcc.private_nkl.utils.tiled_range.TiledRange' is from the 'neuronxcc' package which is not supported in NKI kernels; use the 'nki' package instead
  for I_128_tile in TiledRange(I_tile.size, nl.tile_size.pmax):
                    ^
/opt/aws_neuronx_venv_pytorch_inference_vllm_0_16/lib/python3.12/site-packages/neuronxcc/private_nkl/transpose.py:597:23: warning: 'neuronxcc.private_nkl.utils.tiled_range.TiledRange' is from the 'neuronxcc' package which is not supported in NKI kernels; use the 'nki' package instead
    for J_512_tile in TiledRange(J_tile.size, nl.tile_size.psum_fmax):
                      ^
/opt/aws_neuronx_venv_pytorch_inference_vllm_0_16/lib/python3.12/site-packages/neuronxcc/private_nkl/transpose.py:609:25: warning: 'neuronxcc.private_nkl.utils.tiled_range.TiledRange' is from the 'neuronxcc' package which is not supported in NKI kernels; use the 'nki' package instead
      for J_128_tile in TiledRange(J_512_tile, nl.tile_size.pmax):
                        ^
/opt/aws_neuronx_venv_pytorch_inference_vllm_0_16/lib/python3.12/site-packages/neuronxcc/private_nkl/transpose.py:628:9: warning: 'neuronxcc.private_nkl.transpose._copy_with_engine' is from the 'neuronxcc' package which is not supported in NKI kernels; use the 'nki' package instead
        _copy_with_engine(
        ^
/opt/aws_neuronx_venv_pytorch_inference_vllm_0_16/lib/python3.12/site-packages/neuronxcc/private_nkl/transpose.py:652:9: warning: 'neuronxcc.private_nkl.transpose._copy_with_engine' is from the 'neuronxcc' package which is not supported in NKI kernels; use the 'nki' package instead
        _copy_with_engine(
        ^
/opt/aws_neuronx_venv_pytorch_inference_vllm_0_16/lib/python3.12/site-packages/neuronxcc/private_nkl/transpose.py:784:3: warning: 'neuronxcc.private_nkl.transpose.check_input_transpose' is from the 'neuronxcc' package which is not supported in NKI kernels; use the 'nki' package instead
  check_input_transpose(in_tensor, in_shape, permutation)
  ^
/opt/aws_neuronx_venv_pytorch_inference_vllm_0_16/lib/python3.12/site-packages/neuronxcc/private_nkl/transpose.py:790:33: warning: 'neuronxcc.private_nkl.transpose_utils.permutation_reduction' is from the 'neuronxcc' package which is not supported in NKI kernels; use the 'nki' package instead
  reduced_perm, reduced_shape = permutation_reduction(in_shape, permutation)
                                ^
/opt/aws_neuronx_venv_pytorch_inference_vllm_0_16/lib/python3.12/site-packages/neuronxcc/private_nkl/transpose.py:791:10: warning: 'neuronxcc.private_nkl.transpose_utils.permutes_last_two_dims' is from the 'neuronxcc' package which is not supported in NKI kernels; use the 'nki' package instead
  assert permutes_last_two_dims(reduced_perm), f"must permutate last two dims, got {reduced_perm}"
         ^
/opt/aws_neuronx_venv_pytorch_inference_vllm_0_16/lib/python3.12/site-packages/neuronxcc/private_nkl/transpose.py:796:11: warning: 'neuronxcc.private_nkl.transpose._str_to_dtype' is from the 'neuronxcc' package which is not supported in NKI kernels; use the 'nki' package instead
    dtype=_str_to_dtype(out_dtype),
          ^
/opt/aws_neuronx_venv_pytorch_inference_vllm_0_16/lib/python3.12/site-packages/neuronxcc/private_nkl/transpose.py:797:12: warning: 'neuronxcc.private_nkl.transpose_utils._get_hbm_buffer' is from the 'neuronxcc' package which is not supported in NKI kernels; use the 'nki' package instead
    buffer=_get_hbm_buffer(),
           ^
/opt/aws_neuronx_venv_pytorch_inference_vllm_0_16/lib/python3.12/site-packages/neuronxcc/private_nkl/transpose.py:805:16: warning: 'neuronxcc.private_nkl.transpose.max_f_size' is from the 'neuronxcc' package which is not supported in NKI kernels; use the 'nki' package instead
  MAX_F_SIZE = max_f_size(in_tensor.dtype)
               ^
/opt/aws_neuronx_venv_pytorch_inference_vllm_0_16/lib/python3.12/site-packages/neuronxcc/private_nkl/transpose.py:808:5: warning: 'neuronxcc.private_nkl.transpose._dve_transpose_large_cols_impl' is from the 'neuronxcc' package which is not supported in NKI kernels; use the 'nki' package instead
    _dve_transpose_large_cols_impl(in_tensor, out_tensor, num_shards, shard_id)
    ^
/opt/aws_neuronx_venv_pytorch_inference_vllm_0_16/lib/python3.12/site-packages/neuronxcc/private_nkl/transpose.py:810:5: warning: 'neuronxcc.private_nkl.transpose._dve_transpose_large_rows_impl' is from the 'neuronxcc' package which is not supported in NKI kernels; use the 'nki' package instead
    _dve_transpose_large_rows_impl(in_tensor, out_tensor, num_shards, shard_id)
    ^
/opt/aws_neuronx_venv_pytorch_inference_vllm_0_16/lib/python3.12/site-packages/neuronxcc/private_nkl/transpose.py:812:5: warning: 'neuronxcc.private_nkl.transpose._pe_transpose_impl' is from the 'neuronxcc' package which is not supported in NKI kernels; use the 'nki' package instead
    _pe_transpose_impl(in_tensor, out_tensor, num_shards, shard_id)
    ^
/opt/aws_neuronx_venv_pytorch_inference_vllm_0_16/lib/python3.12/site-packages/neuronxcc/private_nkl/transpose.py:38:10: warning: 'neuronxcc.private_nkl.transpose_utils.is_valid_permutation' is from the 'neuronxcc' package which is not supported in NKI kernels; use the 'nki' package instead
  assert is_valid_permutation(permutation), "input permutation is invalid"
         ^
/opt/aws_neuronx_venv_pytorch_inference_vllm_0_16/lib/python3.12/site-packages/neuronxcc/private_nkl/transpose.py:41:10: warning: 'neuronxcc.private_nkl.transpose_utils.n_elts' is from the 'neuronxcc' package which is not supported in NKI kernels; use the 'nki' package instead
  assert n_elts(in_shape) == n_elts(in_tensor.shape), "tensor shape is invalid"
         ^
/opt/aws_neuronx_venv_pytorch_inference_vllm_0_16/lib/python3.12/site-packages/neuronxcc/private_nkl/transpose.py:41:30: warning: 'neuronxcc.private_nkl.transpose_utils.n_elts' is from the 'neuronxcc' package which is not supported in NKI kernels; use the 'nki' package instead
  assert n_elts(in_shape) == n_elts(in_tensor.shape), "tensor shape is invalid"
                             ^
/opt/aws_neuronx_venv_pytorch_inference_vllm_0_16/lib/python3.12/site-packages/neuronxcc/private_nkl/transpose.py:32:20: warning: 'neuronxcc.private_nkl.utils.StackAllocator.sizeinbytes' is from the 'neuronxcc' package which is not supported in NKI kernels; use the 'nki' package instead
  return (98304 // sizeinbytes(dtype)) // 2
                   ^
/opt/aws_neuronx_venv_pytorch_inference_vllm_0_16/lib/python3.12/site-packages/neuronxcc/private_nkl/transpose.py:862:29: warning: 'neuronxcc.private_nkl.utils.kernel_helpers.get_program_sharding_info' is from the 'neuronxcc' package which is not supported in NKI kernels; use the 'nki' package instead
  _, num_shards, shard_id = get_program_sharding_info()
                            ^
/opt/aws_neuronx_venv_pytorch_inference_vllm_0_16/lib/python3.12/site-packages/neuronxcc/private_nkl/transpose.py:863:9: warning: 'neuronxcc.private_nkl.transpose._transpose_last_two_dims' is from the 'neuronxcc' package which is not supported in NKI kernels; use the 'nki' package instead
  out = _transpose_last_two_dims(in_tensor, in_shape, permutation, out_dtype, num_shards, shard_id)
        ^
/opt/aws_neuronx_venv_pytorch_inference_vllm_0_16/lib/python3.12/site-packages/neuronxcc/private_nkl/transpose_utils.py:71:10: warning: 'neuronxcc.private_nkl.transpose_utils.is_valid_permutation' is from the 'neuronxcc' package which is not supported in NKI kernels; use the 'nki' package instead
  if not is_valid_permutation(permutation):
         ^
/opt/aws_neuronx_venv_pytorch_inference_vllm_0_16/lib/python3.12/site-packages/neuronxcc/private_nkl/utils/tiled_range.py:66:23: warning: 'neuronxcc.private_nkl.utils.tiled_range.TiledRangeIterator' is from the 'neuronxcc' package which is not supported in NKI kernels; use the 'nki' package instead
  if isinstance(size, TiledRangeIterator):
                      ^
/opt/aws_neuronx_venv_pytorch_inference_vllm_0_16/lib/python3.12/site-packages/neuronxcc/private_nkl/utils/tiled_range.py:84:22: warning: 'neuronxcc.private_nkl.utils.tiled_range.TiledRangeIterator' is from the 'neuronxcc' package which is not supported in NKI kernels; use the 'nki' package instead
    iterators.append(TiledRangeIterator(current_tile_size, i, base_offset + relative_offset))
                     ^
/opt/aws_neuronx_venv_pytorch_inference_vllm_0_16/lib/python3.12/site-packages/neuronxcc/private_nkl/transpose.py:458:17: warning: 'neuronxcc.private_nkl.utils.tiled_range.TiledRange' is from the 'neuronxcc' package which is not supported in NKI kernels; use the 'nki' package instead
  I_128_tiles = TiledRange(I_tile, nl.tile_size.pmax)
                ^
/opt/aws_neuronx_venv_pytorch_inference_vllm_0_16/lib/python3.12/site-packages/neuronxcc/private_nkl/transpose.py:465:33: warning: 'neuronxcc.private_nkl.utils.tiled_range.TiledRange' is from the 'neuronxcc' package which is not supported in NKI kernels; use the 'nki' package instead
    for vectorization_factor in TiledRange(num_full_128_tiles_per_I_tile, VECTORIZATION_FACTOR):
                                ^
/opt/aws_neuronx_venv_pytorch_inference_vllm_0_16/lib/python3.12/site-packages/neuronxcc/private_nkl/transpose.py:284:16: warning: 'neuronxcc.private_nkl.transpose.max_f_size' is from the 'neuronxcc' package which is not supported in NKI kernels; use the 'nki' package instead
  MAX_F_SIZE = max_f_size(dtype)
               ^
/opt/aws_neuronx_venv_pytorch_inference_vllm_0_16/lib/python3.12/site-packages/neuronxcc/private_nkl/transpose.py:289:15: warning: 'neuronxcc.private_nkl.transpose_utils.next_multiple' is from the 'neuronxcc' package which is not supported in NKI kernels; use the 'nki' package instead
    return I, next_multiple(min(J, MAX_F_SIZE), 128)
              ^
/opt/aws_neuronx_venv_pytorch_inference_vllm_0_16/lib/python3.12/site-packages/neuronxcc/private_nkl/transpose.py:291:12: warning: 'neuronxcc.private_nkl.transpose_utils.next_multiple' is from the 'neuronxcc' package which is not supported in NKI kernels; use the 'nki' package instead
    return next_multiple(min(I, MAX_F_SIZE), 128), J
           ^
/opt/aws_neuronx_venv_pytorch_inference_vllm_0_16/lib/python3.12/site-packages/neuronxcc/private_nkl/transpose.py:302:19: warning: 'neuronxcc.private_nkl.transpose_utils.next_multiple' is from the 'neuronxcc' package which is not supported in NKI kernels; use the 'nki' package instead
    I_tile_size = next_multiple(I_tile_size, 128)
                  ^
/opt/aws_neuronx_venv_pytorch_inference_vllm_0_16/lib/python3.12/site-packages/neuronxcc/private_nkl/transpose.py:303:19: warning: 'neuronxcc.private_nkl.transpose_utils.next_multiple' is from the 'neuronxcc' package which is not supported in NKI kernels; use the 'nki' package instead
    J_tile_size = next_multiple(J_tile_size, 128)
                  ^
/opt/aws_neuronx_venv_pytorch_inference_vllm_0_16/lib/python3.12/site-packages/neuronxcc/private_nkl/transpose.py:681:17: warning: 'neuronxcc.private_nkl.utils.tiled_range.TiledRange' is from the 'neuronxcc' package which is not supported in NKI kernels; use the 'nki' package instead
  J_128_tiles = TiledRange(J_tile, nl.tile_size.pmax)
                ^
/opt/aws_neuronx_venv_pytorch_inference_vllm_0_16/lib/python3.12/site-packages/neuronxcc/private_nkl/transpose.py:688:33: warning: 'neuronxcc.private_nkl.utils.tiled_range.TiledRange' is from the 'neuronxcc' package which is not supported in NKI kernels; use the 'nki' package instead
    for vectorization_factor in TiledRange(num_full_128_tiles_per_J_tile, VECTORIZATION_FACTOR):
                                ^
/opt/aws_neuronx_venv_pytorch_inference_vllm_0_16/lib/python3.12/site-packages/neuronxcc/private_nkl/transpose.py:751:3: warning: 'neuronxcc.private_nkl.transpose.check_input_transpose' is from the 'neuronxcc' package which is not supported in NKI kernels; use the 'nki' package instead
  check_input_transpose(in_tensor, in_shape, permutation)
  ^
/opt/aws_neuronx_venv_pytorch_inference_vllm_0_16/lib/python3.12/site-packages/neuronxcc/private_nkl/transpose.py:757:33: warning: 'neuronxcc.private_nkl.transpose_utils.permutation_reduction' is from the 'neuronxcc' package which is not supported in NKI kernels; use the 'nki' package instead
  reduced_perm, reduced_shape = permutation_reduction(in_shape, permutation)
                                ^
/opt/aws_neuronx_venv_pytorch_inference_vllm_0_16/lib/python3.12/site-packages/neuronxcc/private_nkl/transpose.py:758:10: warning: 'neuronxcc.private_nkl.transpose_utils.permutes_last_two_dims' is from the 'neuronxcc' package which is not supported in NKI kernels; use the 'nki' package instead
  assert permutes_last_two_dims(reduced_perm), f"must permutate last two dims, got {reduced_perm}"
         ^
/opt/aws_neuronx_venv_pytorch_inference_vllm_0_16/lib/python3.12/site-packages/neuronxcc/private_nkl/transpose.py:763:11: warning: 'neuronxcc.private_nkl.transpose._str_to_dtype' is from the 'neuronxcc' package which is not supported in NKI kernels; use the 'nki' package instead
    dtype=_str_to_dtype(out_dtype),
          ^
/opt/aws_neuronx_venv_pytorch_inference_vllm_0_16/lib/python3.12/site-packages/neuronxcc/private_nkl/transpose.py:764:12: warning: 'neuronxcc.private_nkl.transpose_utils._get_hbm_buffer' is from the 'neuronxcc' package which is not supported in NKI kernels; use the 'nki' package instead
    buffer=_get_hbm_buffer(),
           ^
/opt/aws_neuronx_venv_pytorch_inference_vllm_0_16/lib/python3.12/site-packages/neuronxcc/private_nkl/transpose.py:767:3: warning: 'neuronxcc.private_nkl.transpose._pe_transpose_impl' is from the 'neuronxcc' package which is not supported in NKI kernels; use the 'nki' package instead
  _pe_transpose_impl(in_tensor, out_tensor, num_shards, shard_id)
  ^
/opt/aws_neuronx_venv_pytorch_inference_vllm_0_16/lib/python3.12/site-packages/neuronxcc/private_nkl/transpose.py:373:25: warning: 'neuronxcc.private_nkl.transpose_utils.n_elts' is from the 'neuronxcc' package which is not supported in NKI kernels; use the 'nki' package instead
  flattened_B_dim = int(n_elts(in_shape[:-2])) if in_shape[:-2] else 1
                        ^
/opt/aws_neuronx_venv_pytorch_inference_vllm_0_16/lib/python3.12/site-packages/neuronxcc/private_nkl/transpose.py:378:30: warning: 'neuronxcc.private_nkl.transpose._pe_optimal_tile_sizes' is from the 'neuronxcc' package which is not supported in NKI kernels; use the 'nki' package instead
  I_tile_size, J_tile_size = _pe_optimal_tile_sizes(I, J, in_tensor.dtype)
                             ^
/opt/aws_neuronx_venv_pytorch_inference_vllm_0_16/lib/python3.12/site-packages/neuronxcc/private_nkl/transpose.py:381:17: warning: 'neuronxcc.private_nkl.utils.kernel_helpers.div_ceil' is from the 'neuronxcc' package which is not supported in NKI kernels; use the 'nki' package instead
  b_per_shard = div_ceil(flattened_B_dim, num_shards)
                ^
/opt/aws_neuronx_venv_pytorch_inference_vllm_0_16/lib/python3.12/site-packages/neuronxcc/private_nkl/transpose.py:384:19: warning: 'neuronxcc.private_nkl.transpose._to_compute_dtype' is from the 'neuronxcc' package which is not supported in NKI kernels; use the 'nki' package instead
  compute_dtype = _to_compute_dtype(in_tensor.dtype)
                  ^
/opt/aws_neuronx_venv_pytorch_inference_vllm_0_16/lib/python3.12/site-packages/neuronxcc/private_nkl/transpose.py:398:19: warning: 'neuronxcc.private_nkl.utils.tiled_range.TiledRange' is from the 'neuronxcc' package which is not supported in NKI kernels; use the 'nki' package instead
    for I_tile in TiledRange(I, I_tile_size):
                  ^
/opt/aws_neuronx_venv_pytorch_inference_vllm_0_16/lib/python3.12/site-packages/neuronxcc/private_nkl/transpose.py:399:21: warning: 'neuronxcc.private_nkl.utils.tiled_range.TiledRange' is from the 'neuronxcc' package which is not supported in NKI kernels; use the 'nki' package instead
      for J_tile in TiledRange(J, J_tile_size):
                    ^
/opt/aws_neuronx_venv_pytorch_inference_vllm_0_16/lib/python3.12/site-packages/neuronxcc/private_nkl/transpose.py:400:23: warning: 'neuronxcc.private_nkl.utils.tiled_range.TiledRange' is from the 'neuronxcc' package which is not supported in NKI kernels; use the 'nki' package instead
        I_128_tiles = TiledRange(I_tile, nl.tile_size.pmax)
                      ^
/opt/aws_neuronx_venv_pytorch_inference_vllm_0_16/lib/python3.12/site-packages/neuronxcc/private_nkl/transpose.py:405:23: warning: 'neuronxcc.private_nkl.utils.tiled_range.TiledRange' is from the 'neuronxcc' package which is not supported in NKI kernels; use the 'nki' package instead
        J_128_tiles = TiledRange(J_tile, nl.tile_size.pmax)
                      ^
/opt/aws_neuronx_venv_pytorch_inference_vllm_0_16/lib/python3.12/site-packages/neuronxcc/private_nkl/transpose.py:411:9: warning: 'neuronxcc.private_nkl.transpose._pe_load_tile' is from the 'neuronxcc' package which is not supported in NKI kernels; use the 'nki' package instead
        _pe_load_tile(
        ^
/opt/aws_neuronx_venv_pytorch_inference_vllm_0_16/lib/python3.12/site-packages/neuronxcc/private_nkl/transpose.py:422:11: warning: 'neuronxcc.private_nkl.transpose._pe_transpose_tile_I_vectorized' is from the 'neuronxcc' package which is not supported in NKI kernels; use the 'nki' package instead
          _pe_transpose_tile_I_vectorized(
          ^
/opt/aws_neuronx_venv_pytorch_inference_vllm_0_16/lib/python3.12/site-packages/neuronxcc/private_nkl/transpose.py:430:11: warning: 'neuronxcc.private_nkl.transpose._pe_transpose_tile_J_vectorized' is from the 'neuronxcc' package which is not supported in NKI kernels; use the 'nki' package instead
          _pe_transpose_tile_J_vectorized(
          ^
/opt/aws_neuronx_venv_pytorch_inference_vllm_0_16/lib/python3.12/site-packages/neuronxcc/private_nkl/transpose.py:438:9: warning: 'neuronxcc.private_nkl.transpose._pe_store_tile' is from the 'neuronxcc' package which is not supported in NKI kernels; use the 'nki' package instead
        _pe_store_tile(
        ^
/opt/aws_neuronx_venv_pytorch_inference_vllm_0_16/lib/python3.12/site-packages/neuronxcc/private_nkl/transpose.py:527:17: warning: 'neuronxcc.private_nkl.utils.tiled_range.TiledRange' is from the 'neuronxcc' package which is not supported in NKI kernels; use the 'nki' package instead
  I_128_tiles = TiledRange(I_tile, nl.tile_size.pmax)
                ^
/opt/aws_neuronx_venv_pytorch_inference_vllm_0_16/lib/python3.12/site-packages/neuronxcc/private_nkl/transpose.py:529:17: warning: 'neuronxcc.private_nkl.utils.tiled_range.TiledRange' is from the 'neuronxcc' package which is not supported in NKI kernels; use the 'nki' package instead
  J_128_tiles = TiledRange(J_tile, nl.tile_size.pmax)
                ^
/opt/aws_neuronx_venv_pytorch_inference_vllm_0_16/lib/python3.12/site-packages/neuronxcc/private_nkl/transpose.py:538:21: warning: 'neuronxcc.private_nkl.utils.tiled_range.TiledRange' is from the 'neuronxcc' package which is not supported in NKI kernels; use the 'nki' package instead
  for J_128_tile in TiledRange(J_tile.size, nl.tile_size.pmax):
                    ^
/opt/aws_neuronx_venv_pytorch_inference_vllm_0_16/lib/python3.12/site-packages/neuronxcc/private_nkl/transpose.py:539:23: warning: 'neuronxcc.private_nkl.utils.tiled_range.TiledRange' is from the 'neuronxcc' package which is not supported in NKI kernels; use the 'nki' package instead
    for I_512_tile in TiledRange(I_tile.size, nl.tile_size.psum_fmax):
                      ^
/opt/aws_neuronx_venv_pytorch_inference_vllm_0_16/lib/python3.12/site-packages/neuronxcc/private_nkl/transpose.py:551:25: warning: 'neuronxcc.private_nkl.utils.tiled_range.TiledRange' is from the 'neuronxcc' package which is not supported in NKI kernels; use the 'nki' package instead
      for I_128_tile in TiledRange(I_512_tile, nl.tile_size.pmax):
                        ^
/opt/aws_neuronx_venv_pytorch_inference_vllm_0_16/lib/python3.12/site-packages/neuronxcc/private_nkl/transpose.py:569:7: warning: 'neuronxcc.private_nkl.transpose._copy_with_engine' is from the 'neuronxcc' package which is not supported in NKI kernels; use the 'nki' package instead
      _copy_with_engine(
      ^
/opt/aws_neuronx_venv_pytorch_inference_vllm_0_16/lib/python3.12/site-packages/neuronxcc/private_nkl/transpose.py:586:17: warning: 'neuronxcc.private_nkl.utils.tiled_range.TiledRange' is from the 'neuronxcc' package which is not supported in NKI kernels; use the 'nki' package instead
  I_128_tiles = TiledRange(I_tile, nl.tile_size.pmax)
                ^
/opt/aws_neuronx_venv_pytorch_inference_vllm_0_16/lib/python3.12/site-packages/neuronxcc/private_nkl/transpose.py:588:17: warning: 'neuronxcc.private_nkl.utils.tiled_range.TiledRange' is from the 'neuronxcc' package which is not supported in NKI kernels; use the 'nki' package instead
  J_128_tiles = TiledRange(J_tile, nl.tile_size.pmax)
                ^
/opt/aws_neuronx_venv_pytorch_inference_vllm_0_16/lib/python3.12/site-packages/neuronxcc/private_nkl/transpose.py:596:21: warning: 'neuronxcc.private_nkl.utils.tiled_range.TiledRange' is from the 'neuronxcc' package which is not supported in NKI kernels; use the 'nki' package instead
  for I_128_tile in TiledRange(I_tile.size, nl.tile_size.pmax):
                    ^
/opt/aws_neuronx_venv_pytorch_inference_vllm_0_16/lib/python3.12/site-packages/neuronxcc/private_nkl/transpose.py:597:23: warning: 'neuronxcc.private_nkl.utils.tiled_range.TiledRange' is from the 'neuronxcc' package which is not supported in NKI kernels; use the 'nki' package instead
    for J_512_tile in TiledRange(J_tile.size, nl.tile_size.psum_fmax):
                      ^
/opt/aws_neuronx_venv_pytorch_inference_vllm_0_16/lib/python3.12/site-packages/neuronxcc/private_nkl/transpose.py:609:25: warning: 'neuronxcc.private_nkl.utils.tiled_range.TiledRange' is from the 'neuronxcc' package which is not supported in NKI kernels; use the 'nki' package instead
      for J_128_tile in TiledRange(J_512_tile, nl.tile_size.pmax):
                        ^
/opt/aws_neuronx_venv_pytorch_inference_vllm_0_16/lib/python3.12/site-packages/neuronxcc/private_nkl/transpose.py:628:9: warning: 'neuronxcc.private_nkl.transpose._copy_with_engine' is from the 'neuronxcc' package which is not supported in NKI kernels; use the 'nki' package instead
        _copy_with_engine(
        ^
/opt/aws_neuronx_venv_pytorch_inference_vllm_0_16/lib/python3.12/site-packages/neuronxcc/private_nkl/transpose.py:652:9: warning: 'neuronxcc.private_nkl.transpose._copy_with_engine' is from the 'neuronxcc' package which is not supported in NKI kernels; use the 'nki' package instead
        _copy_with_engine(
        ^
/opt/aws_neuronx_venv_pytorch_inference_vllm_0_16/lib/python3.12/site-packages/neuronxcc/private_nkl/transpose.py:38:10: warning: 'neuronxcc.private_nkl.transpose_utils.is_valid_permutation' is from the 'neuronxcc' package which is not supported in NKI kernels; use the 'nki' package instead
  assert is_valid_permutation(permutation), "input permutation is invalid"
         ^
/opt/aws_neuronx_venv_pytorch_inference_vllm_0_16/lib/python3.12/site-packages/neuronxcc/private_nkl/transpose.py:41:10: warning: 'neuronxcc.private_nkl.transpose_utils.n_elts' is from the 'neuronxcc' package which is not supported in NKI kernels; use the 'nki' package instead
  assert n_elts(in_shape) == n_elts(in_tensor.shape), "tensor shape is invalid"
         ^
/opt/aws_neuronx_venv_pytorch_inference_vllm_0_16/lib/python3.12/site-packages/neuronxcc/private_nkl/transpose.py:41:30: warning: 'neuronxcc.private_nkl.transpose_utils.n_elts' is from the 'neuronxcc' package which is not supported in NKI kernels; use the 'nki' package instead
  assert n_elts(in_shape) == n_elts(in_tensor.shape), "tensor shape is invalid"
                             ^
/opt/aws_neuronx_venv_pytorch_inference_vllm_0_16/lib/python3.12/site-packages/neuronxcc/private_nkl/transpose.py:32:20: warning: 'neuronxcc.private_nkl.utils.StackAllocator.sizeinbytes' is from the 'neuronxcc' package which is not supported in NKI kernels; use the 'nki' package instead
  return (98304 // sizeinbytes(dtype)) // 2
                   ^
/opt/aws_neuronx_venv_pytorch_inference_vllm_0_16/lib/python3.12/site-packages/neuronxcc/private_nkl/transpose.py:886:29: warning: 'neuronxcc.private_nkl.utils.kernel_helpers.get_program_sharding_info' is from the 'neuronxcc' package which is not supported in NKI kernels; use the 'nki' package instead
  _, num_shards, shard_id = get_program_sharding_info()
                            ^
/opt/aws_neuronx_venv_pytorch_inference_vllm_0_16/lib/python3.12/site-packages/neuronxcc/private_nkl/transpose.py:887:9: warning: 'neuronxcc.private_nkl.transpose._pe_transpose' is from the 'neuronxcc' package which is not supported in NKI kernels; use the 'nki' package instead
  out = _pe_transpose(in_tensor, in_shape, permutation, out_dtype, num_shards, shard_id)
        ^
/opt/aws_neuronx_venv_pytorch_inference_vllm_0_16/lib/python3.12/site-packages/neuronxcc/private_nkl/transpose_utils.py:71:10: warning: 'neuronxcc.private_nkl.transpose_utils.is_valid_permutation' is from the 'neuronxcc' package which is not supported in NKI kernels; use the 'nki' package instead
  if not is_valid_permutation(permutation):
         ^
/opt/aws_neuronx_venv_pytorch_inference_vllm_0_16/lib/python3.12/site-packages/neuronxcc/private_nkl/utils/tiled_range.py:66:23: warning: 'neuronxcc.private_nkl.utils.tiled_range.TiledRangeIterator' is from the 'neuronxcc' package which is not supported in NKI kernels; use the 'nki' package instead
  if isinstance(size, TiledRangeIterator):
                      ^
/opt/aws_neuronx_venv_pytorch_inference_vllm_0_16/lib/python3.12/site-packages/neuronxcc/private_nkl/utils/tiled_range.py:84:22: warning: 'neuronxcc.private_nkl.utils.tiled_range.TiledRangeIterator' is from the 'neuronxcc' package which is not supported in NKI kernels; use the 'nki' package instead
    iterators.append(TiledRangeIterator(current_tile_size, i, base_offset + relative_offset))
                     ^
/opt/aws_neuronx_venv_pytorch_inference_vllm_0_16/lib/python3.12/site-packages/neuronxcc/private_nkl/transpose.py:458:17: warning: 'neuronxcc.private_nkl.utils.tiled_range.TiledRange' is from the 'neuronxcc' package which is not supported in NKI kernels; use the 'nki' package instead
  I_128_tiles = TiledRange(I_tile, nl.tile_size.pmax)
                ^
/opt/aws_neuronx_venv_pytorch_inference_vllm_0_16/lib/python3.12/site-packages/neuronxcc/private_nkl/transpose.py:465:33: warning: 'neuronxcc.private_nkl.utils.tiled_range.TiledRange' is from the 'neuronxcc' package which is not supported in NKI kernels; use the 'nki' package instead
    for vectorization_factor in TiledRange(num_full_128_tiles_per_I_tile, VECTORIZATION_FACTOR):
                                ^
/opt/aws_neuronx_venv_pytorch_inference_vllm_0_16/lib/python3.12/site-packages/neuronxcc/private_nkl/transpose.py:284:16: warning: 'neuronxcc.private_nkl.transpose.max_f_size' is from the 'neuronxcc' package which is not supported in NKI kernels; use the 'nki' package instead
  MAX_F_SIZE = max_f_size(dtype)
               ^
/opt/aws_neuronx_venv_pytorch_inference_vllm_0_16/lib/python3.12/site-packages/neuronxcc/private_nkl/transpose.py:289:15: warning: 'neuronxcc.private_nkl.transpose_utils.next_multiple' is from the 'neuronxcc' package which is not supported in NKI kernels; use the 'nki' package instead
    return I, next_multiple(min(J, MAX_F_SIZE), 128)
              ^
/opt/aws_neuronx_venv_pytorch_inference_vllm_0_16/lib/python3.12/site-packages/neuronxcc/private_nkl/transpose.py:291:12: warning: 'neuronxcc.private_nkl.transpose_utils.next_multiple' is from the 'neuronxcc' package which is not supported in NKI kernels; use the 'nki' package instead
    return next_multiple(min(I, MAX_F_SIZE), 128), J
           ^
/opt/aws_neuronx_venv_pytorch_inference_vllm_0_16/lib/python3.12/site-packages/neuronxcc/private_nkl/transpose.py:302:19: warning: 'neuronxcc.private_nkl.transpose_utils.next_multiple' is from the 'neuronxcc' package which is not supported in NKI kernels; use the 'nki' package instead
    I_tile_size = next_multiple(I_tile_size, 128)
                  ^
/opt/aws_neuronx_venv_pytorch_inference_vllm_0_16/lib/python3.12/site-packages/neuronxcc/private_nkl/transpose.py:303:19: warning: 'neuronxcc.private_nkl.transpose_utils.next_multiple' is from the 'neuronxcc' package which is not supported in NKI kernels; use the 'nki' package instead
    J_tile_size = next_multiple(J_tile_size, 128)
                  ^
/opt/aws_neuronx_venv_pytorch_inference_vllm_0_16/lib/python3.12/site-packages/neuronxcc/private_nkl/transpose.py:681:17: warning: 'neuronxcc.private_nkl.utils.tiled_range.TiledRange' is from the 'neuronxcc' package which is not supported in NKI kernels; use the 'nki' package instead
  J_128_tiles = TiledRange(J_tile, nl.tile_size.pmax)
                ^
/opt/aws_neuronx_venv_pytorch_inference_vllm_0_16/lib/python3.12/site-packages/neuronxcc/private_nkl/transpose.py:688:33: warning: 'neuronxcc.private_nkl.utils.tiled_range.TiledRange' is from the 'neuronxcc' package which is not supported in NKI kernels; use the 'nki' package instead
    for vectorization_factor in TiledRange(num_full_128_tiles_per_J_tile, VECTORIZATION_FACTOR):
                                ^
/opt/aws_neuronx_venv_pytorch_inference_vllm_0_16/lib/python3.12/site-packages/neuronxcc/private_nkl/transpose.py:751:3: warning: 'neuronxcc.private_nkl.transpose.check_input_transpose' is from the 'neuronxcc' package which is not supported in NKI kernels; use the 'nki' package instead
  check_input_transpose(in_tensor, in_shape, permutation)
  ^
/opt/aws_neuronx_venv_pytorch_inference_vllm_0_16/lib/python3.12/site-packages/neuronxcc/private_nkl/transpose.py:757:33: warning: 'neuronxcc.private_nkl.transpose_utils.permutation_reduction' is from the 'neuronxcc' package which is not supported in NKI kernels; use the 'nki' package instead
  reduced_perm, reduced_shape = permutation_reduction(in_shape, permutation)
                                ^
/opt/aws_neuronx_venv_pytorch_inference_vllm_0_16/lib/python3.12/site-packages/neuronxcc/private_nkl/transpose.py:758:10: warning: 'neuronxcc.private_nkl.transpose_utils.permutes_last_two_dims' is from the 'neuronxcc' package which is not supported in NKI kernels; use the 'nki' package instead
  assert permutes_last_two_dims(reduced_perm), f"must permutate last two dims, got {reduced_perm}"
         ^
/opt/aws_neuronx_venv_pytorch_inference_vllm_0_16/lib/python3.12/site-packages/neuronxcc/private_nkl/transpose.py:763:11: warning: 'neuronxcc.private_nkl.transpose._str_to_dtype' is from the 'neuronxcc' package which is not supported in NKI kernels; use the 'nki' package instead
    dtype=_str_to_dtype(out_dtype),
          ^
/opt/aws_neuronx_venv_pytorch_inference_vllm_0_16/lib/python3.12/site-packages/neuronxcc/private_nkl/transpose.py:764:12: warning: 'neuronxcc.private_nkl.transpose_utils._get_hbm_buffer' is from the 'neuronxcc' package which is not supported in NKI kernels; use the 'nki' package instead
    buffer=_get_hbm_buffer(),
           ^
/opt/aws_neuronx_venv_pytorch_inference_vllm_0_16/lib/python3.12/site-packages/neuronxcc/private_nkl/transpose.py:767:3: warning: 'neuronxcc.private_nkl.transpose._pe_transpose_impl' is from the 'neuronxcc' package which is not supported in NKI kernels; use the 'nki' package instead
  _pe_transpose_impl(in_tensor, out_tensor, num_shards, shard_id)
  ^
/opt/aws_neuronx_venv_pytorch_inference_vllm_0_16/lib/python3.12/site-packages/neuronxcc/private_nkl/transpose.py:373:25: warning: 'neuronxcc.private_nkl.transpose_utils.n_elts' is from the 'neuronxcc' package which is not supported in NKI kernels; use the 'nki' package instead
  flattened_B_dim = int(n_elts(in_shape[:-2])) if in_shape[:-2] else 1
                        ^
/opt/aws_neuronx_venv_pytorch_inference_vllm_0_16/lib/python3.12/site-packages/neuronxcc/private_nkl/transpose.py:378:30: warning: 'neuronxcc.private_nkl.transpose._pe_optimal_tile_sizes' is from the 'neuronxcc' package which is not supported in NKI kernels; use the 'nki' package instead
  I_tile_size, J_tile_size = _pe_optimal_tile_sizes(I, J, in_tensor.dtype)
                             ^
/opt/aws_neuronx_venv_pytorch_inference_vllm_0_16/lib/python3.12/site-packages/neuronxcc/private_nkl/transpose.py:381:17: warning: 'neuronxcc.private_nkl.utils.kernel_helpers.div_ceil' is from the 'neuronxcc' package which is not supported in NKI kernels; use the 'nki' package instead
  b_per_shard = div_ceil(flattened_B_dim, num_shards)
                ^
/opt/aws_neuronx_venv_pytorch_inference_vllm_0_16/lib/python3.12/site-packages/neuronxcc/private_nkl/transpose.py:384:19: warning: 'neuronxcc.private_nkl.transpose._to_compute_dtype' is from the 'neuronxcc' package which is not supported in NKI kernels; use the 'nki' package instead
  compute_dtype = _to_compute_dtype(in_tensor.dtype)
                  ^
/opt/aws_neuronx_venv_pytorch_inference_vllm_0_16/lib/python3.12/site-packages/neuronxcc/private_nkl/transpose.py:398:19: warning: 'neuronxcc.private_nkl.utils.tiled_range.TiledRange' is from the 'neuronxcc' package which is not supported in NKI kernels; use the 'nki' package instead
    for I_tile in TiledRange(I, I_tile_size):
                  ^
/opt/aws_neuronx_venv_pytorch_inference_vllm_0_16/lib/python3.12/site-packages/neuronxcc/private_nkl/transpose.py:399:21: warning: 'neuronxcc.private_nkl.utils.tiled_range.TiledRange' is from the 'neuronxcc' package which is not supported in NKI kernels; use the 'nki' package instead
      for J_tile in TiledRange(J, J_tile_size):
                    ^
/opt/aws_neuronx_venv_pytorch_inference_vllm_0_16/lib/python3.12/site-packages/neuronxcc/private_nkl/transpose.py:400:23: warning: 'neuronxcc.private_nkl.utils.tiled_range.TiledRange' is from the 'neuronxcc' package which is not supported in NKI kernels; use the 'nki' package instead
        I_128_tiles = TiledRange(I_tile, nl.tile_size.pmax)
                      ^
/opt/aws_neuronx_venv_pytorch_inference_vllm_0_16/lib/python3.12/site-packages/neuronxcc/private_nkl/transpose.py:405:23: warning: 'neuronxcc.private_nkl.utils.tiled_range.TiledRange' is from the 'neuronxcc' package which is not supported in NKI kernels; use the 'nki' package instead
        J_128_tiles = TiledRange(J_tile, nl.tile_size.pmax)
                      ^
/opt/aws_neuronx_venv_pytorch_inference_vllm_0_16/lib/python3.12/site-packages/neuronxcc/private_nkl/transpose.py:411:9: warning: 'neuronxcc.private_nkl.transpose._pe_load_tile' is from the 'neuronxcc' package which is not supported in NKI kernels; use the 'nki' package instead
        _pe_load_tile(
        ^
/opt/aws_neuronx_venv_pytorch_inference_vllm_0_16/lib/python3.12/site-packages/neuronxcc/private_nkl/transpose.py:422:11: warning: 'neuronxcc.private_nkl.transpose._pe_transpose_tile_I_vectorized' is from the 'neuronxcc' package which is not supported in NKI kernels; use the 'nki' package instead
          _pe_transpose_tile_I_vectorized(
          ^
/opt/aws_neuronx_venv_pytorch_inference_vllm_0_16/lib/python3.12/site-packages/neuronxcc/private_nkl/transpose.py:430:11: warning: 'neuronxcc.private_nkl.transpose._pe_transpose_tile_J_vectorized' is from the 'neuronxcc' package which is not supported in NKI kernels; use the 'nki' package instead
          _pe_transpose_tile_J_vectorized(
          ^
/opt/aws_neuronx_venv_pytorch_inference_vllm_0_16/lib/python3.12/site-packages/neuronxcc/private_nkl/transpose.py:438:9: warning: 'neuronxcc.private_nkl.transpose._pe_store_tile' is from the 'neuronxcc' package which is not supported in NKI kernels; use the 'nki' package instead
        _pe_store_tile(
        ^
/opt/aws_neuronx_venv_pytorch_inference_vllm_0_16/lib/python3.12/site-packages/neuronxcc/private_nkl/transpose.py:527:17: warning: 'neuronxcc.private_nkl.utils.tiled_range.TiledRange' is from the 'neuronxcc' package which is not supported in NKI kernels; use the 'nki' package instead
  I_128_tiles = TiledRange(I_tile, nl.tile_size.pmax)
                ^
/opt/aws_neuronx_venv_pytorch_inference_vllm_0_16/lib/python3.12/site-packages/neuronxcc/private_nkl/transpose.py:529:17: warning: 'neuronxcc.private_nkl.utils.tiled_range.TiledRange' is from the 'neuronxcc' package which is not supported in NKI kernels; use the 'nki' package instead
  J_128_tiles = TiledRange(J_tile, nl.tile_size.pmax)
                ^
/opt/aws_neuronx_venv_pytorch_inference_vllm_0_16/lib/python3.12/site-packages/neuronxcc/private_nkl/transpose.py:538:21: warning: 'neuronxcc.private_nkl.utils.tiled_range.TiledRange' is from the 'neuronxcc' package which is not supported in NKI kernels; use the 'nki' package instead
  for J_128_tile in TiledRange(J_tile.size, nl.tile_size.pmax):
                    ^
/opt/aws_neuronx_venv_pytorch_inference_vllm_0_16/lib/python3.12/site-packages/neuronxcc/private_nkl/transpose.py:539:23: warning: 'neuronxcc.private_nkl.utils.tiled_range.TiledRange' is from the 'neuronxcc' package which is not supported in NKI kernels; use the 'nki' package instead
    for I_512_tile in TiledRange(I_tile.size, nl.tile_size.psum_fmax):
                      ^
/opt/aws_neuronx_venv_pytorch_inference_vllm_0_16/lib/python3.12/site-packages/neuronxcc/private_nkl/transpose.py:551:25: warning: 'neuronxcc.private_nkl.utils.tiled_range.TiledRange' is from the 'neuronxcc' package which is not supported in NKI kernels; use the 'nki' package instead
      for I_128_tile in TiledRange(I_512_tile, nl.tile_size.pmax):
                        ^
/opt/aws_neuronx_venv_pytorch_inference_vllm_0_16/lib/python3.12/site-packages/neuronxcc/private_nkl/transpose.py:569:7: warning: 'neuronxcc.private_nkl.transpose._copy_with_engine' is from the 'neuronxcc' package which is not supported in NKI kernels; use the 'nki' package instead
      _copy_with_engine(
      ^
/opt/aws_neuronx_venv_pytorch_inference_vllm_0_16/lib/python3.12/site-packages/neuronxcc/private_nkl/transpose.py:586:17: warning: 'neuronxcc.private_nkl.utils.tiled_range.TiledRange' is from the 'neuronxcc' package which is not supported in NKI kernels; use the 'nki' package instead
  I_128_tiles = TiledRange(I_tile, nl.tile_size.pmax)
                ^
/opt/aws_neuronx_venv_pytorch_inference_vllm_0_16/lib/python3.12/site-packages/neuronxcc/private_nkl/transpose.py:588:17: warning: 'neuronxcc.private_nkl.utils.tiled_range.TiledRange' is from the 'neuronxcc' package which is not supported in NKI kernels; use the 'nki' package instead
  J_128_tiles = TiledRange(J_tile, nl.tile_size.pmax)
                ^
/opt/aws_neuronx_venv_pytorch_inference_vllm_0_16/lib/python3.12/site-packages/neuronxcc/private_nkl/transpose.py:596:21: warning: 'neuronxcc.private_nkl.utils.tiled_range.TiledRange' is from the 'neuronxcc' package which is not supported in NKI kernels; use the 'nki' package instead
  for I_128_tile in TiledRange(I_tile.size, nl.tile_size.pmax):
                    ^
/opt/aws_neuronx_venv_pytorch_inference_vllm_0_16/lib/python3.12/site-packages/neuronxcc/private_nkl/transpose.py:597:23: warning: 'neuronxcc.private_nkl.utils.tiled_range.TiledRange' is from the 'neuronxcc' package which is not supported in NKI kernels; use the 'nki' package instead
    for J_512_tile in TiledRange(J_tile.size, nl.tile_size.psum_fmax):
                      ^
/opt/aws_neuronx_venv_pytorch_inference_vllm_0_16/lib/python3.12/site-packages/neuronxcc/private_nkl/transpose.py:609:25: warning: 'neuronxcc.private_nkl.utils.tiled_range.TiledRange' is from the 'neuronxcc' package which is not supported in NKI kernels; use the 'nki' package instead
      for J_128_tile in TiledRange(J_512_tile, nl.tile_size.pmax):
                        ^
/opt/aws_neuronx_venv_pytorch_inference_vllm_0_16/lib/python3.12/site-packages/neuronxcc/private_nkl/transpose.py:628:9: warning: 'neuronxcc.private_nkl.transpose._copy_with_engine' is from the 'neuronxcc' package which is not supported in NKI kernels; use the 'nki' package instead
        _copy_with_engine(
        ^
/opt/aws_neuronx_venv_pytorch_inference_vllm_0_16/lib/python3.12/site-packages/neuronxcc/private_nkl/transpose.py:652:9: warning: 'neuronxcc.private_nkl.transpose._copy_with_engine' is from the 'neuronxcc' package which is not supported in NKI kernels; use the 'nki' package instead
        _copy_with_engine(
        ^
/opt/aws_neuronx_venv_pytorch_inference_vllm_0_16/lib/python3.12/site-packages/neuronxcc/private_nkl/transpose.py:38:10: warning: 'neuronxcc.private_nkl.transpose_utils.is_valid_permutation' is from the 'neuronxcc' package which is not supported in NKI kernels; use the 'nki' package instead
  assert is_valid_permutation(permutation), "input permutation is invalid"
         ^
/opt/aws_neuronx_venv_pytorch_inference_vllm_0_16/lib/python3.12/site-packages/neuronxcc/private_nkl/transpose.py:41:10: warning: 'neuronxcc.private_nkl.transpose_utils.n_elts' is from the 'neuronxcc' package which is not supported in NKI kernels; use the 'nki' package instead
  assert n_elts(in_shape) == n_elts(in_tensor.shape), "tensor shape is invalid"
         ^
/opt/aws_neuronx_venv_pytorch_inference_vllm_0_16/lib/python3.12/site-packages/neuronxcc/private_nkl/transpose.py:41:30: warning: 'neuronxcc.private_nkl.transpose_utils.n_elts' is from the 'neuronxcc' package which is not supported in NKI kernels; use the 'nki' package instead
  assert n_elts(in_shape) == n_elts(in_tensor.shape), "tensor shape is invalid"
                             ^
/opt/aws_neuronx_venv_pytorch_inference_vllm_0_16/lib/python3.12/site-packages/neuronxcc/private_nkl/transpose.py:32:20: warning: 'neuronxcc.private_nkl.utils.StackAllocator.sizeinbytes' is from the 'neuronxcc' package which is not supported in NKI kernels; use the 'nki' package instead
  return (98304 // sizeinbytes(dtype)) // 2
                   ^
/opt/aws_neuronx_venv_pytorch_inference_vllm_0_16/lib/python3.12/site-packages/neuronxcc/private_nkl/transpose.py:886:29: warning: 'neuronxcc.private_nkl.utils.kernel_helpers.get_program_sharding_info' is from the 'neuronxcc' package which is not supported in NKI kernels; use the 'nki' package instead
  _, num_shards, shard_id = get_program_sharding_info()
                            ^
/opt/aws_neuronx_venv_pytorch_inference_vllm_0_16/lib/python3.12/site-packages/neuronxcc/private_nkl/transpose.py:887:9: warning: 'neuronxcc.private_nkl.transpose._pe_transpose' is from the 'neuronxcc' package which is not supported in NKI kernels; use the 'nki' package instead
  out = _pe_transpose(in_tensor, in_shape, permutation, out_dtype, num_shards, shard_id)
        ^
/opt/aws_neuronx_venv_pytorch_inference_vllm_0_16/lib/python3.12/site-packages/neuronxcc/private_nkl/transpose_utils.py:71:10: warning: 'neuronxcc.private_nkl.transpose_utils.is_valid_permutation' is from the 'neuronxcc' package which is not supported in NKI kernels; use the 'nki' package instead
  if not is_valid_permutation(permutation):
         ^
/opt/aws_neuronx_venv_pytorch_inference_vllm_0_16/lib/python3.12/site-packages/neuronxcc/private_nkl/utils/tiled_range.py:66:23: warning: 'neuronxcc.private_nkl.utils.tiled_range.TiledRangeIterator' is from the 'neuronxcc' package which is not supported in NKI kernels; use the 'nki' package instead
  if isinstance(size, TiledRangeIterator):
                      ^
/opt/aws_neuronx_venv_pytorch_inference_vllm_0_16/lib/python3.12/site-packages/neuronxcc/private_nkl/utils/tiled_range.py:84:22: warning: 'neuronxcc.private_nkl.utils.tiled_range.TiledRangeIterator' is from the 'neuronxcc' package which is not supported in NKI kernels; use the 'nki' package instead
    iterators.append(TiledRangeIterator(current_tile_size, i, base_offset + relative_offset))
                     ^
/opt/aws_neuronx_venv_pytorch_inference_vllm_0_16/lib/python3.12/site-packages/neuronxcc/private_nkl/transpose.py:458:17: warning: 'neuronxcc.private_nkl.utils.tiled_range.TiledRange' is from the 'neuronxcc' package which is not supported in NKI kernels; use the 'nki' package instead
  I_128_tiles = TiledRange(I_tile, nl.tile_size.pmax)
                ^
/opt/aws_neuronx_venv_pytorch_inference_vllm_0_16/lib/python3.12/site-packages/neuronxcc/private_nkl/transpose.py:465:33: warning: 'neuronxcc.private_nkl.utils.tiled_range.TiledRange' is from the 'neuronxcc' package which is not supported in NKI kernels; use the 'nki' package instead
    for vectorization_factor in TiledRange(num_full_128_tiles_per_I_tile, VECTORIZATION_FACTOR):
                                ^
/opt/aws_neuronx_venv_pytorch_inference_vllm_0_16/lib/python3.12/site-packages/neuronxcc/private_nkl/transpose.py:284:16: warning: 'neuronxcc.private_nkl.transpose.max_f_size' is from the 'neuronxcc' package which is not supported in NKI kernels; use the 'nki' package instead
  MAX_F_SIZE = max_f_size(dtype)
               ^
/opt/aws_neuronx_venv_pytorch_inference_vllm_0_16/lib/python3.12/site-packages/neuronxcc/private_nkl/transpose.py:289:15: warning: 'neuronxcc.private_nkl.transpose_utils.next_multiple' is from the 'neuronxcc' package which is not supported in NKI kernels; use the 'nki' package instead
    return I, next_multiple(min(J, MAX_F_SIZE), 128)
              ^
/opt/aws_neuronx_venv_pytorch_inference_vllm_0_16/lib/python3.12/site-packages/neuronxcc/private_nkl/transpose.py:291:12: warning: 'neuronxcc.private_nkl.transpose_utils.next_multiple' is from the 'neuronxcc' package which is not supported in NKI kernels; use the 'nki' package instead
    return next_multiple(min(I, MAX_F_SIZE), 128), J
           ^
/opt/aws_neuronx_venv_pytorch_inference_vllm_0_16/lib/python3.12/site-packages/neuronxcc/private_nkl/transpose.py:302:19: warning: 'neuronxcc.private_nkl.transpose_utils.next_multiple' is from the 'neuronxcc' package which is not supported in NKI kernels; use the 'nki' package instead
    I_tile_size = next_multiple(I_tile_size, 128)
                  ^
/opt/aws_neuronx_venv_pytorch_inference_vllm_0_16/lib/python3.12/site-packages/neuronxcc/private_nkl/transpose.py:303:19: warning: 'neuronxcc.private_nkl.transpose_utils.next_multiple' is from the 'neuronxcc' package which is not supported in NKI kernels; use the 'nki' package instead
    J_tile_size = next_multiple(J_tile_size, 128)
                  ^
/opt/aws_neuronx_venv_pytorch_inference_vllm_0_16/lib/python3.12/site-packages/neuronxcc/private_nkl/transpose.py:681:17: warning: 'neuronxcc.private_nkl.utils.tiled_range.TiledRange' is from the 'neuronxcc' package which is not supported in NKI kernels; use the 'nki' package instead
  J_128_tiles = TiledRange(J_tile, nl.tile_size.pmax)
                ^
/opt/aws_neuronx_venv_pytorch_inference_vllm_0_16/lib/python3.12/site-packages/neuronxcc/private_nkl/transpose.py:688:33: warning: 'neuronxcc.private_nkl.utils.tiled_range.TiledRange' is from the 'neuronxcc' package which is not supported in NKI kernels; use the 'nki' package instead
    for vectorization_factor in TiledRange(num_full_128_tiles_per_J_tile, VECTORIZATION_FACTOR):
                                ^
/opt/aws_neuronx_venv_pytorch_inference_vllm_0_16/lib/python3.12/site-packages/neuronxcc/private_nkl/transpose.py:751:3: warning: 'neuronxcc.private_nkl.transpose.check_input_transpose' is from the 'neuronxcc' package which is not supported in NKI kernels; use the 'nki' package instead
  check_input_transpose(in_tensor, in_shape, permutation)
  ^
/opt/aws_neuronx_venv_pytorch_inference_vllm_0_16/lib/python3.12/site-packages/neuronxcc/private_nkl/transpose.py:757:33: warning: 'neuronxcc.private_nkl.transpose_utils.permutation_reduction' is from the 'neuronxcc' package which is not supported in NKI kernels; use the 'nki' package instead
  reduced_perm, reduced_shape = permutation_reduction(in_shape, permutation)
                                ^
/opt/aws_neuronx_venv_pytorch_inference_vllm_0_16/lib/python3.12/site-packages/neuronxcc/private_nkl/transpose.py:758:10: warning: 'neuronxcc.private_nkl.transpose_utils.permutes_last_two_dims' is from the 'neuronxcc' package which is not supported in NKI kernels; use the 'nki' package instead
  assert permutes_last_two_dims(reduced_perm), f"must permutate last two dims, got {reduced_perm}"
         ^
/opt/aws_neuronx_venv_pytorch_inference_vllm_0_16/lib/python3.12/site-packages/neuronxcc/private_nkl/transpose.py:763:11: warning: 'neuronxcc.private_nkl.transpose._str_to_dtype' is from the 'neuronxcc' package which is not supported in NKI kernels; use the 'nki' package instead
    dtype=_str_to_dtype(out_dtype),
          ^
/opt/aws_neuronx_venv_pytorch_inference_vllm_0_16/lib/python3.12/site-packages/neuronxcc/private_nkl/transpose.py:764:12: warning: 'neuronxcc.private_nkl.transpose_utils._get_hbm_buffer' is from the 'neuronxcc' package which is not supported in NKI kernels; use the 'nki' package instead
    buffer=_get_hbm_buffer(),
           ^
/opt/aws_neuronx_venv_pytorch_inference_vllm_0_16/lib/python3.12/site-packages/neuronxcc/private_nkl/transpose.py:767:3: warning: 'neuronxcc.private_nkl.transpose._pe_transpose_impl' is from the 'neuronxcc' package which is not supported in NKI kernels; use the 'nki' package instead
  _pe_transpose_impl(in_tensor, out_tensor, num_shards, shard_id)
  ^
/opt/aws_neuronx_venv_pytorch_inference_vllm_0_16/lib/python3.12/site-packages/neuronxcc/private_nkl/transpose.py:373:25: warning: 'neuronxcc.private_nkl.transpose_utils.n_elts' is from the 'neuronxcc' package which is not supported in NKI kernels; use the 'nki' package instead
  flattened_B_dim = int(n_elts(in_shape[:-2])) if in_shape[:-2] else 1
                        ^
/opt/aws_neuronx_venv_pytorch_inference_vllm_0_16/lib/python3.12/site-packages/neuronxcc/private_nkl/transpose.py:378:30: warning: 'neuronxcc.private_nkl.transpose._pe_optimal_tile_sizes' is from the 'neuronxcc' package which is not supported in NKI kernels; use the 'nki' package instead
  I_tile_size, J_tile_size = _pe_optimal_tile_sizes(I, J, in_tensor.dtype)
                             ^
/opt/aws_neuronx_venv_pytorch_inference_vllm_0_16/lib/python3.12/site-packages/neuronxcc/private_nkl/transpose.py:381:17: warning: 'neuronxcc.private_nkl.utils.kernel_helpers.div_ceil' is from the 'neuronxcc' package which is not supported in NKI kernels; use the 'nki' package instead
  b_per_shard = div_ceil(flattened_B_dim, num_shards)
                ^
/opt/aws_neuronx_venv_pytorch_inference_vllm_0_16/lib/python3.12/site-packages/neuronxcc/private_nkl/transpose.py:384:19: warning: 'neuronxcc.private_nkl.transpose._to_compute_dtype' is from the 'neuronxcc' package which is not supported in NKI kernels; use the 'nki' package instead
  compute_dtype = _to_compute_dtype(in_tensor.dtype)
                  ^
/opt/aws_neuronx_venv_pytorch_inference_vllm_0_16/lib/python3.12/site-packages/neuronxcc/private_nkl/transpose.py:398:19: warning: 'neuronxcc.private_nkl.utils.tiled_range.TiledRange' is from the 'neuronxcc' package which is not supported in NKI kernels; use the 'nki' package instead
    for I_tile in TiledRange(I, I_tile_size):
                  ^
/opt/aws_neuronx_venv_pytorch_inference_vllm_0_16/lib/python3.12/site-packages/neuronxcc/private_nkl/transpose.py:399:21: warning: 'neuronxcc.private_nkl.utils.tiled_range.TiledRange' is from the 'neuronxcc' package which is not supported in NKI kernels; use the 'nki' package instead
      for J_tile in TiledRange(J, J_tile_size):
                    ^
/opt/aws_neuronx_venv_pytorch_inference_vllm_0_16/lib/python3.12/site-packages/neuronxcc/private_nkl/transpose.py:400:23: warning: 'neuronxcc.private_nkl.utils.tiled_range.TiledRange' is from the 'neuronxcc' package which is not supported in NKI kernels; use the 'nki' package instead
        I_128_tiles = TiledRange(I_tile, nl.tile_size.pmax)
                      ^
/opt/aws_neuronx_venv_pytorch_inference_vllm_0_16/lib/python3.12/site-packages/neuronxcc/private_nkl/transpose.py:405:23: warning: 'neuronxcc.private_nkl.utils.tiled_range.TiledRange' is from the 'neuronxcc' package which is not supported in NKI kernels; use the 'nki' package instead
        J_128_tiles = TiledRange(J_tile, nl.tile_size.pmax)
                      ^
/opt/aws_neuronx_venv_pytorch_inference_vllm_0_16/lib/python3.12/site-packages/neuronxcc/private_nkl/transpose.py:411:9: warning: 'neuronxcc.private_nkl.transpose._pe_load_tile' is from the 'neuronxcc' package which is not supported in NKI kernels; use the 'nki' package instead
        _pe_load_tile(
        ^
/opt/aws_neuronx_venv_pytorch_inference_vllm_0_16/lib/python3.12/site-packages/neuronxcc/private_nkl/transpose.py:422:11: warning: 'neuronxcc.private_nkl.transpose._pe_transpose_tile_I_vectorized' is from the 'neuronxcc' package which is not supported in NKI kernels; use the 'nki' package instead
          _pe_transpose_tile_I_vectorized(
          ^
/opt/aws_neuronx_venv_pytorch_inference_vllm_0_16/lib/python3.12/site-packages/neuronxcc/private_nkl/transpose.py:430:11: warning: 'neuronxcc.private_nkl.transpose._pe_transpose_tile_J_vectorized' is from the 'neuronxcc' package which is not supported in NKI kernels; use the 'nki' package instead
          _pe_transpose_tile_J_vectorized(
          ^
/opt/aws_neuronx_venv_pytorch_inference_vllm_0_16/lib/python3.12/site-packages/neuronxcc/private_nkl/transpose.py:438:9: warning: 'neuronxcc.private_nkl.transpose._pe_store_tile' is from the 'neuronxcc' package which is not supported in NKI kernels; use the 'nki' package instead
        _pe_store_tile(
        ^
/opt/aws_neuronx_venv_pytorch_inference_vllm_0_16/lib/python3.12/site-packages/neuronxcc/private_nkl/transpose.py:527:17: warning: 'neuronxcc.private_nkl.utils.tiled_range.TiledRange' is from the 'neuronxcc' package which is not supported in NKI kernels; use the 'nki' package instead
  I_128_tiles = TiledRange(I_tile, nl.tile_size.pmax)
                ^
/opt/aws_neuronx_venv_pytorch_inference_vllm_0_16/lib/python3.12/site-packages/neuronxcc/private_nkl/transpose.py:529:17: warning: 'neuronxcc.private_nkl.utils.tiled_range.TiledRange' is from the 'neuronxcc' package which is not supported in NKI kernels; use the 'nki' package instead
  J_128_tiles = TiledRange(J_tile, nl.tile_size.pmax)
                ^
/opt/aws_neuronx_venv_pytorch_inference_vllm_0_16/lib/python3.12/site-packages/neuronxcc/private_nkl/transpose.py:538:21: warning: 'neuronxcc.private_nkl.utils.tiled_range.TiledRange' is from the 'neuronxcc' package which is not supported in NKI kernels; use the 'nki' package instead
  for J_128_tile in TiledRange(J_tile.size, nl.tile_size.pmax):
                    ^
/opt/aws_neuronx_venv_pytorch_inference_vllm_0_16/lib/python3.12/site-packages/neuronxcc/private_nkl/transpose.py:539:23: warning: 'neuronxcc.private_nkl.utils.tiled_range.TiledRange' is from the 'neuronxcc' package which is not supported in NKI kernels; use the 'nki' package instead
    for I_512_tile in TiledRange(I_tile.size, nl.tile_size.psum_fmax):
                      ^
/opt/aws_neuronx_venv_pytorch_inference_vllm_0_16/lib/python3.12/site-packages/neuronxcc/private_nkl/transpose.py:551:25: warning: 'neuronxcc.private_nkl.utils.tiled_range.TiledRange' is from the 'neuronxcc' package which is not supported in NKI kernels; use the 'nki' package instead
      for I_128_tile in TiledRange(I_512_tile, nl.tile_size.pmax):
                        ^
/opt/aws_neuronx_venv_pytorch_inference_vllm_0_16/lib/python3.12/site-packages/neuronxcc/private_nkl/transpose.py:569:7: warning: 'neuronxcc.private_nkl.transpose._copy_with_engine' is from the 'neuronxcc' package which is not supported in NKI kernels; use the 'nki' package instead
      _copy_with_engine(
      ^
/opt/aws_neuronx_venv_pytorch_inference_vllm_0_16/lib/python3.12/site-packages/neuronxcc/private_nkl/transpose.py:586:17: warning: 'neuronxcc.private_nkl.utils.tiled_range.TiledRange' is from the 'neuronxcc' package which is not supported in NKI kernels; use the 'nki' package instead
  I_128_tiles = TiledRange(I_tile, nl.tile_size.pmax)
                ^
/opt/aws_neuronx_venv_pytorch_inference_vllm_0_16/lib/python3.12/site-packages/neuronxcc/private_nkl/transpose.py:588:17: warning: 'neuronxcc.private_nkl.utils.tiled_range.TiledRange' is from the 'neuronxcc' package which is not supported in NKI kernels; use the 'nki' package instead
  J_128_tiles = TiledRange(J_tile, nl.tile_size.pmax)
                ^
/opt/aws_neuronx_venv_pytorch_inference_vllm_0_16/lib/python3.12/site-packages/neuronxcc/private_nkl/transpose.py:596:21: warning: 'neuronxcc.private_nkl.utils.tiled_range.TiledRange' is from the 'neuronxcc' package which is not supported in NKI kernels; use the 'nki' package instead
  for I_128_tile in TiledRange(I_tile.size, nl.tile_size.pmax):
                    ^
/opt/aws_neuronx_venv_pytorch_inference_vllm_0_16/lib/python3.12/site-packages/neuronxcc/private_nkl/transpose.py:597:23: warning: 'neuronxcc.private_nkl.utils.tiled_range.TiledRange' is from the 'neuronxcc' package which is not supported in NKI kernels; use the 'nki' package instead
    for J_512_tile in TiledRange(J_tile.size, nl.tile_size.psum_fmax):
                      ^
/opt/aws_neuronx_venv_pytorch_inference_vllm_0_16/lib/python3.12/site-packages/neuronxcc/private_nkl/transpose.py:609:25: warning: 'neuronxcc.private_nkl.utils.tiled_range.TiledRange' is from the 'neuronxcc' package which is not supported in NKI kernels; use the 'nki' package instead
      for J_128_tile in TiledRange(J_512_tile, nl.tile_size.pmax):
                        ^
/opt/aws_neuronx_venv_pytorch_inference_vllm_0_16/lib/python3.12/site-packages/neuronxcc/private_nkl/transpose.py:628:9: warning: 'neuronxcc.private_nkl.transpose._copy_with_engine' is from the 'neuronxcc' package which is not supported in NKI kernels; use the 'nki' package instead
        _copy_with_engine(
        ^
/opt/aws_neuronx_venv_pytorch_inference_vllm_0_16/lib/python3.12/site-packages/neuronxcc/private_nkl/transpose.py:652:9: warning: 'neuronxcc.private_nkl.transpose._copy_with_engine' is from the 'neuronxcc' package which is not supported in NKI kernels; use the 'nki' package instead
        _copy_with_engine(
        ^
/opt/aws_neuronx_venv_pytorch_inference_vllm_0_16/lib/python3.12/site-packages/neuronxcc/private_nkl/transpose.py:38:10: warning: 'neuronxcc.private_nkl.transpose_utils.is_valid_permutation' is from the 'neuronxcc' package which is not supported in NKI kernels; use the 'nki' package instead
  assert is_valid_permutation(permutation), "input permutation is invalid"
         ^
/opt/aws_neuronx_venv_pytorch_inference_vllm_0_16/lib/python3.12/site-packages/neuronxcc/private_nkl/transpose.py:41:10: warning: 'neuronxcc.private_nkl.transpose_utils.n_elts' is from the 'neuronxcc' package which is not supported in NKI kernels; use the 'nki' package instead
  assert n_elts(in_shape) == n_elts(in_tensor.shape), "tensor shape is invalid"
         ^
/opt/aws_neuronx_venv_pytorch_inference_vllm_0_16/lib/python3.12/site-packages/neuronxcc/private_nkl/transpose.py:41:30: warning: 'neuronxcc.private_nkl.transpose_utils.n_elts' is from the 'neuronxcc' package which is not supported in NKI kernels; use the 'nki' package instead
  assert n_elts(in_shape) == n_elts(in_tensor.shape), "tensor shape is invalid"
                             ^
/opt/aws_neuronx_venv_pytorch_inference_vllm_0_16/lib/python3.12/site-packages/neuronxcc/private_nkl/transpose.py:32:20: warning: 'neuronxcc.private_nkl.utils.StackAllocator.sizeinbytes' is from the 'neuronxcc' package which is not supported in NKI kernels; use the 'nki' package instead
  return (98304 // sizeinbytes(dtype)) // 2
                   ^
/opt/aws_neuronx_venv_pytorch_inference_vllm_0_16/lib/python3.12/site-packages/neuronxcc/private_nkl/transpose.py:886:29: warning: 'neuronxcc.private_nkl.utils.kernel_helpers.get_program_sharding_info' is from the 'neuronxcc' package which is not supported in NKI kernels; use the 'nki' package instead
  _, num_shards, shard_id = get_program_sharding_info()
                            ^
/opt/aws_neuronx_venv_pytorch_inference_vllm_0_16/lib/python3.12/site-packages/neuronxcc/private_nkl/transpose.py:887:9: warning: 'neuronxcc.private_nkl.transpose._pe_transpose' is from the 'neuronxcc' package which is not supported in NKI kernels; use the 'nki' package instead
  out = _pe_transpose(in_tensor, in_shape, permutation, out_dtype, num_shards, shard_id)
        ^
/opt/aws_neuronx_venv_pytorch_inference_vllm_0_16/lib/python3.12/site-packages/neuronxcc/private_nkl/transpose_utils.py:71:10: warning: 'neuronxcc.private_nkl.transpose_utils.is_valid_permutation' is from the 'neuronxcc' package which is not supported in NKI kernels; use the 'nki' package instead
  if not is_valid_permutation(permutation):
         ^
/opt/aws_neuronx_venv_pytorch_inference_vllm_0_16/lib/python3.12/site-packages/neuronxcc/private_nkl/utils/tiled_range.py:66:23: warning: 'neuronxcc.private_nkl.utils.tiled_range.TiledRangeIterator' is from the 'neuronxcc' package which is not supported in NKI kernels; use the 'nki' package instead
  if isinstance(size, TiledRangeIterator):
                      ^
/opt/aws_neuronx_venv_pytorch_inference_vllm_0_16/lib/python3.12/site-packages/neuronxcc/private_nkl/utils/tiled_range.py:84:22: warning: 'neuronxcc.private_nkl.utils.tiled_range.TiledRangeIterator' is from the 'neuronxcc' package which is not supported in NKI kernels; use the 'nki' package instead
    iterators.append(TiledRangeIterator(current_tile_size, i, base_offset + relative_offset))
                     ^
/opt/aws_neuronx_venv_pytorch_inference_vllm_0_16/lib/python3.12/site-packages/neuronxcc/private_nkl/transpose.py:458:17: warning: 'neuronxcc.private_nkl.utils.tiled_range.TiledRange' is from the 'neuronxcc' package which is not supported in NKI kernels; use the 'nki' package instead
  I_128_tiles = TiledRange(I_tile, nl.tile_size.pmax)
                ^
/opt/aws_neuronx_venv_pytorch_inference_vllm_0_16/lib/python3.12/site-packages/neuronxcc/private_nkl/transpose.py:465:33: warning: 'neuronxcc.private_nkl.utils.tiled_range.TiledRange' is from the 'neuronxcc' package which is not supported in NKI kernels; use the 'nki' package instead
    for vectorization_factor in TiledRange(num_full_128_tiles_per_I_tile, VECTORIZATION_FACTOR):
                                ^
/opt/aws_neuronx_venv_pytorch_inference_vllm_0_16/lib/python3.12/site-packages/neuronxcc/private_nkl/transpose.py:284:16: warning: 'neuronxcc.private_nkl.transpose.max_f_size' is from the 'neuronxcc' package which is not supported in NKI kernels; use the 'nki' package instead
  MAX_F_SIZE = max_f_size(dtype)
               ^
/opt/aws_neuronx_venv_pytorch_inference_vllm_0_16/lib/python3.12/site-packages/neuronxcc/private_nkl/transpose.py:289:15: warning: 'neuronxcc.private_nkl.transpose_utils.next_multiple' is from the 'neuronxcc' package which is not supported in NKI kernels; use the 'nki' package instead
    return I, next_multiple(min(J, MAX_F_SIZE), 128)
              ^
/opt/aws_neuronx_venv_pytorch_inference_vllm_0_16/lib/python3.12/site-packages/neuronxcc/private_nkl/transpose.py:291:12: warning: 'neuronxcc.private_nkl.transpose_utils.next_multiple' is from the 'neuronxcc' package which is not supported in NKI kernels; use the 'nki' package instead
    return next_multiple(min(I, MAX_F_SIZE), 128), J
           ^
/opt/aws_neuronx_venv_pytorch_inference_vllm_0_16/lib/python3.12/site-packages/neuronxcc/private_nkl/transpose.py:302:19: warning: 'neuronxcc.private_nkl.transpose_utils.next_multiple' is from the 'neuronxcc' package which is not supported in NKI kernels; use the 'nki' package instead
    I_tile_size = next_multiple(I_tile_size, 128)
                  ^
/opt/aws_neuronx_venv_pytorch_inference_vllm_0_16/lib/python3.12/site-packages/neuronxcc/private_nkl/transpose.py:303:19: warning: 'neuronxcc.private_nkl.transpose_utils.next_multiple' is from the 'neuronxcc' package which is not supported in NKI kernels; use the 'nki' package instead
    J_tile_size = next_multiple(J_tile_size, 128)
                  ^
/opt/aws_neuronx_venv_pytorch_inference_vllm_0_16/lib/python3.12/site-packages/neuronxcc/private_nkl/transpose.py:681:17: warning: 'neuronxcc.private_nkl.utils.tiled_range.TiledRange' is from the 'neuronxcc' package which is not supported in NKI kernels; use the 'nki' package instead
  J_128_tiles = TiledRange(J_tile, nl.tile_size.pmax)
                ^
/opt/aws_neuronx_venv_pytorch_inference_vllm_0_16/lib/python3.12/site-packages/neuronxcc/private_nkl/transpose.py:688:33: warning: 'neuronxcc.private_nkl.utils.tiled_range.TiledRange' is from the 'neuronxcc' package which is not supported in NKI kernels; use the 'nki' package instead
    for vectorization_factor in TiledRange(num_full_128_tiles_per_J_tile, VECTORIZATION_FACTOR):
                                ^
/opt/aws_neuronx_venv_pytorch_inference_vllm_0_16/lib/python3.12/site-packages/neuronxcc/private_nkl/transpose.py:751:3: warning: 'neuronxcc.private_nkl.transpose.check_input_transpose' is from the 'neuronxcc' package which is not supported in NKI kernels; use the 'nki' package instead
  check_input_transpose(in_tensor, in_shape, permutation)
  ^
/opt/aws_neuronx_venv_pytorch_inference_vllm_0_16/lib/python3.12/site-packages/neuronxcc/private_nkl/transpose.py:757:33: warning: 'neuronxcc.private_nkl.transpose_utils.permutation_reduction' is from the 'neuronxcc' package which is not supported in NKI kernels; use the 'nki' package instead
  reduced_perm, reduced_shape = permutation_reduction(in_shape, permutation)
                                ^
/opt/aws_neuronx_venv_pytorch_inference_vllm_0_16/lib/python3.12/site-packages/neuronxcc/private_nkl/transpose.py:758:10: warning: 'neuronxcc.private_nkl.transpose_utils.permutes_last_two_dims' is from the 'neuronxcc' package which is not supported in NKI kernels; use the 'nki' package instead
  assert permutes_last_two_dims(reduced_perm), f"must permutate last two dims, got {reduced_perm}"
         ^
/opt/aws_neuronx_venv_pytorch_inference_vllm_0_16/lib/python3.12/site-packages/neuronxcc/private_nkl/transpose.py:763:11: warning: 'neuronxcc.private_nkl.transpose._str_to_dtype' is from the 'neuronxcc' package which is not supported in NKI kernels; use the 'nki' package instead
    dtype=_str_to_dtype(out_dtype),
          ^
/opt/aws_neuronx_venv_pytorch_inference_vllm_0_16/lib/python3.12/site-packages/neuronxcc/private_nkl/transpose.py:764:12: warning: 'neuronxcc.private_nkl.transpose_utils._get_hbm_buffer' is from the 'neuronxcc' package which is not supported in NKI kernels; use the 'nki' package instead
    buffer=_get_hbm_buffer(),
           ^
/opt/aws_neuronx_venv_pytorch_inference_vllm_0_16/lib/python3.12/site-packages/neuronxcc/private_nkl/transpose.py:767:3: warning: 'neuronxcc.private_nkl.transpose._pe_transpose_impl' is from the 'neuronxcc' package which is not supported in NKI kernels; use the 'nki' package instead
  _pe_transpose_impl(in_tensor, out_tensor, num_shards, shard_id)
  ^
/opt/aws_neuronx_venv_pytorch_inference_vllm_0_16/lib/python3.12/site-packages/neuronxcc/private_nkl/transpose.py:373:25: warning: 'neuronxcc.private_nkl.transpose_utils.n_elts' is from the 'neuronxcc' package which is not supported in NKI kernels; use the 'nki' package instead
  flattened_B_dim = int(n_elts(in_shape[:-2])) if in_shape[:-2] else 1
                        ^
/opt/aws_neuronx_venv_pytorch_inference_vllm_0_16/lib/python3.12/site-packages/neuronxcc/private_nkl/transpose.py:378:30: warning: 'neuronxcc.private_nkl.transpose._pe_optimal_tile_sizes' is from the 'neuronxcc' package which is not supported in NKI kernels; use the 'nki' package instead
  I_tile_size, J_tile_size = _pe_optimal_tile_sizes(I, J, in_tensor.dtype)
                             ^
/opt/aws_neuronx_venv_pytorch_inference_vllm_0_16/lib/python3.12/site-packages/neuronxcc/private_nkl/transpose.py:381:17: warning: 'neuronxcc.private_nkl.utils.kernel_helpers.div_ceil' is from the 'neuronxcc' package which is not supported in NKI kernels; use the 'nki' package instead
  b_per_shard = div_ceil(flattened_B_dim, num_shards)
                ^
/opt/aws_neuronx_venv_pytorch_inference_vllm_0_16/lib/python3.12/site-packages/neuronxcc/private_nkl/transpose.py:384:19: warning: 'neuronxcc.private_nkl.transpose._to_compute_dtype' is from the 'neuronxcc' package which is not supported in NKI kernels; use the 'nki' package instead
  compute_dtype = _to_compute_dtype(in_tensor.dtype)
                  ^
/opt/aws_neuronx_venv_pytorch_inference_vllm_0_16/lib/python3.12/site-packages/neuronxcc/private_nkl/transpose.py:398:19: warning: 'neuronxcc.private_nkl.utils.tiled_range.TiledRange' is from the 'neuronxcc' package which is not supported in NKI kernels; use the 'nki' package instead
    for I_tile in TiledRange(I, I_tile_size):
                  ^
/opt/aws_neuronx_venv_pytorch_inference_vllm_0_16/lib/python3.12/site-packages/neuronxcc/private_nkl/transpose.py:399:21: warning: 'neuronxcc.private_nkl.utils.tiled_range.TiledRange' is from the 'neuronxcc' package which is not supported in NKI kernels; use the 'nki' package instead
      for J_tile in TiledRange(J, J_tile_size):
                    ^
/opt/aws_neuronx_venv_pytorch_inference_vllm_0_16/lib/python3.12/site-packages/neuronxcc/private_nkl/transpose.py:400:23: warning: 'neuronxcc.private_nkl.utils.tiled_range.TiledRange' is from the 'neuronxcc' package which is not supported in NKI kernels; use the 'nki' package instead
        I_128_tiles = TiledRange(I_tile, nl.tile_size.pmax)
                      ^
/opt/aws_neuronx_venv_pytorch_inference_vllm_0_16/lib/python3.12/site-packages/neuronxcc/private_nkl/transpose.py:405:23: warning: 'neuronxcc.private_nkl.utils.tiled_range.TiledRange' is from the 'neuronxcc' package which is not supported in NKI kernels; use the 'nki' package instead
        J_128_tiles = TiledRange(J_tile, nl.tile_size.pmax)
                      ^
/opt/aws_neuronx_venv_pytorch_inference_vllm_0_16/lib/python3.12/site-packages/neuronxcc/private_nkl/transpose.py:411:9: warning: 'neuronxcc.private_nkl.transpose._pe_load_tile' is from the 'neuronxcc' package which is not supported in NKI kernels; use the 'nki' package instead
        _pe_load_tile(
        ^
/opt/aws_neuronx_venv_pytorch_inference_vllm_0_16/lib/python3.12/site-packages/neuronxcc/private_nkl/transpose.py:422:11: warning: 'neuronxcc.private_nkl.transpose._pe_transpose_tile_I_vectorized' is from the 'neuronxcc' package which is not supported in NKI kernels; use the 'nki' package instead
          _pe_transpose_tile_I_vectorized(
          ^
/opt/aws_neuronx_venv_pytorch_inference_vllm_0_16/lib/python3.12/site-packages/neuronxcc/private_nkl/transpose.py:430:11: warning: 'neuronxcc.private_nkl.transpose._pe_transpose_tile_J_vectorized' is from the 'neuronxcc' package which is not supported in NKI kernels; use the 'nki' package instead
          _pe_transpose_tile_J_vectorized(
          ^
/opt/aws_neuronx_venv_pytorch_inference_vllm_0_16/lib/python3.12/site-packages/neuronxcc/private_nkl/transpose.py:438:9: warning: 'neuronxcc.private_nkl.transpose._pe_store_tile' is from the 'neuronxcc' package which is not supported in NKI kernels; use the 'nki' package instead
        _pe_store_tile(
        ^
/opt/aws_neuronx_venv_pytorch_inference_vllm_0_16/lib/python3.12/site-packages/neuronxcc/private_nkl/transpose.py:527:17: warning: 'neuronxcc.private_nkl.utils.tiled_range.TiledRange' is from the 'neuronxcc' package which is not supported in NKI kernels; use the 'nki' package instead
  I_128_tiles = TiledRange(I_tile, nl.tile_size.pmax)
                ^
/opt/aws_neuronx_venv_pytorch_inference_vllm_0_16/lib/python3.12/site-packages/neuronxcc/private_nkl/transpose.py:529:17: warning: 'neuronxcc.private_nkl.utils.tiled_range.TiledRange' is from the 'neuronxcc' package which is not supported in NKI kernels; use the 'nki' package instead
  J_128_tiles = TiledRange(J_tile, nl.tile_size.pmax)
                ^
/opt/aws_neuronx_venv_pytorch_inference_vllm_0_16/lib/python3.12/site-packages/neuronxcc/private_nkl/transpose.py:538:21: warning: 'neuronxcc.private_nkl.utils.tiled_range.TiledRange' is from the 'neuronxcc' package which is not supported in NKI kernels; use the 'nki' package instead
  for J_128_tile in TiledRange(J_tile.size, nl.tile_size.pmax):
                    ^
/opt/aws_neuronx_venv_pytorch_inference_vllm_0_16/lib/python3.12/site-packages/neuronxcc/private_nkl/transpose.py:539:23: warning: 'neuronxcc.private_nkl.utils.tiled_range.TiledRange' is from the 'neuronxcc' package which is not supported in NKI kernels; use the 'nki' package instead
    for I_512_tile in TiledRange(I_tile.size, nl.tile_size.psum_fmax):
                      ^
/opt/aws_neuronx_venv_pytorch_inference_vllm_0_16/lib/python3.12/site-packages/neuronxcc/private_nkl/transpose.py:551:25: warning: 'neuronxcc.private_nkl.utils.tiled_range.TiledRange' is from the 'neuronxcc' package which is not supported in NKI kernels; use the 'nki' package instead
      for I_128_tile in TiledRange(I_512_tile, nl.tile_size.pmax):
                        ^
/opt/aws_neuronx_venv_pytorch_inference_vllm_0_16/lib/python3.12/site-packages/neuronxcc/private_nkl/transpose.py:569:7: warning: 'neuronxcc.private_nkl.transpose._copy_with_engine' is from the 'neuronxcc' package which is not supported in NKI kernels; use the 'nki' package instead
      _copy_with_engine(
      ^
/opt/aws_neuronx_venv_pytorch_inference_vllm_0_16/lib/python3.12/site-packages/neuronxcc/private_nkl/transpose.py:586:17: warning: 'neuronxcc.private_nkl.utils.tiled_range.TiledRange' is from the 'neuronxcc' package which is not supported in NKI kernels; use the 'nki' package instead
  I_128_tiles = TiledRange(I_tile, nl.tile_size.pmax)
                ^
/opt/aws_neuronx_venv_pytorch_inference_vllm_0_16/lib/python3.12/site-packages/neuronxcc/private_nkl/transpose.py:588:17: warning: 'neuronxcc.private_nkl.utils.tiled_range.TiledRange' is from the 'neuronxcc' package which is not supported in NKI kernels; use the 'nki' package instead
  J_128_tiles = TiledRange(J_tile, nl.tile_size.pmax)
                ^
/opt/aws_neuronx_venv_pytorch_inference_vllm_0_16/lib/python3.12/site-packages/neuronxcc/private_nkl/transpose.py:596:21: warning: 'neuronxcc.private_nkl.utils.tiled_range.TiledRange' is from the 'neuronxcc' package which is not supported in NKI kernels; use the 'nki' package instead
  for I_128_tile in TiledRange(I_tile.size, nl.tile_size.pmax):
                    ^
/opt/aws_neuronx_venv_pytorch_inference_vllm_0_16/lib/python3.12/site-packages/neuronxcc/private_nkl/transpose.py:597:23: warning: 'neuronxcc.private_nkl.utils.tiled_range.TiledRange' is from the 'neuronxcc' package which is not supported in NKI kernels; use the 'nki' package instead
    for J_512_tile in TiledRange(J_tile.size, nl.tile_size.psum_fmax):
                      ^
/opt/aws_neuronx_venv_pytorch_inference_vllm_0_16/lib/python3.12/site-packages/neuronxcc/private_nkl/transpose.py:609:25: warning: 'neuronxcc.private_nkl.utils.tiled_range.TiledRange' is from the 'neuronxcc' package which is not supported in NKI kernels; use the 'nki' package instead
      for J_128_tile in TiledRange(J_512_tile, nl.tile_size.pmax):
                        ^
/opt/aws_neuronx_venv_pytorch_inference_vllm_0_16/lib/python3.12/site-packages/neuronxcc/private_nkl/transpose.py:628:9: warning: 'neuronxcc.private_nkl.transpose._copy_with_engine' is from the 'neuronxcc' package which is not supported in NKI kernels; use the 'nki' package instead
        _copy_with_engine(
        ^
/opt/aws_neuronx_venv_pytorch_inference_vllm_0_16/lib/python3.12/site-packages/neuronxcc/private_nkl/transpose.py:652:9: warning: 'neuronxcc.private_nkl.transpose._copy_with_engine' is from the 'neuronxcc' package which is not supported in NKI kernels; use the 'nki' package instead
        _copy_with_engine(
        ^
/opt/aws_neuronx_venv_pytorch_inference_vllm_0_16/lib/python3.12/site-packages/neuronxcc/private_nkl/transpose.py:38:10: warning: 'neuronxcc.private_nkl.transpose_utils.is_valid_permutation' is from the 'neuronxcc' package which is not supported in NKI kernels; use the 'nki' package instead
  assert is_valid_permutation(permutation), "input permutation is invalid"
         ^
/opt/aws_neuronx_venv_pytorch_inference_vllm_0_16/lib/python3.12/site-packages/neuronxcc/private_nkl/transpose.py:41:10: warning: 'neuronxcc.private_nkl.transpose_utils.n_elts' is from the 'neuronxcc' package which is not supported in NKI kernels; use the 'nki' package instead
  assert n_elts(in_shape) == n_elts(in_tensor.shape), "tensor shape is invalid"
         ^
/opt/aws_neuronx_venv_pytorch_inference_vllm_0_16/lib/python3.12/site-packages/neuronxcc/private_nkl/transpose.py:41:30: warning: 'neuronxcc.private_nkl.transpose_utils.n_elts' is from the 'neuronxcc' package which is not supported in NKI kernels; use the 'nki' package instead
  assert n_elts(in_shape) == n_elts(in_tensor.shape), "tensor shape is invalid"
                             ^
/opt/aws_neuronx_venv_pytorch_inference_vllm_0_16/lib/python3.12/site-packages/neuronxcc/private_nkl/transpose.py:32:20: warning: 'neuronxcc.private_nkl.utils.StackAllocator.sizeinbytes' is from the 'neuronxcc' package which is not supported in NKI kernels; use the 'nki' package instead
  return (98304 // sizeinbytes(dtype)) // 2
                   ^
/opt/aws_neuronx_venv_pytorch_inference_vllm_0_16/lib/python3.12/site-packages/neuronxcc/private_nkl/transpose.py:886:29: warning: 'neuronxcc.private_nkl.utils.kernel_helpers.get_program_sharding_info' is from the 'neuronxcc' package which is not supported in NKI kernels; use the 'nki' package instead
  _, num_shards, shard_id = get_program_sharding_info()
                            ^
/opt/aws_neuronx_venv_pytorch_inference_vllm_0_16/lib/python3.12/site-packages/neuronxcc/private_nkl/transpose.py:887:9: warning: 'neuronxcc.private_nkl.transpose._pe_transpose' is from the 'neuronxcc' package which is not supported in NKI kernels; use the 'nki' package instead
  out = _pe_transpose(in_tensor, in_shape, permutation, out_dtype, num_shards, shard_id)
        ^
/opt/aws_neuronx_venv_pytorch_inference_vllm_0_16/lib/python3.12/site-packages/neuronxcc/private_nkl/transpose_utils.py:71:10: warning: 'neuronxcc.private_nkl.transpose_utils.is_valid_permutation' is from the 'neuronxcc' package which is not supported in NKI kernels; use the 'nki' package instead
  if not is_valid_permutation(permutation):
         ^
/opt/aws_neuronx_venv_pytorch_inference_vllm_0_16/lib/python3.12/site-packages/neuronxcc/private_nkl/utils/tiled_range.py:66:23: warning: 'neuronxcc.private_nkl.utils.tiled_range.TiledRangeIterator' is from the 'neuronxcc' package which is not supported in NKI kernels; use the 'nki' package instead
  if isinstance(size, TiledRangeIterator):
                      ^
/opt/aws_neuronx_venv_pytorch_inference_vllm_0_16/lib/python3.12/site-packages/neuronxcc/private_nkl/utils/tiled_range.py:84:22: warning: 'neuronxcc.private_nkl.utils.tiled_range.TiledRangeIterator' is from the 'neuronxcc' package which is not supported in NKI kernels; use the 'nki' package instead
    iterators.append(TiledRangeIterator(current_tile_size, i, base_offset + relative_offset))
                     ^
/opt/aws_neuronx_venv_pytorch_inference_vllm_0_16/lib/python3.12/site-packages/neuronxcc/private_nkl/transpose.py:458:17: warning: 'neuronxcc.private_nkl.utils.tiled_range.TiledRange' is from the 'neuronxcc' package which is not supported in NKI kernels; use the 'nki' package instead
  I_128_tiles = TiledRange(I_tile, nl.tile_size.pmax)
                ^
/opt/aws_neuronx_venv_pytorch_inference_vllm_0_16/lib/python3.12/site-packages/neuronxcc/private_nkl/transpose.py:465:33: warning: 'neuronxcc.private_nkl.utils.tiled_range.TiledRange' is from the 'neuronxcc' package which is not supported in NKI kernels; use the 'nki' package instead
    for vectorization_factor in TiledRange(num_full_128_tiles_per_I_tile, VECTORIZATION_FACTOR):
                                ^
/opt/aws_neuronx_venv_pytorch_inference_vllm_0_16/lib/python3.12/site-packages/neuronxcc/private_nkl/transpose.py:284:16: warning: 'neuronxcc.private_nkl.transpose.max_f_size' is from the 'neuronxcc' package which is not supported in NKI kernels; use the 'nki' package instead
  MAX_F_SIZE = max_f_size(dtype)
               ^
/opt/aws_neuronx_venv_pytorch_inference_vllm_0_16/lib/python3.12/site-packages/neuronxcc/private_nkl/transpose.py:289:15: warning: 'neuronxcc.private_nkl.transpose_utils.next_multiple' is from the 'neuronxcc' package which is not supported in NKI kernels; use the 'nki' package instead
    return I, next_multiple(min(J, MAX_F_SIZE), 128)
              ^
/opt/aws_neuronx_venv_pytorch_inference_vllm_0_16/lib/python3.12/site-packages/neuronxcc/private_nkl/transpose.py:291:12: warning: 'neuronxcc.private_nkl.transpose_utils.next_multiple' is from the 'neuronxcc' package which is not supported in NKI kernels; use the 'nki' package instead
    return next_multiple(min(I, MAX_F_SIZE), 128), J
           ^
/opt/aws_neuronx_venv_pytorch_inference_vllm_0_16/lib/python3.12/site-packages/neuronxcc/private_nkl/transpose.py:302:19: warning: 'neuronxcc.private_nkl.transpose_utils.next_multiple' is from the 'neuronxcc' package which is not supported in NKI kernels; use the 'nki' package instead
    I_tile_size = next_multiple(I_tile_size, 128)
                  ^
/opt/aws_neuronx_venv_pytorch_inference_vllm_0_16/lib/python3.12/site-packages/neuronxcc/private_nkl/transpose.py:303:19: warning: 'neuronxcc.private_nkl.transpose_utils.next_multiple' is from the 'neuronxcc' package which is not supported in NKI kernels; use the 'nki' package instead
    J_tile_size = next_multiple(J_tile_size, 128)
                  ^
/opt/aws_neuronx_venv_pytorch_inference_vllm_0_16/lib/python3.12/site-packages/neuronxcc/private_nkl/transpose.py:681:17: warning: 'neuronxcc.private_nkl.utils.tiled_range.TiledRange' is from the 'neuronxcc' package which is not supported in NKI kernels; use the 'nki' package instead
  J_128_tiles = TiledRange(J_tile, nl.tile_size.pmax)
                ^
/opt/aws_neuronx_venv_pytorch_inference_vllm_0_16/lib/python3.12/site-packages/neuronxcc/private_nkl/transpose.py:688:33: warning: 'neuronxcc.private_nkl.utils.tiled_range.TiledRange' is from the 'neuronxcc' package which is not supported in NKI kernels; use the 'nki' package instead
    for vectorization_factor in TiledRange(num_full_128_tiles_per_J_tile, VECTORIZATION_FACTOR):
                                ^
/opt/aws_neuronx_venv_pytorch_inference_vllm_0_16/lib/python3.12/site-packages/neuronxcc/private_nkl/transpose.py:751:3: warning: 'neuronxcc.private_nkl.transpose.check_input_transpose' is from the 'neuronxcc' package which is not supported in NKI kernels; use the 'nki' package instead
  check_input_transpose(in_tensor, in_shape, permutation)
  ^
/opt/aws_neuronx_venv_pytorch_inference_vllm_0_16/lib/python3.12/site-packages/neuronxcc/private_nkl/transpose.py:757:33: warning: 'neuronxcc.private_nkl.transpose_utils.permutation_reduction' is from the 'neuronxcc' package which is not supported in NKI kernels; use the 'nki' package instead
  reduced_perm, reduced_shape = permutation_reduction(in_shape, permutation)
                                ^
/opt/aws_neuronx_venv_pytorch_inference_vllm_0_16/lib/python3.12/site-packages/neuronxcc/private_nkl/transpose.py:758:10: warning: 'neuronxcc.private_nkl.transpose_utils.permutes_last_two_dims' is from the 'neuronxcc' package which is not supported in NKI kernels; use the 'nki' package instead
  assert permutes_last_two_dims(reduced_perm), f"must permutate last two dims, got {reduced_perm}"
         ^
/opt/aws_neuronx_venv_pytorch_inference_vllm_0_16/lib/python3.12/site-packages/neuronxcc/private_nkl/transpose.py:763:11: warning: 'neuronxcc.private_nkl.transpose._str_to_dtype' is from the 'neuronxcc' package which is not supported in NKI kernels; use the 'nki' package instead
    dtype=_str_to_dtype(out_dtype),
          ^
/opt/aws_neuronx_venv_pytorch_inference_vllm_0_16/lib/python3.12/site-packages/neuronxcc/private_nkl/transpose.py:764:12: warning: 'neuronxcc.private_nkl.transpose_utils._get_hbm_buffer' is from the 'neuronxcc' package which is not supported in NKI kernels; use the 'nki' package instead
    buffer=_get_hbm_buffer(),
           ^
/opt/aws_neuronx_venv_pytorch_inference_vllm_0_16/lib/python3.12/site-packages/neuronxcc/private_nkl/transpose.py:767:3: warning: 'neuronxcc.private_nkl.transpose._pe_transpose_impl' is from the 'neuronxcc' package which is not supported in NKI kernels; use the 'nki' package instead
  _pe_transpose_impl(in_tensor, out_tensor, num_shards, shard_id)
  ^
/opt/aws_neuronx_venv_pytorch_inference_vllm_0_16/lib/python3.12/site-packages/neuronxcc/private_nkl/transpose.py:373:25: warning: 'neuronxcc.private_nkl.transpose_utils.n_elts' is from the 'neuronxcc' package which is not supported in NKI kernels; use the 'nki' package instead
  flattened_B_dim = int(n_elts(in_shape[:-2])) if in_shape[:-2] else 1
                        ^
/opt/aws_neuronx_venv_pytorch_inference_vllm_0_16/lib/python3.12/site-packages/neuronxcc/private_nkl/transpose.py:378:30: warning: 'neuronxcc.private_nkl.transpose._pe_optimal_tile_sizes' is from the 'neuronxcc' package which is not supported in NKI kernels; use the 'nki' package instead
  I_tile_size, J_tile_size = _pe_optimal_tile_sizes(I, J, in_tensor.dtype)
                             ^
/opt/aws_neuronx_venv_pytorch_inference_vllm_0_16/lib/python3.12/site-packages/neuronxcc/private_nkl/transpose.py:381:17: warning: 'neuronxcc.private_nkl.utils.kernel_helpers.div_ceil' is from the 'neuronxcc' package which is not supported in NKI kernels; use the 'nki' package instead
  b_per_shard = div_ceil(flattened_B_dim, num_shards)
                ^
/opt/aws_neuronx_venv_pytorch_inference_vllm_0_16/lib/python3.12/site-packages/neuronxcc/private_nkl/transpose.py:384:19: warning: 'neuronxcc.private_nkl.transpose._to_compute_dtype' is from the 'neuronxcc' package which is not supported in NKI kernels; use the 'nki' package instead
  compute_dtype = _to_compute_dtype(in_tensor.dtype)
                  ^
/opt/aws_neuronx_venv_pytorch_inference_vllm_0_16/lib/python3.12/site-packages/neuronxcc/private_nkl/transpose.py:398:19: warning: 'neuronxcc.private_nkl.utils.tiled_range.TiledRange' is from the 'neuronxcc' package which is not supported in NKI kernels; use the 'nki' package instead
    for I_tile in TiledRange(I, I_tile_size):
                  ^
/opt/aws_neuronx_venv_pytorch_inference_vllm_0_16/lib/python3.12/site-packages/neuronxcc/private_nkl/transpose.py:399:21: warning: 'neuronxcc.private_nkl.utils.tiled_range.TiledRange' is from the 'neuronxcc' package which is not supported in NKI kernels; use the 'nki' package instead
      for J_tile in TiledRange(J, J_tile_size):
                    ^
/opt/aws_neuronx_venv_pytorch_inference_vllm_0_16/lib/python3.12/site-packages/neuronxcc/private_nkl/transpose.py:400:23: warning: 'neuronxcc.private_nkl.utils.tiled_range.TiledRange' is from the 'neuronxcc' package which is not supported in NKI kernels; use the 'nki' package instead
        I_128_tiles = TiledRange(I_tile, nl.tile_size.pmax)
                      ^
/opt/aws_neuronx_venv_pytorch_inference_vllm_0_16/lib/python3.12/site-packages/neuronxcc/private_nkl/transpose.py:405:23: warning: 'neuronxcc.private_nkl.utils.tiled_range.TiledRange' is from the 'neuronxcc' package which is not supported in NKI kernels; use the 'nki' package instead
        J_128_tiles = TiledRange(J_tile, nl.tile_size.pmax)
                      ^
/opt/aws_neuronx_venv_pytorch_inference_vllm_0_16/lib/python3.12/site-packages/neuronxcc/private_nkl/transpose.py:411:9: warning: 'neuronxcc.private_nkl.transpose._pe_load_tile' is from the 'neuronxcc' package which is not supported in NKI kernels; use the 'nki' package instead
        _pe_load_tile(
        ^
/opt/aws_neuronx_venv_pytorch_inference_vllm_0_16/lib/python3.12/site-packages/neuronxcc/private_nkl/transpose.py:422:11: warning: 'neuronxcc.private_nkl.transpose._pe_transpose_tile_I_vectorized' is from the 'neuronxcc' package which is not supported in NKI kernels; use the 'nki' package instead
          _pe_transpose_tile_I_vectorized(
          ^
/opt/aws_neuronx_venv_pytorch_inference_vllm_0_16/lib/python3.12/site-packages/neuronxcc/private_nkl/transpose.py:430:11: warning: 'neuronxcc.private_nkl.transpose._pe_transpose_tile_J_vectorized' is from the 'neuronxcc' package which is not supported in NKI kernels; use the 'nki' package instead
          _pe_transpose_tile_J_vectorized(
          ^
/opt/aws_neuronx_venv_pytorch_inference_vllm_0_16/lib/python3.12/site-packages/neuronxcc/private_nkl/transpose.py:438:9: warning: 'neuronxcc.private_nkl.transpose._pe_store_tile' is from the 'neuronxcc' package which is not supported in NKI kernels; use the 'nki' package instead
        _pe_store_tile(
        ^
/opt/aws_neuronx_venv_pytorch_inference_vllm_0_16/lib/python3.12/site-packages/neuronxcc/private_nkl/transpose.py:527:17: warning: 'neuronxcc.private_nkl.utils.tiled_range.TiledRange' is from the 'neuronxcc' package which is not supported in NKI kernels; use the 'nki' package instead
  I_128_tiles = TiledRange(I_tile, nl.tile_size.pmax)
                ^
/opt/aws_neuronx_venv_pytorch_inference_vllm_0_16/lib/python3.12/site-packages/neuronxcc/private_nkl/transpose.py:529:17: warning: 'neuronxcc.private_nkl.utils.tiled_range.TiledRange' is from the 'neuronxcc' package which is not supported in NKI kernels; use the 'nki' package instead
  J_128_tiles = TiledRange(J_tile, nl.tile_size.pmax)
                ^
/opt/aws_neuronx_venv_pytorch_inference_vllm_0_16/lib/python3.12/site-packages/neuronxcc/private_nkl/transpose.py:538:21: warning: 'neuronxcc.private_nkl.utils.tiled_range.TiledRange' is from the 'neuronxcc' package which is not supported in NKI kernels; use the 'nki' package instead
  for J_128_tile in TiledRange(J_tile.size, nl.tile_size.pmax):
                    ^
/opt/aws_neuronx_venv_pytorch_inference_vllm_0_16/lib/python3.12/site-packages/neuronxcc/private_nkl/transpose.py:539:23: warning: 'neuronxcc.private_nkl.utils.tiled_range.TiledRange' is from the 'neuronxcc' package which is not supported in NKI kernels; use the 'nki' package instead
    for I_512_tile in TiledRange(I_tile.size, nl.tile_size.psum_fmax):
                      ^
/opt/aws_neuronx_venv_pytorch_inference_vllm_0_16/lib/python3.12/site-packages/neuronxcc/private_nkl/transpose.py:551:25: warning: 'neuronxcc.private_nkl.utils.tiled_range.TiledRange' is from the 'neuronxcc' package which is not supported in NKI kernels; use the 'nki' package instead
      for I_128_tile in TiledRange(I_512_tile, nl.tile_size.pmax):
                        ^
/opt/aws_neuronx_venv_pytorch_inference_vllm_0_16/lib/python3.12/site-packages/neuronxcc/private_nkl/transpose.py:569:7: warning: 'neuronxcc.private_nkl.transpose._copy_with_engine' is from the 'neuronxcc' package which is not supported in NKI kernels; use the 'nki' package instead
      _copy_with_engine(
      ^
/opt/aws_neuronx_venv_pytorch_inference_vllm_0_16/lib/python3.12/site-packages/neuronxcc/private_nkl/transpose.py:586:17: warning: 'neuronxcc.private_nkl.utils.tiled_range.TiledRange' is from the 'neuronxcc' package which is not supported in NKI kernels; use the 'nki' package instead
  I_128_tiles = TiledRange(I_tile, nl.tile_size.pmax)
                ^
/opt/aws_neuronx_venv_pytorch_inference_vllm_0_16/lib/python3.12/site-packages/neuronxcc/private_nkl/transpose.py:588:17: warning: 'neuronxcc.private_nkl.utils.tiled_range.TiledRange' is from the 'neuronxcc' package which is not supported in NKI kernels; use the 'nki' package instead
  J_128_tiles = TiledRange(J_tile, nl.tile_size.pmax)
                ^
/opt/aws_neuronx_venv_pytorch_inference_vllm_0_16/lib/python3.12/site-packages/neuronxcc/private_nkl/transpose.py:596:21: warning: 'neuronxcc.private_nkl.utils.tiled_range.TiledRange' is from the 'neuronxcc' package which is not supported in NKI kernels; use the 'nki' package instead
  for I_128_tile in TiledRange(I_tile.size, nl.tile_size.pmax):
                    ^
/opt/aws_neuronx_venv_pytorch_inference_vllm_0_16/lib/python3.12/site-packages/neuronxcc/private_nkl/transpose.py:597:23: warning: 'neuronxcc.private_nkl.utils.tiled_range.TiledRange' is from the 'neuronxcc' package which is not supported in NKI kernels; use the 'nki' package instead
    for J_512_tile in TiledRange(J_tile.size, nl.tile_size.psum_fmax):
                      ^
/opt/aws_neuronx_venv_pytorch_inference_vllm_0_16/lib/python3.12/site-packages/neuronxcc/private_nkl/transpose.py:609:25: warning: 'neuronxcc.private_nkl.utils.tiled_range.TiledRange' is from the 'neuronxcc' package which is not supported in NKI kernels; use the 'nki' package instead
      for J_128_tile in TiledRange(J_512_tile, nl.tile_size.pmax):
                        ^
/opt/aws_neuronx_venv_pytorch_inference_vllm_0_16/lib/python3.12/site-packages/neuronxcc/private_nkl/transpose.py:628:9: warning: 'neuronxcc.private_nkl.transpose._copy_with_engine' is from the 'neuronxcc' package which is not supported in NKI kernels; use the 'nki' package instead
        _copy_with_engine(
        ^
/opt/aws_neuronx_venv_pytorch_inference_vllm_0_16/lib/python3.12/site-packages/neuronxcc/private_nkl/transpose.py:652:9: warning: 'neuronxcc.private_nkl.transpose._copy_with_engine' is from the 'neuronxcc' package which is not supported in NKI kernels; use the 'nki' package instead
        _copy_with_engine(
        ^
/opt/aws_neuronx_venv_pytorch_inference_vllm_0_16/lib/python3.12/site-packages/neuronxcc/private_nkl/transpose.py:38:10: warning: 'neuronxcc.private_nkl.transpose_utils.is_valid_permutation' is from the 'neuronxcc' package which is not supported in NKI kernels; use the 'nki' package instead
  assert is_valid_permutation(permutation), "input permutation is invalid"
         ^
/opt/aws_neuronx_venv_pytorch_inference_vllm_0_16/lib/python3.12/site-packages/neuronxcc/private_nkl/transpose.py:41:10: warning: 'neuronxcc.private_nkl.transpose_utils.n_elts' is from the 'neuronxcc' package which is not supported in NKI kernels; use the 'nki' package instead
  assert n_elts(in_shape) == n_elts(in_tensor.shape), "tensor shape is invalid"
         ^
/opt/aws_neuronx_venv_pytorch_inference_vllm_0_16/lib/python3.12/site-packages/neuronxcc/private_nkl/transpose.py:41:30: warning: 'neuronxcc.private_nkl.transpose_utils.n_elts' is from the 'neuronxcc' package which is not supported in NKI kernels; use the 'nki' package instead
  assert n_elts(in_shape) == n_elts(in_tensor.shape), "tensor shape is invalid"
                             ^
/opt/aws_neuronx_venv_pytorch_inference_vllm_0_16/lib/python3.12/site-packages/neuronxcc/private_nkl/transpose.py:32:20: warning: 'neuronxcc.private_nkl.utils.StackAllocator.sizeinbytes' is from the 'neuronxcc' package which is not supported in NKI kernels; use the 'nki' package instead
  return (98304 // sizeinbytes(dtype)) // 2
                   ^
/opt/aws_neuronx_venv_pytorch_inference_vllm_0_16/lib/python3.12/site-packages/neuronxcc/private_nkl/transpose.py:886:29: warning: 'neuronxcc.private_nkl.utils.kernel_helpers.get_program_sharding_info' is from the 'neuronxcc' package which is not supported in NKI kernels; use the 'nki' package instead
  _, num_shards, shard_id = get_program_sharding_info()
                            ^
/opt/aws_neuronx_venv_pytorch_inference_vllm_0_16/lib/python3.12/site-packages/neuronxcc/private_nkl/transpose.py:887:9: warning: 'neuronxcc.private_nkl.transpose._pe_transpose' is from the 'neuronxcc' package which is not supported in NKI kernels; use the 'nki' package instead
  out = _pe_transpose(in_tensor, in_shape, permutation, out_dtype, num_shards, shard_id)
        ^
/opt/aws_neuronx_venv_pytorch_inference_vllm_0_16/lib/python3.12/site-packages/neuronxcc/private_nkl/transpose_utils.py:71:10: warning: 'neuronxcc.private_nkl.transpose_utils.is_valid_permutation' is from the 'neuronxcc' package which is not supported in NKI kernels; use the 'nki' package instead
  if not is_valid_permutation(permutation):
         ^
/opt/aws_neuronx_venv_pytorch_inference_vllm_0_16/lib/python3.12/site-packages/neuronxcc/private_nkl/utils/tiled_range.py:66:23: warning: 'neuronxcc.private_nkl.utils.tiled_range.TiledRangeIterator' is from the 'neuronxcc' package which is not supported in NKI kernels; use the 'nki' package instead
  if isinstance(size, TiledRangeIterator):
                      ^
/opt/aws_neuronx_venv_pytorch_inference_vllm_0_16/lib/python3.12/site-packages/neuronxcc/private_nkl/utils/tiled_range.py:84:22: warning: 'neuronxcc.private_nkl.utils.tiled_range.TiledRangeIterator' is from the 'neuronxcc' package which is not supported in NKI kernels; use the 'nki' package instead
    iterators.append(TiledRangeIterator(current_tile_size, i, base_offset + relative_offset))
                     ^
/opt/aws_neuronx_venv_pytorch_inference_vllm_0_16/lib/python3.12/site-packages/neuronxcc/private_nkl/transpose.py:458:17: warning: 'neuronxcc.private_nkl.utils.tiled_range.TiledRange' is from the 'neuronxcc' package which is not supported in NKI kernels; use the 'nki' package instead
  I_128_tiles = TiledRange(I_tile, nl.tile_size.pmax)
                ^
/opt/aws_neuronx_venv_pytorch_inference_vllm_0_16/lib/python3.12/site-packages/neuronxcc/private_nkl/transpose.py:465:33: warning: 'neuronxcc.private_nkl.utils.tiled_range.TiledRange' is from the 'neuronxcc' package which is not supported in NKI kernels; use the 'nki' package instead
    for vectorization_factor in TiledRange(num_full_128_tiles_per_I_tile, VECTORIZATION_FACTOR):
                                ^
/opt/aws_neuronx_venv_pytorch_inference_vllm_0_16/lib/python3.12/site-packages/neuronxcc/private_nkl/transpose.py:284:16: warning: 'neuronxcc.private_nkl.transpose.max_f_size' is from the 'neuronxcc' package which is not supported in NKI kernels; use the 'nki' package instead
  MAX_F_SIZE = max_f_size(dtype)
               ^
/opt/aws_neuronx_venv_pytorch_inference_vllm_0_16/lib/python3.12/site-packages/neuronxcc/private_nkl/transpose.py:289:15: warning: 'neuronxcc.private_nkl.transpose_utils.next_multiple' is from the 'neuronxcc' package which is not supported in NKI kernels; use the 'nki' package instead
    return I, next_multiple(min(J, MAX_F_SIZE), 128)
              ^
/opt/aws_neuronx_venv_pytorch_inference_vllm_0_16/lib/python3.12/site-packages/neuronxcc/private_nkl/transpose.py:291:12: warning: 'neuronxcc.private_nkl.transpose_utils.next_multiple' is from the 'neuronxcc' package which is not supported in NKI kernels; use the 'nki' package instead
    return next_multiple(min(I, MAX_F_SIZE), 128), J
           ^
/opt/aws_neuronx_venv_pytorch_inference_vllm_0_16/lib/python3.12/site-packages/neuronxcc/private_nkl/transpose.py:302:19: warning: 'neuronxcc.private_nkl.transpose_utils.next_multiple' is from the 'neuronxcc' package which is not supported in NKI kernels; use the 'nki' package instead
    I_tile_size = next_multiple(I_tile_size, 128)
                  ^
/opt/aws_neuronx_venv_pytorch_inference_vllm_0_16/lib/python3.12/site-packages/neuronxcc/private_nkl/transpose.py:303:19: warning: 'neuronxcc.private_nkl.transpose_utils.next_multiple' is from the 'neuronxcc' package which is not supported in NKI kernels; use the 'nki' package instead
    J_tile_size = next_multiple(J_tile_size, 128)
                  ^
/opt/aws_neuronx_venv_pytorch_inference_vllm_0_16/lib/python3.12/site-packages/neuronxcc/private_nkl/transpose.py:681:17: warning: 'neuronxcc.private_nkl.utils.tiled_range.TiledRange' is from the 'neuronxcc' package which is not supported in NKI kernels; use the 'nki' package instead
  J_128_tiles = TiledRange(J_tile, nl.tile_size.pmax)
                ^
/opt/aws_neuronx_venv_pytorch_inference_vllm_0_16/lib/python3.12/site-packages/neuronxcc/private_nkl/transpose.py:688:33: warning: 'neuronxcc.private_nkl.utils.tiled_range.TiledRange' is from the 'neuronxcc' package which is not supported in NKI kernels; use the 'nki' package instead
    for vectorization_factor in TiledRange(num_full_128_tiles_per_J_tile, VECTORIZATION_FACTOR):
                                ^
/opt/aws_neuronx_venv_pytorch_inference_vllm_0_16/lib/python3.12/site-packages/neuronxcc/private_nkl/transpose.py:751:3: warning: 'neuronxcc.private_nkl.transpose.check_input_transpose' is from the 'neuronxcc' package which is not supported in NKI kernels; use the 'nki' package instead
  check_input_transpose(in_tensor, in_shape, permutation)
  ^
/opt/aws_neuronx_venv_pytorch_inference_vllm_0_16/lib/python3.12/site-packages/neuronxcc/private_nkl/transpose.py:757:33: warning: 'neuronxcc.private_nkl.transpose_utils.permutation_reduction' is from the 'neuronxcc' package which is not supported in NKI kernels; use the 'nki' package instead
  reduced_perm, reduced_shape = permutation_reduction(in_shape, permutation)
                                ^
/opt/aws_neuronx_venv_pytorch_inference_vllm_0_16/lib/python3.12/site-packages/neuronxcc/private_nkl/transpose.py:758:10: warning: 'neuronxcc.private_nkl.transpose_utils.permutes_last_two_dims' is from the 'neuronxcc' package which is not supported in NKI kernels; use the 'nki' package instead
  assert permutes_last_two_dims(reduced_perm), f"must permutate last two dims, got {reduced_perm}"
         ^
/opt/aws_neuronx_venv_pytorch_inference_vllm_0_16/lib/python3.12/site-packages/neuronxcc/private_nkl/transpose.py:763:11: warning: 'neuronxcc.private_nkl.transpose._str_to_dtype' is from the 'neuronxcc' package which is not supported in NKI kernels; use the 'nki' package instead
    dtype=_str_to_dtype(out_dtype),
          ^
/opt/aws_neuronx_venv_pytorch_inference_vllm_0_16/lib/python3.12/site-packages/neuronxcc/private_nkl/transpose.py:764:12: warning: 'neuronxcc.private_nkl.transpose_utils._get_hbm_buffer' is from the 'neuronxcc' package which is not supported in NKI kernels; use the 'nki' package instead
    buffer=_get_hbm_buffer(),
           ^
/opt/aws_neuronx_venv_pytorch_inference_vllm_0_16/lib/python3.12/site-packages/neuronxcc/private_nkl/transpose.py:767:3: warning: 'neuronxcc.private_nkl.transpose._pe_transpose_impl' is from the 'neuronxcc' package which is not supported in NKI kernels; use the 'nki' package instead
  _pe_transpose_impl(in_tensor, out_tensor, num_shards, shard_id)
  ^
/opt/aws_neuronx_venv_pytorch_inference_vllm_0_16/lib/python3.12/site-packages/neuronxcc/private_nkl/transpose.py:373:25: warning: 'neuronxcc.private_nkl.transpose_utils.n_elts' is from the 'neuronxcc' package which is not supported in NKI kernels; use the 'nki' package instead
  flattened_B_dim = int(n_elts(in_shape[:-2])) if in_shape[:-2] else 1
                        ^
/opt/aws_neuronx_venv_pytorch_inference_vllm_0_16/lib/python3.12/site-packages/neuronxcc/private_nkl/transpose.py:378:30: warning: 'neuronxcc.private_nkl.transpose._pe_optimal_tile_sizes' is from the 'neuronxcc' package which is not supported in NKI kernels; use the 'nki' package instead
  I_tile_size, J_tile_size = _pe_optimal_tile_sizes(I, J, in_tensor.dtype)
                             ^
/opt/aws_neuronx_venv_pytorch_inference_vllm_0_16/lib/python3.12/site-packages/neuronxcc/private_nkl/transpose.py:381:17: warning: 'neuronxcc.private_nkl.utils.kernel_helpers.div_ceil' is from the 'neuronxcc' package which is not supported in NKI kernels; use the 'nki' package instead
  b_per_shard = div_ceil(flattened_B_dim, num_shards)
                ^
/opt/aws_neuronx_venv_pytorch_inference_vllm_0_16/lib/python3.12/site-packages/neuronxcc/private_nkl/transpose.py:384:19: warning: 'neuronxcc.private_nkl.transpose._to_compute_dtype' is from the 'neuronxcc' package which is not supported in NKI kernels; use the 'nki' package instead
  compute_dtype = _to_compute_dtype(in_tensor.dtype)
                  ^
/opt/aws_neuronx_venv_pytorch_inference_vllm_0_16/lib/python3.12/site-packages/neuronxcc/private_nkl/transpose.py:398:19: warning: 'neuronxcc.private_nkl.utils.tiled_range.TiledRange' is from the 'neuronxcc' package which is not supported in NKI kernels; use the 'nki' package instead
    for I_tile in TiledRange(I, I_tile_size):
                  ^
/opt/aws_neuronx_venv_pytorch_inference_vllm_0_16/lib/python3.12/site-packages/neuronxcc/private_nkl/transpose.py:399:21: warning: 'neuronxcc.private_nkl.utils.tiled_range.TiledRange' is from the 'neuronxcc' package which is not supported in NKI kernels; use the 'nki' package instead
      for J_tile in TiledRange(J, J_tile_size):
                    ^
/opt/aws_neuronx_venv_pytorch_inference_vllm_0_16/lib/python3.12/site-packages/neuronxcc/private_nkl/transpose.py:400:23: warning: 'neuronxcc.private_nkl.utils.tiled_range.TiledRange' is from the 'neuronxcc' package which is not supported in NKI kernels; use the 'nki' package instead
        I_128_tiles = TiledRange(I_tile, nl.tile_size.pmax)
                      ^
/opt/aws_neuronx_venv_pytorch_inference_vllm_0_16/lib/python3.12/site-packages/neuronxcc/private_nkl/transpose.py:405:23: warning: 'neuronxcc.private_nkl.utils.tiled_range.TiledRange' is from the 'neuronxcc' package which is not supported in NKI kernels; use the 'nki' package instead
        J_128_tiles = TiledRange(J_tile, nl.tile_size.pmax)
                      ^
/opt/aws_neuronx_venv_pytorch_inference_vllm_0_16/lib/python3.12/site-packages/neuronxcc/private_nkl/transpose.py:411:9: warning: 'neuronxcc.private_nkl.transpose._pe_load_tile' is from the 'neuronxcc' package which is not supported in NKI kernels; use the 'nki' package instead
        _pe_load_tile(
        ^
/opt/aws_neuronx_venv_pytorch_inference_vllm_0_16/lib/python3.12/site-packages/neuronxcc/private_nkl/transpose.py:422:11: warning: 'neuronxcc.private_nkl.transpose._pe_transpose_tile_I_vectorized' is from the 'neuronxcc' package which is not supported in NKI kernels; use the 'nki' package instead
          _pe_transpose_tile_I_vectorized(
          ^
/opt/aws_neuronx_venv_pytorch_inference_vllm_0_16/lib/python3.12/site-packages/neuronxcc/private_nkl/transpose.py:430:11: warning: 'neuronxcc.private_nkl.transpose._pe_transpose_tile_J_vectorized' is from the 'neuronxcc' package which is not supported in NKI kernels; use the 'nki' package instead
          _pe_transpose_tile_J_vectorized(
          ^
/opt/aws_neuronx_venv_pytorch_inference_vllm_0_16/lib/python3.12/site-packages/neuronxcc/private_nkl/transpose.py:438:9: warning: 'neuronxcc.private_nkl.transpose._pe_store_tile' is from the 'neuronxcc' package which is not supported in NKI kernels; use the 'nki' package instead
        _pe_store_tile(
        ^
/opt/aws_neuronx_venv_pytorch_inference_vllm_0_16/lib/python3.12/site-packages/neuronxcc/private_nkl/transpose.py:527:17: warning: 'neuronxcc.private_nkl.utils.tiled_range.TiledRange' is from the 'neuronxcc' package which is not supported in NKI kernels; use the 'nki' package instead
  I_128_tiles = TiledRange(I_tile, nl.tile_size.pmax)
                ^
/opt/aws_neuronx_venv_pytorch_inference_vllm_0_16/lib/python3.12/site-packages/neuronxcc/private_nkl/transpose.py:529:17: warning: 'neuronxcc.private_nkl.utils.tiled_range.TiledRange' is from the 'neuronxcc' package which is not supported in NKI kernels; use the 'nki' package instead
  J_128_tiles = TiledRange(J_tile, nl.tile_size.pmax)
                ^
/opt/aws_neuronx_venv_pytorch_inference_vllm_0_16/lib/python3.12/site-packages/neuronxcc/private_nkl/transpose.py:538:21: warning: 'neuronxcc.private_nkl.utils.tiled_range.TiledRange' is from the 'neuronxcc' package which is not supported in NKI kernels; use the 'nki' package instead
  for J_128_tile in TiledRange(J_tile.size, nl.tile_size.pmax):
                    ^
/opt/aws_neuronx_venv_pytorch_inference_vllm_0_16/lib/python3.12/site-packages/neuronxcc/private_nkl/transpose.py:539:23: warning: 'neuronxcc.private_nkl.utils.tiled_range.TiledRange' is from the 'neuronxcc' package which is not supported in NKI kernels; use the 'nki' package instead
    for I_512_tile in TiledRange(I_tile.size, nl.tile_size.psum_fmax):
                      ^
/opt/aws_neuronx_venv_pytorch_inference_vllm_0_16/lib/python3.12/site-packages/neuronxcc/private_nkl/transpose.py:551:25: warning: 'neuronxcc.private_nkl.utils.tiled_range.TiledRange' is from the 'neuronxcc' package which is not supported in NKI kernels; use the 'nki' package instead
      for I_128_tile in TiledRange(I_512_tile, nl.tile_size.pmax):
                        ^
/opt/aws_neuronx_venv_pytorch_inference_vllm_0_16/lib/python3.12/site-packages/neuronxcc/private_nkl/transpose.py:569:7: warning: 'neuronxcc.private_nkl.transpose._copy_with_engine' is from the 'neuronxcc' package which is not supported in NKI kernels; use the 'nki' package instead
      _copy_with_engine(
      ^
/opt/aws_neuronx_venv_pytorch_inference_vllm_0_16/lib/python3.12/site-packages/neuronxcc/private_nkl/transpose.py:586:17: warning: 'neuronxcc.private_nkl.utils.tiled_range.TiledRange' is from the 'neuronxcc' package which is not supported in NKI kernels; use the 'nki' package instead
  I_128_tiles = TiledRange(I_tile, nl.tile_size.pmax)
                ^
/opt/aws_neuronx_venv_pytorch_inference_vllm_0_16/lib/python3.12/site-packages/neuronxcc/private_nkl/transpose.py:588:17: warning: 'neuronxcc.private_nkl.utils.tiled_range.TiledRange' is from the 'neuronxcc' package which is not supported in NKI kernels; use the 'nki' package instead
  J_128_tiles = TiledRange(J_tile, nl.tile_size.pmax)
                ^
/opt/aws_neuronx_venv_pytorch_inference_vllm_0_16/lib/python3.12/site-packages/neuronxcc/private_nkl/transpose.py:596:21: warning: 'neuronxcc.private_nkl.utils.tiled_range.TiledRange' is from the 'neuronxcc' package which is not supported in NKI kernels; use the 'nki' package instead
  for I_128_tile in TiledRange(I_tile.size, nl.tile_size.pmax):
                    ^
/opt/aws_neuronx_venv_pytorch_inference_vllm_0_16/lib/python3.12/site-packages/neuronxcc/private_nkl/transpose.py:597:23: warning: 'neuronxcc.private_nkl.utils.tiled_range.TiledRange' is from the 'neuronxcc' package which is not supported in NKI kernels; use the 'nki' package instead
    for J_512_tile in TiledRange(J_tile.size, nl.tile_size.psum_fmax):
                      ^
/opt/aws_neuronx_venv_pytorch_inference_vllm_0_16/lib/python3.12/site-packages/neuronxcc/private_nkl/transpose.py:609:25: warning: 'neuronxcc.private_nkl.utils.tiled_range.TiledRange' is from the 'neuronxcc' package which is not supported in NKI kernels; use the 'nki' package instead
      for J_128_tile in TiledRange(J_512_tile, nl.tile_size.pmax):
                        ^
/opt/aws_neuronx_venv_pytorch_inference_vllm_0_16/lib/python3.12/site-packages/neuronxcc/private_nkl/transpose.py:628:9: warning: 'neuronxcc.private_nkl.transpose._copy_with_engine' is from the 'neuronxcc' package which is not supported in NKI kernels; use the 'nki' package instead
        _copy_with_engine(
        ^
/opt/aws_neuronx_venv_pytorch_inference_vllm_0_16/lib/python3.12/site-packages/neuronxcc/private_nkl/transpose.py:652:9: warning: 'neuronxcc.private_nkl.transpose._copy_with_engine' is from the 'neuronxcc' package which is not supported in NKI kernels; use the 'nki' package instead
        _copy_with_engine(
        ^
/opt/aws_neuronx_venv_pytorch_inference_vllm_0_16/lib/python3.12/site-packages/neuronxcc/private_nkl/transpose.py:38:10: warning: 'neuronxcc.private_nkl.transpose_utils.is_valid_permutation' is from the 'neuronxcc' package which is not supported in NKI kernels; use the 'nki' package instead
  assert is_valid_permutation(permutation), "input permutation is invalid"
         ^
/opt/aws_neuronx_venv_pytorch_inference_vllm_0_16/lib/python3.12/site-packages/neuronxcc/private_nkl/transpose.py:41:10: warning: 'neuronxcc.private_nkl.transpose_utils.n_elts' is from the 'neuronxcc' package which is not supported in NKI kernels; use the 'nki' package instead
  assert n_elts(in_shape) == n_elts(in_tensor.shape), "tensor shape is invalid"
         ^
/opt/aws_neuronx_venv_pytorch_inference_vllm_0_16/lib/python3.12/site-packages/neuronxcc/private_nkl/transpose.py:41:30: warning: 'neuronxcc.private_nkl.transpose_utils.n_elts' is from the 'neuronxcc' package which is not supported in NKI kernels; use the 'nki' package instead
  assert n_elts(in_shape) == n_elts(in_tensor.shape), "tensor shape is invalid"
                             ^
/opt/aws_neuronx_venv_pytorch_inference_vllm_0_16/lib/python3.12/site-packages/neuronxcc/private_nkl/transpose.py:32:20: warning: 'neuronxcc.private_nkl.utils.StackAllocator.sizeinbytes' is from the 'neuronxcc' package which is not supported in NKI kernels; use the 'nki' package instead
  return (98304 // sizeinbytes(dtype)) // 2
                   ^
/opt/aws_neuronx_venv_pytorch_inference_vllm_0_16/lib/python3.12/site-packages/neuronxcc/private_nkl/transpose.py:886:29: warning: 'neuronxcc.private_nkl.utils.kernel_helpers.get_program_sharding_info' is from the 'neuronxcc' package which is not supported in NKI kernels; use the 'nki' package instead
  _, num_shards, shard_id = get_program_sharding_info()
                            ^
/opt/aws_neuronx_venv_pytorch_inference_vllm_0_16/lib/python3.12/site-packages/neuronxcc/private_nkl/transpose.py:887:9: warning: 'neuronxcc.private_nkl.transpose._pe_transpose' is from the 'neuronxcc' package which is not supported in NKI kernels; use the 'nki' package instead
  out = _pe_transpose(in_tensor, in_shape, permutation, out_dtype, num_shards, shard_id)
        ^
/opt/aws_neuronx_venv_pytorch_inference_vllm_0_16/lib/python3.12/site-packages/neuronxcc/private_nkl/transpose_utils.py:71:10: warning: 'neuronxcc.private_nkl.transpose_utils.is_valid_permutation' is from the 'neuronxcc' package which is not supported in NKI kernels; use the 'nki' package instead
  if not is_valid_permutation(permutation):
         ^
/opt/aws_neuronx_venv_pytorch_inference_vllm_0_16/lib/python3.12/site-packages/neuronxcc/private_nkl/utils/tiled_range.py:66:23: warning: 'neuronxcc.private_nkl.utils.tiled_range.TiledRangeIterator' is from the 'neuronxcc' package which is not supported in NKI kernels; use the 'nki' package instead
  if isinstance(size, TiledRangeIterator):
                      ^
/opt/aws_neuronx_venv_pytorch_inference_vllm_0_16/lib/python3.12/site-packages/neuronxcc/private_nkl/utils/tiled_range.py:84:22: warning: 'neuronxcc.private_nkl.utils.tiled_range.TiledRangeIterator' is from the 'neuronxcc' package which is not supported in NKI kernels; use the 'nki' package instead
    iterators.append(TiledRangeIterator(current_tile_size, i, base_offset + relative_offset))
                     ^
/opt/aws_neuronx_venv_pytorch_inference_vllm_0_16/lib/python3.12/site-packages/neuronxcc/private_nkl/transpose.py:458:17: warning: 'neuronxcc.private_nkl.utils.tiled_range.TiledRange' is from the 'neuronxcc' package which is not supported in NKI kernels; use the 'nki' package instead
  I_128_tiles = TiledRange(I_tile, nl.tile_size.pmax)
                ^
/opt/aws_neuronx_venv_pytorch_inference_vllm_0_16/lib/python3.12/site-packages/neuronxcc/private_nkl/transpose.py:465:33: warning: 'neuronxcc.private_nkl.utils.tiled_range.TiledRange' is from the 'neuronxcc' package which is not supported in NKI kernels; use the 'nki' package instead
    for vectorization_factor in TiledRange(num_full_128_tiles_per_I_tile, VECTORIZATION_FACTOR):
                                ^
/opt/aws_neuronx_venv_pytorch_inference_vllm_0_16/lib/python3.12/site-packages/neuronxcc/private_nkl/transpose.py:284:16: warning: 'neuronxcc.private_nkl.transpose.max_f_size' is from the 'neuronxcc' package which is not supported in NKI kernels; use the 'nki' package instead
  MAX_F_SIZE = max_f_size(dtype)
               ^
/opt/aws_neuronx_venv_pytorch_inference_vllm_0_16/lib/python3.12/site-packages/neuronxcc/private_nkl/transpose.py:289:15: warning: 'neuronxcc.private_nkl.transpose_utils.next_multiple' is from the 'neuronxcc' package which is not supported in NKI kernels; use the 'nki' package instead
    return I, next_multiple(min(J, MAX_F_SIZE), 128)
              ^
/opt/aws_neuronx_venv_pytorch_inference_vllm_0_16/lib/python3.12/site-packages/neuronxcc/private_nkl/transpose.py:291:12: warning: 'neuronxcc.private_nkl.transpose_utils.next_multiple' is from the 'neuronxcc' package which is not supported in NKI kernels; use the 'nki' package instead
    return next_multiple(min(I, MAX_F_SIZE), 128), J
           ^
/opt/aws_neuronx_venv_pytorch_inference_vllm_0_16/lib/python3.12/site-packages/neuronxcc/private_nkl/transpose.py:302:19: warning: 'neuronxcc.private_nkl.transpose_utils.next_multiple' is from the 'neuronxcc' package which is not supported in NKI kernels; use the 'nki' package instead
    I_tile_size = next_multiple(I_tile_size, 128)
                  ^
/opt/aws_neuronx_venv_pytorch_inference_vllm_0_16/lib/python3.12/site-packages/neuronxcc/private_nkl/transpose.py:303:19: warning: 'neuronxcc.private_nkl.transpose_utils.next_multiple' is from the 'neuronxcc' package which is not supported in NKI kernels; use the 'nki' package instead
    J_tile_size = next_multiple(J_tile_size, 128)
                  ^
/opt/aws_neuronx_venv_pytorch_inference_vllm_0_16/lib/python3.12/site-packages/neuronxcc/private_nkl/transpose.py:681:17: warning: 'neuronxcc.private_nkl.utils.tiled_range.TiledRange' is from the 'neuronxcc' package which is not supported in NKI kernels; use the 'nki' package instead
  J_128_tiles = TiledRange(J_tile, nl.tile_size.pmax)
                ^
/opt/aws_neuronx_venv_pytorch_inference_vllm_0_16/lib/python3.12/site-packages/neuronxcc/private_nkl/transpose.py:688:33: warning: 'neuronxcc.private_nkl.utils.tiled_range.TiledRange' is from the 'neuronxcc' package which is not supported in NKI kernels; use the 'nki' package instead
    for vectorization_factor in TiledRange(num_full_128_tiles_per_J_tile, VECTORIZATION_FACTOR):
                                ^
/opt/aws_neuronx_venv_pytorch_inference_vllm_0_16/lib/python3.12/site-packages/neuronxcc/private_nkl/transpose.py:751:3: warning: 'neuronxcc.private_nkl.transpose.check_input_transpose' is from the 'neuronxcc' package which is not supported in NKI kernels; use the 'nki' package instead
  check_input_transpose(in_tensor, in_shape, permutation)
  ^
/opt/aws_neuronx_venv_pytorch_inference_vllm_0_16/lib/python3.12/site-packages/neuronxcc/private_nkl/transpose.py:757:33: warning: 'neuronxcc.private_nkl.transpose_utils.permutation_reduction' is from the 'neuronxcc' package which is not supported in NKI kernels; use the 'nki' package instead
  reduced_perm, reduced_shape = permutation_reduction(in_shape, permutation)
                                ^
/opt/aws_neuronx_venv_pytorch_inference_vllm_0_16/lib/python3.12/site-packages/neuronxcc/private_nkl/transpose.py:758:10: warning: 'neuronxcc.private_nkl.transpose_utils.permutes_last_two_dims' is from the 'neuronxcc' package which is not supported in NKI kernels; use the 'nki' package instead
  assert permutes_last_two_dims(reduced_perm), f"must permutate last two dims, got {reduced_perm}"
         ^
/opt/aws_neuronx_venv_pytorch_inference_vllm_0_16/lib/python3.12/site-packages/neuronxcc/private_nkl/transpose.py:763:11: warning: 'neuronxcc.private_nkl.transpose._str_to_dtype' is from the 'neuronxcc' package which is not supported in NKI kernels; use the 'nki' package instead
    dtype=_str_to_dtype(out_dtype),
          ^
/opt/aws_neuronx_venv_pytorch_inference_vllm_0_16/lib/python3.12/site-packages/neuronxcc/private_nkl/transpose.py:764:12: warning: 'neuronxcc.private_nkl.transpose_utils._get_hbm_buffer' is from the 'neuronxcc' package which is not supported in NKI kernels; use the 'nki' package instead
    buffer=_get_hbm_buffer(),
           ^
/opt/aws_neuronx_venv_pytorch_inference_vllm_0_16/lib/python3.12/site-packages/neuronxcc/private_nkl/transpose.py:767:3: warning: 'neuronxcc.private_nkl.transpose._pe_transpose_impl' is from the 'neuronxcc' package which is not supported in NKI kernels; use the 'nki' package instead
  _pe_transpose_impl(in_tensor, out_tensor, num_shards, shard_id)
  ^
/opt/aws_neuronx_venv_pytorch_inference_vllm_0_16/lib/python3.12/site-packages/neuronxcc/private_nkl/transpose.py:373:25: warning: 'neuronxcc.private_nkl.transpose_utils.n_elts' is from the 'neuronxcc' package which is not supported in NKI kernels; use the 'nki' package instead
  flattened_B_dim = int(n_elts(in_shape[:-2])) if in_shape[:-2] else 1
                        ^
/opt/aws_neuronx_venv_pytorch_inference_vllm_0_16/lib/python3.12/site-packages/neuronxcc/private_nkl/transpose.py:378:30: warning: 'neuronxcc.private_nkl.transpose._pe_optimal_tile_sizes' is from the 'neuronxcc' package which is not supported in NKI kernels; use the 'nki' package instead
  I_tile_size, J_tile_size = _pe_optimal_tile_sizes(I, J, in_tensor.dtype)
                             ^
/opt/aws_neuronx_venv_pytorch_inference_vllm_0_16/lib/python3.12/site-packages/neuronxcc/private_nkl/transpose.py:381:17: warning: 'neuronxcc.private_nkl.utils.kernel_helpers.div_ceil' is from the 'neuronxcc' package which is not supported in NKI kernels; use the 'nki' package instead
  b_per_shard = div_ceil(flattened_B_dim, num_shards)
                ^
/opt/aws_neuronx_venv_pytorch_inference_vllm_0_16/lib/python3.12/site-packages/neuronxcc/private_nkl/transpose.py:384:19: warning: 'neuronxcc.private_nkl.transpose._to_compute_dtype' is from the 'neuronxcc' package which is not supported in NKI kernels; use the 'nki' package instead
  compute_dtype = _to_compute_dtype(in_tensor.dtype)
                  ^
/opt/aws_neuronx_venv_pytorch_inference_vllm_0_16/lib/python3.12/site-packages/neuronxcc/private_nkl/transpose.py:398:19: warning: 'neuronxcc.private_nkl.utils.tiled_range.TiledRange' is from the 'neuronxcc' package which is not supported in NKI kernels; use the 'nki' package instead
    for I_tile in TiledRange(I, I_tile_size):
                  ^
/opt/aws_neuronx_venv_pytorch_inference_vllm_0_16/lib/python3.12/site-packages/neuronxcc/private_nkl/transpose.py:399:21: warning: 'neuronxcc.private_nkl.utils.tiled_range.TiledRange' is from the 'neuronxcc' package which is not supported in NKI kernels; use the 'nki' package instead
      for J_tile in TiledRange(J, J_tile_size):
                    ^
/opt/aws_neuronx_venv_pytorch_inference_vllm_0_16/lib/python3.12/site-packages/neuronxcc/private_nkl/transpose.py:400:23: warning: 'neuronxcc.private_nkl.utils.tiled_range.TiledRange' is from the 'neuronxcc' package which is not supported in NKI kernels; use the 'nki' package instead
        I_128_tiles = TiledRange(I_tile, nl.tile_size.pmax)
                      ^
/opt/aws_neuronx_venv_pytorch_inference_vllm_0_16/lib/python3.12/site-packages/neuronxcc/private_nkl/transpose.py:405:23: warning: 'neuronxcc.private_nkl.utils.tiled_range.TiledRange' is from the 'neuronxcc' package which is not supported in NKI kernels; use the 'nki' package instead
        J_128_tiles = TiledRange(J_tile, nl.tile_size.pmax)
                      ^
/opt/aws_neuronx_venv_pytorch_inference_vllm_0_16/lib/python3.12/site-packages/neuronxcc/private_nkl/transpose.py:411:9: warning: 'neuronxcc.private_nkl.transpose._pe_load_tile' is from the 'neuronxcc' package which is not supported in NKI kernels; use the 'nki' package instead
        _pe_load_tile(
        ^
/opt/aws_neuronx_venv_pytorch_inference_vllm_0_16/lib/python3.12/site-packages/neuronxcc/private_nkl/transpose.py:422:11: warning: 'neuronxcc.private_nkl.transpose._pe_transpose_tile_I_vectorized' is from the 'neuronxcc' package which is not supported in NKI kernels; use the 'nki' package instead
          _pe_transpose_tile_I_vectorized(
          ^
/opt/aws_neuronx_venv_pytorch_inference_vllm_0_16/lib/python3.12/site-packages/neuronxcc/private_nkl/transpose.py:430:11: warning: 'neuronxcc.private_nkl.transpose._pe_transpose_tile_J_vectorized' is from the 'neuronxcc' package which is not supported in NKI kernels; use the 'nki' package instead
          _pe_transpose_tile_J_vectorized(
          ^
/opt/aws_neuronx_venv_pytorch_inference_vllm_0_16/lib/python3.12/site-packages/neuronxcc/private_nkl/transpose.py:438:9: warning: 'neuronxcc.private_nkl.transpose._pe_store_tile' is from the 'neuronxcc' package which is not supported in NKI kernels; use the 'nki' package instead
        _pe_store_tile(
        ^
/opt/aws_neuronx_venv_pytorch_inference_vllm_0_16/lib/python3.12/site-packages/neuronxcc/private_nkl/transpose.py:527:17: warning: 'neuronxcc.private_nkl.utils.tiled_range.TiledRange' is from the 'neuronxcc' package which is not supported in NKI kernels; use the 'nki' package instead
  I_128_tiles = TiledRange(I_tile, nl.tile_size.pmax)
                ^
/opt/aws_neuronx_venv_pytorch_inference_vllm_0_16/lib/python3.12/site-packages/neuronxcc/private_nkl/transpose.py:529:17: warning: 'neuronxcc.private_nkl.utils.tiled_range.TiledRange' is from the 'neuronxcc' package which is not supported in NKI kernels; use the 'nki' package instead
  J_128_tiles = TiledRange(J_tile, nl.tile_size.pmax)
                ^
/opt/aws_neuronx_venv_pytorch_inference_vllm_0_16/lib/python3.12/site-packages/neuronxcc/private_nkl/transpose.py:538:21: warning: 'neuronxcc.private_nkl.utils.tiled_range.TiledRange' is from the 'neuronxcc' package which is not supported in NKI kernels; use the 'nki' package instead
  for J_128_tile in TiledRange(J_tile.size, nl.tile_size.pmax):
                    ^
/opt/aws_neuronx_venv_pytorch_inference_vllm_0_16/lib/python3.12/site-packages/neuronxcc/private_nkl/transpose.py:539:23: warning: 'neuronxcc.private_nkl.utils.tiled_range.TiledRange' is from the 'neuronxcc' package which is not supported in NKI kernels; use the 'nki' package instead
    for I_512_tile in TiledRange(I_tile.size, nl.tile_size.psum_fmax):
                      ^
/opt/aws_neuronx_venv_pytorch_inference_vllm_0_16/lib/python3.12/site-packages/neuronxcc/private_nkl/transpose.py:551:25: warning: 'neuronxcc.private_nkl.utils.tiled_range.TiledRange' is from the 'neuronxcc' package which is not supported in NKI kernels; use the 'nki' package instead
      for I_128_tile in TiledRange(I_512_tile, nl.tile_size.pmax):
                        ^
/opt/aws_neuronx_venv_pytorch_inference_vllm_0_16/lib/python3.12/site-packages/neuronxcc/private_nkl/transpose.py:569:7: warning: 'neuronxcc.private_nkl.transpose._copy_with_engine' is from the 'neuronxcc' package which is not supported in NKI kernels; use the 'nki' package instead
      _copy_with_engine(
      ^
/opt/aws_neuronx_venv_pytorch_inference_vllm_0_16/lib/python3.12/site-packages/neuronxcc/private_nkl/transpose.py:586:17: warning: 'neuronxcc.private_nkl.utils.tiled_range.TiledRange' is from the 'neuronxcc' package which is not supported in NKI kernels; use the 'nki' package instead
  I_128_tiles = TiledRange(I_tile, nl.tile_size.pmax)
                ^
/opt/aws_neuronx_venv_pytorch_inference_vllm_0_16/lib/python3.12/site-packages/neuronxcc/private_nkl/transpose.py:588:17: warning: 'neuronxcc.private_nkl.utils.tiled_range.TiledRange' is from the 'neuronxcc' package which is not supported in NKI kernels; use the 'nki' package instead
  J_128_tiles = TiledRange(J_tile, nl.tile_size.pmax)
                ^
/opt/aws_neuronx_venv_pytorch_inference_vllm_0_16/lib/python3.12/site-packages/neuronxcc/private_nkl/transpose.py:596:21: warning: 'neuronxcc.private_nkl.utils.tiled_range.TiledRange' is from the 'neuronxcc' package which is not supported in NKI kernels; use the 'nki' package instead
  for I_128_tile in TiledRange(I_tile.size, nl.tile_size.pmax):
                    ^
/opt/aws_neuronx_venv_pytorch_inference_vllm_0_16/lib/python3.12/site-packages/neuronxcc/private_nkl/transpose.py:597:23: warning: 'neuronxcc.private_nkl.utils.tiled_range.TiledRange' is from the 'neuronxcc' package which is not supported in NKI kernels; use the 'nki' package instead
    for J_512_tile in TiledRange(J_tile.size, nl.tile_size.psum_fmax):
                      ^
/opt/aws_neuronx_venv_pytorch_inference_vllm_0_16/lib/python3.12/site-packages/neuronxcc/private_nkl/transpose.py:609:25: warning: 'neuronxcc.private_nkl.utils.tiled_range.TiledRange' is from the 'neuronxcc' package which is not supported in NKI kernels; use the 'nki' package instead
      for J_128_tile in TiledRange(J_512_tile, nl.tile_size.pmax):
                        ^
/opt/aws_neuronx_venv_pytorch_inference_vllm_0_16/lib/python3.12/site-packages/neuronxcc/private_nkl/transpose.py:628:9: warning: 'neuronxcc.private_nkl.transpose._copy_with_engine' is from the 'neuronxcc' package which is not supported in NKI kernels; use the 'nki' package instead
        _copy_with_engine(
        ^
/opt/aws_neuronx_venv_pytorch_inference_vllm_0_16/lib/python3.12/site-packages/neuronxcc/private_nkl/transpose.py:652:9: warning: 'neuronxcc.private_nkl.transpose._copy_with_engine' is from the 'neuronxcc' package which is not supported in NKI kernels; use the 'nki' package instead
        _copy_with_engine(
        ^
/opt/aws_neuronx_venv_pytorch_inference_vllm_0_16/lib/python3.12/site-packages/neuronxcc/private_nkl/transpose.py:38:10: warning: 'neuronxcc.private_nkl.transpose_utils.is_valid_permutation' is from the 'neuronxcc' package which is not supported in NKI kernels; use the 'nki' package instead
  assert is_valid_permutation(permutation), "input permutation is invalid"
         ^
/opt/aws_neuronx_venv_pytorch_inference_vllm_0_16/lib/python3.12/site-packages/neuronxcc/private_nkl/transpose.py:41:10: warning: 'neuronxcc.private_nkl.transpose_utils.n_elts' is from the 'neuronxcc' package which is not supported in NKI kernels; use the 'nki' package instead
  assert n_elts(in_shape) == n_elts(in_tensor.shape), "tensor shape is invalid"
         ^
/opt/aws_neuronx_venv_pytorch_inference_vllm_0_16/lib/python3.12/site-packages/neuronxcc/private_nkl/transpose.py:41:30: warning: 'neuronxcc.private_nkl.transpose_utils.n_elts' is from the 'neuronxcc' package which is not supported in NKI kernels; use the 'nki' package instead
  assert n_elts(in_shape) == n_elts(in_tensor.shape), "tensor shape is invalid"
                             ^
/opt/aws_neuronx_venv_pytorch_inference_vllm_0_16/lib/python3.12/site-packages/neuronxcc/private_nkl/transpose.py:32:20: warning: 'neuronxcc.private_nkl.utils.StackAllocator.sizeinbytes' is from the 'neuronxcc' package which is not supported in NKI kernels; use the 'nki' package instead
  return (98304 // sizeinbytes(dtype)) // 2
                   ^
/opt/aws_neuronx_venv_pytorch_inference_vllm_0_16/lib/python3.12/site-packages/neuronxcc/private_nkl/transpose.py:886:29: warning: 'neuronxcc.private_nkl.utils.kernel_helpers.get_program_sharding_info' is from the 'neuronxcc' package which is not supported in NKI kernels; use the 'nki' package instead
  _, num_shards, shard_id = get_program_sharding_info()
                            ^
/opt/aws_neuronx_venv_pytorch_inference_vllm_0_16/lib/python3.12/site-packages/neuronxcc/private_nkl/transpose.py:887:9: warning: 'neuronxcc.private_nkl.transpose._pe_transpose' is from the 'neuronxcc' package which is not supported in NKI kernels; use the 'nki' package instead
  out = _pe_transpose(in_tensor, in_shape, permutation, out_dtype, num_shards, shard_id)
        ^
/opt/aws_neuronx_venv_pytorch_inference_vllm_0_16/lib/python3.12/site-packages/neuronxcc/private_nkl/transpose_utils.py:71:10: warning: 'neuronxcc.private_nkl.transpose_utils.is_valid_permutation' is from the 'neuronxcc' package which is not supported in NKI kernels; use the 'nki' package instead
  if not is_valid_permutation(permutation):
         ^
/opt/aws_neuronx_venv_pytorch_inference_vllm_0_16/lib/python3.12/site-packages/neuronxcc/private_nkl/utils/tiled_range.py:66:23: warning: 'neuronxcc.private_nkl.utils.tiled_range.TiledRangeIterator' is from the 'neuronxcc' package which is not supported in NKI kernels; use the 'nki' package instead
  if isinstance(size, TiledRangeIterator):
                      ^
/opt/aws_neuronx_venv_pytorch_inference_vllm_0_16/lib/python3.12/site-packages/neuronxcc/private_nkl/utils/tiled_range.py:84:22: warning: 'neuronxcc.private_nkl.utils.tiled_range.TiledRangeIterator' is from the 'neuronxcc' package which is not supported in NKI kernels; use the 'nki' package instead
    iterators.append(TiledRangeIterator(current_tile_size, i, base_offset + relative_offset))
                     ^
/opt/aws_neuronx_venv_pytorch_inference_vllm_0_16/lib/python3.12/site-packages/neuronxcc/private_nkl/transpose.py:458:17: warning: 'neuronxcc.private_nkl.utils.tiled_range.TiledRange' is from the 'neuronxcc' package which is not supported in NKI kernels; use the 'nki' package instead
  I_128_tiles = TiledRange(I_tile, nl.tile_size.pmax)
                ^
/opt/aws_neuronx_venv_pytorch_inference_vllm_0_16/lib/python3.12/site-packages/neuronxcc/private_nkl/transpose.py:465:33: warning: 'neuronxcc.private_nkl.utils.tiled_range.TiledRange' is from the 'neuronxcc' package which is not supported in NKI kernels; use the 'nki' package instead
    for vectorization_factor in TiledRange(num_full_128_tiles_per_I_tile, VECTORIZATION_FACTOR):
                                ^
/opt/aws_neuronx_venv_pytorch_inference_vllm_0_16/lib/python3.12/site-packages/neuronxcc/private_nkl/transpose.py:284:16: warning: 'neuronxcc.private_nkl.transpose.max_f_size' is from the 'neuronxcc' package which is not supported in NKI kernels; use the 'nki' package instead
  MAX_F_SIZE = max_f_size(dtype)
               ^
/opt/aws_neuronx_venv_pytorch_inference_vllm_0_16/lib/python3.12/site-packages/neuronxcc/private_nkl/transpose.py:289:15: warning: 'neuronxcc.private_nkl.transpose_utils.next_multiple' is from the 'neuronxcc' package which is not supported in NKI kernels; use the 'nki' package instead
    return I, next_multiple(min(J, MAX_F_SIZE), 128)
              ^
/opt/aws_neuronx_venv_pytorch_inference_vllm_0_16/lib/python3.12/site-packages/neuronxcc/private_nkl/transpose.py:291:12: warning: 'neuronxcc.private_nkl.transpose_utils.next_multiple' is from the 'neuronxcc' package which is not supported in NKI kernels; use the 'nki' package instead
    return next_multiple(min(I, MAX_F_SIZE), 128), J
           ^
/opt/aws_neuronx_venv_pytorch_inference_vllm_0_16/lib/python3.12/site-packages/neuronxcc/private_nkl/transpose.py:302:19: warning: 'neuronxcc.private_nkl.transpose_utils.next_multiple' is from the 'neuronxcc' package which is not supported in NKI kernels; use the 'nki' package instead
    I_tile_size = next_multiple(I_tile_size, 128)
                  ^
/opt/aws_neuronx_venv_pytorch_inference_vllm_0_16/lib/python3.12/site-packages/neuronxcc/private_nkl/transpose.py:303:19: warning: 'neuronxcc.private_nkl.transpose_utils.next_multiple' is from the 'neuronxcc' package which is not supported in NKI kernels; use the 'nki' package instead
    J_tile_size = next_multiple(J_tile_size, 128)
                  ^
/opt/aws_neuronx_venv_pytorch_inference_vllm_0_16/lib/python3.12/site-packages/neuronxcc/private_nkl/transpose.py:681:17: warning: 'neuronxcc.private_nkl.utils.tiled_range.TiledRange' is from the 'neuronxcc' package which is not supported in NKI kernels; use the 'nki' package instead
  J_128_tiles = TiledRange(J_tile, nl.tile_size.pmax)
                ^
/opt/aws_neuronx_venv_pytorch_inference_vllm_0_16/lib/python3.12/site-packages/neuronxcc/private_nkl/transpose.py:688:33: warning: 'neuronxcc.private_nkl.utils.tiled_range.TiledRange' is from the 'neuronxcc' package which is not supported in NKI kernels; use the 'nki' package instead
    for vectorization_factor in TiledRange(num_full_128_tiles_per_J_tile, VECTORIZATION_FACTOR):
                                ^
/opt/aws_neuronx_venv_pytorch_inference_vllm_0_16/lib/python3.12/site-packages/neuronxcc/private_nkl/transpose.py:751:3: warning: 'neuronxcc.private_nkl.transpose.check_input_transpose' is from the 'neuronxcc' package which is not supported in NKI kernels; use the 'nki' package instead
  check_input_transpose(in_tensor, in_shape, permutation)
  ^
/opt/aws_neuronx_venv_pytorch_inference_vllm_0_16/lib/python3.12/site-packages/neuronxcc/private_nkl/transpose.py:757:33: warning: 'neuronxcc.private_nkl.transpose_utils.permutation_reduction' is from the 'neuronxcc' package which is not supported in NKI kernels; use the 'nki' package instead
  reduced_perm, reduced_shape = permutation_reduction(in_shape, permutation)
                                ^
/opt/aws_neuronx_venv_pytorch_inference_vllm_0_16/lib/python3.12/site-packages/neuronxcc/private_nkl/transpose.py:758:10: warning: 'neuronxcc.private_nkl.transpose_utils.permutes_last_two_dims' is from the 'neuronxcc' package which is not supported in NKI kernels; use the 'nki' package instead
  assert permutes_last_two_dims(reduced_perm), f"must permutate last two dims, got {reduced_perm}"
         ^
/opt/aws_neuronx_venv_pytorch_inference_vllm_0_16/lib/python3.12/site-packages/neuronxcc/private_nkl/transpose.py:763:11: warning: 'neuronxcc.private_nkl.transpose._str_to_dtype' is from the 'neuronxcc' package which is not supported in NKI kernels; use the 'nki' package instead
    dtype=_str_to_dtype(out_dtype),
          ^
/opt/aws_neuronx_venv_pytorch_inference_vllm_0_16/lib/python3.12/site-packages/neuronxcc/private_nkl/transpose.py:764:12: warning: 'neuronxcc.private_nkl.transpose_utils._get_hbm_buffer' is from the 'neuronxcc' package which is not supported in NKI kernels; use the 'nki' package instead
    buffer=_get_hbm_buffer(),
           ^
/opt/aws_neuronx_venv_pytorch_inference_vllm_0_16/lib/python3.12/site-packages/neuronxcc/private_nkl/transpose.py:767:3: warning: 'neuronxcc.private_nkl.transpose._pe_transpose_impl' is from the 'neuronxcc' package which is not supported in NKI kernels; use the 'nki' package instead
  _pe_transpose_impl(in_tensor, out_tensor, num_shards, shard_id)
  ^
/opt/aws_neuronx_venv_pytorch_inference_vllm_0_16/lib/python3.12/site-packages/neuronxcc/private_nkl/transpose.py:373:25: warning: 'neuronxcc.private_nkl.transpose_utils.n_elts' is from the 'neuronxcc' package which is not supported in NKI kernels; use the 'nki' package instead
  flattened_B_dim = int(n_elts(in_shape[:-2])) if in_shape[:-2] else 1
                        ^
/opt/aws_neuronx_venv_pytorch_inference_vllm_0_16/lib/python3.12/site-packages/neuronxcc/private_nkl/transpose.py:378:30: warning: 'neuronxcc.private_nkl.transpose._pe_optimal_tile_sizes' is from the 'neuronxcc' package which is not supported in NKI kernels; use the 'nki' package instead
  I_tile_size, J_tile_size = _pe_optimal_tile_sizes(I, J, in_tensor.dtype)
                             ^
/opt/aws_neuronx_venv_pytorch_inference_vllm_0_16/lib/python3.12/site-packages/neuronxcc/private_nkl/transpose.py:381:17: warning: 'neuronxcc.private_nkl.utils.kernel_helpers.div_ceil' is from the 'neuronxcc' package which is not supported in NKI kernels; use the 'nki' package instead
  b_per_shard = div_ceil(flattened_B_dim, num_shards)
                ^
/opt/aws_neuronx_venv_pytorch_inference_vllm_0_16/lib/python3.12/site-packages/neuronxcc/private_nkl/transpose.py:384:19: warning: 'neuronxcc.private_nkl.transpose._to_compute_dtype' is from the 'neuronxcc' package which is not supported in NKI kernels; use the 'nki' package instead
  compute_dtype = _to_compute_dtype(in_tensor.dtype)
                  ^
/opt/aws_neuronx_venv_pytorch_inference_vllm_0_16/lib/python3.12/site-packages/neuronxcc/private_nkl/transpose.py:398:19: warning: 'neuronxcc.private_nkl.utils.tiled_range.TiledRange' is from the 'neuronxcc' package which is not supported in NKI kernels; use the 'nki' package instead
    for I_tile in TiledRange(I, I_tile_size):
                  ^
/opt/aws_neuronx_venv_pytorch_inference_vllm_0_16/lib/python3.12/site-packages/neuronxcc/private_nkl/transpose.py:399:21: warning: 'neuronxcc.private_nkl.utils.tiled_range.TiledRange' is from the 'neuronxcc' package which is not supported in NKI kernels; use the 'nki' package instead
      for J_tile in TiledRange(J, J_tile_size):
                    ^
/opt/aws_neuronx_venv_pytorch_inference_vllm_0_16/lib/python3.12/site-packages/neuronxcc/private_nkl/transpose.py:400:23: warning: 'neuronxcc.private_nkl.utils.tiled_range.TiledRange' is from the 'neuronxcc' package which is not supported in NKI kernels; use the 'nki' package instead
        I_128_tiles = TiledRange(I_tile, nl.tile_size.pmax)
                      ^
/opt/aws_neuronx_venv_pytorch_inference_vllm_0_16/lib/python3.12/site-packages/neuronxcc/private_nkl/transpose.py:405:23: warning: 'neuronxcc.private_nkl.utils.tiled_range.TiledRange' is from the 'neuronxcc' package which is not supported in NKI kernels; use the 'nki' package instead
        J_128_tiles = TiledRange(J_tile, nl.tile_size.pmax)
                      ^
/opt/aws_neuronx_venv_pytorch_inference_vllm_0_16/lib/python3.12/site-packages/neuronxcc/private_nkl/transpose.py:411:9: warning: 'neuronxcc.private_nkl.transpose._pe_load_tile' is from the 'neuronxcc' package which is not supported in NKI kernels; use the 'nki' package instead
        _pe_load_tile(
        ^
/opt/aws_neuronx_venv_pytorch_inference_vllm_0_16/lib/python3.12/site-packages/neuronxcc/private_nkl/transpose.py:422:11: warning: 'neuronxcc.private_nkl.transpose._pe_transpose_tile_I_vectorized' is from the 'neuronxcc' package which is not supported in NKI kernels; use the 'nki' package instead
          _pe_transpose_tile_I_vectorized(
          ^
/opt/aws_neuronx_venv_pytorch_inference_vllm_0_16/lib/python3.12/site-packages/neuronxcc/private_nkl/transpose.py:430:11: warning: 'neuronxcc.private_nkl.transpose._pe_transpose_tile_J_vectorized' is from the 'neuronxcc' package which is not supported in NKI kernels; use the 'nki' package instead
          _pe_transpose_tile_J_vectorized(
          ^
/opt/aws_neuronx_venv_pytorch_inference_vllm_0_16/lib/python3.12/site-packages/neuronxcc/private_nkl/transpose.py:438:9: warning: 'neuronxcc.private_nkl.transpose._pe_store_tile' is from the 'neuronxcc' package which is not supported in NKI kernels; use the 'nki' package instead
        _pe_store_tile(
        ^
/opt/aws_neuronx_venv_pytorch_inference_vllm_0_16/lib/python3.12/site-packages/neuronxcc/private_nkl/transpose.py:527:17: warning: 'neuronxcc.private_nkl.utils.tiled_range.TiledRange' is from the 'neuronxcc' package which is not supported in NKI kernels; use the 'nki' package instead
  I_128_tiles = TiledRange(I_tile, nl.tile_size.pmax)
                ^
/opt/aws_neuronx_venv_pytorch_inference_vllm_0_16/lib/python3.12/site-packages/neuronxcc/private_nkl/transpose.py:529:17: warning: 'neuronxcc.private_nkl.utils.tiled_range.TiledRange' is from the 'neuronxcc' package which is not supported in NKI kernels; use the 'nki' package instead
  J_128_tiles = TiledRange(J_tile, nl.tile_size.pmax)
                ^
/opt/aws_neuronx_venv_pytorch_inference_vllm_0_16/lib/python3.12/site-packages/neuronxcc/private_nkl/transpose.py:538:21: warning: 'neuronxcc.private_nkl.utils.tiled_range.TiledRange' is from the 'neuronxcc' package which is not supported in NKI kernels; use the 'nki' package instead
  for J_128_tile in TiledRange(J_tile.size, nl.tile_size.pmax):
                    ^
/opt/aws_neuronx_venv_pytorch_inference_vllm_0_16/lib/python3.12/site-packages/neuronxcc/private_nkl/transpose.py:539:23: warning: 'neuronxcc.private_nkl.utils.tiled_range.TiledRange' is from the 'neuronxcc' package which is not supported in NKI kernels; use the 'nki' package instead
    for I_512_tile in TiledRange(I_tile.size, nl.tile_size.psum_fmax):
                      ^
/opt/aws_neuronx_venv_pytorch_inference_vllm_0_16/lib/python3.12/site-packages/neuronxcc/private_nkl/transpose.py:551:25: warning: 'neuronxcc.private_nkl.utils.tiled_range.TiledRange' is from the 'neuronxcc' package which is not supported in NKI kernels; use the 'nki' package instead
      for I_128_tile in TiledRange(I_512_tile, nl.tile_size.pmax):
                        ^
/opt/aws_neuronx_venv_pytorch_inference_vllm_0_16/lib/python3.12/site-packages/neuronxcc/private_nkl/transpose.py:569:7: warning: 'neuronxcc.private_nkl.transpose._copy_with_engine' is from the 'neuronxcc' package which is not supported in NKI kernels; use the 'nki' package instead
      _copy_with_engine(
      ^
/opt/aws_neuronx_venv_pytorch_inference_vllm_0_16/lib/python3.12/site-packages/neuronxcc/private_nkl/transpose.py:586:17: warning: 'neuronxcc.private_nkl.utils.tiled_range.TiledRange' is from the 'neuronxcc' package which is not supported in NKI kernels; use the 'nki' package instead
  I_128_tiles = TiledRange(I_tile, nl.tile_size.pmax)
                ^
/opt/aws_neuronx_venv_pytorch_inference_vllm_0_16/lib/python3.12/site-packages/neuronxcc/private_nkl/transpose.py:588:17: warning: 'neuronxcc.private_nkl.utils.tiled_range.TiledRange' is from the 'neuronxcc' package which is not supported in NKI kernels; use the 'nki' package instead
  J_128_tiles = TiledRange(J_tile, nl.tile_size.pmax)
                ^
/opt/aws_neuronx_venv_pytorch_inference_vllm_0_16/lib/python3.12/site-packages/neuronxcc/private_nkl/transpose.py:596:21: warning: 'neuronxcc.private_nkl.utils.tiled_range.TiledRange' is from the 'neuronxcc' package which is not supported in NKI kernels; use the 'nki' package instead
  for I_128_tile in TiledRange(I_tile.size, nl.tile_size.pmax):
                    ^
/opt/aws_neuronx_venv_pytorch_inference_vllm_0_16/lib/python3.12/site-packages/neuronxcc/private_nkl/transpose.py:597:23: warning: 'neuronxcc.private_nkl.utils.tiled_range.TiledRange' is from the 'neuronxcc' package which is not supported in NKI kernels; use the 'nki' package instead
    for J_512_tile in TiledRange(J_tile.size, nl.tile_size.psum_fmax):
                      ^
/opt/aws_neuronx_venv_pytorch_inference_vllm_0_16/lib/python3.12/site-packages/neuronxcc/private_nkl/transpose.py:609:25: warning: 'neuronxcc.private_nkl.utils.tiled_range.TiledRange' is from the 'neuronxcc' package which is not supported in NKI kernels; use the 'nki' package instead
      for J_128_tile in TiledRange(J_512_tile, nl.tile_size.pmax):
                        ^
/opt/aws_neuronx_venv_pytorch_inference_vllm_0_16/lib/python3.12/site-packages/neuronxcc/private_nkl/transpose.py:628:9: warning: 'neuronxcc.private_nkl.transpose._copy_with_engine' is from the 'neuronxcc' package which is not supported in NKI kernels; use the 'nki' package instead
        _copy_with_engine(
        ^
/opt/aws_neuronx_venv_pytorch_inference_vllm_0_16/lib/python3.12/site-packages/neuronxcc/private_nkl/transpose.py:652:9: warning: 'neuronxcc.private_nkl.transpose._copy_with_engine' is from the 'neuronxcc' package which is not supported in NKI kernels; use the 'nki' package instead
        _copy_with_engine(
        ^
/opt/aws_neuronx_venv_pytorch_inference_vllm_0_16/lib/python3.12/site-packages/neuronxcc/private_nkl/transpose.py:38:10: warning: 'neuronxcc.private_nkl.transpose_utils.is_valid_permutation' is from the 'neuronxcc' package which is not supported in NKI kernels; use the 'nki' package instead
  assert is_valid_permutation(permutation), "input permutation is invalid"
         ^
/opt/aws_neuronx_venv_pytorch_inference_vllm_0_16/lib/python3.12/site-packages/neuronxcc/private_nkl/transpose.py:41:10: warning: 'neuronxcc.private_nkl.transpose_utils.n_elts' is from the 'neuronxcc' package which is not supported in NKI kernels; use the 'nki' package instead
  assert n_elts(in_shape) == n_elts(in_tensor.shape), "tensor shape is invalid"
         ^
/opt/aws_neuronx_venv_pytorch_inference_vllm_0_16/lib/python3.12/site-packages/neuronxcc/private_nkl/transpose.py:41:30: warning: 'neuronxcc.private_nkl.transpose_utils.n_elts' is from the 'neuronxcc' package which is not supported in NKI kernels; use the 'nki' package instead
  assert n_elts(in_shape) == n_elts(in_tensor.shape), "tensor shape is invalid"
                             ^
/opt/aws_neuronx_venv_pytorch_inference_vllm_0_16/lib/python3.12/site-packages/neuronxcc/private_nkl/transpose.py:32:20: warning: 'neuronxcc.private_nkl.utils.StackAllocator.sizeinbytes' is from the 'neuronxcc' package which is not supported in NKI kernels; use the 'nki' package instead
  return (98304 // sizeinbytes(dtype)) // 2
                   ^
/opt/aws_neuronx_venv_pytorch_inference_vllm_0_16/lib/python3.12/site-packages/neuronxcc/private_nkl/transpose.py:886:29: warning: 'neuronxcc.private_nkl.utils.kernel_helpers.get_program_sharding_info' is from the 'neuronxcc' package which is not supported in NKI kernels; use the 'nki' package instead
  _, num_shards, shard_id = get_program_sharding_info()
                            ^
/opt/aws_neuronx_venv_pytorch_inference_vllm_0_16/lib/python3.12/site-packages/neuronxcc/private_nkl/transpose.py:887:9: warning: 'neuronxcc.private_nkl.transpose._pe_transpose' is from the 'neuronxcc' package which is not supported in NKI kernels; use the 'nki' package instead
  out = _pe_transpose(in_tensor, in_shape, permutation, out_dtype, num_shards, shard_id)
        ^
/opt/aws_neuronx_venv_pytorch_inference_vllm_0_16/lib/python3.12/site-packages/neuronxcc/private_nkl/transpose_utils.py:71:10: warning: 'neuronxcc.private_nkl.transpose_utils.is_valid_permutation' is from the 'neuronxcc' package which is not supported in NKI kernels; use the 'nki' package instead
  if not is_valid_permutation(permutation):
         ^
/opt/aws_neuronx_venv_pytorch_inference_vllm_0_16/lib/python3.12/site-packages/neuronxcc/private_nkl/utils/tiled_range.py:66:23: warning: 'neuronxcc.private_nkl.utils.tiled_range.TiledRangeIterator' is from the 'neuronxcc' package which is not supported in NKI kernels; use the 'nki' package instead
  if isinstance(size, TiledRangeIterator):
                      ^
/opt/aws_neuronx_venv_pytorch_inference_vllm_0_16/lib/python3.12/site-packages/neuronxcc/private_nkl/utils/tiled_range.py:84:22: warning: 'neuronxcc.private_nkl.utils.tiled_range.TiledRangeIterator' is from the 'neuronxcc' package which is not supported in NKI kernels; use the 'nki' package instead
    iterators.append(TiledRangeIterator(current_tile_size, i, base_offset + relative_offset))
                     ^
/opt/aws_neuronx_venv_pytorch_inference_vllm_0_16/lib/python3.12/site-packages/neuronxcc/private_nkl/transpose.py:458:17: warning: 'neuronxcc.private_nkl.utils.tiled_range.TiledRange' is from the 'neuronxcc' package which is not supported in NKI kernels; use the 'nki' package instead
  I_128_tiles = TiledRange(I_tile, nl.tile_size.pmax)
                ^
/opt/aws_neuronx_venv_pytorch_inference_vllm_0_16/lib/python3.12/site-packages/neuronxcc/private_nkl/transpose.py:465:33: warning: 'neuronxcc.private_nkl.utils.tiled_range.TiledRange' is from the 'neuronxcc' package which is not supported in NKI kernels; use the 'nki' package instead
    for vectorization_factor in TiledRange(num_full_128_tiles_per_I_tile, VECTORIZATION_FACTOR):
                                ^
/opt/aws_neuronx_venv_pytorch_inference_vllm_0_16/lib/python3.12/site-packages/neuronxcc/private_nkl/transpose.py:284:16: warning: 'neuronxcc.private_nkl.transpose.max_f_size' is from the 'neuronxcc' package which is not supported in NKI kernels; use the 'nki' package instead
  MAX_F_SIZE = max_f_size(dtype)
               ^
/opt/aws_neuronx_venv_pytorch_inference_vllm_0_16/lib/python3.12/site-packages/neuronxcc/private_nkl/transpose.py:289:15: warning: 'neuronxcc.private_nkl.transpose_utils.next_multiple' is from the 'neuronxcc' package which is not supported in NKI kernels; use the 'nki' package instead
    return I, next_multiple(min(J, MAX_F_SIZE), 128)
              ^
/opt/aws_neuronx_venv_pytorch_inference_vllm_0_16/lib/python3.12/site-packages/neuronxcc/private_nkl/transpose.py:291:12: warning: 'neuronxcc.private_nkl.transpose_utils.next_multiple' is from the 'neuronxcc' package which is not supported in NKI kernels; use the 'nki' package instead
    return next_multiple(min(I, MAX_F_SIZE), 128), J
           ^
/opt/aws_neuronx_venv_pytorch_inference_vllm_0_16/lib/python3.12/site-packages/neuronxcc/private_nkl/transpose.py:302:19: warning: 'neuronxcc.private_nkl.transpose_utils.next_multiple' is from the 'neuronxcc' package which is not supported in NKI kernels; use the 'nki' package instead
    I_tile_size = next_multiple(I_tile_size, 128)
                  ^
/opt/aws_neuronx_venv_pytorch_inference_vllm_0_16/lib/python3.12/site-packages/neuronxcc/private_nkl/transpose.py:303:19: warning: 'neuronxcc.private_nkl.transpose_utils.next_multiple' is from the 'neuronxcc' package which is not supported in NKI kernels; use the 'nki' package instead
    J_tile_size = next_multiple(J_tile_size, 128)
                  ^
/opt/aws_neuronx_venv_pytorch_inference_vllm_0_16/lib/python3.12/site-packages/neuronxcc/private_nkl/transpose.py:681:17: warning: 'neuronxcc.private_nkl.utils.tiled_range.TiledRange' is from the 'neuronxcc' package which is not supported in NKI kernels; use the 'nki' package instead
  J_128_tiles = TiledRange(J_tile, nl.tile_size.pmax)
                ^
/opt/aws_neuronx_venv_pytorch_inference_vllm_0_16/lib/python3.12/site-packages/neuronxcc/private_nkl/transpose.py:688:33: warning: 'neuronxcc.private_nkl.utils.tiled_range.TiledRange' is from the 'neuronxcc' package which is not supported in NKI kernels; use the 'nki' package instead
    for vectorization_factor in TiledRange(num_full_128_tiles_per_J_tile, VECTORIZATION_FACTOR):
                                ^
/opt/aws_neuronx_venv_pytorch_inference_vllm_0_16/lib/python3.12/site-packages/neuronxcc/private_nkl/transpose.py:751:3: warning: 'neuronxcc.private_nkl.transpose.check_input_transpose' is from the 'neuronxcc' package which is not supported in NKI kernels; use the 'nki' package instead
  check_input_transpose(in_tensor, in_shape, permutation)
  ^
/opt/aws_neuronx_venv_pytorch_inference_vllm_0_16/lib/python3.12/site-packages/neuronxcc/private_nkl/transpose.py:757:33: warning: 'neuronxcc.private_nkl.transpose_utils.permutation_reduction' is from the 'neuronxcc' package which is not supported in NKI kernels; use the 'nki' package instead
  reduced_perm, reduced_shape = permutation_reduction(in_shape, permutation)
                                ^
/opt/aws_neuronx_venv_pytorch_inference_vllm_0_16/lib/python3.12/site-packages/neuronxcc/private_nkl/transpose.py:758:10: warning: 'neuronxcc.private_nkl.transpose_utils.permutes_last_two_dims' is from the 'neuronxcc' package which is not supported in NKI kernels; use the 'nki' package instead
  assert permutes_last_two_dims(reduced_perm), f"must permutate last two dims, got {reduced_perm}"
         ^
/opt/aws_neuronx_venv_pytorch_inference_vllm_0_16/lib/python3.12/site-packages/neuronxcc/private_nkl/transpose.py:763:11: warning: 'neuronxcc.private_nkl.transpose._str_to_dtype' is from the 'neuronxcc' package which is not supported in NKI kernels; use the 'nki' package instead
    dtype=_str_to_dtype(out_dtype),
          ^
/opt/aws_neuronx_venv_pytorch_inference_vllm_0_16/lib/python3.12/site-packages/neuronxcc/private_nkl/transpose.py:764:12: warning: 'neuronxcc.private_nkl.transpose_utils._get_hbm_buffer' is from the 'neuronxcc' package which is not supported in NKI kernels; use the 'nki' package instead
    buffer=_get_hbm_buffer(),
           ^
/opt/aws_neuronx_venv_pytorch_inference_vllm_0_16/lib/python3.12/site-packages/neuronxcc/private_nkl/transpose.py:767:3: warning: 'neuronxcc.private_nkl.transpose._pe_transpose_impl' is from the 'neuronxcc' package which is not supported in NKI kernels; use the 'nki' package instead
  _pe_transpose_impl(in_tensor, out_tensor, num_shards, shard_id)
  ^
/opt/aws_neuronx_venv_pytorch_inference_vllm_0_16/lib/python3.12/site-packages/neuronxcc/private_nkl/transpose.py:373:25: warning: 'neuronxcc.private_nkl.transpose_utils.n_elts' is from the 'neuronxcc' package which is not supported in NKI kernels; use the 'nki' package instead
  flattened_B_dim = int(n_elts(in_shape[:-2])) if in_shape[:-2] else 1
                        ^
/opt/aws_neuronx_venv_pytorch_inference_vllm_0_16/lib/python3.12/site-packages/neuronxcc/private_nkl/transpose.py:378:30: warning: 'neuronxcc.private_nkl.transpose._pe_optimal_tile_sizes' is from the 'neuronxcc' package which is not supported in NKI kernels; use the 'nki' package instead
  I_tile_size, J_tile_size = _pe_optimal_tile_sizes(I, J, in_tensor.dtype)
                             ^
/opt/aws_neuronx_venv_pytorch_inference_vllm_0_16/lib/python3.12/site-packages/neuronxcc/private_nkl/transpose.py:381:17: warning: 'neuronxcc.private_nkl.utils.kernel_helpers.div_ceil' is from the 'neuronxcc' package which is not supported in NKI kernels; use the 'nki' package instead
  b_per_shard = div_ceil(flattened_B_dim, num_shards)
                ^
/opt/aws_neuronx_venv_pytorch_inference_vllm_0_16/lib/python3.12/site-packages/neuronxcc/private_nkl/transpose.py:384:19: warning: 'neuronxcc.private_nkl.transpose._to_compute_dtype' is from the 'neuronxcc' package which is not supported in NKI kernels; use the 'nki' package instead
  compute_dtype = _to_compute_dtype(in_tensor.dtype)
                  ^
/opt/aws_neuronx_venv_pytorch_inference_vllm_0_16/lib/python3.12/site-packages/neuronxcc/private_nkl/transpose.py:398:19: warning: 'neuronxcc.private_nkl.utils.tiled_range.TiledRange' is from the 'neuronxcc' package which is not supported in NKI kernels; use the 'nki' package instead
    for I_tile in TiledRange(I, I_tile_size):
                  ^
/opt/aws_neuronx_venv_pytorch_inference_vllm_0_16/lib/python3.12/site-packages/neuronxcc/private_nkl/transpose.py:399:21: warning: 'neuronxcc.private_nkl.utils.tiled_range.TiledRange' is from the 'neuronxcc' package which is not supported in NKI kernels; use the 'nki' package instead
      for J_tile in TiledRange(J, J_tile_size):
                    ^
/opt/aws_neuronx_venv_pytorch_inference_vllm_0_16/lib/python3.12/site-packages/neuronxcc/private_nkl/transpose.py:400:23: warning: 'neuronxcc.private_nkl.utils.tiled_range.TiledRange' is from the 'neuronxcc' package which is not supported in NKI kernels; use the 'nki' package instead
        I_128_tiles = TiledRange(I_tile, nl.tile_size.pmax)
                      ^
/opt/aws_neuronx_venv_pytorch_inference_vllm_0_16/lib/python3.12/site-packages/neuronxcc/private_nkl/transpose.py:405:23: warning: 'neuronxcc.private_nkl.utils.tiled_range.TiledRange' is from the 'neuronxcc' package which is not supported in NKI kernels; use the 'nki' package instead
        J_128_tiles = TiledRange(J_tile, nl.tile_size.pmax)
                      ^
/opt/aws_neuronx_venv_pytorch_inference_vllm_0_16/lib/python3.12/site-packages/neuronxcc/private_nkl/transpose.py:411:9: warning: 'neuronxcc.private_nkl.transpose._pe_load_tile' is from the 'neuronxcc' package which is not supported in NKI kernels; use the 'nki' package instead
        _pe_load_tile(
        ^
/opt/aws_neuronx_venv_pytorch_inference_vllm_0_16/lib/python3.12/site-packages/neuronxcc/private_nkl/transpose.py:422:11: warning: 'neuronxcc.private_nkl.transpose._pe_transpose_tile_I_vectorized' is from the 'neuronxcc' package which is not supported in NKI kernels; use the 'nki' package instead
          _pe_transpose_tile_I_vectorized(
          ^
/opt/aws_neuronx_venv_pytorch_inference_vllm_0_16/lib/python3.12/site-packages/neuronxcc/private_nkl/transpose.py:430:11: warning: 'neuronxcc.private_nkl.transpose._pe_transpose_tile_J_vectorized' is from the 'neuronxcc' package which is not supported in NKI kernels; use the 'nki' package instead
          _pe_transpose_tile_J_vectorized(
          ^
/opt/aws_neuronx_venv_pytorch_inference_vllm_0_16/lib/python3.12/site-packages/neuronxcc/private_nkl/transpose.py:438:9: warning: 'neuronxcc.private_nkl.transpose._pe_store_tile' is from the 'neuronxcc' package which is not supported in NKI kernels; use the 'nki' package instead
        _pe_store_tile(
        ^
/opt/aws_neuronx_venv_pytorch_inference_vllm_0_16/lib/python3.12/site-packages/neuronxcc/private_nkl/transpose.py:527:17: warning: 'neuronxcc.private_nkl.utils.tiled_range.TiledRange' is from the 'neuronxcc' package which is not supported in NKI kernels; use the 'nki' package instead
  I_128_tiles = TiledRange(I_tile, nl.tile_size.pmax)
                ^
/opt/aws_neuronx_venv_pytorch_inference_vllm_0_16/lib/python3.12/site-packages/neuronxcc/private_nkl/transpose.py:529:17: warning: 'neuronxcc.private_nkl.utils.tiled_range.TiledRange' is from the 'neuronxcc' package which is not supported in NKI kernels; use the 'nki' package instead
  J_128_tiles = TiledRange(J_tile, nl.tile_size.pmax)
                ^
/opt/aws_neuronx_venv_pytorch_inference_vllm_0_16/lib/python3.12/site-packages/neuronxcc/private_nkl/transpose.py:538:21: warning: 'neuronxcc.private_nkl.utils.tiled_range.TiledRange' is from the 'neuronxcc' package which is not supported in NKI kernels; use the 'nki' package instead
  for J_128_tile in TiledRange(J_tile.size, nl.tile_size.pmax):
                    ^
/opt/aws_neuronx_venv_pytorch_inference_vllm_0_16/lib/python3.12/site-packages/neuronxcc/private_nkl/transpose.py:539:23: warning: 'neuronxcc.private_nkl.utils.tiled_range.TiledRange' is from the 'neuronxcc' package which is not supported in NKI kernels; use the 'nki' package instead
    for I_512_tile in TiledRange(I_tile.size, nl.tile_size.psum_fmax):
                      ^
/opt/aws_neuronx_venv_pytorch_inference_vllm_0_16/lib/python3.12/site-packages/neuronxcc/private_nkl/transpose.py:551:25: warning: 'neuronxcc.private_nkl.utils.tiled_range.TiledRange' is from the 'neuronxcc' package which is not supported in NKI kernels; use the 'nki' package instead
      for I_128_tile in TiledRange(I_512_tile, nl.tile_size.pmax):
                        ^
/opt/aws_neuronx_venv_pytorch_inference_vllm_0_16/lib/python3.12/site-packages/neuronxcc/private_nkl/transpose.py:569:7: warning: 'neuronxcc.private_nkl.transpose._copy_with_engine' is from the 'neuronxcc' package which is not supported in NKI kernels; use the 'nki' package instead
      _copy_with_engine(
      ^
/opt/aws_neuronx_venv_pytorch_inference_vllm_0_16/lib/python3.12/site-packages/neuronxcc/private_nkl/transpose.py:586:17: warning: 'neuronxcc.private_nkl.utils.tiled_range.TiledRange' is from the 'neuronxcc' package which is not supported in NKI kernels; use the 'nki' package instead
  I_128_tiles = TiledRange(I_tile, nl.tile_size.pmax)
                ^
/opt/aws_neuronx_venv_pytorch_inference_vllm_0_16/lib/python3.12/site-packages/neuronxcc/private_nkl/transpose.py:588:17: warning: 'neuronxcc.private_nkl.utils.tiled_range.TiledRange' is from the 'neuronxcc' package which is not supported in NKI kernels; use the 'nki' package instead
  J_128_tiles = TiledRange(J_tile, nl.tile_size.pmax)
                ^
/opt/aws_neuronx_venv_pytorch_inference_vllm_0_16/lib/python3.12/site-packages/neuronxcc/private_nkl/transpose.py:596:21: warning: 'neuronxcc.private_nkl.utils.tiled_range.TiledRange' is from the 'neuronxcc' package which is not supported in NKI kernels; use the 'nki' package instead
  for I_128_tile in TiledRange(I_tile.size, nl.tile_size.pmax):
                    ^
/opt/aws_neuronx_venv_pytorch_inference_vllm_0_16/lib/python3.12/site-packages/neuronxcc/private_nkl/transpose.py:597:23: warning: 'neuronxcc.private_nkl.utils.tiled_range.TiledRange' is from the 'neuronxcc' package which is not supported in NKI kernels; use the 'nki' package instead
    for J_512_tile in TiledRange(J_tile.size, nl.tile_size.psum_fmax):
                      ^
/opt/aws_neuronx_venv_pytorch_inference_vllm_0_16/lib/python3.12/site-packages/neuronxcc/private_nkl/transpose.py:609:25: warning: 'neuronxcc.private_nkl.utils.tiled_range.TiledRange' is from the 'neuronxcc' package which is not supported in NKI kernels; use the 'nki' package instead
      for J_128_tile in TiledRange(J_512_tile, nl.tile_size.pmax):
                        ^
/opt/aws_neuronx_venv_pytorch_inference_vllm_0_16/lib/python3.12/site-packages/neuronxcc/private_nkl/transpose.py:628:9: warning: 'neuronxcc.private_nkl.transpose._copy_with_engine' is from the 'neuronxcc' package which is not supported in NKI kernels; use the 'nki' package instead
        _copy_with_engine(
        ^
/opt/aws_neuronx_venv_pytorch_inference_vllm_0_16/lib/python3.12/site-packages/neuronxcc/private_nkl/transpose.py:652:9: warning: 'neuronxcc.private_nkl.transpose._copy_with_engine' is from the 'neuronxcc' package which is not supported in NKI kernels; use the 'nki' package instead
        _copy_with_engine(
        ^
/opt/aws_neuronx_venv_pytorch_inference_vllm_0_16/lib/python3.12/site-packages/neuronxcc/private_nkl/transpose.py:38:10: warning: 'neuronxcc.private_nkl.transpose_utils.is_valid_permutation' is from the 'neuronxcc' package which is not supported in NKI kernels; use the 'nki' package instead
  assert is_valid_permutation(permutation), "input permutation is invalid"
         ^
/opt/aws_neuronx_venv_pytorch_inference_vllm_0_16/lib/python3.12/site-packages/neuronxcc/private_nkl/transpose.py:41:10: warning: 'neuronxcc.private_nkl.transpose_utils.n_elts' is from the 'neuronxcc' package which is not supported in NKI kernels; use the 'nki' package instead
  assert n_elts(in_shape) == n_elts(in_tensor.shape), "tensor shape is invalid"
         ^
/opt/aws_neuronx_venv_pytorch_inference_vllm_0_16/lib/python3.12/site-packages/neuronxcc/private_nkl/transpose.py:41:30: warning: 'neuronxcc.private_nkl.transpose_utils.n_elts' is from the 'neuronxcc' package which is not supported in NKI kernels; use the 'nki' package instead
  assert n_elts(in_shape) == n_elts(in_tensor.shape), "tensor shape is invalid"
                             ^
/opt/aws_neuronx_venv_pytorch_inference_vllm_0_16/lib/python3.12/site-packages/neuronxcc/private_nkl/transpose.py:32:20: warning: 'neuronxcc.private_nkl.utils.StackAllocator.sizeinbytes' is from the 'neuronxcc' package which is not supported in NKI kernels; use the 'nki' package instead
  return (98304 // sizeinbytes(dtype)) // 2
                   ^
/opt/aws_neuronx_venv_pytorch_inference_vllm_0_16/lib/python3.12/site-packages/neuronxcc/private_nkl/transpose.py:886:29: warning: 'neuronxcc.private_nkl.utils.kernel_helpers.get_program_sharding_info' is from the 'neuronxcc' package which is not supported in NKI kernels; use the 'nki' package instead
  _, num_shards, shard_id = get_program_sharding_info()
                            ^
/opt/aws_neuronx_venv_pytorch_inference_vllm_0_16/lib/python3.12/site-packages/neuronxcc/private_nkl/transpose.py:887:9: warning: 'neuronxcc.private_nkl.transpose._pe_transpose' is from the 'neuronxcc' package which is not supported in NKI kernels; use the 'nki' package instead
  out = _pe_transpose(in_tensor, in_shape, permutation, out_dtype, num_shards, shard_id)
        ^
/opt/aws_neuronx_venv_pytorch_inference_vllm_0_16/lib/python3.12/site-packages/neuronxcc/private_nkl/transpose_utils.py:71:10: warning: 'neuronxcc.private_nkl.transpose_utils.is_valid_permutation' is from the 'neuronxcc' package which is not supported in NKI kernels; use the 'nki' package instead
  if not is_valid_permutation(permutation):
         ^
/opt/aws_neuronx_venv_pytorch_inference_vllm_0_16/lib/python3.12/site-packages/neuronxcc/private_nkl/utils/tiled_range.py:66:23: warning: 'neuronxcc.private_nkl.utils.tiled_range.TiledRangeIterator' is from the 'neuronxcc' package which is not supported in NKI kernels; use the 'nki' package instead
  if isinstance(size, TiledRangeIterator):
                      ^
/opt/aws_neuronx_venv_pytorch_inference_vllm_0_16/lib/python3.12/site-packages/neuronxcc/private_nkl/utils/tiled_range.py:84:22: warning: 'neuronxcc.private_nkl.utils.tiled_range.TiledRangeIterator' is from the 'neuronxcc' package which is not supported in NKI kernels; use the 'nki' package instead
    iterators.append(TiledRangeIterator(current_tile_size, i, base_offset + relative_offset))
                     ^
/opt/aws_neuronx_venv_pytorch_inference_vllm_0_16/lib/python3.12/site-packages/neuronxcc/private_nkl/transpose.py:69:16: warning: 'neuronxcc.private_nkl.transpose.max_f_size' is from the 'neuronxcc' package which is not supported in NKI kernels; use the 'nki' package instead
  MAX_F_SIZE = max_f_size(in_tensor.dtype)
               ^
/opt/aws_neuronx_venv_pytorch_inference_vllm_0_16/lib/python3.12/site-packages/neuronxcc/private_nkl/transpose.py:74:25: warning: 'neuronxcc.private_nkl.transpose_utils.n_elts' is from the 'neuronxcc' package which is not supported in NKI kernels; use the 'nki' package instead
  flattened_B_dim = int(n_elts(in_shape[:-2])) if in_shape[:-2] else 1
                        ^
/opt/aws_neuronx_venv_pytorch_inference_vllm_0_16/lib/python3.12/site-packages/neuronxcc/private_nkl/transpose.py:77:18: warning: 'neuronxcc.private_nkl.transpose_utils.factor_within_limit' is from the 'neuronxcc' package which is not supported in NKI kernels; use the 'nki' package instead
    i_division = factor_within_limit(I, MAX_F_SIZE)
                 ^
/opt/aws_neuronx_venv_pytorch_inference_vllm_0_16/lib/python3.12/site-packages/neuronxcc/private_nkl/transpose.py:79:22: warning: 'neuronxcc.private_nkl.utils.kernel_helpers.div_ceil' is from the 'neuronxcc' package which is not supported in NKI kernels; use the 'nki' package instead
    i_division_num = div_ceil(I, i_division)
                     ^
/opt/aws_neuronx_venv_pytorch_inference_vllm_0_16/lib/python3.12/site-packages/neuronxcc/private_nkl/transpose.py:87:16: warning: 'neuronxcc.private_nkl.utils.kernel_helpers.div_ceil' is from the 'neuronxcc' package which is not supported in NKI kernels; use the 'nki' package instead
  num_j_divs = div_ceil(J, j_division)
               ^
/opt/aws_neuronx_venv_pytorch_inference_vllm_0_16/lib/python3.12/site-packages/neuronxcc/private_nkl/transpose.py:91:18: warning: 'neuronxcc.private_nkl.utils.kernel_helpers.div_ceil' is from the 'neuronxcc' package which is not supported in NKI kernels; use the 'nki' package instead
    num_j_divs = div_ceil(J, j_division)
                 ^
/opt/aws_neuronx_venv_pytorch_inference_vllm_0_16/lib/python3.12/site-packages/neuronxcc/private_nkl/transpose.py:93:22: warning: 'neuronxcc.private_nkl.utils.kernel_helpers.div_ceil' is from the 'neuronxcc' package which is not supported in NKI kernels; use the 'nki' package instead
    i_division_num = div_ceil(I, i_division)
                     ^
/opt/aws_neuronx_venv_pytorch_inference_vllm_0_16/lib/python3.12/site-packages/neuronxcc/private_nkl/transpose.py:95:33: warning: 'neuronxcc.private_nkl.utils.kernel_helpers.div_ceil' is from the 'neuronxcc' package which is not supported in NKI kernels; use the 'nki' package instead
  DVE_ACT_LOAD_BALANCE_FACTOR = div_ceil(i_division, MIN_DVE_ACT_CYCLES)
                                ^
/opt/aws_neuronx_venv_pytorch_inference_vllm_0_16/lib/python3.12/site-packages/neuronxcc/private_nkl/transpose.py:97:17: warning: 'neuronxcc.private_nkl.utils.kernel_helpers.div_ceil' is from the 'neuronxcc' package which is not supported in NKI kernels; use the 'nki' package instead
  num_i_tiles = div_ceil(i_division, i_tile_size)
                ^
/opt/aws_neuronx_venv_pytorch_inference_vllm_0_16/lib/python3.12/site-packages/neuronxcc/private_nkl/transpose.py:100:13: warning: 'neuronxcc.private_nkl.utils.kernel_helpers.div_ceil' is from the 'neuronxcc' package which is not supported in NKI kernels; use the 'nki' package instead
  j_tiles = div_ceil(j_division, j_tile_size)
            ^
/opt/aws_neuronx_venv_pytorch_inference_vllm_0_16/lib/python3.12/site-packages/neuronxcc/private_nkl/transpose.py:103:17: warning: 'neuronxcc.private_nkl.utils.kernel_helpers.div_ceil' is from the 'neuronxcc' package which is not supported in NKI kernels; use the 'nki' package instead
  b_per_shard = div_ceil(flattened_B_dim, num_shards)
                ^
/opt/aws_neuronx_venv_pytorch_inference_vllm_0_16/lib/python3.12/site-packages/neuronxcc/private_nkl/transpose.py:107:17: warning: 'neuronxcc.private_nkl.utils.kernel_helpers.div_ceil' is from the 'neuronxcc' package which is not supported in NKI kernels; use the 'nki' package instead
  num_p_tiles = div_ceil(b_per_shard, MAX_P)
                ^
/opt/aws_neuronx_venv_pytorch_inference_vllm_0_16/lib/python3.12/site-packages/neuronxcc/private_nkl/transpose.py:159:13: warning: 'neuronxcc.private_nkl.transpose._copy_with_engine' is from the 'neuronxcc' package which is not supported in NKI kernels; use the 'nki' package instead
            _copy_with_engine(
            ^
/opt/aws_neuronx_venv_pytorch_inference_vllm_0_16/lib/python3.12/site-packages/neuronxcc/private_nkl/transpose.py:199:16: warning: 'neuronxcc.private_nkl.transpose.max_f_size' is from the 'neuronxcc' package which is not supported in NKI kernels; use the 'nki' package instead
  MAX_F_SIZE = max_f_size(in_tensor.dtype)
               ^
/opt/aws_neuronx_venv_pytorch_inference_vllm_0_16/lib/python3.12/site-packages/neuronxcc/private_nkl/transpose.py:204:25: warning: 'neuronxcc.private_nkl.transpose_utils.n_elts' is from the 'neuronxcc' package which is not supported in NKI kernels; use the 'nki' package instead
  flattened_B_dim = int(n_elts(in_shape[:-2])) if in_shape[:-2] else 1
                        ^
/opt/aws_neuronx_venv_pytorch_inference_vllm_0_16/lib/python3.12/site-packages/neuronxcc/private_nkl/transpose.py:207:17: warning: 'neuronxcc.private_nkl.utils.kernel_helpers.div_ceil' is from the 'neuronxcc' package which is not supported in NKI kernels; use the 'nki' package instead
  b_per_shard = div_ceil(flattened_B_dim, num_shards)
                ^
/opt/aws_neuronx_venv_pytorch_inference_vllm_0_16/lib/python3.12/site-packages/neuronxcc/private_nkl/transpose.py:211:17: warning: 'neuronxcc.private_nkl.utils.kernel_helpers.div_ceil' is from the 'neuronxcc' package which is not supported in NKI kernels; use the 'nki' package instead
  num_p_tiles = div_ceil(b_per_shard, P)
                ^
/opt/aws_neuronx_venv_pytorch_inference_vllm_0_16/lib/python3.12/site-packages/neuronxcc/private_nkl/transpose.py:218:13: warning: 'neuronxcc.private_nkl.utils.kernel_helpers.div_ceil' is from the 'neuronxcc' package which is not supported in NKI kernels; use the 'nki' package instead
  i_tiles = div_ceil(I, i_tile_size)
            ^
/opt/aws_neuronx_venv_pytorch_inference_vllm_0_16/lib/python3.12/site-packages/neuronxcc/private_nkl/transpose.py:224:19: warning: 'neuronxcc.private_nkl.utils.kernel_helpers.div_ceil' is from the 'neuronxcc' package which is not supported in NKI kernels; use the 'nki' package instead
    j_tile_size = div_ceil(J, J_LOAD_BALANCING_FACTOR)
                  ^
/opt/aws_neuronx_venv_pytorch_inference_vllm_0_16/lib/python3.12/site-packages/neuronxcc/private_nkl/transpose.py:251:9: warning: 'neuronxcc.private_nkl.transpose._copy_with_engine' is from the 'neuronxcc' package which is not supported in NKI kernels; use the 'nki' package instead
        _copy_with_engine(
        ^
/opt/aws_neuronx_venv_pytorch_inference_vllm_0_16/lib/python3.12/site-packages/neuronxcc/private_nkl/transpose.py:458:17: warning: 'neuronxcc.private_nkl.utils.tiled_range.TiledRange' is from the 'neuronxcc' package which is not supported in NKI kernels; use the 'nki' package instead
  I_128_tiles = TiledRange(I_tile, nl.tile_size.pmax)
                ^
/opt/aws_neuronx_venv_pytorch_inference_vllm_0_16/lib/python3.12/site-packages/neuronxcc/private_nkl/transpose.py:465:33: warning: 'neuronxcc.private_nkl.utils.tiled_range.TiledRange' is from the 'neuronxcc' package which is not supported in NKI kernels; use the 'nki' package instead
    for vectorization_factor in TiledRange(num_full_128_tiles_per_I_tile, VECTORIZATION_FACTOR):
                                ^
/opt/aws_neuronx_venv_pytorch_inference_vllm_0_16/lib/python3.12/site-packages/neuronxcc/private_nkl/transpose.py:284:16: warning: 'neuronxcc.private_nkl.transpose.max_f_size' is from the 'neuronxcc' package which is not supported in NKI kernels; use the 'nki' package instead
  MAX_F_SIZE = max_f_size(dtype)
               ^
/opt/aws_neuronx_venv_pytorch_inference_vllm_0_16/lib/python3.12/site-packages/neuronxcc/private_nkl/transpose.py:289:15: warning: 'neuronxcc.private_nkl.transpose_utils.next_multiple' is from the 'neuronxcc' package which is not supported in NKI kernels; use the 'nki' package instead
    return I, next_multiple(min(J, MAX_F_SIZE), 128)
              ^
/opt/aws_neuronx_venv_pytorch_inference_vllm_0_16/lib/python3.12/site-packages/neuronxcc/private_nkl/transpose.py:291:12: warning: 'neuronxcc.private_nkl.transpose_utils.next_multiple' is from the 'neuronxcc' package which is not supported in NKI kernels; use the 'nki' package instead
    return next_multiple(min(I, MAX_F_SIZE), 128), J
           ^
/opt/aws_neuronx_venv_pytorch_inference_vllm_0_16/lib/python3.12/site-packages/neuronxcc/private_nkl/transpose.py:302:19: warning: 'neuronxcc.private_nkl.transpose_utils.next_multiple' is from the 'neuronxcc' package which is not supported in NKI kernels; use the 'nki' package instead
    I_tile_size = next_multiple(I_tile_size, 128)
                  ^
/opt/aws_neuronx_venv_pytorch_inference_vllm_0_16/lib/python3.12/site-packages/neuronxcc/private_nkl/transpose.py:303:19: warning: 'neuronxcc.private_nkl.transpose_utils.next_multiple' is from the 'neuronxcc' package which is not supported in NKI kernels; use the 'nki' package instead
    J_tile_size = next_multiple(J_tile_size, 128)
                  ^
/opt/aws_neuronx_venv_pytorch_inference_vllm_0_16/lib/python3.12/site-packages/neuronxcc/private_nkl/transpose.py:681:17: warning: 'neuronxcc.private_nkl.utils.tiled_range.TiledRange' is from the 'neuronxcc' package which is not supported in NKI kernels; use the 'nki' package instead
  J_128_tiles = TiledRange(J_tile, nl.tile_size.pmax)
                ^
/opt/aws_neuronx_venv_pytorch_inference_vllm_0_16/lib/python3.12/site-packages/neuronxcc/private_nkl/transpose.py:688:33: warning: 'neuronxcc.private_nkl.utils.tiled_range.TiledRange' is from the 'neuronxcc' package which is not supported in NKI kernels; use the 'nki' package instead
    for vectorization_factor in TiledRange(num_full_128_tiles_per_J_tile, VECTORIZATION_FACTOR):
                                ^
/opt/aws_neuronx_venv_pytorch_inference_vllm_0_16/lib/python3.12/site-packages/neuronxcc/private_nkl/transpose.py:373:25: warning: 'neuronxcc.private_nkl.transpose_utils.n_elts' is from the 'neuronxcc' package which is not supported in NKI kernels; use the 'nki' package instead
  flattened_B_dim = int(n_elts(in_shape[:-2])) if in_shape[:-2] else 1
                        ^
/opt/aws_neuronx_venv_pytorch_inference_vllm_0_16/lib/python3.12/site-packages/neuronxcc/private_nkl/transpose.py:378:30: warning: 'neuronxcc.private_nkl.transpose._pe_optimal_tile_sizes' is from the 'neuronxcc' package which is not supported in NKI kernels; use the 'nki' package instead
  I_tile_size, J_tile_size = _pe_optimal_tile_sizes(I, J, in_tensor.dtype)
                             ^
/opt/aws_neuronx_venv_pytorch_inference_vllm_0_16/lib/python3.12/site-packages/neuronxcc/private_nkl/transpose.py:381:17: warning: 'neuronxcc.private_nkl.utils.kernel_helpers.div_ceil' is from the 'neuronxcc' package which is not supported in NKI kernels; use the 'nki' package instead
  b_per_shard = div_ceil(flattened_B_dim, num_shards)
                ^
/opt/aws_neuronx_venv_pytorch_inference_vllm_0_16/lib/python3.12/site-packages/neuronxcc/private_nkl/transpose.py:384:19: warning: 'neuronxcc.private_nkl.transpose._to_compute_dtype' is from the 'neuronxcc' package which is not supported in NKI kernels; use the 'nki' package instead
  compute_dtype = _to_compute_dtype(in_tensor.dtype)
                  ^
/opt/aws_neuronx_venv_pytorch_inference_vllm_0_16/lib/python3.12/site-packages/neuronxcc/private_nkl/transpose.py:398:19: warning: 'neuronxcc.private_nkl.utils.tiled_range.TiledRange' is from the 'neuronxcc' package which is not supported in NKI kernels; use the 'nki' package instead
    for I_tile in TiledRange(I, I_tile_size):
                  ^
/opt/aws_neuronx_venv_pytorch_inference_vllm_0_16/lib/python3.12/site-packages/neuronxcc/private_nkl/transpose.py:399:21: warning: 'neuronxcc.private_nkl.utils.tiled_range.TiledRange' is from the 'neuronxcc' package which is not supported in NKI kernels; use the 'nki' package instead
      for J_tile in TiledRange(J, J_tile_size):
                    ^
/opt/aws_neuronx_venv_pytorch_inference_vllm_0_16/lib/python3.12/site-packages/neuronxcc/private_nkl/transpose.py:400:23: warning: 'neuronxcc.private_nkl.utils.tiled_range.TiledRange' is from the 'neuronxcc' package which is not supported in NKI kernels; use the 'nki' package instead
        I_128_tiles = TiledRange(I_tile, nl.tile_size.pmax)
                      ^
/opt/aws_neuronx_venv_pytorch_inference_vllm_0_16/lib/python3.12/site-packages/neuronxcc/private_nkl/transpose.py:405:23: warning: 'neuronxcc.private_nkl.utils.tiled_range.TiledRange' is from the 'neuronxcc' package which is not supported in NKI kernels; use the 'nki' package instead
        J_128_tiles = TiledRange(J_tile, nl.tile_size.pmax)
                      ^
/opt/aws_neuronx_venv_pytorch_inference_vllm_0_16/lib/python3.12/site-packages/neuronxcc/private_nkl/transpose.py:411:9: warning: 'neuronxcc.private_nkl.transpose._pe_load_tile' is from the 'neuronxcc' package which is not supported in NKI kernels; use the 'nki' package instead
        _pe_load_tile(
        ^
/opt/aws_neuronx_venv_pytorch_inference_vllm_0_16/lib/python3.12/site-packages/neuronxcc/private_nkl/transpose.py:422:11: warning: 'neuronxcc.private_nkl.transpose._pe_transpose_tile_I_vectorized' is from the 'neuronxcc' package which is not supported in NKI kernels; use the 'nki' package instead
          _pe_transpose_tile_I_vectorized(
          ^
/opt/aws_neuronx_venv_pytorch_inference_vllm_0_16/lib/python3.12/site-packages/neuronxcc/private_nkl/transpose.py:430:11: warning: 'neuronxcc.private_nkl.transpose._pe_transpose_tile_J_vectorized' is from the 'neuronxcc' package which is not supported in NKI kernels; use the 'nki' package instead
          _pe_transpose_tile_J_vectorized(
          ^
/opt/aws_neuronx_venv_pytorch_inference_vllm_0_16/lib/python3.12/site-packages/neuronxcc/private_nkl/transpose.py:438:9: warning: 'neuronxcc.private_nkl.transpose._pe_store_tile' is from the 'neuronxcc' package which is not supported in NKI kernels; use the 'nki' package instead
        _pe_store_tile(
        ^
/opt/aws_neuronx_venv_pytorch_inference_vllm_0_16/lib/python3.12/site-packages/neuronxcc/private_nkl/transpose.py:527:17: warning: 'neuronxcc.private_nkl.utils.tiled_range.TiledRange' is from the 'neuronxcc' package which is not supported in NKI kernels; use the 'nki' package instead
  I_128_tiles = TiledRange(I_tile, nl.tile_size.pmax)
                ^
/opt/aws_neuronx_venv_pytorch_inference_vllm_0_16/lib/python3.12/site-packages/neuronxcc/private_nkl/transpose.py:529:17: warning: 'neuronxcc.private_nkl.utils.tiled_range.TiledRange' is from the 'neuronxcc' package which is not supported in NKI kernels; use the 'nki' package instead
  J_128_tiles = TiledRange(J_tile, nl.tile_size.pmax)
                ^
/opt/aws_neuronx_venv_pytorch_inference_vllm_0_16/lib/python3.12/site-packages/neuronxcc/private_nkl/transpose.py:538:21: warning: 'neuronxcc.private_nkl.utils.tiled_range.TiledRange' is from the 'neuronxcc' package which is not supported in NKI kernels; use the 'nki' package instead
  for J_128_tile in TiledRange(J_tile.size, nl.tile_size.pmax):
                    ^
/opt/aws_neuronx_venv_pytorch_inference_vllm_0_16/lib/python3.12/site-packages/neuronxcc/private_nkl/transpose.py:539:23: warning: 'neuronxcc.private_nkl.utils.tiled_range.TiledRange' is from the 'neuronxcc' package which is not supported in NKI kernels; use the 'nki' package instead
    for I_512_tile in TiledRange(I_tile.size, nl.tile_size.psum_fmax):
                      ^
/opt/aws_neuronx_venv_pytorch_inference_vllm_0_16/lib/python3.12/site-packages/neuronxcc/private_nkl/transpose.py:551:25: warning: 'neuronxcc.private_nkl.utils.tiled_range.TiledRange' is from the 'neuronxcc' package which is not supported in NKI kernels; use the 'nki' package instead
      for I_128_tile in TiledRange(I_512_tile, nl.tile_size.pmax):
                        ^
/opt/aws_neuronx_venv_pytorch_inference_vllm_0_16/lib/python3.12/site-packages/neuronxcc/private_nkl/transpose.py:569:7: warning: 'neuronxcc.private_nkl.transpose._copy_with_engine' is from the 'neuronxcc' package which is not supported in NKI kernels; use the 'nki' package instead
      _copy_with_engine(
      ^
/opt/aws_neuronx_venv_pytorch_inference_vllm_0_16/lib/python3.12/site-packages/neuronxcc/private_nkl/transpose.py:586:17: warning: 'neuronxcc.private_nkl.utils.tiled_range.TiledRange' is from the 'neuronxcc' package which is not supported in NKI kernels; use the 'nki' package instead
  I_128_tiles = TiledRange(I_tile, nl.tile_size.pmax)
                ^
/opt/aws_neuronx_venv_pytorch_inference_vllm_0_16/lib/python3.12/site-packages/neuronxcc/private_nkl/transpose.py:588:17: warning: 'neuronxcc.private_nkl.utils.tiled_range.TiledRange' is from the 'neuronxcc' package which is not supported in NKI kernels; use the 'nki' package instead
  J_128_tiles = TiledRange(J_tile, nl.tile_size.pmax)
                ^
/opt/aws_neuronx_venv_pytorch_inference_vllm_0_16/lib/python3.12/site-packages/neuronxcc/private_nkl/transpose.py:596:21: warning: 'neuronxcc.private_nkl.utils.tiled_range.TiledRange' is from the 'neuronxcc' package which is not supported in NKI kernels; use the 'nki' package instead
  for I_128_tile in TiledRange(I_tile.size, nl.tile_size.pmax):
                    ^
/opt/aws_neuronx_venv_pytorch_inference_vllm_0_16/lib/python3.12/site-packages/neuronxcc/private_nkl/transpose.py:597:23: warning: 'neuronxcc.private_nkl.utils.tiled_range.TiledRange' is from the 'neuronxcc' package which is not supported in NKI kernels; use the 'nki' package instead
    for J_512_tile in TiledRange(J_tile.size, nl.tile_size.psum_fmax):
                      ^
/opt/aws_neuronx_venv_pytorch_inference_vllm_0_16/lib/python3.12/site-packages/neuronxcc/private_nkl/transpose.py:609:25: warning: 'neuronxcc.private_nkl.utils.tiled_range.TiledRange' is from the 'neuronxcc' package which is not supported in NKI kernels; use the 'nki' package instead
      for J_128_tile in TiledRange(J_512_tile, nl.tile_size.pmax):
                        ^
/opt/aws_neuronx_venv_pytorch_inference_vllm_0_16/lib/python3.12/site-packages/neuronxcc/private_nkl/transpose.py:628:9: warning: 'neuronxcc.private_nkl.transpose._copy_with_engine' is from the 'neuronxcc' package which is not supported in NKI kernels; use the 'nki' package instead
        _copy_with_engine(
        ^
/opt/aws_neuronx_venv_pytorch_inference_vllm_0_16/lib/python3.12/site-packages/neuronxcc/private_nkl/transpose.py:652:9: warning: 'neuronxcc.private_nkl.transpose._copy_with_engine' is from the 'neuronxcc' package which is not supported in NKI kernels; use the 'nki' package instead
        _copy_with_engine(
        ^
/opt/aws_neuronx_venv_pytorch_inference_vllm_0_16/lib/python3.12/site-packages/neuronxcc/private_nkl/transpose.py:784:3: warning: 'neuronxcc.private_nkl.transpose.check_input_transpose' is from the 'neuronxcc' package which is not supported in NKI kernels; use the 'nki' package instead
  check_input_transpose(in_tensor, in_shape, permutation)
  ^
/opt/aws_neuronx_venv_pytorch_inference_vllm_0_16/lib/python3.12/site-packages/neuronxcc/private_nkl/transpose.py:790:33: warning: 'neuronxcc.private_nkl.transpose_utils.permutation_reduction' is from the 'neuronxcc' package which is not supported in NKI kernels; use the 'nki' package instead
  reduced_perm, reduced_shape = permutation_reduction(in_shape, permutation)
                                ^
/opt/aws_neuronx_venv_pytorch_inference_vllm_0_16/lib/python3.12/site-packages/neuronxcc/private_nkl/transpose.py:791:10: warning: 'neuronxcc.private_nkl.transpose_utils.permutes_last_two_dims' is from the 'neuronxcc' package which is not supported in NKI kernels; use the 'nki' package instead
  assert permutes_last_two_dims(reduced_perm), f"must permutate last two dims, got {reduced_perm}"
         ^
/opt/aws_neuronx_venv_pytorch_inference_vllm_0_16/lib/python3.12/site-packages/neuronxcc/private_nkl/transpose.py:796:11: warning: 'neuronxcc.private_nkl.transpose._str_to_dtype' is from the 'neuronxcc' package which is not supported in NKI kernels; use the 'nki' package instead
    dtype=_str_to_dtype(out_dtype),
          ^
/opt/aws_neuronx_venv_pytorch_inference_vllm_0_16/lib/python3.12/site-packages/neuronxcc/private_nkl/transpose.py:797:12: warning: 'neuronxcc.private_nkl.transpose_utils._get_hbm_buffer' is from the 'neuronxcc' package which is not supported in NKI kernels; use the 'nki' package instead
    buffer=_get_hbm_buffer(),
           ^
/opt/aws_neuronx_venv_pytorch_inference_vllm_0_16/lib/python3.12/site-packages/neuronxcc/private_nkl/transpose.py:805:16: warning: 'neuronxcc.private_nkl.transpose.max_f_size' is from the 'neuronxcc' package which is not supported in NKI kernels; use the 'nki' package instead
  MAX_F_SIZE = max_f_size(in_tensor.dtype)
               ^
/opt/aws_neuronx_venv_pytorch_inference_vllm_0_16/lib/python3.12/site-packages/neuronxcc/private_nkl/transpose.py:808:5: warning: 'neuronxcc.private_nkl.transpose._dve_transpose_large_cols_impl' is from the 'neuronxcc' package which is not supported in NKI kernels; use the 'nki' package instead
    _dve_transpose_large_cols_impl(in_tensor, out_tensor, num_shards, shard_id)
    ^
/opt/aws_neuronx_venv_pytorch_inference_vllm_0_16/lib/python3.12/site-packages/neuronxcc/private_nkl/transpose.py:810:5: warning: 'neuronxcc.private_nkl.transpose._dve_transpose_large_rows_impl' is from the 'neuronxcc' package which is not supported in NKI kernels; use the 'nki' package instead
    _dve_transpose_large_rows_impl(in_tensor, out_tensor, num_shards, shard_id)
    ^
/opt/aws_neuronx_venv_pytorch_inference_vllm_0_16/lib/python3.12/site-packages/neuronxcc/private_nkl/transpose.py:812:5: warning: 'neuronxcc.private_nkl.transpose._pe_transpose_impl' is from the 'neuronxcc' package which is not supported in NKI kernels; use the 'nki' package instead
    _pe_transpose_impl(in_tensor, out_tensor, num_shards, shard_id)
    ^
/opt/aws_neuronx_venv_pytorch_inference_vllm_0_16/lib/python3.12/site-packages/neuronxcc/private_nkl/transpose.py:38:10: warning: 'neuronxcc.private_nkl.transpose_utils.is_valid_permutation' is from the 'neuronxcc' package which is not supported in NKI kernels; use the 'nki' package instead
  assert is_valid_permutation(permutation), "input permutation is invalid"
         ^
/opt/aws_neuronx_venv_pytorch_inference_vllm_0_16/lib/python3.12/site-packages/neuronxcc/private_nkl/transpose.py:41:10: warning: 'neuronxcc.private_nkl.transpose_utils.n_elts' is from the 'neuronxcc' package which is not supported in NKI kernels; use the 'nki' package instead
  assert n_elts(in_shape) == n_elts(in_tensor.shape), "tensor shape is invalid"
         ^
/opt/aws_neuronx_venv_pytorch_inference_vllm_0_16/lib/python3.12/site-packages/neuronxcc/private_nkl/transpose.py:41:30: warning: 'neuronxcc.private_nkl.transpose_utils.n_elts' is from the 'neuronxcc' package which is not supported in NKI kernels; use the 'nki' package instead
  assert n_elts(in_shape) == n_elts(in_tensor.shape), "tensor shape is invalid"
                             ^
/opt/aws_neuronx_venv_pytorch_inference_vllm_0_16/lib/python3.12/site-packages/neuronxcc/private_nkl/transpose.py:32:20: warning: 'neuronxcc.private_nkl.utils.StackAllocator.sizeinbytes' is from the 'neuronxcc' package which is not supported in NKI kernels; use the 'nki' package instead
  return (98304 // sizeinbytes(dtype)) // 2
                   ^
/opt/aws_neuronx_venv_pytorch_inference_vllm_0_16/lib/python3.12/site-packages/neuronxcc/private_nkl/transpose.py:862:29: warning: 'neuronxcc.private_nkl.utils.kernel_helpers.get_program_sharding_info' is from the 'neuronxcc' package which is not supported in NKI kernels; use the 'nki' package instead
  _, num_shards, shard_id = get_program_sharding_info()
                            ^
/opt/aws_neuronx_venv_pytorch_inference_vllm_0_16/lib/python3.12/site-packages/neuronxcc/private_nkl/transpose.py:863:9: warning: 'neuronxcc.private_nkl.transpose._transpose_last_two_dims' is from the 'neuronxcc' package which is not supported in NKI kernels; use the 'nki' package instead
  out = _transpose_last_two_dims(in_tensor, in_shape, permutation, out_dtype, num_shards, shard_id)
        ^
/opt/aws_neuronx_venv_pytorch_inference_vllm_0_16/lib/python3.12/site-packages/neuronxcc/private_nkl/transpose_utils.py:71:10: warning: 'neuronxcc.private_nkl.transpose_utils.is_valid_permutation' is from the 'neuronxcc' package which is not supported in NKI kernels; use the 'nki' package instead
  if not is_valid_permutation(permutation):
         ^
/opt/aws_neuronx_venv_pytorch_inference_vllm_0_16/lib/python3.12/site-packages/neuronxcc/private_nkl/utils/tiled_range.py:66:23: warning: 'neuronxcc.private_nkl.utils.tiled_range.TiledRangeIterator' is from the 'neuronxcc' package which is not supported in NKI kernels; use the 'nki' package instead
  if isinstance(size, TiledRangeIterator):
                      ^
/opt/aws_neuronx_venv_pytorch_inference_vllm_0_16/lib/python3.12/site-packages/neuronxcc/private_nkl/utils/tiled_range.py:84:22: warning: 'neuronxcc.private_nkl.utils.tiled_range.TiledRangeIterator' is from the 'neuronxcc' package which is not supported in NKI kernels; use the 'nki' package instead
    iterators.append(TiledRangeIterator(current_tile_size, i, base_offset + relative_offset))
                     ^
/opt/aws_neuronx_venv_pytorch_inference_vllm_0_16/lib/python3.12/site-packages/neuronxcc/private_nkl/transpose.py:458:17: warning: 'neuronxcc.private_nkl.utils.tiled_range.TiledRange' is from the 'neuronxcc' package which is not supported in NKI kernels; use the 'nki' package instead
  I_128_tiles = TiledRange(I_tile, nl.tile_size.pmax)
                ^
/opt/aws_neuronx_venv_pytorch_inference_vllm_0_16/lib/python3.12/site-packages/neuronxcc/private_nkl/transpose.py:465:33: warning: 'neuronxcc.private_nkl.utils.tiled_range.TiledRange' is from the 'neuronxcc' package which is not supported in NKI kernels; use the 'nki' package instead
    for vectorization_factor in TiledRange(num_full_128_tiles_per_I_tile, VECTORIZATION_FACTOR):
                                ^
/opt/aws_neuronx_venv_pytorch_inference_vllm_0_16/lib/python3.12/site-packages/neuronxcc/private_nkl/transpose.py:284:16: warning: 'neuronxcc.private_nkl.transpose.max_f_size' is from the 'neuronxcc' package which is not supported in NKI kernels; use the 'nki' package instead
  MAX_F_SIZE = max_f_size(dtype)
               ^
/opt/aws_neuronx_venv_pytorch_inference_vllm_0_16/lib/python3.12/site-packages/neuronxcc/private_nkl/transpose.py:289:15: warning: 'neuronxcc.private_nkl.transpose_utils.next_multiple' is from the 'neuronxcc' package which is not supported in NKI kernels; use the 'nki' package instead
    return I, next_multiple(min(J, MAX_F_SIZE), 128)
              ^
/opt/aws_neuronx_venv_pytorch_inference_vllm_0_16/lib/python3.12/site-packages/neuronxcc/private_nkl/transpose.py:291:12: warning: 'neuronxcc.private_nkl.transpose_utils.next_multiple' is from the 'neuronxcc' package which is not supported in NKI kernels; use the 'nki' package instead
    return next_multiple(min(I, MAX_F_SIZE), 128), J
           ^
/opt/aws_neuronx_venv_pytorch_inference_vllm_0_16/lib/python3.12/site-packages/neuronxcc/private_nkl/transpose.py:302:19: warning: 'neuronxcc.private_nkl.transpose_utils.next_multiple' is from the 'neuronxcc' package which is not supported in NKI kernels; use the 'nki' package instead
    I_tile_size = next_multiple(I_tile_size, 128)
                  ^
/opt/aws_neuronx_venv_pytorch_inference_vllm_0_16/lib/python3.12/site-packages/neuronxcc/private_nkl/transpose.py:303:19: warning: 'neuronxcc.private_nkl.transpose_utils.next_multiple' is from the 'neuronxcc' package which is not supported in NKI kernels; use the 'nki' package instead
    J_tile_size = next_multiple(J_tile_size, 128)
                  ^
/opt/aws_neuronx_venv_pytorch_inference_vllm_0_16/lib/python3.12/site-packages/neuronxcc/private_nkl/transpose.py:681:17: warning: 'neuronxcc.private_nkl.utils.tiled_range.TiledRange' is from the 'neuronxcc' package which is not supported in NKI kernels; use the 'nki' package instead
  J_128_tiles = TiledRange(J_tile, nl.tile_size.pmax)
                ^
/opt/aws_neuronx_venv_pytorch_inference_vllm_0_16/lib/python3.12/site-packages/neuronxcc/private_nkl/transpose.py:688:33: warning: 'neuronxcc.private_nkl.utils.tiled_range.TiledRange' is from the 'neuronxcc' package which is not supported in NKI kernels; use the 'nki' package instead
    for vectorization_factor in TiledRange(num_full_128_tiles_per_J_tile, VECTORIZATION_FACTOR):
                                ^
/opt/aws_neuronx_venv_pytorch_inference_vllm_0_16/lib/python3.12/site-packages/neuronxcc/private_nkl/transpose.py:751:3: warning: 'neuronxcc.private_nkl.transpose.check_input_transpose' is from the 'neuronxcc' package which is not supported in NKI kernels; use the 'nki' package instead
  check_input_transpose(in_tensor, in_shape, permutation)
  ^
/opt/aws_neuronx_venv_pytorch_inference_vllm_0_16/lib/python3.12/site-packages/neuronxcc/private_nkl/transpose.py:757:33: warning: 'neuronxcc.private_nkl.transpose_utils.permutation_reduction' is from the 'neuronxcc' package which is not supported in NKI kernels; use the 'nki' package instead
  reduced_perm, reduced_shape = permutation_reduction(in_shape, permutation)
                                ^
/opt/aws_neuronx_venv_pytorch_inference_vllm_0_16/lib/python3.12/site-packages/neuronxcc/private_nkl/transpose.py:758:10: warning: 'neuronxcc.private_nkl.transpose_utils.permutes_last_two_dims' is from the 'neuronxcc' package which is not supported in NKI kernels; use the 'nki' package instead
  assert permutes_last_two_dims(reduced_perm), f"must permutate last two dims, got {reduced_perm}"
         ^
/opt/aws_neuronx_venv_pytorch_inference_vllm_0_16/lib/python3.12/site-packages/neuronxcc/private_nkl/transpose.py:763:11: warning: 'neuronxcc.private_nkl.transpose._str_to_dtype' is from the 'neuronxcc' package which is not supported in NKI kernels; use the 'nki' package instead
    dtype=_str_to_dtype(out_dtype),
          ^
/opt/aws_neuronx_venv_pytorch_inference_vllm_0_16/lib/python3.12/site-packages/neuronxcc/private_nkl/transpose.py:764:12: warning: 'neuronxcc.private_nkl.transpose_utils._get_hbm_buffer' is from the 'neuronxcc' package which is not supported in NKI kernels; use the 'nki' package instead
    buffer=_get_hbm_buffer(),
           ^
/opt/aws_neuronx_venv_pytorch_inference_vllm_0_16/lib/python3.12/site-packages/neuronxcc/private_nkl/transpose.py:767:3: warning: 'neuronxcc.private_nkl.transpose._pe_transpose_impl' is from the 'neuronxcc' package which is not supported in NKI kernels; use the 'nki' package instead
  _pe_transpose_impl(in_tensor, out_tensor, num_shards, shard_id)
  ^
/opt/aws_neuronx_venv_pytorch_inference_vllm_0_16/lib/python3.12/site-packages/neuronxcc/private_nkl/transpose.py:373:25: warning: 'neuronxcc.private_nkl.transpose_utils.n_elts' is from the 'neuronxcc' package which is not supported in NKI kernels; use the 'nki' package instead
  flattened_B_dim = int(n_elts(in_shape[:-2])) if in_shape[:-2] else 1
                        ^
/opt/aws_neuronx_venv_pytorch_inference_vllm_0_16/lib/python3.12/site-packages/neuronxcc/private_nkl/transpose.py:378:30: warning: 'neuronxcc.private_nkl.transpose._pe_optimal_tile_sizes' is from the 'neuronxcc' package which is not supported in NKI kernels; use the 'nki' package instead
  I_tile_size, J_tile_size = _pe_optimal_tile_sizes(I, J, in_tensor.dtype)
                             ^
/opt/aws_neuronx_venv_pytorch_inference_vllm_0_16/lib/python3.12/site-packages/neuronxcc/private_nkl/transpose.py:381:17: warning: 'neuronxcc.private_nkl.utils.kernel_helpers.div_ceil' is from the 'neuronxcc' package which is not supported in NKI kernels; use the 'nki' package instead
  b_per_shard = div_ceil(flattened_B_dim, num_shards)
                ^
/opt/aws_neuronx_venv_pytorch_inference_vllm_0_16/lib/python3.12/site-packages/neuronxcc/private_nkl/transpose.py:384:19: warning: 'neuronxcc.private_nkl.transpose._to_compute_dtype' is from the 'neuronxcc' package which is not supported in NKI kernels; use the 'nki' package instead
  compute_dtype = _to_compute_dtype(in_tensor.dtype)
                  ^
/opt/aws_neuronx_venv_pytorch_inference_vllm_0_16/lib/python3.12/site-packages/neuronxcc/private_nkl/transpose.py:398:19: warning: 'neuronxcc.private_nkl.utils.tiled_range.TiledRange' is from the 'neuronxcc' package which is not supported in NKI kernels; use the 'nki' package instead
    for I_tile in TiledRange(I, I_tile_size):
                  ^
/opt/aws_neuronx_venv_pytorch_inference_vllm_0_16/lib/python3.12/site-packages/neuronxcc/private_nkl/transpose.py:399:21: warning: 'neuronxcc.private_nkl.utils.tiled_range.TiledRange' is from the 'neuronxcc' package which is not supported in NKI kernels; use the 'nki' package instead
      for J_tile in TiledRange(J, J_tile_size):
                    ^
/opt/aws_neuronx_venv_pytorch_inference_vllm_0_16/lib/python3.12/site-packages/neuronxcc/private_nkl/transpose.py:400:23: warning: 'neuronxcc.private_nkl.utils.tiled_range.TiledRange' is from the 'neuronxcc' package which is not supported in NKI kernels; use the 'nki' package instead
        I_128_tiles = TiledRange(I_tile, nl.tile_size.pmax)
                      ^
/opt/aws_neuronx_venv_pytorch_inference_vllm_0_16/lib/python3.12/site-packages/neuronxcc/private_nkl/transpose.py:405:23: warning: 'neuronxcc.private_nkl.utils.tiled_range.TiledRange' is from the 'neuronxcc' package which is not supported in NKI kernels; use the 'nki' package instead
        J_128_tiles = TiledRange(J_tile, nl.tile_size.pmax)
                      ^
/opt/aws_neuronx_venv_pytorch_inference_vllm_0_16/lib/python3.12/site-packages/neuronxcc/private_nkl/transpose.py:411:9: warning: 'neuronxcc.private_nkl.transpose._pe_load_tile' is from the 'neuronxcc' package which is not supported in NKI kernels; use the 'nki' package instead
        _pe_load_tile(
        ^
/opt/aws_neuronx_venv_pytorch_inference_vllm_0_16/lib/python3.12/site-packages/neuronxcc/private_nkl/transpose.py:422:11: warning: 'neuronxcc.private_nkl.transpose._pe_transpose_tile_I_vectorized' is from the 'neuronxcc' package which is not supported in NKI kernels; use the 'nki' package instead
          _pe_transpose_tile_I_vectorized(
          ^
/opt/aws_neuronx_venv_pytorch_inference_vllm_0_16/lib/python3.12/site-packages/neuronxcc/private_nkl/transpose.py:430:11: warning: 'neuronxcc.private_nkl.transpose._pe_transpose_tile_J_vectorized' is from the 'neuronxcc' package which is not supported in NKI kernels; use the 'nki' package instead
          _pe_transpose_tile_J_vectorized(
          ^
/opt/aws_neuronx_venv_pytorch_inference_vllm_0_16/lib/python3.12/site-packages/neuronxcc/private_nkl/transpose.py:438:9: warning: 'neuronxcc.private_nkl.transpose._pe_store_tile' is from the 'neuronxcc' package which is not supported in NKI kernels; use the 'nki' package instead
        _pe_store_tile(
        ^
/opt/aws_neuronx_venv_pytorch_inference_vllm_0_16/lib/python3.12/site-packages/neuronxcc/private_nkl/transpose.py:527:17: warning: 'neuronxcc.private_nkl.utils.tiled_range.TiledRange' is from the 'neuronxcc' package which is not supported in NKI kernels; use the 'nki' package instead
  I_128_tiles = TiledRange(I_tile, nl.tile_size.pmax)
                ^
/opt/aws_neuronx_venv_pytorch_inference_vllm_0_16/lib/python3.12/site-packages/neuronxcc/private_nkl/transpose.py:529:17: warning: 'neuronxcc.private_nkl.utils.tiled_range.TiledRange' is from the 'neuronxcc' package which is not supported in NKI kernels; use the 'nki' package instead
  J_128_tiles = TiledRange(J_tile, nl.tile_size.pmax)
                ^
/opt/aws_neuronx_venv_pytorch_inference_vllm_0_16/lib/python3.12/site-packages/neuronxcc/private_nkl/transpose.py:538:21: warning: 'neuronxcc.private_nkl.utils.tiled_range.TiledRange' is from the 'neuronxcc' package which is not supported in NKI kernels; use the 'nki' package instead
  for J_128_tile in TiledRange(J_tile.size, nl.tile_size.pmax):
                    ^
/opt/aws_neuronx_venv_pytorch_inference_vllm_0_16/lib/python3.12/site-packages/neuronxcc/private_nkl/transpose.py:539:23: warning: 'neuronxcc.private_nkl.utils.tiled_range.TiledRange' is from the 'neuronxcc' package which is not supported in NKI kernels; use the 'nki' package instead
    for I_512_tile in TiledRange(I_tile.size, nl.tile_size.psum_fmax):
                      ^
/opt/aws_neuronx_venv_pytorch_inference_vllm_0_16/lib/python3.12/site-packages/neuronxcc/private_nkl/transpose.py:551:25: warning: 'neuronxcc.private_nkl.utils.tiled_range.TiledRange' is from the 'neuronxcc' package which is not supported in NKI kernels; use the 'nki' package instead
      for I_128_tile in TiledRange(I_512_tile, nl.tile_size.pmax):
                        ^
/opt/aws_neuronx_venv_pytorch_inference_vllm_0_16/lib/python3.12/site-packages/neuronxcc/private_nkl/transpose.py:569:7: warning: 'neuronxcc.private_nkl.transpose._copy_with_engine' is from the 'neuronxcc' package which is not supported in NKI kernels; use the 'nki' package instead
      _copy_with_engine(
      ^
/opt/aws_neuronx_venv_pytorch_inference_vllm_0_16/lib/python3.12/site-packages/neuronxcc/private_nkl/transpose.py:586:17: warning: 'neuronxcc.private_nkl.utils.tiled_range.TiledRange' is from the 'neuronxcc' package which is not supported in NKI kernels; use the 'nki' package instead
  I_128_tiles = TiledRange(I_tile, nl.tile_size.pmax)
                ^
/opt/aws_neuronx_venv_pytorch_inference_vllm_0_16/lib/python3.12/site-packages/neuronxcc/private_nkl/transpose.py:588:17: warning: 'neuronxcc.private_nkl.utils.tiled_range.TiledRange' is from the 'neuronxcc' package which is not supported in NKI kernels; use the 'nki' package instead
  J_128_tiles = TiledRange(J_tile, nl.tile_size.pmax)
                ^
/opt/aws_neuronx_venv_pytorch_inference_vllm_0_16/lib/python3.12/site-packages/neuronxcc/private_nkl/transpose.py:596:21: warning: 'neuronxcc.private_nkl.utils.tiled_range.TiledRange' is from the 'neuronxcc' package which is not supported in NKI kernels; use the 'nki' package instead
  for I_128_tile in TiledRange(I_tile.size, nl.tile_size.pmax):
                    ^
/opt/aws_neuronx_venv_pytorch_inference_vllm_0_16/lib/python3.12/site-packages/neuronxcc/private_nkl/transpose.py:597:23: warning: 'neuronxcc.private_nkl.utils.tiled_range.TiledRange' is from the 'neuronxcc' package which is not supported in NKI kernels; use the 'nki' package instead
    for J_512_tile in TiledRange(J_tile.size, nl.tile_size.psum_fmax):
                      ^
/opt/aws_neuronx_venv_pytorch_inference_vllm_0_16/lib/python3.12/site-packages/neuronxcc/private_nkl/transpose.py:609:25: warning: 'neuronxcc.private_nkl.utils.tiled_range.TiledRange' is from the 'neuronxcc' package which is not supported in NKI kernels; use the 'nki' package instead
      for J_128_tile in TiledRange(J_512_tile, nl.tile_size.pmax):
                        ^
/opt/aws_neuronx_venv_pytorch_inference_vllm_0_16/lib/python3.12/site-packages/neuronxcc/private_nkl/transpose.py:628:9: warning: 'neuronxcc.private_nkl.transpose._copy_with_engine' is from the 'neuronxcc' package which is not supported in NKI kernels; use the 'nki' package instead
        _copy_with_engine(
        ^
/opt/aws_neuronx_venv_pytorch_inference_vllm_0_16/lib/python3.12/site-packages/neuronxcc/private_nkl/transpose.py:652:9: warning: 'neuronxcc.private_nkl.transpose._copy_with_engine' is from the 'neuronxcc' package which is not supported in NKI kernels; use the 'nki' package instead
        _copy_with_engine(
        ^
/opt/aws_neuronx_venv_pytorch_inference_vllm_0_16/lib/python3.12/site-packages/neuronxcc/private_nkl/transpose.py:38:10: warning: 'neuronxcc.private_nkl.transpose_utils.is_valid_permutation' is from the 'neuronxcc' package which is not supported in NKI kernels; use the 'nki' package instead
  assert is_valid_permutation(permutation), "input permutation is invalid"
         ^
/opt/aws_neuronx_venv_pytorch_inference_vllm_0_16/lib/python3.12/site-packages/neuronxcc/private_nkl/transpose.py:41:10: warning: 'neuronxcc.private_nkl.transpose_utils.n_elts' is from the 'neuronxcc' package which is not supported in NKI kernels; use the 'nki' package instead
  assert n_elts(in_shape) == n_elts(in_tensor.shape), "tensor shape is invalid"
         ^
/opt/aws_neuronx_venv_pytorch_inference_vllm_0_16/lib/python3.12/site-packages/neuronxcc/private_nkl/transpose.py:41:30: warning: 'neuronxcc.private_nkl.transpose_utils.n_elts' is from the 'neuronxcc' package which is not supported in NKI kernels; use the 'nki' package instead
  assert n_elts(in_shape) == n_elts(in_tensor.shape), "tensor shape is invalid"
                             ^
/opt/aws_neuronx_venv_pytorch_inference_vllm_0_16/lib/python3.12/site-packages/neuronxcc/private_nkl/transpose.py:32:20: warning: 'neuronxcc.private_nkl.utils.StackAllocator.sizeinbytes' is from the 'neuronxcc' package which is not supported in NKI kernels; use the 'nki' package instead
  return (98304 // sizeinbytes(dtype)) // 2
                   ^
/opt/aws_neuronx_venv_pytorch_inference_vllm_0_16/lib/python3.12/site-packages/neuronxcc/private_nkl/transpose.py:886:29: warning: 'neuronxcc.private_nkl.utils.kernel_helpers.get_program_sharding_info' is from the 'neuronxcc' package which is not supported in NKI kernels; use the 'nki' package instead
  _, num_shards, shard_id = get_program_sharding_info()
                            ^
/opt/aws_neuronx_venv_pytorch_inference_vllm_0_16/lib/python3.12/site-packages/neuronxcc/private_nkl/transpose.py:887:9: warning: 'neuronxcc.private_nkl.transpose._pe_transpose' is from the 'neuronxcc' package which is not supported in NKI kernels; use the 'nki' package instead
  out = _pe_transpose(in_tensor, in_shape, permutation, out_dtype, num_shards, shard_id)
        ^
/opt/aws_neuronx_venv_pytorch_inference_vllm_0_16/lib/python3.12/site-packages/neuronxcc/private_nkl/transpose_utils.py:71:10: warning: 'neuronxcc.private_nkl.transpose_utils.is_valid_permutation' is from the 'neuronxcc' package which is not supported in NKI kernels; use the 'nki' package instead
  if not is_valid_permutation(permutation):
         ^
/opt/aws_neuronx_venv_pytorch_inference_vllm_0_16/lib/python3.12/site-packages/neuronxcc/private_nkl/utils/tiled_range.py:66:23: warning: 'neuronxcc.private_nkl.utils.tiled_range.TiledRangeIterator' is from the 'neuronxcc' package which is not supported in NKI kernels; use the 'nki' package instead
  if isinstance(size, TiledRangeIterator):
                      ^
/opt/aws_neuronx_venv_pytorch_inference_vllm_0_16/lib/python3.12/site-packages/neuronxcc/private_nkl/utils/tiled_range.py:84:22: warning: 'neuronxcc.private_nkl.utils.tiled_range.TiledRangeIterator' is from the 'neuronxcc' package which is not supported in NKI kernels; use the 'nki' package instead
    iterators.append(TiledRangeIterator(current_tile_size, i, base_offset + relative_offset))
                     ^
/opt/aws_neuronx_venv_pytorch_inference_vllm_0_16/lib/python3.12/site-packages/neuronxcc/private_nkl/transpose.py:458:17: warning: 'neuronxcc.private_nkl.utils.tiled_range.TiledRange' is from the 'neuronxcc' package which is not supported in NKI kernels; use the 'nki' package instead
  I_128_tiles = TiledRange(I_tile, nl.tile_size.pmax)
                ^
/opt/aws_neuronx_venv_pytorch_inference_vllm_0_16/lib/python3.12/site-packages/neuronxcc/private_nkl/transpose.py:465:33: warning: 'neuronxcc.private_nkl.utils.tiled_range.TiledRange' is from the 'neuronxcc' package which is not supported in NKI kernels; use the 'nki' package instead
    for vectorization_factor in TiledRange(num_full_128_tiles_per_I_tile, VECTORIZATION_FACTOR):
                                ^
/opt/aws_neuronx_venv_pytorch_inference_vllm_0_16/lib/python3.12/site-packages/neuronxcc/private_nkl/transpose.py:284:16: warning: 'neuronxcc.private_nkl.transpose.max_f_size' is from the 'neuronxcc' package which is not supported in NKI kernels; use the 'nki' package instead
  MAX_F_SIZE = max_f_size(dtype)
               ^
/opt/aws_neuronx_venv_pytorch_inference_vllm_0_16/lib/python3.12/site-packages/neuronxcc/private_nkl/transpose.py:289:15: warning: 'neuronxcc.private_nkl.transpose_utils.next_multiple' is from the 'neuronxcc' package which is not supported in NKI kernels; use the 'nki' package instead
    return I, next_multiple(min(J, MAX_F_SIZE), 128)
              ^
/opt/aws_neuronx_venv_pytorch_inference_vllm_0_16/lib/python3.12/site-packages/neuronxcc/private_nkl/transpose.py:291:12: warning: 'neuronxcc.private_nkl.transpose_utils.next_multiple' is from the 'neuronxcc' package which is not supported in NKI kernels; use the 'nki' package instead
    return next_multiple(min(I, MAX_F_SIZE), 128), J
           ^
/opt/aws_neuronx_venv_pytorch_inference_vllm_0_16/lib/python3.12/site-packages/neuronxcc/private_nkl/transpose.py:302:19: warning: 'neuronxcc.private_nkl.transpose_utils.next_multiple' is from the 'neuronxcc' package which is not supported in NKI kernels; use the 'nki' package instead
    I_tile_size = next_multiple(I_tile_size, 128)
                  ^
/opt/aws_neuronx_venv_pytorch_inference_vllm_0_16/lib/python3.12/site-packages/neuronxcc/private_nkl/transpose.py:303:19: warning: 'neuronxcc.private_nkl.transpose_utils.next_multiple' is from the 'neuronxcc' package which is not supported in NKI kernels; use the 'nki' package instead
    J_tile_size = next_multiple(J_tile_size, 128)
                  ^
/opt/aws_neuronx_venv_pytorch_inference_vllm_0_16/lib/python3.12/site-packages/neuronxcc/private_nkl/transpose.py:681:17: warning: 'neuronxcc.private_nkl.utils.tiled_range.TiledRange' is from the 'neuronxcc' package which is not supported in NKI kernels; use the 'nki' package instead
  J_128_tiles = TiledRange(J_tile, nl.tile_size.pmax)
                ^
/opt/aws_neuronx_venv_pytorch_inference_vllm_0_16/lib/python3.12/site-packages/neuronxcc/private_nkl/transpose.py:688:33: warning: 'neuronxcc.private_nkl.utils.tiled_range.TiledRange' is from the 'neuronxcc' package which is not supported in NKI kernels; use the 'nki' package instead
    for vectorization_factor in TiledRange(num_full_128_tiles_per_J_tile, VECTORIZATION_FACTOR):
                                ^
/opt/aws_neuronx_venv_pytorch_inference_vllm_0_16/lib/python3.12/site-packages/neuronxcc/private_nkl/transpose.py:751:3: warning: 'neuronxcc.private_nkl.transpose.check_input_transpose' is from the 'neuronxcc' package which is not supported in NKI kernels; use the 'nki' package instead
  check_input_transpose(in_tensor, in_shape, permutation)
  ^
/opt/aws_neuronx_venv_pytorch_inference_vllm_0_16/lib/python3.12/site-packages/neuronxcc/private_nkl/transpose.py:757:33: warning: 'neuronxcc.private_nkl.transpose_utils.permutation_reduction' is from the 'neuronxcc' package which is not supported in NKI kernels; use the 'nki' package instead
  reduced_perm, reduced_shape = permutation_reduction(in_shape, permutation)
                                ^
/opt/aws_neuronx_venv_pytorch_inference_vllm_0_16/lib/python3.12/site-packages/neuronxcc/private_nkl/transpose.py:758:10: warning: 'neuronxcc.private_nkl.transpose_utils.permutes_last_two_dims' is from the 'neuronxcc' package which is not supported in NKI kernels; use the 'nki' package instead
  assert permutes_last_two_dims(reduced_perm), f"must permutate last two dims, got {reduced_perm}"
         ^
/opt/aws_neuronx_venv_pytorch_inference_vllm_0_16/lib/python3.12/site-packages/neuronxcc/private_nkl/transpose.py:763:11: warning: 'neuronxcc.private_nkl.transpose._str_to_dtype' is from the 'neuronxcc' package which is not supported in NKI kernels; use the 'nki' package instead
    dtype=_str_to_dtype(out_dtype),
          ^
/opt/aws_neuronx_venv_pytorch_inference_vllm_0_16/lib/python3.12/site-packages/neuronxcc/private_nkl/transpose.py:764:12: warning: 'neuronxcc.private_nkl.transpose_utils._get_hbm_buffer' is from the 'neuronxcc' package which is not supported in NKI kernels; use the 'nki' package instead
    buffer=_get_hbm_buffer(),
           ^
/opt/aws_neuronx_venv_pytorch_inference_vllm_0_16/lib/python3.12/site-packages/neuronxcc/private_nkl/transpose.py:767:3: warning: 'neuronxcc.private_nkl.transpose._pe_transpose_impl' is from the 'neuronxcc' package which is not supported in NKI kernels; use the 'nki' package instead
  _pe_transpose_impl(in_tensor, out_tensor, num_shards, shard_id)
  ^
/opt/aws_neuronx_venv_pytorch_inference_vllm_0_16/lib/python3.12/site-packages/neuronxcc/private_nkl/transpose.py:373:25: warning: 'neuronxcc.private_nkl.transpose_utils.n_elts' is from the 'neuronxcc' package which is not supported in NKI kernels; use the 'nki' package instead
  flattened_B_dim = int(n_elts(in_shape[:-2])) if in_shape[:-2] else 1
                        ^
/opt/aws_neuronx_venv_pytorch_inference_vllm_0_16/lib/python3.12/site-packages/neuronxcc/private_nkl/transpose.py:378:30: warning: 'neuronxcc.private_nkl.transpose._pe_optimal_tile_sizes' is from the 'neuronxcc' package which is not supported in NKI kernels; use the 'nki' package instead
  I_tile_size, J_tile_size = _pe_optimal_tile_sizes(I, J, in_tensor.dtype)
                             ^
/opt/aws_neuronx_venv_pytorch_inference_vllm_0_16/lib/python3.12/site-packages/neuronxcc/private_nkl/transpose.py:381:17: warning: 'neuronxcc.private_nkl.utils.kernel_helpers.div_ceil' is from the 'neuronxcc' package which is not supported in NKI kernels; use the 'nki' package instead
  b_per_shard = div_ceil(flattened_B_dim, num_shards)
                ^
/opt/aws_neuronx_venv_pytorch_inference_vllm_0_16/lib/python3.12/site-packages/neuronxcc/private_nkl/transpose.py:384:19: warning: 'neuronxcc.private_nkl.transpose._to_compute_dtype' is from the 'neuronxcc' package which is not supported in NKI kernels; use the 'nki' package instead
  compute_dtype = _to_compute_dtype(in_tensor.dtype)
                  ^
/opt/aws_neuronx_venv_pytorch_inference_vllm_0_16/lib/python3.12/site-packages/neuronxcc/private_nkl/transpose.py:398:19: warning: 'neuronxcc.private_nkl.utils.tiled_range.TiledRange' is from the 'neuronxcc' package which is not supported in NKI kernels; use the 'nki' package instead
    for I_tile in TiledRange(I, I_tile_size):
                  ^
/opt/aws_neuronx_venv_pytorch_inference_vllm_0_16/lib/python3.12/site-packages/neuronxcc/private_nkl/transpose.py:399:21: warning: 'neuronxcc.private_nkl.utils.tiled_range.TiledRange' is from the 'neuronxcc' package which is not supported in NKI kernels; use the 'nki' package instead
      for J_tile in TiledRange(J, J_tile_size):
                    ^
/opt/aws_neuronx_venv_pytorch_inference_vllm_0_16/lib/python3.12/site-packages/neuronxcc/private_nkl/transpose.py:400:23: warning: 'neuronxcc.private_nkl.utils.tiled_range.TiledRange' is from the 'neuronxcc' package which is not supported in NKI kernels; use the 'nki' package instead
        I_128_tiles = TiledRange(I_tile, nl.tile_size.pmax)
                      ^
/opt/aws_neuronx_venv_pytorch_inference_vllm_0_16/lib/python3.12/site-packages/neuronxcc/private_nkl/transpose.py:405:23: warning: 'neuronxcc.private_nkl.utils.tiled_range.TiledRange' is from the 'neuronxcc' package which is not supported in NKI kernels; use the 'nki' package instead
        J_128_tiles = TiledRange(J_tile, nl.tile_size.pmax)
                      ^
/opt/aws_neuronx_venv_pytorch_inference_vllm_0_16/lib/python3.12/site-packages/neuronxcc/private_nkl/transpose.py:411:9: warning: 'neuronxcc.private_nkl.transpose._pe_load_tile' is from the 'neuronxcc' package which is not supported in NKI kernels; use the 'nki' package instead
        _pe_load_tile(
        ^
/opt/aws_neuronx_venv_pytorch_inference_vllm_0_16/lib/python3.12/site-packages/neuronxcc/private_nkl/transpose.py:422:11: warning: 'neuronxcc.private_nkl.transpose._pe_transpose_tile_I_vectorized' is from the 'neuronxcc' package which is not supported in NKI kernels; use the 'nki' package instead
          _pe_transpose_tile_I_vectorized(
          ^
/opt/aws_neuronx_venv_pytorch_inference_vllm_0_16/lib/python3.12/site-packages/neuronxcc/private_nkl/transpose.py:430:11: warning: 'neuronxcc.private_nkl.transpose._pe_transpose_tile_J_vectorized' is from the 'neuronxcc' package which is not supported in NKI kernels; use the 'nki' package instead
          _pe_transpose_tile_J_vectorized(
          ^
/opt/aws_neuronx_venv_pytorch_inference_vllm_0_16/lib/python3.12/site-packages/neuronxcc/private_nkl/transpose.py:438:9: warning: 'neuronxcc.private_nkl.transpose._pe_store_tile' is from the 'neuronxcc' package which is not supported in NKI kernels; use the 'nki' package instead
        _pe_store_tile(
        ^
/opt/aws_neuronx_venv_pytorch_inference_vllm_0_16/lib/python3.12/site-packages/neuronxcc/private_nkl/transpose.py:527:17: warning: 'neuronxcc.private_nkl.utils.tiled_range.TiledRange' is from the 'neuronxcc' package which is not supported in NKI kernels; use the 'nki' package instead
  I_128_tiles = TiledRange(I_tile, nl.tile_size.pmax)
                ^
/opt/aws_neuronx_venv_pytorch_inference_vllm_0_16/lib/python3.12/site-packages/neuronxcc/private_nkl/transpose.py:529:17: warning: 'neuronxcc.private_nkl.utils.tiled_range.TiledRange' is from the 'neuronxcc' package which is not supported in NKI kernels; use the 'nki' package instead
  J_128_tiles = TiledRange(J_tile, nl.tile_size.pmax)
                ^
/opt/aws_neuronx_venv_pytorch_inference_vllm_0_16/lib/python3.12/site-packages/neuronxcc/private_nkl/transpose.py:538:21: warning: 'neuronxcc.private_nkl.utils.tiled_range.TiledRange' is from the 'neuronxcc' package which is not supported in NKI kernels; use the 'nki' package instead
  for J_128_tile in TiledRange(J_tile.size, nl.tile_size.pmax):
                    ^
/opt/aws_neuronx_venv_pytorch_inference_vllm_0_16/lib/python3.12/site-packages/neuronxcc/private_nkl/transpose.py:539:23: warning: 'neuronxcc.private_nkl.utils.tiled_range.TiledRange' is from the 'neuronxcc' package which is not supported in NKI kernels; use the 'nki' package instead
    for I_512_tile in TiledRange(I_tile.size, nl.tile_size.psum_fmax):
                      ^
/opt/aws_neuronx_venv_pytorch_inference_vllm_0_16/lib/python3.12/site-packages/neuronxcc/private_nkl/transpose.py:551:25: warning: 'neuronxcc.private_nkl.utils.tiled_range.TiledRange' is from the 'neuronxcc' package which is not supported in NKI kernels; use the 'nki' package instead
      for I_128_tile in TiledRange(I_512_tile, nl.tile_size.pmax):
                        ^
/opt/aws_neuronx_venv_pytorch_inference_vllm_0_16/lib/python3.12/site-packages/neuronxcc/private_nkl/transpose.py:569:7: warning: 'neuronxcc.private_nkl.transpose._copy_with_engine' is from the 'neuronxcc' package which is not supported in NKI kernels; use the 'nki' package instead
      _copy_with_engine(
      ^
/opt/aws_neuronx_venv_pytorch_inference_vllm_0_16/lib/python3.12/site-packages/neuronxcc/private_nkl/transpose.py:586:17: warning: 'neuronxcc.private_nkl.utils.tiled_range.TiledRange' is from the 'neuronxcc' package which is not supported in NKI kernels; use the 'nki' package instead
  I_128_tiles = TiledRange(I_tile, nl.tile_size.pmax)
                ^
/opt/aws_neuronx_venv_pytorch_inference_vllm_0_16/lib/python3.12/site-packages/neuronxcc/private_nkl/transpose.py:588:17: warning: 'neuronxcc.private_nkl.utils.tiled_range.TiledRange' is from the 'neuronxcc' package which is not supported in NKI kernels; use the 'nki' package instead
  J_128_tiles = TiledRange(J_tile, nl.tile_size.pmax)
                ^
/opt/aws_neuronx_venv_pytorch_inference_vllm_0_16/lib/python3.12/site-packages/neuronxcc/private_nkl/transpose.py:596:21: warning: 'neuronxcc.private_nkl.utils.tiled_range.TiledRange' is from the 'neuronxcc' package which is not supported in NKI kernels; use the 'nki' package instead
  for I_128_tile in TiledRange(I_tile.size, nl.tile_size.pmax):
                    ^
/opt/aws_neuronx_venv_pytorch_inference_vllm_0_16/lib/python3.12/site-packages/neuronxcc/private_nkl/transpose.py:597:23: warning: 'neuronxcc.private_nkl.utils.tiled_range.TiledRange' is from the 'neuronxcc' package which is not supported in NKI kernels; use the 'nki' package instead
    for J_512_tile in TiledRange(J_tile.size, nl.tile_size.psum_fmax):
                      ^
/opt/aws_neuronx_venv_pytorch_inference_vllm_0_16/lib/python3.12/site-packages/neuronxcc/private_nkl/transpose.py:609:25: warning: 'neuronxcc.private_nkl.utils.tiled_range.TiledRange' is from the 'neuronxcc' package which is not supported in NKI kernels; use the 'nki' package instead
      for J_128_tile in TiledRange(J_512_tile, nl.tile_size.pmax):
                        ^
/opt/aws_neuronx_venv_pytorch_inference_vllm_0_16/lib/python3.12/site-packages/neuronxcc/private_nkl/transpose.py:628:9: warning: 'neuronxcc.private_nkl.transpose._copy_with_engine' is from the 'neuronxcc' package which is not supported in NKI kernels; use the 'nki' package instead
        _copy_with_engine(
        ^
/opt/aws_neuronx_venv_pytorch_inference_vllm_0_16/lib/python3.12/site-packages/neuronxcc/private_nkl/transpose.py:652:9: warning: 'neuronxcc.private_nkl.transpose._copy_with_engine' is from the 'neuronxcc' package which is not supported in NKI kernels; use the 'nki' package instead
        _copy_with_engine(
        ^
/opt/aws_neuronx_venv_pytorch_inference_vllm_0_16/lib/python3.12/site-packages/neuronxcc/private_nkl/transpose.py:38:10: warning: 'neuronxcc.private_nkl.transpose_utils.is_valid_permutation' is from the 'neuronxcc' package which is not supported in NKI kernels; use the 'nki' package instead
  assert is_valid_permutation(permutation), "input permutation is invalid"
         ^
/opt/aws_neuronx_venv_pytorch_inference_vllm_0_16/lib/python3.12/site-packages/neuronxcc/private_nkl/transpose.py:41:10: warning: 'neuronxcc.private_nkl.transpose_utils.n_elts' is from the 'neuronxcc' package which is not supported in NKI kernels; use the 'nki' package instead
  assert n_elts(in_shape) == n_elts(in_tensor.shape), "tensor shape is invalid"
         ^
/opt/aws_neuronx_venv_pytorch_inference_vllm_0_16/lib/python3.12/site-packages/neuronxcc/private_nkl/transpose.py:41:30: warning: 'neuronxcc.private_nkl.transpose_utils.n_elts' is from the 'neuronxcc' package which is not supported in NKI kernels; use the 'nki' package instead
  assert n_elts(in_shape) == n_elts(in_tensor.shape), "tensor shape is invalid"
                             ^
/opt/aws_neuronx_venv_pytorch_inference_vllm_0_16/lib/python3.12/site-packages/neuronxcc/private_nkl/transpose.py:32:20: warning: 'neuronxcc.private_nkl.utils.StackAllocator.sizeinbytes' is from the 'neuronxcc' package which is not supported in NKI kernels; use the 'nki' package instead
  return (98304 // sizeinbytes(dtype)) // 2
                   ^
/opt/aws_neuronx_venv_pytorch_inference_vllm_0_16/lib/python3.12/site-packages/neuronxcc/private_nkl/transpose.py:886:29: warning: 'neuronxcc.private_nkl.utils.kernel_helpers.get_program_sharding_info' is from the 'neuronxcc' package which is not supported in NKI kernels; use the 'nki' package instead
  _, num_shards, shard_id = get_program_sharding_info()
                            ^
/opt/aws_neuronx_venv_pytorch_inference_vllm_0_16/lib/python3.12/site-packages/neuronxcc/private_nkl/transpose.py:887:9: warning: 'neuronxcc.private_nkl.transpose._pe_transpose' is from the 'neuronxcc' package which is not supported in NKI kernels; use the 'nki' package instead
  out = _pe_transpose(in_tensor, in_shape, permutation, out_dtype, num_shards, shard_id)
        ^
/opt/aws_neuronx_venv_pytorch_inference_vllm_0_16/lib/python3.12/site-packages/neuronxcc/private_nkl/transpose_utils.py:71:10: warning: 'neuronxcc.private_nkl.transpose_utils.is_valid_permutation' is from the 'neuronxcc' package which is not supported in NKI kernels; use the 'nki' package instead
  if not is_valid_permutation(permutation):
         ^
/opt/aws_neuronx_venv_pytorch_inference_vllm_0_16/lib/python3.12/site-packages/neuronxcc/private_nkl/utils/tiled_range.py:66:23: warning: 'neuronxcc.private_nkl.utils.tiled_range.TiledRangeIterator' is from the 'neuronxcc' package which is not supported in NKI kernels; use the 'nki' package instead
  if isinstance(size, TiledRangeIterator):
                      ^
/opt/aws_neuronx_venv_pytorch_inference_vllm_0_16/lib/python3.12/site-packages/neuronxcc/private_nkl/utils/tiled_range.py:84:22: warning: 'neuronxcc.private_nkl.utils.tiled_range.TiledRangeIterator' is from the 'neuronxcc' package which is not supported in NKI kernels; use the 'nki' package instead
    iterators.append(TiledRangeIterator(current_tile_size, i, base_offset + relative_offset))
                     ^
/opt/aws_neuronx_venv_pytorch_inference_vllm_0_16/lib/python3.12/site-packages/neuronxcc/private_nkl/transpose.py:458:17: warning: 'neuronxcc.private_nkl.utils.tiled_range.TiledRange' is from the 'neuronxcc' package which is not supported in NKI kernels; use the 'nki' package instead
  I_128_tiles = TiledRange(I_tile, nl.tile_size.pmax)
                ^
/opt/aws_neuronx_venv_pytorch_inference_vllm_0_16/lib/python3.12/site-packages/neuronxcc/private_nkl/transpose.py:465:33: warning: 'neuronxcc.private_nkl.utils.tiled_range.TiledRange' is from the 'neuronxcc' package which is not supported in NKI kernels; use the 'nki' package instead
    for vectorization_factor in TiledRange(num_full_128_tiles_per_I_tile, VECTORIZATION_FACTOR):
                                ^
/opt/aws_neuronx_venv_pytorch_inference_vllm_0_16/lib/python3.12/site-packages/neuronxcc/private_nkl/transpose.py:284:16: warning: 'neuronxcc.private_nkl.transpose.max_f_size' is from the 'neuronxcc' package which is not supported in NKI kernels; use the 'nki' package instead
  MAX_F_SIZE = max_f_size(dtype)
               ^
/opt/aws_neuronx_venv_pytorch_inference_vllm_0_16/lib/python3.12/site-packages/neuronxcc/private_nkl/transpose.py:289:15: warning: 'neuronxcc.private_nkl.transpose_utils.next_multiple' is from the 'neuronxcc' package which is not supported in NKI kernels; use the 'nki' package instead
    return I, next_multiple(min(J, MAX_F_SIZE), 128)
              ^
/opt/aws_neuronx_venv_pytorch_inference_vllm_0_16/lib/python3.12/site-packages/neuronxcc/private_nkl/transpose.py:291:12: warning: 'neuronxcc.private_nkl.transpose_utils.next_multiple' is from the 'neuronxcc' package which is not supported in NKI kernels; use the 'nki' package instead
    return next_multiple(min(I, MAX_F_SIZE), 128), J
           ^
/opt/aws_neuronx_venv_pytorch_inference_vllm_0_16/lib/python3.12/site-packages/neuronxcc/private_nkl/transpose.py:302:19: warning: 'neuronxcc.private_nkl.transpose_utils.next_multiple' is from the 'neuronxcc' package which is not supported in NKI kernels; use the 'nki' package instead
    I_tile_size = next_multiple(I_tile_size, 128)
                  ^
/opt/aws_neuronx_venv_pytorch_inference_vllm_0_16/lib/python3.12/site-packages/neuronxcc/private_nkl/transpose.py:303:19: warning: 'neuronxcc.private_nkl.transpose_utils.next_multiple' is from the 'neuronxcc' package which is not supported in NKI kernels; use the 'nki' package instead
    J_tile_size = next_multiple(J_tile_size, 128)
                  ^
/opt/aws_neuronx_venv_pytorch_inference_vllm_0_16/lib/python3.12/site-packages/neuronxcc/private_nkl/transpose.py:681:17: warning: 'neuronxcc.private_nkl.utils.tiled_range.TiledRange' is from the 'neuronxcc' package which is not supported in NKI kernels; use the 'nki' package instead
  J_128_tiles = TiledRange(J_tile, nl.tile_size.pmax)
                ^
/opt/aws_neuronx_venv_pytorch_inference_vllm_0_16/lib/python3.12/site-packages/neuronxcc/private_nkl/transpose.py:688:33: warning: 'neuronxcc.private_nkl.utils.tiled_range.TiledRange' is from the 'neuronxcc' package which is not supported in NKI kernels; use the 'nki' package instead
    for vectorization_factor in TiledRange(num_full_128_tiles_per_J_tile, VECTORIZATION_FACTOR):
                                ^
/opt/aws_neuronx_venv_pytorch_inference_vllm_0_16/lib/python3.12/site-packages/neuronxcc/private_nkl/transpose.py:751:3: warning: 'neuronxcc.private_nkl.transpose.check_input_transpose' is from the 'neuronxcc' package which is not supported in NKI kernels; use the 'nki' package instead
  check_input_transpose(in_tensor, in_shape, permutation)
  ^
/opt/aws_neuronx_venv_pytorch_inference_vllm_0_16/lib/python3.12/site-packages/neuronxcc/private_nkl/transpose.py:757:33: warning: 'neuronxcc.private_nkl.transpose_utils.permutation_reduction' is from the 'neuronxcc' package which is not supported in NKI kernels; use the 'nki' package instead
  reduced_perm, reduced_shape = permutation_reduction(in_shape, permutation)
                                ^
/opt/aws_neuronx_venv_pytorch_inference_vllm_0_16/lib/python3.12/site-packages/neuronxcc/private_nkl/transpose.py:758:10: warning: 'neuronxcc.private_nkl.transpose_utils.permutes_last_two_dims' is from the 'neuronxcc' package which is not supported in NKI kernels; use the 'nki' package instead
  assert permutes_last_two_dims(reduced_perm), f"must permutate last two dims, got {reduced_perm}"
         ^
/opt/aws_neuronx_venv_pytorch_inference_vllm_0_16/lib/python3.12/site-packages/neuronxcc/private_nkl/transpose.py:763:11: warning: 'neuronxcc.private_nkl.transpose._str_to_dtype' is from the 'neuronxcc' package which is not supported in NKI kernels; use the 'nki' package instead
    dtype=_str_to_dtype(out_dtype),
          ^
/opt/aws_neuronx_venv_pytorch_inference_vllm_0_16/lib/python3.12/site-packages/neuronxcc/private_nkl/transpose.py:764:12: warning: 'neuronxcc.private_nkl.transpose_utils._get_hbm_buffer' is from the 'neuronxcc' package which is not supported in NKI kernels; use the 'nki' package instead
    buffer=_get_hbm_buffer(),
           ^
/opt/aws_neuronx_venv_pytorch_inference_vllm_0_16/lib/python3.12/site-packages/neuronxcc/private_nkl/transpose.py:767:3: warning: 'neuronxcc.private_nkl.transpose._pe_transpose_impl' is from the 'neuronxcc' package which is not supported in NKI kernels; use the 'nki' package instead
  _pe_transpose_impl(in_tensor, out_tensor, num_shards, shard_id)
  ^
/opt/aws_neuronx_venv_pytorch_inference_vllm_0_16/lib/python3.12/site-packages/neuronxcc/private_nkl/transpose.py:373:25: warning: 'neuronxcc.private_nkl.transpose_utils.n_elts' is from the 'neuronxcc' package which is not supported in NKI kernels; use the 'nki' package instead
  flattened_B_dim = int(n_elts(in_shape[:-2])) if in_shape[:-2] else 1
                        ^
/opt/aws_neuronx_venv_pytorch_inference_vllm_0_16/lib/python3.12/site-packages/neuronxcc/private_nkl/transpose.py:378:30: warning: 'neuronxcc.private_nkl.transpose._pe_optimal_tile_sizes' is from the 'neuronxcc' package which is not supported in NKI kernels; use the 'nki' package instead
  I_tile_size, J_tile_size = _pe_optimal_tile_sizes(I, J, in_tensor.dtype)
                             ^
/opt/aws_neuronx_venv_pytorch_inference_vllm_0_16/lib/python3.12/site-packages/neuronxcc/private_nkl/transpose.py:381:17: warning: 'neuronxcc.private_nkl.utils.kernel_helpers.div_ceil' is from the 'neuronxcc' package which is not supported in NKI kernels; use the 'nki' package instead
  b_per_shard = div_ceil(flattened_B_dim, num_shards)
                ^
/opt/aws_neuronx_venv_pytorch_inference_vllm_0_16/lib/python3.12/site-packages/neuronxcc/private_nkl/transpose.py:384:19: warning: 'neuronxcc.private_nkl.transpose._to_compute_dtype' is from the 'neuronxcc' package which is not supported in NKI kernels; use the 'nki' package instead
  compute_dtype = _to_compute_dtype(in_tensor.dtype)
                  ^
/opt/aws_neuronx_venv_pytorch_inference_vllm_0_16/lib/python3.12/site-packages/neuronxcc/private_nkl/transpose.py:398:19: warning: 'neuronxcc.private_nkl.utils.tiled_range.TiledRange' is from the 'neuronxcc' package which is not supported in NKI kernels; use the 'nki' package instead
    for I_tile in TiledRange(I, I_tile_size):
                  ^
/opt/aws_neuronx_venv_pytorch_inference_vllm_0_16/lib/python3.12/site-packages/neuronxcc/private_nkl/transpose.py:399:21: warning: 'neuronxcc.private_nkl.utils.tiled_range.TiledRange' is from the 'neuronxcc' package which is not supported in NKI kernels; use the 'nki' package instead
      for J_tile in TiledRange(J, J_tile_size):
                    ^
/opt/aws_neuronx_venv_pytorch_inference_vllm_0_16/lib/python3.12/site-packages/neuronxcc/private_nkl/transpose.py:400:23: warning: 'neuronxcc.private_nkl.utils.tiled_range.TiledRange' is from the 'neuronxcc' package which is not supported in NKI kernels; use the 'nki' package instead
        I_128_tiles = TiledRange(I_tile, nl.tile_size.pmax)
                      ^
/opt/aws_neuronx_venv_pytorch_inference_vllm_0_16/lib/python3.12/site-packages/neuronxcc/private_nkl/transpose.py:405:23: warning: 'neuronxcc.private_nkl.utils.tiled_range.TiledRange' is from the 'neuronxcc' package which is not supported in NKI kernels; use the 'nki' package instead
        J_128_tiles = TiledRange(J_tile, nl.tile_size.pmax)
                      ^
/opt/aws_neuronx_venv_pytorch_inference_vllm_0_16/lib/python3.12/site-packages/neuronxcc/private_nkl/transpose.py:411:9: warning: 'neuronxcc.private_nkl.transpose._pe_load_tile' is from the 'neuronxcc' package which is not supported in NKI kernels; use the 'nki' package instead
        _pe_load_tile(
        ^
/opt/aws_neuronx_venv_pytorch_inference_vllm_0_16/lib/python3.12/site-packages/neuronxcc/private_nkl/transpose.py:422:11: warning: 'neuronxcc.private_nkl.transpose._pe_transpose_tile_I_vectorized' is from the 'neuronxcc' package which is not supported in NKI kernels; use the 'nki' package instead
          _pe_transpose_tile_I_vectorized(
          ^
/opt/aws_neuronx_venv_pytorch_inference_vllm_0_16/lib/python3.12/site-packages/neuronxcc/private_nkl/transpose.py:430:11: warning: 'neuronxcc.private_nkl.transpose._pe_transpose_tile_J_vectorized' is from the 'neuronxcc' package which is not supported in NKI kernels; use the 'nki' package instead
          _pe_transpose_tile_J_vectorized(
          ^
/opt/aws_neuronx_venv_pytorch_inference_vllm_0_16/lib/python3.12/site-packages/neuronxcc/private_nkl/transpose.py:438:9: warning: 'neuronxcc.private_nkl.transpose._pe_store_tile' is from the 'neuronxcc' package which is not supported in NKI kernels; use the 'nki' package instead
        _pe_store_tile(
        ^
/opt/aws_neuronx_venv_pytorch_inference_vllm_0_16/lib/python3.12/site-packages/neuronxcc/private_nkl/transpose.py:527:17: warning: 'neuronxcc.private_nkl.utils.tiled_range.TiledRange' is from the 'neuronxcc' package which is not supported in NKI kernels; use the 'nki' package instead
  I_128_tiles = TiledRange(I_tile, nl.tile_size.pmax)
                ^
/opt/aws_neuronx_venv_pytorch_inference_vllm_0_16/lib/python3.12/site-packages/neuronxcc/private_nkl/transpose.py:529:17: warning: 'neuronxcc.private_nkl.utils.tiled_range.TiledRange' is from the 'neuronxcc' package which is not supported in NKI kernels; use the 'nki' package instead
  J_128_tiles = TiledRange(J_tile, nl.tile_size.pmax)
                ^
/opt/aws_neuronx_venv_pytorch_inference_vllm_0_16/lib/python3.12/site-packages/neuronxcc/private_nkl/transpose.py:538:21: warning: 'neuronxcc.private_nkl.utils.tiled_range.TiledRange' is from the 'neuronxcc' package which is not supported in NKI kernels; use the 'nki' package instead
  for J_128_tile in TiledRange(J_tile.size, nl.tile_size.pmax):
                    ^
/opt/aws_neuronx_venv_pytorch_inference_vllm_0_16/lib/python3.12/site-packages/neuronxcc/private_nkl/transpose.py:539:23: warning: 'neuronxcc.private_nkl.utils.tiled_range.TiledRange' is from the 'neuronxcc' package which is not supported in NKI kernels; use the 'nki' package instead
    for I_512_tile in TiledRange(I_tile.size, nl.tile_size.psum_fmax):
                      ^
/opt/aws_neuronx_venv_pytorch_inference_vllm_0_16/lib/python3.12/site-packages/neuronxcc/private_nkl/transpose.py:551:25: warning: 'neuronxcc.private_nkl.utils.tiled_range.TiledRange' is from the 'neuronxcc' package which is not supported in NKI kernels; use the 'nki' package instead
      for I_128_tile in TiledRange(I_512_tile, nl.tile_size.pmax):
                        ^
/opt/aws_neuronx_venv_pytorch_inference_vllm_0_16/lib/python3.12/site-packages/neuronxcc/private_nkl/transpose.py:569:7: warning: 'neuronxcc.private_nkl.transpose._copy_with_engine' is from the 'neuronxcc' package which is not supported in NKI kernels; use the 'nki' package instead
      _copy_with_engine(
      ^
/opt/aws_neuronx_venv_pytorch_inference_vllm_0_16/lib/python3.12/site-packages/neuronxcc/private_nkl/transpose.py:586:17: warning: 'neuronxcc.private_nkl.utils.tiled_range.TiledRange' is from the 'neuronxcc' package which is not supported in NKI kernels; use the 'nki' package instead
  I_128_tiles = TiledRange(I_tile, nl.tile_size.pmax)
                ^
/opt/aws_neuronx_venv_pytorch_inference_vllm_0_16/lib/python3.12/site-packages/neuronxcc/private_nkl/transpose.py:588:17: warning: 'neuronxcc.private_nkl.utils.tiled_range.TiledRange' is from the 'neuronxcc' package which is not supported in NKI kernels; use the 'nki' package instead
  J_128_tiles = TiledRange(J_tile, nl.tile_size.pmax)
                ^
/opt/aws_neuronx_venv_pytorch_inference_vllm_0_16/lib/python3.12/site-packages/neuronxcc/private_nkl/transpose.py:596:21: warning: 'neuronxcc.private_nkl.utils.tiled_range.TiledRange' is from the 'neuronxcc' package which is not supported in NKI kernels; use the 'nki' package instead
  for I_128_tile in TiledRange(I_tile.size, nl.tile_size.pmax):
                    ^
/opt/aws_neuronx_venv_pytorch_inference_vllm_0_16/lib/python3.12/site-packages/neuronxcc/private_nkl/transpose.py:597:23: warning: 'neuronxcc.private_nkl.utils.tiled_range.TiledRange' is from the 'neuronxcc' package which is not supported in NKI kernels; use the 'nki' package instead
    for J_512_tile in TiledRange(J_tile.size, nl.tile_size.psum_fmax):
                      ^
/opt/aws_neuronx_venv_pytorch_inference_vllm_0_16/lib/python3.12/site-packages/neuronxcc/private_nkl/transpose.py:609:25: warning: 'neuronxcc.private_nkl.utils.tiled_range.TiledRange' is from the 'neuronxcc' package which is not supported in NKI kernels; use the 'nki' package instead
      for J_128_tile in TiledRange(J_512_tile, nl.tile_size.pmax):
                        ^
/opt/aws_neuronx_venv_pytorch_inference_vllm_0_16/lib/python3.12/site-packages/neuronxcc/private_nkl/transpose.py:628:9: warning: 'neuronxcc.private_nkl.transpose._copy_with_engine' is from the 'neuronxcc' package which is not supported in NKI kernels; use the 'nki' package instead
        _copy_with_engine(
        ^
/opt/aws_neuronx_venv_pytorch_inference_vllm_0_16/lib/python3.12/site-packages/neuronxcc/private_nkl/transpose.py:652:9: warning: 'neuronxcc.private_nkl.transpose._copy_with_engine' is from the 'neuronxcc' package which is not supported in NKI kernels; use the 'nki' package instead
        _copy_with_engine(
        ^
/opt/aws_neuronx_venv_pytorch_inference_vllm_0_16/lib/python3.12/site-packages/neuronxcc/private_nkl/transpose.py:38:10: warning: 'neuronxcc.private_nkl.transpose_utils.is_valid_permutation' is from the 'neuronxcc' package which is not supported in NKI kernels; use the 'nki' package instead
  assert is_valid_permutation(permutation), "input permutation is invalid"
         ^
/opt/aws_neuronx_venv_pytorch_inference_vllm_0_16/lib/python3.12/site-packages/neuronxcc/private_nkl/transpose.py:41:10: warning: 'neuronxcc.private_nkl.transpose_utils.n_elts' is from the 'neuronxcc' package which is not supported in NKI kernels; use the 'nki' package instead
  assert n_elts(in_shape) == n_elts(in_tensor.shape), "tensor shape is invalid"
         ^
/opt/aws_neuronx_venv_pytorch_inference_vllm_0_16/lib/python3.12/site-packages/neuronxcc/private_nkl/transpose.py:41:30: warning: 'neuronxcc.private_nkl.transpose_utils.n_elts' is from the 'neuronxcc' package which is not supported in NKI kernels; use the 'nki' package instead
  assert n_elts(in_shape) == n_elts(in_tensor.shape), "tensor shape is invalid"
                             ^
/opt/aws_neuronx_venv_pytorch_inference_vllm_0_16/lib/python3.12/site-packages/neuronxcc/private_nkl/transpose.py:32:20: warning: 'neuronxcc.private_nkl.utils.StackAllocator.sizeinbytes' is from the 'neuronxcc' package which is not supported in NKI kernels; use the 'nki' package instead
  return (98304 // sizeinbytes(dtype)) // 2
                   ^
/opt/aws_neuronx_venv_pytorch_inference_vllm_0_16/lib/python3.12/site-packages/neuronxcc/private_nkl/transpose.py:886:29: warning: 'neuronxcc.private_nkl.utils.kernel_helpers.get_program_sharding_info' is from the 'neuronxcc' package which is not supported in NKI kernels; use the 'nki' package instead
  _, num_shards, shard_id = get_program_sharding_info()
                            ^
/opt/aws_neuronx_venv_pytorch_inference_vllm_0_16/lib/python3.12/site-packages/neuronxcc/private_nkl/transpose.py:887:9: warning: 'neuronxcc.private_nkl.transpose._pe_transpose' is from the 'neuronxcc' package which is not supported in NKI kernels; use the 'nki' package instead
  out = _pe_transpose(in_tensor, in_shape, permutation, out_dtype, num_shards, shard_id)
        ^
/opt/aws_neuronx_venv_pytorch_inference_vllm_0_16/lib/python3.12/site-packages/neuronxcc/private_nkl/transpose_utils.py:71:10: warning: 'neuronxcc.private_nkl.transpose_utils.is_valid_permutation' is from the 'neuronxcc' package which is not supported in NKI kernels; use the 'nki' package instead
  if not is_valid_permutation(permutation):
         ^
/opt/aws_neuronx_venv_pytorch_inference_vllm_0_16/lib/python3.12/site-packages/neuronxcc/private_nkl/utils/tiled_range.py:66:23: warning: 'neuronxcc.private_nkl.utils.tiled_range.TiledRangeIterator' is from the 'neuronxcc' package which is not supported in NKI kernels; use the 'nki' package instead
  if isinstance(size, TiledRangeIterator):
                      ^
/opt/aws_neuronx_venv_pytorch_inference_vllm_0_16/lib/python3.12/site-packages/neuronxcc/private_nkl/utils/tiled_range.py:84:22: warning: 'neuronxcc.private_nkl.utils.tiled_range.TiledRangeIterator' is from the 'neuronxcc' package which is not supported in NKI kernels; use the 'nki' package instead
    iterators.append(TiledRangeIterator(current_tile_size, i, base_offset + relative_offset))
                     ^
/opt/aws_neuronx_venv_pytorch_inference_vllm_0_16/lib/python3.12/site-packages/neuronxcc/private_nkl/transpose.py:69:16: warning: 'neuronxcc.private_nkl.transpose.max_f_size' is from the 'neuronxcc' package which is not supported in NKI kernels; use the 'nki' package instead
  MAX_F_SIZE = max_f_size(in_tensor.dtype)
               ^
/opt/aws_neuronx_venv_pytorch_inference_vllm_0_16/lib/python3.12/site-packages/neuronxcc/private_nkl/transpose.py:74:25: warning: 'neuronxcc.private_nkl.transpose_utils.n_elts' is from the 'neuronxcc' package which is not supported in NKI kernels; use the 'nki' package instead
  flattened_B_dim = int(n_elts(in_shape[:-2])) if in_shape[:-2] else 1
                        ^
/opt/aws_neuronx_venv_pytorch_inference_vllm_0_16/lib/python3.12/site-packages/neuronxcc/private_nkl/transpose.py:77:18: warning: 'neuronxcc.private_nkl.transpose_utils.factor_within_limit' is from the 'neuronxcc' package which is not supported in NKI kernels; use the 'nki' package instead
    i_division = factor_within_limit(I, MAX_F_SIZE)
                 ^
/opt/aws_neuronx_venv_pytorch_inference_vllm_0_16/lib/python3.12/site-packages/neuronxcc/private_nkl/transpose.py:79:22: warning: 'neuronxcc.private_nkl.utils.kernel_helpers.div_ceil' is from the 'neuronxcc' package which is not supported in NKI kernels; use the 'nki' package instead
    i_division_num = div_ceil(I, i_division)
                     ^
/opt/aws_neuronx_venv_pytorch_inference_vllm_0_16/lib/python3.12/site-packages/neuronxcc/private_nkl/transpose.py:87:16: warning: 'neuronxcc.private_nkl.utils.kernel_helpers.div_ceil' is from the 'neuronxcc' package which is not supported in NKI kernels; use the 'nki' package instead
  num_j_divs = div_ceil(J, j_division)
               ^
/opt/aws_neuronx_venv_pytorch_inference_vllm_0_16/lib/python3.12/site-packages/neuronxcc/private_nkl/transpose.py:91:18: warning: 'neuronxcc.private_nkl.utils.kernel_helpers.div_ceil' is from the 'neuronxcc' package which is not supported in NKI kernels; use the 'nki' package instead
    num_j_divs = div_ceil(J, j_division)
                 ^
/opt/aws_neuronx_venv_pytorch_inference_vllm_0_16/lib/python3.12/site-packages/neuronxcc/private_nkl/transpose.py:93:22: warning: 'neuronxcc.private_nkl.utils.kernel_helpers.div_ceil' is from the 'neuronxcc' package which is not supported in NKI kernels; use the 'nki' package instead
    i_division_num = div_ceil(I, i_division)
                     ^
/opt/aws_neuronx_venv_pytorch_inference_vllm_0_16/lib/python3.12/site-packages/neuronxcc/private_nkl/transpose.py:95:33: warning: 'neuronxcc.private_nkl.utils.kernel_helpers.div_ceil' is from the 'neuronxcc' package which is not supported in NKI kernels; use the 'nki' package instead
  DVE_ACT_LOAD_BALANCE_FACTOR = div_ceil(i_division, MIN_DVE_ACT_CYCLES)
                                ^
/opt/aws_neuronx_venv_pytorch_inference_vllm_0_16/lib/python3.12/site-packages/neuronxcc/private_nkl/transpose.py:97:17: warning: 'neuronxcc.private_nkl.utils.kernel_helpers.div_ceil' is from the 'neuronxcc' package which is not supported in NKI kernels; use the 'nki' package instead
  num_i_tiles = div_ceil(i_division, i_tile_size)
                ^
/opt/aws_neuronx_venv_pytorch_inference_vllm_0_16/lib/python3.12/site-packages/neuronxcc/private_nkl/transpose.py:100:13: warning: 'neuronxcc.private_nkl.utils.kernel_helpers.div_ceil' is from the 'neuronxcc' package which is not supported in NKI kernels; use the 'nki' package instead
  j_tiles = div_ceil(j_division, j_tile_size)
            ^
/opt/aws_neuronx_venv_pytorch_inference_vllm_0_16/lib/python3.12/site-packages/neuronxcc/private_nkl/transpose.py:103:17: warning: 'neuronxcc.private_nkl.utils.kernel_helpers.div_ceil' is from the 'neuronxcc' package which is not supported in NKI kernels; use the 'nki' package instead
  b_per_shard = div_ceil(flattened_B_dim, num_shards)
                ^
/opt/aws_neuronx_venv_pytorch_inference_vllm_0_16/lib/python3.12/site-packages/neuronxcc/private_nkl/transpose.py:107:17: warning: 'neuronxcc.private_nkl.utils.kernel_helpers.div_ceil' is from the 'neuronxcc' package which is not supported in NKI kernels; use the 'nki' package instead
  num_p_tiles = div_ceil(b_per_shard, MAX_P)
                ^
/opt/aws_neuronx_venv_pytorch_inference_vllm_0_16/lib/python3.12/site-packages/neuronxcc/private_nkl/transpose.py:159:13: warning: 'neuronxcc.private_nkl.transpose._copy_with_engine' is from the 'neuronxcc' package which is not supported in NKI kernels; use the 'nki' package instead
            _copy_with_engine(
            ^
/opt/aws_neuronx_venv_pytorch_inference_vllm_0_16/lib/python3.12/site-packages/neuronxcc/private_nkl/transpose.py:199:16: warning: 'neuronxcc.private_nkl.transpose.max_f_size' is from the 'neuronxcc' package which is not supported in NKI kernels; use the 'nki' package instead
  MAX_F_SIZE = max_f_size(in_tensor.dtype)
               ^
/opt/aws_neuronx_venv_pytorch_inference_vllm_0_16/lib/python3.12/site-packages/neuronxcc/private_nkl/transpose.py:204:25: warning: 'neuronxcc.private_nkl.transpose_utils.n_elts' is from the 'neuronxcc' package which is not supported in NKI kernels; use the 'nki' package instead
  flattened_B_dim = int(n_elts(in_shape[:-2])) if in_shape[:-2] else 1
                        ^
/opt/aws_neuronx_venv_pytorch_inference_vllm_0_16/lib/python3.12/site-packages/neuronxcc/private_nkl/transpose.py:207:17: warning: 'neuronxcc.private_nkl.utils.kernel_helpers.div_ceil' is from the 'neuronxcc' package which is not supported in NKI kernels; use the 'nki' package instead
  b_per_shard = div_ceil(flattened_B_dim, num_shards)
                ^
/opt/aws_neuronx_venv_pytorch_inference_vllm_0_16/lib/python3.12/site-packages/neuronxcc/private_nkl/transpose.py:211:17: warning: 'neuronxcc.private_nkl.utils.kernel_helpers.div_ceil' is from the 'neuronxcc' package which is not supported in NKI kernels; use the 'nki' package instead
  num_p_tiles = div_ceil(b_per_shard, P)
                ^
/opt/aws_neuronx_venv_pytorch_inference_vllm_0_16/lib/python3.12/site-packages/neuronxcc/private_nkl/transpose.py:218:13: warning: 'neuronxcc.private_nkl.utils.kernel_helpers.div_ceil' is from the 'neuronxcc' package which is not supported in NKI kernels; use the 'nki' package instead
  i_tiles = div_ceil(I, i_tile_size)
            ^
/opt/aws_neuronx_venv_pytorch_inference_vllm_0_16/lib/python3.12/site-packages/neuronxcc/private_nkl/transpose.py:224:19: warning: 'neuronxcc.private_nkl.utils.kernel_helpers.div_ceil' is from the 'neuronxcc' package which is not supported in NKI kernels; use the 'nki' package instead
    j_tile_size = div_ceil(J, J_LOAD_BALANCING_FACTOR)
                  ^
/opt/aws_neuronx_venv_pytorch_inference_vllm_0_16/lib/python3.12/site-packages/neuronxcc/private_nkl/transpose.py:251:9: warning: 'neuronxcc.private_nkl.transpose._copy_with_engine' is from the 'neuronxcc' package which is not supported in NKI kernels; use the 'nki' package instead
        _copy_with_engine(
        ^
/opt/aws_neuronx_venv_pytorch_inference_vllm_0_16/lib/python3.12/site-packages/neuronxcc/private_nkl/transpose.py:458:17: warning: 'neuronxcc.private_nkl.utils.tiled_range.TiledRange' is from the 'neuronxcc' package which is not supported in NKI kernels; use the 'nki' package instead
  I_128_tiles = TiledRange(I_tile, nl.tile_size.pmax)
                ^
/opt/aws_neuronx_venv_pytorch_inference_vllm_0_16/lib/python3.12/site-packages/neuronxcc/private_nkl/transpose.py:465:33: warning: 'neuronxcc.private_nkl.utils.tiled_range.TiledRange' is from the 'neuronxcc' package which is not supported in NKI kernels; use the 'nki' package instead
    for vectorization_factor in TiledRange(num_full_128_tiles_per_I_tile, VECTORIZATION_FACTOR):
                                ^
/opt/aws_neuronx_venv_pytorch_inference_vllm_0_16/lib/python3.12/site-packages/neuronxcc/private_nkl/transpose.py:284:16: warning: 'neuronxcc.private_nkl.transpose.max_f_size' is from the 'neuronxcc' package which is not supported in NKI kernels; use the 'nki' package instead
  MAX_F_SIZE = max_f_size(dtype)
               ^
/opt/aws_neuronx_venv_pytorch_inference_vllm_0_16/lib/python3.12/site-packages/neuronxcc/private_nkl/transpose.py:289:15: warning: 'neuronxcc.private_nkl.transpose_utils.next_multiple' is from the 'neuronxcc' package which is not supported in NKI kernels; use the 'nki' package instead
    return I, next_multiple(min(J, MAX_F_SIZE), 128)
              ^
/opt/aws_neuronx_venv_pytorch_inference_vllm_0_16/lib/python3.12/site-packages/neuronxcc/private_nkl/transpose.py:291:12: warning: 'neuronxcc.private_nkl.transpose_utils.next_multiple' is from the 'neuronxcc' package which is not supported in NKI kernels; use the 'nki' package instead
    return next_multiple(min(I, MAX_F_SIZE), 128), J
           ^
/opt/aws_neuronx_venv_pytorch_inference_vllm_0_16/lib/python3.12/site-packages/neuronxcc/private_nkl/transpose.py:302:19: warning: 'neuronxcc.private_nkl.transpose_utils.next_multiple' is from the 'neuronxcc' package which is not supported in NKI kernels; use the 'nki' package instead
    I_tile_size = next_multiple(I_tile_size, 128)
                  ^
/opt/aws_neuronx_venv_pytorch_inference_vllm_0_16/lib/python3.12/site-packages/neuronxcc/private_nkl/transpose.py:303:19: warning: 'neuronxcc.private_nkl.transpose_utils.next_multiple' is from the 'neuronxcc' package which is not supported in NKI kernels; use the 'nki' package instead
    J_tile_size = next_multiple(J_tile_size, 128)
                  ^
/opt/aws_neuronx_venv_pytorch_inference_vllm_0_16/lib/python3.12/site-packages/neuronxcc/private_nkl/transpose.py:681:17: warning: 'neuronxcc.private_nkl.utils.tiled_range.TiledRange' is from the 'neuronxcc' package which is not supported in NKI kernels; use the 'nki' package instead
  J_128_tiles = TiledRange(J_tile, nl.tile_size.pmax)
                ^
/opt/aws_neuronx_venv_pytorch_inference_vllm_0_16/lib/python3.12/site-packages/neuronxcc/private_nkl/transpose.py:688:33: warning: 'neuronxcc.private_nkl.utils.tiled_range.TiledRange' is from the 'neuronxcc' package which is not supported in NKI kernels; use the 'nki' package instead
    for vectorization_factor in TiledRange(num_full_128_tiles_per_J_tile, VECTORIZATION_FACTOR):
                                ^
/opt/aws_neuronx_venv_pytorch_inference_vllm_0_16/lib/python3.12/site-packages/neuronxcc/private_nkl/transpose.py:373:25: warning: 'neuronxcc.private_nkl.transpose_utils.n_elts' is from the 'neuronxcc' package which is not supported in NKI kernels; use the 'nki' package instead
  flattened_B_dim = int(n_elts(in_shape[:-2])) if in_shape[:-2] else 1
                        ^
/opt/aws_neuronx_venv_pytorch_inference_vllm_0_16/lib/python3.12/site-packages/neuronxcc/private_nkl/transpose.py:378:30: warning: 'neuronxcc.private_nkl.transpose._pe_optimal_tile_sizes' is from the 'neuronxcc' package which is not supported in NKI kernels; use the 'nki' package instead
  I_tile_size, J_tile_size = _pe_optimal_tile_sizes(I, J, in_tensor.dtype)
                             ^
/opt/aws_neuronx_venv_pytorch_inference_vllm_0_16/lib/python3.12/site-packages/neuronxcc/private_nkl/transpose.py:381:17: warning: 'neuronxcc.private_nkl.utils.kernel_helpers.div_ceil' is from the 'neuronxcc' package which is not supported in NKI kernels; use the 'nki' package instead
  b_per_shard = div_ceil(flattened_B_dim, num_shards)
                ^
/opt/aws_neuronx_venv_pytorch_inference_vllm_0_16/lib/python3.12/site-packages/neuronxcc/private_nkl/transpose.py:384:19: warning: 'neuronxcc.private_nkl.transpose._to_compute_dtype' is from the 'neuronxcc' package which is not supported in NKI kernels; use the 'nki' package instead
  compute_dtype = _to_compute_dtype(in_tensor.dtype)
                  ^
/opt/aws_neuronx_venv_pytorch_inference_vllm_0_16/lib/python3.12/site-packages/neuronxcc/private_nkl/transpose.py:398:19: warning: 'neuronxcc.private_nkl.utils.tiled_range.TiledRange' is from the 'neuronxcc' package which is not supported in NKI kernels; use the 'nki' package instead
    for I_tile in TiledRange(I, I_tile_size):
                  ^
/opt/aws_neuronx_venv_pytorch_inference_vllm_0_16/lib/python3.12/site-packages/neuronxcc/private_nkl/transpose.py:399:21: warning: 'neuronxcc.private_nkl.utils.tiled_range.TiledRange' is from the 'neuronxcc' package which is not supported in NKI kernels; use the 'nki' package instead
      for J_tile in TiledRange(J, J_tile_size):
                    ^
/opt/aws_neuronx_venv_pytorch_inference_vllm_0_16/lib/python3.12/site-packages/neuronxcc/private_nkl/transpose.py:400:23: warning: 'neuronxcc.private_nkl.utils.tiled_range.TiledRange' is from the 'neuronxcc' package which is not supported in NKI kernels; use the 'nki' package instead
        I_128_tiles = TiledRange(I_tile, nl.tile_size.pmax)
                      ^
/opt/aws_neuronx_venv_pytorch_inference_vllm_0_16/lib/python3.12/site-packages/neuronxcc/private_nkl/transpose.py:405:23: warning: 'neuronxcc.private_nkl.utils.tiled_range.TiledRange' is from the 'neuronxcc' package which is not supported in NKI kernels; use the 'nki' package instead
        J_128_tiles = TiledRange(J_tile, nl.tile_size.pmax)
                      ^
/opt/aws_neuronx_venv_pytorch_inference_vllm_0_16/lib/python3.12/site-packages/neuronxcc/private_nkl/transpose.py:411:9: warning: 'neuronxcc.private_nkl.transpose._pe_load_tile' is from the 'neuronxcc' package which is not supported in NKI kernels; use the 'nki' package instead
        _pe_load_tile(
        ^
/opt/aws_neuronx_venv_pytorch_inference_vllm_0_16/lib/python3.12/site-packages/neuronxcc/private_nkl/transpose.py:422:11: warning: 'neuronxcc.private_nkl.transpose._pe_transpose_tile_I_vectorized' is from the 'neuronxcc' package which is not supported in NKI kernels; use the 'nki' package instead
          _pe_transpose_tile_I_vectorized(
          ^
/opt/aws_neuronx_venv_pytorch_inference_vllm_0_16/lib/python3.12/site-packages/neuronxcc/private_nkl/transpose.py:430:11: warning: 'neuronxcc.private_nkl.transpose._pe_transpose_tile_J_vectorized' is from the 'neuronxcc' package which is not supported in NKI kernels; use the 'nki' package instead
          _pe_transpose_tile_J_vectorized(
          ^
/opt/aws_neuronx_venv_pytorch_inference_vllm_0_16/lib/python3.12/site-packages/neuronxcc/private_nkl/transpose.py:438:9: warning: 'neuronxcc.private_nkl.transpose._pe_store_tile' is from the 'neuronxcc' package which is not supported in NKI kernels; use the 'nki' package instead
        _pe_store_tile(
        ^
/opt/aws_neuronx_venv_pytorch_inference_vllm_0_16/lib/python3.12/site-packages/neuronxcc/private_nkl/transpose.py:527:17: warning: 'neuronxcc.private_nkl.utils.tiled_range.TiledRange' is from the 'neuronxcc' package which is not supported in NKI kernels; use the 'nki' package instead
  I_128_tiles = TiledRange(I_tile, nl.tile_size.pmax)
                ^
/opt/aws_neuronx_venv_pytorch_inference_vllm_0_16/lib/python3.12/site-packages/neuronxcc/private_nkl/transpose.py:529:17: warning: 'neuronxcc.private_nkl.utils.tiled_range.TiledRange' is from the 'neuronxcc' package which is not supported in NKI kernels; use the 'nki' package instead
  J_128_tiles = TiledRange(J_tile, nl.tile_size.pmax)
                ^
/opt/aws_neuronx_venv_pytorch_inference_vllm_0_16/lib/python3.12/site-packages/neuronxcc/private_nkl/transpose.py:538:21: warning: 'neuronxcc.private_nkl.utils.tiled_range.TiledRange' is from the 'neuronxcc' package which is not supported in NKI kernels; use the 'nki' package instead
  for J_128_tile in TiledRange(J_tile.size, nl.tile_size.pmax):
                    ^
/opt/aws_neuronx_venv_pytorch_inference_vllm_0_16/lib/python3.12/site-packages/neuronxcc/private_nkl/transpose.py:539:23: warning: 'neuronxcc.private_nkl.utils.tiled_range.TiledRange' is from the 'neuronxcc' package which is not supported in NKI kernels; use the 'nki' package instead
    for I_512_tile in TiledRange(I_tile.size, nl.tile_size.psum_fmax):
                      ^
/opt/aws_neuronx_venv_pytorch_inference_vllm_0_16/lib/python3.12/site-packages/neuronxcc/private_nkl/transpose.py:551:25: warning: 'neuronxcc.private_nkl.utils.tiled_range.TiledRange' is from the 'neuronxcc' package which is not supported in NKI kernels; use the 'nki' package instead
      for I_128_tile in TiledRange(I_512_tile, nl.tile_size.pmax):
                        ^
/opt/aws_neuronx_venv_pytorch_inference_vllm_0_16/lib/python3.12/site-packages/neuronxcc/private_nkl/transpose.py:569:7: warning: 'neuronxcc.private_nkl.transpose._copy_with_engine' is from the 'neuronxcc' package which is not supported in NKI kernels; use the 'nki' package instead
      _copy_with_engine(
      ^
/opt/aws_neuronx_venv_pytorch_inference_vllm_0_16/lib/python3.12/site-packages/neuronxcc/private_nkl/transpose.py:586:17: warning: 'neuronxcc.private_nkl.utils.tiled_range.TiledRange' is from the 'neuronxcc' package which is not supported in NKI kernels; use the 'nki' package instead
  I_128_tiles = TiledRange(I_tile, nl.tile_size.pmax)
                ^
/opt/aws_neuronx_venv_pytorch_inference_vllm_0_16/lib/python3.12/site-packages/neuronxcc/private_nkl/transpose.py:588:17: warning: 'neuronxcc.private_nkl.utils.tiled_range.TiledRange' is from the 'neuronxcc' package which is not supported in NKI kernels; use the 'nki' package instead
  J_128_tiles = TiledRange(J_tile, nl.tile_size.pmax)
                ^
/opt/aws_neuronx_venv_pytorch_inference_vllm_0_16/lib/python3.12/site-packages/neuronxcc/private_nkl/transpose.py:596:21: warning: 'neuronxcc.private_nkl.utils.tiled_range.TiledRange' is from the 'neuronxcc' package which is not supported in NKI kernels; use the 'nki' package instead
  for I_128_tile in TiledRange(I_tile.size, nl.tile_size.pmax):
                    ^
/opt/aws_neuronx_venv_pytorch_inference_vllm_0_16/lib/python3.12/site-packages/neuronxcc/private_nkl/transpose.py:597:23: warning: 'neuronxcc.private_nkl.utils.tiled_range.TiledRange' is from the 'neuronxcc' package which is not supported in NKI kernels; use the 'nki' package instead
    for J_512_tile in TiledRange(J_tile.size, nl.tile_size.psum_fmax):
                      ^
/opt/aws_neuronx_venv_pytorch_inference_vllm_0_16/lib/python3.12/site-packages/neuronxcc/private_nkl/transpose.py:609:25: warning: 'neuronxcc.private_nkl.utils.tiled_range.TiledRange' is from the 'neuronxcc' package which is not supported in NKI kernels; use the 'nki' package instead
      for J_128_tile in TiledRange(J_512_tile, nl.tile_size.pmax):
                        ^
/opt/aws_neuronx_venv_pytorch_inference_vllm_0_16/lib/python3.12/site-packages/neuronxcc/private_nkl/transpose.py:628:9: warning: 'neuronxcc.private_nkl.transpose._copy_with_engine' is from the 'neuronxcc' package which is not supported in NKI kernels; use the 'nki' package instead
        _copy_with_engine(
        ^
/opt/aws_neuronx_venv_pytorch_inference_vllm_0_16/lib/python3.12/site-packages/neuronxcc/private_nkl/transpose.py:652:9: warning: 'neuronxcc.private_nkl.transpose._copy_with_engine' is from the 'neuronxcc' package which is not supported in NKI kernels; use the 'nki' package instead
        _copy_with_engine(
        ^
/opt/aws_neuronx_venv_pytorch_inference_vllm_0_16/lib/python3.12/site-packages/neuronxcc/private_nkl/transpose.py:784:3: warning: 'neuronxcc.private_nkl.transpose.check_input_transpose' is from the 'neuronxcc' package which is not supported in NKI kernels; use the 'nki' package instead
  check_input_transpose(in_tensor, in_shape, permutation)
  ^
/opt/aws_neuronx_venv_pytorch_inference_vllm_0_16/lib/python3.12/site-packages/neuronxcc/private_nkl/transpose.py:790:33: warning: 'neuronxcc.private_nkl.transpose_utils.permutation_reduction' is from the 'neuronxcc' package which is not supported in NKI kernels; use the 'nki' package instead
  reduced_perm, reduced_shape = permutation_reduction(in_shape, permutation)
                                ^
/opt/aws_neuronx_venv_pytorch_inference_vllm_0_16/lib/python3.12/site-packages/neuronxcc/private_nkl/transpose.py:791:10: warning: 'neuronxcc.private_nkl.transpose_utils.permutes_last_two_dims' is from the 'neuronxcc' package which is not supported in NKI kernels; use the 'nki' package instead
  assert permutes_last_two_dims(reduced_perm), f"must permutate last two dims, got {reduced_perm}"
         ^
/opt/aws_neuronx_venv_pytorch_inference_vllm_0_16/lib/python3.12/site-packages/neuronxcc/private_nkl/transpose.py:796:11: warning: 'neuronxcc.private_nkl.transpose._str_to_dtype' is from the 'neuronxcc' package which is not supported in NKI kernels; use the 'nki' package instead
    dtype=_str_to_dtype(out_dtype),
          ^
/opt/aws_neuronx_venv_pytorch_inference_vllm_0_16/lib/python3.12/site-packages/neuronxcc/private_nkl/transpose.py:797:12: warning: 'neuronxcc.private_nkl.transpose_utils._get_hbm_buffer' is from the 'neuronxcc' package which is not supported in NKI kernels; use the 'nki' package instead
    buffer=_get_hbm_buffer(),
           ^
/opt/aws_neuronx_venv_pytorch_inference_vllm_0_16/lib/python3.12/site-packages/neuronxcc/private_nkl/transpose.py:805:16: warning: 'neuronxcc.private_nkl.transpose.max_f_size' is from the 'neuronxcc' package which is not supported in NKI kernels; use the 'nki' package instead
  MAX_F_SIZE = max_f_size(in_tensor.dtype)
               ^
/opt/aws_neuronx_venv_pytorch_inference_vllm_0_16/lib/python3.12/site-packages/neuronxcc/private_nkl/transpose.py:808:5: warning: 'neuronxcc.private_nkl.transpose._dve_transpose_large_cols_impl' is from the 'neuronxcc' package which is not supported in NKI kernels; use the 'nki' package instead
    _dve_transpose_large_cols_impl(in_tensor, out_tensor, num_shards, shard_id)
    ^
/opt/aws_neuronx_venv_pytorch_inference_vllm_0_16/lib/python3.12/site-packages/neuronxcc/private_nkl/transpose.py:810:5: warning: 'neuronxcc.private_nkl.transpose._dve_transpose_large_rows_impl' is from the 'neuronxcc' package which is not supported in NKI kernels; use the 'nki' package instead
    _dve_transpose_large_rows_impl(in_tensor, out_tensor, num_shards, shard_id)
    ^
/opt/aws_neuronx_venv_pytorch_inference_vllm_0_16/lib/python3.12/site-packages/neuronxcc/private_nkl/transpose.py:812:5: warning: 'neuronxcc.private_nkl.transpose._pe_transpose_impl' is from the 'neuronxcc' package which is not supported in NKI kernels; use the 'nki' package instead
    _pe_transpose_impl(in_tensor, out_tensor, num_shards, shard_id)
    ^
/opt/aws_neuronx_venv_pytorch_inference_vllm_0_16/lib/python3.12/site-packages/neuronxcc/private_nkl/transpose.py:38:10: warning: 'neuronxcc.private_nkl.transpose_utils.is_valid_permutation' is from the 'neuronxcc' package which is not supported in NKI kernels; use the 'nki' package instead
  assert is_valid_permutation(permutation), "input permutation is invalid"
         ^
/opt/aws_neuronx_venv_pytorch_inference_vllm_0_16/lib/python3.12/site-packages/neuronxcc/private_nkl/transpose.py:41:10: warning: 'neuronxcc.private_nkl.transpose_utils.n_elts' is from the 'neuronxcc' package which is not supported in NKI kernels; use the 'nki' package instead
  assert n_elts(in_shape) == n_elts(in_tensor.shape), "tensor shape is invalid"
         ^
/opt/aws_neuronx_venv_pytorch_inference_vllm_0_16/lib/python3.12/site-packages/neuronxcc/private_nkl/transpose.py:41:30: warning: 'neuronxcc.private_nkl.transpose_utils.n_elts' is from the 'neuronxcc' package which is not supported in NKI kernels; use the 'nki' package instead
  assert n_elts(in_shape) == n_elts(in_tensor.shape), "tensor shape is invalid"
                             ^
/opt/aws_neuronx_venv_pytorch_inference_vllm_0_16/lib/python3.12/site-packages/neuronxcc/private_nkl/transpose.py:32:20: warning: 'neuronxcc.private_nkl.utils.StackAllocator.sizeinbytes' is from the 'neuronxcc' package which is not supported in NKI kernels; use the 'nki' package instead
  return (98304 // sizeinbytes(dtype)) // 2
                   ^
/opt/aws_neuronx_venv_pytorch_inference_vllm_0_16/lib/python3.12/site-packages/neuronxcc/private_nkl/transpose.py:862:29: warning: 'neuronxcc.private_nkl.utils.kernel_helpers.get_program_sharding_info' is from the 'neuronxcc' package which is not supported in NKI kernels; use the 'nki' package instead
  _, num_shards, shard_id = get_program_sharding_info()
                            ^
/opt/aws_neuronx_venv_pytorch_inference_vllm_0_16/lib/python3.12/site-packages/neuronxcc/private_nkl/transpose.py:863:9: warning: 'neuronxcc.private_nkl.transpose._transpose_last_two_dims' is from the 'neuronxcc' package which is not supported in NKI kernels; use the 'nki' package instead
  out = _transpose_last_two_dims(in_tensor, in_shape, permutation, out_dtype, num_shards, shard_id)
        ^
/opt/aws_neuronx_venv_pytorch_inference_vllm_0_16/lib/python3.12/site-packages/neuronxcc/private_nkl/transpose_utils.py:71:10: warning: 'neuronxcc.private_nkl.transpose_utils.is_valid_permutation' is from the 'neuronxcc' package which is not supported in NKI kernels; use the 'nki' package instead
  if not is_valid_permutation(permutation):
         ^
/opt/aws_neuronx_venv_pytorch_inference_vllm_0_16/lib/python3.12/site-packages/neuronxcc/private_nkl/utils/tiled_range.py:66:23: warning: 'neuronxcc.private_nkl.utils.tiled_range.TiledRangeIterator' is from the 'neuronxcc' package which is not supported in NKI kernels; use the 'nki' package instead
  if isinstance(size, TiledRangeIterator):
                      ^
/opt/aws_neuronx_venv_pytorch_inference_vllm_0_16/lib/python3.12/site-packages/neuronxcc/private_nkl/utils/tiled_range.py:84:22: warning: 'neuronxcc.private_nkl.utils.tiled_range.TiledRangeIterator' is from the 'neuronxcc' package which is not supported in NKI kernels; use the 'nki' package instead
    iterators.append(TiledRangeIterator(current_tile_size, i, base_offset + relative_offset))
                     ^
/opt/aws_neuronx_venv_pytorch_inference_vllm_0_16/lib/python3.12/site-packages/neuronxcc/private_nkl/transpose.py:458:17: warning: 'neuronxcc.private_nkl.utils.tiled_range.TiledRange' is from the 'neuronxcc' package which is not supported in NKI kernels; use the 'nki' package instead
  I_128_tiles = TiledRange(I_tile, nl.tile_size.pmax)
                ^
/opt/aws_neuronx_venv_pytorch_inference_vllm_0_16/lib/python3.12/site-packages/neuronxcc/private_nkl/transpose.py:465:33: warning: 'neuronxcc.private_nkl.utils.tiled_range.TiledRange' is from the 'neuronxcc' package which is not supported in NKI kernels; use the 'nki' package instead
    for vectorization_factor in TiledRange(num_full_128_tiles_per_I_tile, VECTORIZATION_FACTOR):
                                ^
/opt/aws_neuronx_venv_pytorch_inference_vllm_0_16/lib/python3.12/site-packages/neuronxcc/private_nkl/transpose.py:284:16: warning: 'neuronxcc.private_nkl.transpose.max_f_size' is from the 'neuronxcc' package which is not supported in NKI kernels; use the 'nki' package instead
  MAX_F_SIZE = max_f_size(dtype)
               ^
/opt/aws_neuronx_venv_pytorch_inference_vllm_0_16/lib/python3.12/site-packages/neuronxcc/private_nkl/transpose.py:289:15: warning: 'neuronxcc.private_nkl.transpose_utils.next_multiple' is from the 'neuronxcc' package which is not supported in NKI kernels; use the 'nki' package instead
    return I, next_multiple(min(J, MAX_F_SIZE), 128)
              ^
/opt/aws_neuronx_venv_pytorch_inference_vllm_0_16/lib/python3.12/site-packages/neuronxcc/private_nkl/transpose.py:291:12: warning: 'neuronxcc.private_nkl.transpose_utils.next_multiple' is from the 'neuronxcc' package which is not supported in NKI kernels; use the 'nki' package instead
    return next_multiple(min(I, MAX_F_SIZE), 128), J
           ^
/opt/aws_neuronx_venv_pytorch_inference_vllm_0_16/lib/python3.12/site-packages/neuronxcc/private_nkl/transpose.py:302:19: warning: 'neuronxcc.private_nkl.transpose_utils.next_multiple' is from the 'neuronxcc' package which is not supported in NKI kernels; use the 'nki' package instead
    I_tile_size = next_multiple(I_tile_size, 128)
                  ^
/opt/aws_neuronx_venv_pytorch_inference_vllm_0_16/lib/python3.12/site-packages/neuronxcc/private_nkl/transpose.py:303:19: warning: 'neuronxcc.private_nkl.transpose_utils.next_multiple' is from the 'neuronxcc' package which is not supported in NKI kernels; use the 'nki' package instead
    J_tile_size = next_multiple(J_tile_size, 128)
                  ^
/opt/aws_neuronx_venv_pytorch_inference_vllm_0_16/lib/python3.12/site-packages/neuronxcc/private_nkl/transpose.py:681:17: warning: 'neuronxcc.private_nkl.utils.tiled_range.TiledRange' is from the 'neuronxcc' package which is not supported in NKI kernels; use the 'nki' package instead
  J_128_tiles = TiledRange(J_tile, nl.tile_size.pmax)
                ^
/opt/aws_neuronx_venv_pytorch_inference_vllm_0_16/lib/python3.12/site-packages/neuronxcc/private_nkl/transpose.py:688:33: warning: 'neuronxcc.private_nkl.utils.tiled_range.TiledRange' is from the 'neuronxcc' package which is not supported in NKI kernels; use the 'nki' package instead
    for vectorization_factor in TiledRange(num_full_128_tiles_per_J_tile, VECTORIZATION_FACTOR):
                                ^
/opt/aws_neuronx_venv_pytorch_inference_vllm_0_16/lib/python3.12/site-packages/neuronxcc/private_nkl/transpose.py:751:3: warning: 'neuronxcc.private_nkl.transpose.check_input_transpose' is from the 'neuronxcc' package which is not supported in NKI kernels; use the 'nki' package instead
  check_input_transpose(in_tensor, in_shape, permutation)
  ^
/opt/aws_neuronx_venv_pytorch_inference_vllm_0_16/lib/python3.12/site-packages/neuronxcc/private_nkl/transpose.py:757:33: warning: 'neuronxcc.private_nkl.transpose_utils.permutation_reduction' is from the 'neuronxcc' package which is not supported in NKI kernels; use the 'nki' package instead
  reduced_perm, reduced_shape = permutation_reduction(in_shape, permutation)
                                ^
/opt/aws_neuronx_venv_pytorch_inference_vllm_0_16/lib/python3.12/site-packages/neuronxcc/private_nkl/transpose.py:758:10: warning: 'neuronxcc.private_nkl.transpose_utils.permutes_last_two_dims' is from the 'neuronxcc' package which is not supported in NKI kernels; use the 'nki' package instead
  assert permutes_last_two_dims(reduced_perm), f"must permutate last two dims, got {reduced_perm}"
         ^
/opt/aws_neuronx_venv_pytorch_inference_vllm_0_16/lib/python3.12/site-packages/neuronxcc/private_nkl/transpose.py:763:11: warning: 'neuronxcc.private_nkl.transpose._str_to_dtype' is from the 'neuronxcc' package which is not supported in NKI kernels; use the 'nki' package instead
    dtype=_str_to_dtype(out_dtype),
          ^
/opt/aws_neuronx_venv_pytorch_inference_vllm_0_16/lib/python3.12/site-packages/neuronxcc/private_nkl/transpose.py:764:12: warning: 'neuronxcc.private_nkl.transpose_utils._get_hbm_buffer' is from the 'neuronxcc' package which is not supported in NKI kernels; use the 'nki' package instead
    buffer=_get_hbm_buffer(),
           ^
/opt/aws_neuronx_venv_pytorch_inference_vllm_0_16/lib/python3.12/site-packages/neuronxcc/private_nkl/transpose.py:767:3: warning: 'neuronxcc.private_nkl.transpose._pe_transpose_impl' is from the 'neuronxcc' package which is not supported in NKI kernels; use the 'nki' package instead
  _pe_transpose_impl(in_tensor, out_tensor, num_shards, shard_id)
  ^
/opt/aws_neuronx_venv_pytorch_inference_vllm_0_16/lib/python3.12/site-packages/neuronxcc/private_nkl/transpose.py:373:25: warning: 'neuronxcc.private_nkl.transpose_utils.n_elts' is from the 'neuronxcc' package which is not supported in NKI kernels; use the 'nki' package instead
  flattened_B_dim = int(n_elts(in_shape[:-2])) if in_shape[:-2] else 1
                        ^
/opt/aws_neuronx_venv_pytorch_inference_vllm_0_16/lib/python3.12/site-packages/neuronxcc/private_nkl/transpose.py:378:30: warning: 'neuronxcc.private_nkl.transpose._pe_optimal_tile_sizes' is from the 'neuronxcc' package which is not supported in NKI kernels; use the 'nki' package instead
  I_tile_size, J_tile_size = _pe_optimal_tile_sizes(I, J, in_tensor.dtype)
                             ^
/opt/aws_neuronx_venv_pytorch_inference_vllm_0_16/lib/python3.12/site-packages/neuronxcc/private_nkl/transpose.py:381:17: warning: 'neuronxcc.private_nkl.utils.kernel_helpers.div_ceil' is from the 'neuronxcc' package which is not supported in NKI kernels; use the 'nki' package instead
  b_per_shard = div_ceil(flattened_B_dim, num_shards)
                ^
/opt/aws_neuronx_venv_pytorch_inference_vllm_0_16/lib/python3.12/site-packages/neuronxcc/private_nkl/transpose.py:384:19: warning: 'neuronxcc.private_nkl.transpose._to_compute_dtype' is from the 'neuronxcc' package which is not supported in NKI kernels; use the 'nki' package instead
  compute_dtype = _to_compute_dtype(in_tensor.dtype)
                  ^
/opt/aws_neuronx_venv_pytorch_inference_vllm_0_16/lib/python3.12/site-packages/neuronxcc/private_nkl/transpose.py:398:19: warning: 'neuronxcc.private_nkl.utils.tiled_range.TiledRange' is from the 'neuronxcc' package which is not supported in NKI kernels; use the 'nki' package instead
    for I_tile in TiledRange(I, I_tile_size):
                  ^
/opt/aws_neuronx_venv_pytorch_inference_vllm_0_16/lib/python3.12/site-packages/neuronxcc/private_nkl/transpose.py:399:21: warning: 'neuronxcc.private_nkl.utils.tiled_range.TiledRange' is from the 'neuronxcc' package which is not supported in NKI kernels; use the 'nki' package instead
      for J_tile in TiledRange(J, J_tile_size):
                    ^
/opt/aws_neuronx_venv_pytorch_inference_vllm_0_16/lib/python3.12/site-packages/neuronxcc/private_nkl/transpose.py:400:23: warning: 'neuronxcc.private_nkl.utils.tiled_range.TiledRange' is from the 'neuronxcc' package which is not supported in NKI kernels; use the 'nki' package instead
        I_128_tiles = TiledRange(I_tile, nl.tile_size.pmax)
                      ^
/opt/aws_neuronx_venv_pytorch_inference_vllm_0_16/lib/python3.12/site-packages/neuronxcc/private_nkl/transpose.py:405:23: warning: 'neuronxcc.private_nkl.utils.tiled_range.TiledRange' is from the 'neuronxcc' package which is not supported in NKI kernels; use the 'nki' package instead
        J_128_tiles = TiledRange(J_tile, nl.tile_size.pmax)
                      ^
/opt/aws_neuronx_venv_pytorch_inference_vllm_0_16/lib/python3.12/site-packages/neuronxcc/private_nkl/transpose.py:411:9: warning: 'neuronxcc.private_nkl.transpose._pe_load_tile' is from the 'neuronxcc' package which is not supported in NKI kernels; use the 'nki' package instead
        _pe_load_tile(
        ^
/opt/aws_neuronx_venv_pytorch_inference_vllm_0_16/lib/python3.12/site-packages/neuronxcc/private_nkl/transpose.py:422:11: warning: 'neuronxcc.private_nkl.transpose._pe_transpose_tile_I_vectorized' is from the 'neuronxcc' package which is not supported in NKI kernels; use the 'nki' package instead
          _pe_transpose_tile_I_vectorized(
          ^
/opt/aws_neuronx_venv_pytorch_inference_vllm_0_16/lib/python3.12/site-packages/neuronxcc/private_nkl/transpose.py:430:11: warning: 'neuronxcc.private_nkl.transpose._pe_transpose_tile_J_vectorized' is from the 'neuronxcc' package which is not supported in NKI kernels; use the 'nki' package instead
          _pe_transpose_tile_J_vectorized(
          ^
/opt/aws_neuronx_venv_pytorch_inference_vllm_0_16/lib/python3.12/site-packages/neuronxcc/private_nkl/transpose.py:438:9: warning: 'neuronxcc.private_nkl.transpose._pe_store_tile' is from the 'neuronxcc' package which is not supported in NKI kernels; use the 'nki' package instead
        _pe_store_tile(
        ^
/opt/aws_neuronx_venv_pytorch_inference_vllm_0_16/lib/python3.12/site-packages/neuronxcc/private_nkl/transpose.py:527:17: warning: 'neuronxcc.private_nkl.utils.tiled_range.TiledRange' is from the 'neuronxcc' package which is not supported in NKI kernels; use the 'nki' package instead
  I_128_tiles = TiledRange(I_tile, nl.tile_size.pmax)
                ^
/opt/aws_neuronx_venv_pytorch_inference_vllm_0_16/lib/python3.12/site-packages/neuronxcc/private_nkl/transpose.py:529:17: warning: 'neuronxcc.private_nkl.utils.tiled_range.TiledRange' is from the 'neuronxcc' package which is not supported in NKI kernels; use the 'nki' package instead
  J_128_tiles = TiledRange(J_tile, nl.tile_size.pmax)
                ^
/opt/aws_neuronx_venv_pytorch_inference_vllm_0_16/lib/python3.12/site-packages/neuronxcc/private_nkl/transpose.py:538:21: warning: 'neuronxcc.private_nkl.utils.tiled_range.TiledRange' is from the 'neuronxcc' package which is not supported in NKI kernels; use the 'nki' package instead
  for J_128_tile in TiledRange(J_tile.size, nl.tile_size.pmax):
                    ^
/opt/aws_neuronx_venv_pytorch_inference_vllm_0_16/lib/python3.12/site-packages/neuronxcc/private_nkl/transpose.py:539:23: warning: 'neuronxcc.private_nkl.utils.tiled_range.TiledRange' is from the 'neuronxcc' package which is not supported in NKI kernels; use the 'nki' package instead
    for I_512_tile in TiledRange(I_tile.size, nl.tile_size.psum_fmax):
                      ^
/opt/aws_neuronx_venv_pytorch_inference_vllm_0_16/lib/python3.12/site-packages/neuronxcc/private_nkl/transpose.py:551:25: warning: 'neuronxcc.private_nkl.utils.tiled_range.TiledRange' is from the 'neuronxcc' package which is not supported in NKI kernels; use the 'nki' package instead
      for I_128_tile in TiledRange(I_512_tile, nl.tile_size.pmax):
                        ^
/opt/aws_neuronx_venv_pytorch_inference_vllm_0_16/lib/python3.12/site-packages/neuronxcc/private_nkl/transpose.py:569:7: warning: 'neuronxcc.private_nkl.transpose._copy_with_engine' is from the 'neuronxcc' package which is not supported in NKI kernels; use the 'nki' package instead
      _copy_with_engine(
      ^
/opt/aws_neuronx_venv_pytorch_inference_vllm_0_16/lib/python3.12/site-packages/neuronxcc/private_nkl/transpose.py:586:17: warning: 'neuronxcc.private_nkl.utils.tiled_range.TiledRange' is from the 'neuronxcc' package which is not supported in NKI kernels; use the 'nki' package instead
  I_128_tiles = TiledRange(I_tile, nl.tile_size.pmax)
                ^
/opt/aws_neuronx_venv_pytorch_inference_vllm_0_16/lib/python3.12/site-packages/neuronxcc/private_nkl/transpose.py:588:17: warning: 'neuronxcc.private_nkl.utils.tiled_range.TiledRange' is from the 'neuronxcc' package which is not supported in NKI kernels; use the 'nki' package instead
  J_128_tiles = TiledRange(J_tile, nl.tile_size.pmax)
                ^
/opt/aws_neuronx_venv_pytorch_inference_vllm_0_16/lib/python3.12/site-packages/neuronxcc/private_nkl/transpose.py:596:21: warning: 'neuronxcc.private_nkl.utils.tiled_range.TiledRange' is from the 'neuronxcc' package which is not supported in NKI kernels; use the 'nki' package instead
  for I_128_tile in TiledRange(I_tile.size, nl.tile_size.pmax):
                    ^
/opt/aws_neuronx_venv_pytorch_inference_vllm_0_16/lib/python3.12/site-packages/neuronxcc/private_nkl/transpose.py:597:23: warning: 'neuronxcc.private_nkl.utils.tiled_range.TiledRange' is from the 'neuronxcc' package which is not supported in NKI kernels; use the 'nki' package instead
    for J_512_tile in TiledRange(J_tile.size, nl.tile_size.psum_fmax):
                      ^
/opt/aws_neuronx_venv_pytorch_inference_vllm_0_16/lib/python3.12/site-packages/neuronxcc/private_nkl/transpose.py:609:25: warning: 'neuronxcc.private_nkl.utils.tiled_range.TiledRange' is from the 'neuronxcc' package which is not supported in NKI kernels; use the 'nki' package instead
      for J_128_tile in TiledRange(J_512_tile, nl.tile_size.pmax):
                        ^
/opt/aws_neuronx_venv_pytorch_inference_vllm_0_16/lib/python3.12/site-packages/neuronxcc/private_nkl/transpose.py:628:9: warning: 'neuronxcc.private_nkl.transpose._copy_with_engine' is from the 'neuronxcc' package which is not supported in NKI kernels; use the 'nki' package instead
        _copy_with_engine(
        ^
/opt/aws_neuronx_venv_pytorch_inference_vllm_0_16/lib/python3.12/site-packages/neuronxcc/private_nkl/transpose.py:652:9: warning: 'neuronxcc.private_nkl.transpose._copy_with_engine' is from the 'neuronxcc' package which is not supported in NKI kernels; use the 'nki' package instead
        _copy_with_engine(
        ^
/opt/aws_neuronx_venv_pytorch_inference_vllm_0_16/lib/python3.12/site-packages/neuronxcc/private_nkl/transpose.py:38:10: warning: 'neuronxcc.private_nkl.transpose_utils.is_valid_permutation' is from the 'neuronxcc' package which is not supported in NKI kernels; use the 'nki' package instead
  assert is_valid_permutation(permutation), "input permutation is invalid"
         ^
/opt/aws_neuronx_venv_pytorch_inference_vllm_0_16/lib/python3.12/site-packages/neuronxcc/private_nkl/transpose.py:41:10: warning: 'neuronxcc.private_nkl.transpose_utils.n_elts' is from the 'neuronxcc' package which is not supported in NKI kernels; use the 'nki' package instead
  assert n_elts(in_shape) == n_elts(in_tensor.shape), "tensor shape is invalid"
         ^
/opt/aws_neuronx_venv_pytorch_inference_vllm_0_16/lib/python3.12/site-packages/neuronxcc/private_nkl/transpose.py:41:30: warning: 'neuronxcc.private_nkl.transpose_utils.n_elts' is from the 'neuronxcc' package which is not supported in NKI kernels; use the 'nki' package instead
  assert n_elts(in_shape) == n_elts(in_tensor.shape), "tensor shape is invalid"
                             ^
/opt/aws_neuronx_venv_pytorch_inference_vllm_0_16/lib/python3.12/site-packages/neuronxcc/private_nkl/transpose.py:32:20: warning: 'neuronxcc.private_nkl.utils.StackAllocator.sizeinbytes' is from the 'neuronxcc' package which is not supported in NKI kernels; use the 'nki' package instead
  return (98304 // sizeinbytes(dtype)) // 2
                   ^
/opt/aws_neuronx_venv_pytorch_inference_vllm_0_16/lib/python3.12/site-packages/neuronxcc/private_nkl/transpose.py:886:29: warning: 'neuronxcc.private_nkl.utils.kernel_helpers.get_program_sharding_info' is from the 'neuronxcc' package which is not supported in NKI kernels; use the 'nki' package instead
  _, num_shards, shard_id = get_program_sharding_info()
                            ^
/opt/aws_neuronx_venv_pytorch_inference_vllm_0_16/lib/python3.12/site-packages/neuronxcc/private_nkl/transpose.py:887:9: warning: 'neuronxcc.private_nkl.transpose._pe_transpose' is from the 'neuronxcc' package which is not supported in NKI kernels; use the 'nki' package instead
  out = _pe_transpose(in_tensor, in_shape, permutation, out_dtype, num_shards, shard_id)
        ^
/opt/aws_neuronx_venv_pytorch_inference_vllm_0_16/lib/python3.12/site-packages/neuronxcc/private_nkl/transpose_utils.py:71:10: warning: 'neuronxcc.private_nkl.transpose_utils.is_valid_permutation' is from the 'neuronxcc' package which is not supported in NKI kernels; use the 'nki' package instead
  if not is_valid_permutation(permutation):
         ^
/opt/aws_neuronx_venv_pytorch_inference_vllm_0_16/lib/python3.12/site-packages/neuronxcc/private_nkl/utils/tiled_range.py:66:23: warning: 'neuronxcc.private_nkl.utils.tiled_range.TiledRangeIterator' is from the 'neuronxcc' package which is not supported in NKI kernels; use the 'nki' package instead
  if isinstance(size, TiledRangeIterator):
                      ^
/opt/aws_neuronx_venv_pytorch_inference_vllm_0_16/lib/python3.12/site-packages/neuronxcc/private_nkl/utils/tiled_range.py:84:22: warning: 'neuronxcc.private_nkl.utils.tiled_range.TiledRangeIterator' is from the 'neuronxcc' package which is not supported in NKI kernels; use the 'nki' package instead
    iterators.append(TiledRangeIterator(current_tile_size, i, base_offset + relative_offset))
                     ^
/opt/aws_neuronx_venv_pytorch_inference_vllm_0_16/lib/python3.12/site-packages/neuronxcc/private_nkl/transpose.py:458:17: warning: 'neuronxcc.private_nkl.utils.tiled_range.TiledRange' is from the 'neuronxcc' package which is not supported in NKI kernels; use the 'nki' package instead
  I_128_tiles = TiledRange(I_tile, nl.tile_size.pmax)
                ^
/opt/aws_neuronx_venv_pytorch_inference_vllm_0_16/lib/python3.12/site-packages/neuronxcc/private_nkl/transpose.py:465:33: warning: 'neuronxcc.private_nkl.utils.tiled_range.TiledRange' is from the 'neuronxcc' package which is not supported in NKI kernels; use the 'nki' package instead
    for vectorization_factor in TiledRange(num_full_128_tiles_per_I_tile, VECTORIZATION_FACTOR):
                                ^
/opt/aws_neuronx_venv_pytorch_inference_vllm_0_16/lib/python3.12/site-packages/neuronxcc/private_nkl/transpose.py:284:16: warning: 'neuronxcc.private_nkl.transpose.max_f_size' is from the 'neuronxcc' package which is not supported in NKI kernels; use the 'nki' package instead
  MAX_F_SIZE = max_f_size(dtype)
               ^
/opt/aws_neuronx_venv_pytorch_inference_vllm_0_16/lib/python3.12/site-packages/neuronxcc/private_nkl/transpose.py:289:15: warning: 'neuronxcc.private_nkl.transpose_utils.next_multiple' is from the 'neuronxcc' package which is not supported in NKI kernels; use the 'nki' package instead
    return I, next_multiple(min(J, MAX_F_SIZE), 128)
              ^
/opt/aws_neuronx_venv_pytorch_inference_vllm_0_16/lib/python3.12/site-packages/neuronxcc/private_nkl/transpose.py:291:12: warning: 'neuronxcc.private_nkl.transpose_utils.next_multiple' is from the 'neuronxcc' package which is not supported in NKI kernels; use the 'nki' package instead
    return next_multiple(min(I, MAX_F_SIZE), 128), J
           ^
/opt/aws_neuronx_venv_pytorch_inference_vllm_0_16/lib/python3.12/site-packages/neuronxcc/private_nkl/transpose.py:302:19: warning: 'neuronxcc.private_nkl.transpose_utils.next_multiple' is from the 'neuronxcc' package which is not supported in NKI kernels; use the 'nki' package instead
    I_tile_size = next_multiple(I_tile_size, 128)
                  ^
/opt/aws_neuronx_venv_pytorch_inference_vllm_0_16/lib/python3.12/site-packages/neuronxcc/private_nkl/transpose.py:303:19: warning: 'neuronxcc.private_nkl.transpose_utils.next_multiple' is from the 'neuronxcc' package which is not supported in NKI kernels; use the 'nki' package instead
    J_tile_size = next_multiple(J_tile_size, 128)
                  ^
/opt/aws_neuronx_venv_pytorch_inference_vllm_0_16/lib/python3.12/site-packages/neuronxcc/private_nkl/transpose.py:681:17: warning: 'neuronxcc.private_nkl.utils.tiled_range.TiledRange' is from the 'neuronxcc' package which is not supported in NKI kernels; use the 'nki' package instead
  J_128_tiles = TiledRange(J_tile, nl.tile_size.pmax)
                ^
/opt/aws_neuronx_venv_pytorch_inference_vllm_0_16/lib/python3.12/site-packages/neuronxcc/private_nkl/transpose.py:688:33: warning: 'neuronxcc.private_nkl.utils.tiled_range.TiledRange' is from the 'neuronxcc' package which is not supported in NKI kernels; use the 'nki' package instead
    for vectorization_factor in TiledRange(num_full_128_tiles_per_J_tile, VECTORIZATION_FACTOR):
                                ^
/opt/aws_neuronx_venv_pytorch_inference_vllm_0_16/lib/python3.12/site-packages/neuronxcc/private_nkl/transpose.py:751:3: warning: 'neuronxcc.private_nkl.transpose.check_input_transpose' is from the 'neuronxcc' package which is not supported in NKI kernels; use the 'nki' package instead
  check_input_transpose(in_tensor, in_shape, permutation)
  ^
/opt/aws_neuronx_venv_pytorch_inference_vllm_0_16/lib/python3.12/site-packages/neuronxcc/private_nkl/transpose.py:757:33: warning: 'neuronxcc.private_nkl.transpose_utils.permutation_reduction' is from the 'neuronxcc' package which is not supported in NKI kernels; use the 'nki' package instead
  reduced_perm, reduced_shape = permutation_reduction(in_shape, permutation)
                                ^
/opt/aws_neuronx_venv_pytorch_inference_vllm_0_16/lib/python3.12/site-packages/neuronxcc/private_nkl/transpose.py:758:10: warning: 'neuronxcc.private_nkl.transpose_utils.permutes_last_two_dims' is from the 'neuronxcc' package which is not supported in NKI kernels; use the 'nki' package instead
  assert permutes_last_two_dims(reduced_perm), f"must permutate last two dims, got {reduced_perm}"
         ^
/opt/aws_neuronx_venv_pytorch_inference_vllm_0_16/lib/python3.12/site-packages/neuronxcc/private_nkl/transpose.py:763:11: warning: 'neuronxcc.private_nkl.transpose._str_to_dtype' is from the 'neuronxcc' package which is not supported in NKI kernels; use the 'nki' package instead
    dtype=_str_to_dtype(out_dtype),
          ^
/opt/aws_neuronx_venv_pytorch_inference_vllm_0_16/lib/python3.12/site-packages/neuronxcc/private_nkl/transpose.py:764:12: warning: 'neuronxcc.private_nkl.transpose_utils._get_hbm_buffer' is from the 'neuronxcc' package which is not supported in NKI kernels; use the 'nki' package instead
    buffer=_get_hbm_buffer(),
           ^
/opt/aws_neuronx_venv_pytorch_inference_vllm_0_16/lib/python3.12/site-packages/neuronxcc/private_nkl/transpose.py:767:3: warning: 'neuronxcc.private_nkl.transpose._pe_transpose_impl' is from the 'neuronxcc' package which is not supported in NKI kernels; use the 'nki' package instead
  _pe_transpose_impl(in_tensor, out_tensor, num_shards, shard_id)
  ^
/opt/aws_neuronx_venv_pytorch_inference_vllm_0_16/lib/python3.12/site-packages/neuronxcc/private_nkl/transpose.py:373:25: warning: 'neuronxcc.private_nkl.transpose_utils.n_elts' is from the 'neuronxcc' package which is not supported in NKI kernels; use the 'nki' package instead
  flattened_B_dim = int(n_elts(in_shape[:-2])) if in_shape[:-2] else 1
                        ^
/opt/aws_neuronx_venv_pytorch_inference_vllm_0_16/lib/python3.12/site-packages/neuronxcc/private_nkl/transpose.py:378:30: warning: 'neuronxcc.private_nkl.transpose._pe_optimal_tile_sizes' is from the 'neuronxcc' package which is not supported in NKI kernels; use the 'nki' package instead
  I_tile_size, J_tile_size = _pe_optimal_tile_sizes(I, J, in_tensor.dtype)
                             ^
/opt/aws_neuronx_venv_pytorch_inference_vllm_0_16/lib/python3.12/site-packages/neuronxcc/private_nkl/transpose.py:381:17: warning: 'neuronxcc.private_nkl.utils.kernel_helpers.div_ceil' is from the 'neuronxcc' package which is not supported in NKI kernels; use the 'nki' package instead
  b_per_shard = div_ceil(flattened_B_dim, num_shards)
                ^
/opt/aws_neuronx_venv_pytorch_inference_vllm_0_16/lib/python3.12/site-packages/neuronxcc/private_nkl/transpose.py:384:19: warning: 'neuronxcc.private_nkl.transpose._to_compute_dtype' is from the 'neuronxcc' package which is not supported in NKI kernels; use the 'nki' package instead
  compute_dtype = _to_compute_dtype(in_tensor.dtype)
                  ^
/opt/aws_neuronx_venv_pytorch_inference_vllm_0_16/lib/python3.12/site-packages/neuronxcc/private_nkl/transpose.py:398:19: warning: 'neuronxcc.private_nkl.utils.tiled_range.TiledRange' is from the 'neuronxcc' package which is not supported in NKI kernels; use the 'nki' package instead
    for I_tile in TiledRange(I, I_tile_size):
                  ^
/opt/aws_neuronx_venv_pytorch_inference_vllm_0_16/lib/python3.12/site-packages/neuronxcc/private_nkl/transpose.py:399:21: warning: 'neuronxcc.private_nkl.utils.tiled_range.TiledRange' is from the 'neuronxcc' package which is not supported in NKI kernels; use the 'nki' package instead
      for J_tile in TiledRange(J, J_tile_size):
                    ^
/opt/aws_neuronx_venv_pytorch_inference_vllm_0_16/lib/python3.12/site-packages/neuronxcc/private_nkl/transpose.py:400:23: warning: 'neuronxcc.private_nkl.utils.tiled_range.TiledRange' is from the 'neuronxcc' package which is not supported in NKI kernels; use the 'nki' package instead
        I_128_tiles = TiledRange(I_tile, nl.tile_size.pmax)
                      ^
/opt/aws_neuronx_venv_pytorch_inference_vllm_0_16/lib/python3.12/site-packages/neuronxcc/private_nkl/transpose.py:405:23: warning: 'neuronxcc.private_nkl.utils.tiled_range.TiledRange' is from the 'neuronxcc' package which is not supported in NKI kernels; use the 'nki' package instead
        J_128_tiles = TiledRange(J_tile, nl.tile_size.pmax)
                      ^
/opt/aws_neuronx_venv_pytorch_inference_vllm_0_16/lib/python3.12/site-packages/neuronxcc/private_nkl/transpose.py:411:9: warning: 'neuronxcc.private_nkl.transpose._pe_load_tile' is from the 'neuronxcc' package which is not supported in NKI kernels; use the 'nki' package instead
        _pe_load_tile(
        ^
/opt/aws_neuronx_venv_pytorch_inference_vllm_0_16/lib/python3.12/site-packages/neuronxcc/private_nkl/transpose.py:422:11: warning: 'neuronxcc.private_nkl.transpose._pe_transpose_tile_I_vectorized' is from the 'neuronxcc' package which is not supported in NKI kernels; use the 'nki' package instead
          _pe_transpose_tile_I_vectorized(
          ^
/opt/aws_neuronx_venv_pytorch_inference_vllm_0_16/lib/python3.12/site-packages/neuronxcc/private_nkl/transpose.py:430:11: warning: 'neuronxcc.private_nkl.transpose._pe_transpose_tile_J_vectorized' is from the 'neuronxcc' package which is not supported in NKI kernels; use the 'nki' package instead
          _pe_transpose_tile_J_vectorized(
          ^
/opt/aws_neuronx_venv_pytorch_inference_vllm_0_16/lib/python3.12/site-packages/neuronxcc/private_nkl/transpose.py:438:9: warning: 'neuronxcc.private_nkl.transpose._pe_store_tile' is from the 'neuronxcc' package which is not supported in NKI kernels; use the 'nki' package instead
        _pe_store_tile(
        ^
/opt/aws_neuronx_venv_pytorch_inference_vllm_0_16/lib/python3.12/site-packages/neuronxcc/private_nkl/transpose.py:527:17: warning: 'neuronxcc.private_nkl.utils.tiled_range.TiledRange' is from the 'neuronxcc' package which is not supported in NKI kernels; use the 'nki' package instead
  I_128_tiles = TiledRange(I_tile, nl.tile_size.pmax)
                ^
/opt/aws_neuronx_venv_pytorch_inference_vllm_0_16/lib/python3.12/site-packages/neuronxcc/private_nkl/transpose.py:529:17: warning: 'neuronxcc.private_nkl.utils.tiled_range.TiledRange' is from the 'neuronxcc' package which is not supported in NKI kernels; use the 'nki' package instead
  J_128_tiles = TiledRange(J_tile, nl.tile_size.pmax)
                ^
/opt/aws_neuronx_venv_pytorch_inference_vllm_0_16/lib/python3.12/site-packages/neuronxcc/private_nkl/transpose.py:538:21: warning: 'neuronxcc.private_nkl.utils.tiled_range.TiledRange' is from the 'neuronxcc' package which is not supported in NKI kernels; use the 'nki' package instead
  for J_128_tile in TiledRange(J_tile.size, nl.tile_size.pmax):
                    ^
/opt/aws_neuronx_venv_pytorch_inference_vllm_0_16/lib/python3.12/site-packages/neuronxcc/private_nkl/transpose.py:539:23: warning: 'neuronxcc.private_nkl.utils.tiled_range.TiledRange' is from the 'neuronxcc' package which is not supported in NKI kernels; use the 'nki' package instead
    for I_512_tile in TiledRange(I_tile.size, nl.tile_size.psum_fmax):
                      ^
/opt/aws_neuronx_venv_pytorch_inference_vllm_0_16/lib/python3.12/site-packages/neuronxcc/private_nkl/transpose.py:551:25: warning: 'neuronxcc.private_nkl.utils.tiled_range.TiledRange' is from the 'neuronxcc' package which is not supported in NKI kernels; use the 'nki' package instead
      for I_128_tile in TiledRange(I_512_tile, nl.tile_size.pmax):
                        ^
/opt/aws_neuronx_venv_pytorch_inference_vllm_0_16/lib/python3.12/site-packages/neuronxcc/private_nkl/transpose.py:569:7: warning: 'neuronxcc.private_nkl.transpose._copy_with_engine' is from the 'neuronxcc' package which is not supported in NKI kernels; use the 'nki' package instead
      _copy_with_engine(
      ^
/opt/aws_neuronx_venv_pytorch_inference_vllm_0_16/lib/python3.12/site-packages/neuronxcc/private_nkl/transpose.py:586:17: warning: 'neuronxcc.private_nkl.utils.tiled_range.TiledRange' is from the 'neuronxcc' package which is not supported in NKI kernels; use the 'nki' package instead
  I_128_tiles = TiledRange(I_tile, nl.tile_size.pmax)
                ^
/opt/aws_neuronx_venv_pytorch_inference_vllm_0_16/lib/python3.12/site-packages/neuronxcc/private_nkl/transpose.py:588:17: warning: 'neuronxcc.private_nkl.utils.tiled_range.TiledRange' is from the 'neuronxcc' package which is not supported in NKI kernels; use the 'nki' package instead
  J_128_tiles = TiledRange(J_tile, nl.tile_size.pmax)
                ^
/opt/aws_neuronx_venv_pytorch_inference_vllm_0_16/lib/python3.12/site-packages/neuronxcc/private_nkl/transpose.py:596:21: warning: 'neuronxcc.private_nkl.utils.tiled_range.TiledRange' is from the 'neuronxcc' package which is not supported in NKI kernels; use the 'nki' package instead
  for I_128_tile in TiledRange(I_tile.size, nl.tile_size.pmax):
                    ^
/opt/aws_neuronx_venv_pytorch_inference_vllm_0_16/lib/python3.12/site-packages/neuronxcc/private_nkl/transpose.py:597:23: warning: 'neuronxcc.private_nkl.utils.tiled_range.TiledRange' is from the 'neuronxcc' package which is not supported in NKI kernels; use the 'nki' package instead
    for J_512_tile in TiledRange(J_tile.size, nl.tile_size.psum_fmax):
                      ^
/opt/aws_neuronx_venv_pytorch_inference_vllm_0_16/lib/python3.12/site-packages/neuronxcc/private_nkl/transpose.py:609:25: warning: 'neuronxcc.private_nkl.utils.tiled_range.TiledRange' is from the 'neuronxcc' package which is not supported in NKI kernels; use the 'nki' package instead
      for J_128_tile in TiledRange(J_512_tile, nl.tile_size.pmax):
                        ^
/opt/aws_neuronx_venv_pytorch_inference_vllm_0_16/lib/python3.12/site-packages/neuronxcc/private_nkl/transpose.py:628:9: warning: 'neuronxcc.private_nkl.transpose._copy_with_engine' is from the 'neuronxcc' package which is not supported in NKI kernels; use the 'nki' package instead
        _copy_with_engine(
        ^
/opt/aws_neuronx_venv_pytorch_inference_vllm_0_16/lib/python3.12/site-packages/neuronxcc/private_nkl/transpose.py:652:9: warning: 'neuronxcc.private_nkl.transpose._copy_with_engine' is from the 'neuronxcc' package which is not supported in NKI kernels; use the 'nki' package instead
        _copy_with_engine(
        ^
/opt/aws_neuronx_venv_pytorch_inference_vllm_0_16/lib/python3.12/site-packages/neuronxcc/private_nkl/transpose.py:38:10: warning: 'neuronxcc.private_nkl.transpose_utils.is_valid_permutation' is from the 'neuronxcc' package which is not supported in NKI kernels; use the 'nki' package instead
  assert is_valid_permutation(permutation), "input permutation is invalid"
         ^
/opt/aws_neuronx_venv_pytorch_inference_vllm_0_16/lib/python3.12/site-packages/neuronxcc/private_nkl/transpose.py:41:10: warning: 'neuronxcc.private_nkl.transpose_utils.n_elts' is from the 'neuronxcc' package which is not supported in NKI kernels; use the 'nki' package instead
  assert n_elts(in_shape) == n_elts(in_tensor.shape), "tensor shape is invalid"
         ^
/opt/aws_neuronx_venv_pytorch_inference_vllm_0_16/lib/python3.12/site-packages/neuronxcc/private_nkl/transpose.py:41:30: warning: 'neuronxcc.private_nkl.transpose_utils.n_elts' is from the 'neuronxcc' package which is not supported in NKI kernels; use the 'nki' package instead
  assert n_elts(in_shape) == n_elts(in_tensor.shape), "tensor shape is invalid"
                             ^
/opt/aws_neuronx_venv_pytorch_inference_vllm_0_16/lib/python3.12/site-packages/neuronxcc/private_nkl/transpose.py:32:20: warning: 'neuronxcc.private_nkl.utils.StackAllocator.sizeinbytes' is from the 'neuronxcc' package which is not supported in NKI kernels; use the 'nki' package instead
  return (98304 // sizeinbytes(dtype)) // 2
                   ^
/opt/aws_neuronx_venv_pytorch_inference_vllm_0_16/lib/python3.12/site-packages/neuronxcc/private_nkl/transpose.py:886:29: warning: 'neuronxcc.private_nkl.utils.kernel_helpers.get_program_sharding_info' is from the 'neuronxcc' package which is not supported in NKI kernels; use the 'nki' package instead
  _, num_shards, shard_id = get_program_sharding_info()
                            ^
/opt/aws_neuronx_venv_pytorch_inference_vllm_0_16/lib/python3.12/site-packages/neuronxcc/private_nkl/transpose.py:887:9: warning: 'neuronxcc.private_nkl.transpose._pe_transpose' is from the 'neuronxcc' package which is not supported in NKI kernels; use the 'nki' package instead
  out = _pe_transpose(in_tensor, in_shape, permutation, out_dtype, num_shards, shard_id)
        ^
/opt/aws_neuronx_venv_pytorch_inference_vllm_0_16/lib/python3.12/site-packages/neuronxcc/private_nkl/transpose_utils.py:71:10: warning: 'neuronxcc.private_nkl.transpose_utils.is_valid_permutation' is from the 'neuronxcc' package which is not supported in NKI kernels; use the 'nki' package instead
  if not is_valid_permutation(permutation):
         ^
/opt/aws_neuronx_venv_pytorch_inference_vllm_0_16/lib/python3.12/site-packages/neuronxcc/private_nkl/utils/tiled_range.py:66:23: warning: 'neuronxcc.private_nkl.utils.tiled_range.TiledRangeIterator' is from the 'neuronxcc' package which is not supported in NKI kernels; use the 'nki' package instead
  if isinstance(size, TiledRangeIterator):
                      ^
/opt/aws_neuronx_venv_pytorch_inference_vllm_0_16/lib/python3.12/site-packages/neuronxcc/private_nkl/utils/tiled_range.py:84:22: warning: 'neuronxcc.private_nkl.utils.tiled_range.TiledRangeIterator' is from the 'neuronxcc' package which is not supported in NKI kernels; use the 'nki' package instead
    iterators.append(TiledRangeIterator(current_tile_size, i, base_offset + relative_offset))
                     ^
/opt/aws_neuronx_venv_pytorch_inference_vllm_0_16/lib/python3.12/site-packages/neuronxcc/private_nkl/transpose.py:69:16: warning: 'neuronxcc.private_nkl.transpose.max_f_size' is from the 'neuronxcc' package which is not supported in NKI kernels; use the 'nki' package instead
  MAX_F_SIZE = max_f_size(in_tensor.dtype)
               ^
/opt/aws_neuronx_venv_pytorch_inference_vllm_0_16/lib/python3.12/site-packages/neuronxcc/private_nkl/transpose.py:74:25: warning: 'neuronxcc.private_nkl.transpose_utils.n_elts' is from the 'neuronxcc' package which is not supported in NKI kernels; use the 'nki' package instead
  flattened_B_dim = int(n_elts(in_shape[:-2])) if in_shape[:-2] else 1
                        ^
/opt/aws_neuronx_venv_pytorch_inference_vllm_0_16/lib/python3.12/site-packages/neuronxcc/private_nkl/transpose.py:77:18: warning: 'neuronxcc.private_nkl.transpose_utils.factor_within_limit' is from the 'neuronxcc' package which is not supported in NKI kernels; use the 'nki' package instead
    i_division = factor_within_limit(I, MAX_F_SIZE)
                 ^
/opt/aws_neuronx_venv_pytorch_inference_vllm_0_16/lib/python3.12/site-packages/neuronxcc/private_nkl/transpose.py:79:22: warning: 'neuronxcc.private_nkl.utils.kernel_helpers.div_ceil' is from the 'neuronxcc' package which is not supported in NKI kernels; use the 'nki' package instead
    i_division_num = div_ceil(I, i_division)
                     ^
/opt/aws_neuronx_venv_pytorch_inference_vllm_0_16/lib/python3.12/site-packages/neuronxcc/private_nkl/transpose.py:87:16: warning: 'neuronxcc.private_nkl.utils.kernel_helpers.div_ceil' is from the 'neuronxcc' package which is not supported in NKI kernels; use the 'nki' package instead
  num_j_divs = div_ceil(J, j_division)
               ^
/opt/aws_neuronx_venv_pytorch_inference_vllm_0_16/lib/python3.12/site-packages/neuronxcc/private_nkl/transpose.py:91:18: warning: 'neuronxcc.private_nkl.utils.kernel_helpers.div_ceil' is from the 'neuronxcc' package which is not supported in NKI kernels; use the 'nki' package instead
    num_j_divs = div_ceil(J, j_division)
                 ^
/opt/aws_neuronx_venv_pytorch_inference_vllm_0_16/lib/python3.12/site-packages/neuronxcc/private_nkl/transpose.py:93:22: warning: 'neuronxcc.private_nkl.utils.kernel_helpers.div_ceil' is from the 'neuronxcc' package which is not supported in NKI kernels; use the 'nki' package instead
    i_division_num = div_ceil(I, i_division)
                     ^
/opt/aws_neuronx_venv_pytorch_inference_vllm_0_16/lib/python3.12/site-packages/neuronxcc/private_nkl/transpose.py:95:33: warning: 'neuronxcc.private_nkl.utils.kernel_helpers.div_ceil' is from the 'neuronxcc' package which is not supported in NKI kernels; use the 'nki' package instead
  DVE_ACT_LOAD_BALANCE_FACTOR = div_ceil(i_division, MIN_DVE_ACT_CYCLES)
                                ^
/opt/aws_neuronx_venv_pytorch_inference_vllm_0_16/lib/python3.12/site-packages/neuronxcc/private_nkl/transpose.py:97:17: warning: 'neuronxcc.private_nkl.utils.kernel_helpers.div_ceil' is from the 'neuronxcc' package which is not supported in NKI kernels; use the 'nki' package instead
  num_i_tiles = div_ceil(i_division, i_tile_size)
                ^
/opt/aws_neuronx_venv_pytorch_inference_vllm_0_16/lib/python3.12/site-packages/neuronxcc/private_nkl/transpose.py:100:13: warning: 'neuronxcc.private_nkl.utils.kernel_helpers.div_ceil' is from the 'neuronxcc' package which is not supported in NKI kernels; use the 'nki' package instead
  j_tiles = div_ceil(j_division, j_tile_size)
            ^
/opt/aws_neuronx_venv_pytorch_inference_vllm_0_16/lib/python3.12/site-packages/neuronxcc/private_nkl/transpose.py:103:17: warning: 'neuronxcc.private_nkl.utils.kernel_helpers.div_ceil' is from the 'neuronxcc' package which is not supported in NKI kernels; use the 'nki' package instead
  b_per_shard = div_ceil(flattened_B_dim, num_shards)
                ^
/opt/aws_neuronx_venv_pytorch_inference_vllm_0_16/lib/python3.12/site-packages/neuronxcc/private_nkl/transpose.py:107:17: warning: 'neuronxcc.private_nkl.utils.kernel_helpers.div_ceil' is from the 'neuronxcc' package which is not supported in NKI kernels; use the 'nki' package instead
  num_p_tiles = div_ceil(b_per_shard, MAX_P)
                ^
/opt/aws_neuronx_venv_pytorch_inference_vllm_0_16/lib/python3.12/site-packages/neuronxcc/private_nkl/transpose.py:159:13: warning: 'neuronxcc.private_nkl.transpose._copy_with_engine' is from the 'neuronxcc' package which is not supported in NKI kernels; use the 'nki' package instead
            _copy_with_engine(
            ^
/opt/aws_neuronx_venv_pytorch_inference_vllm_0_16/lib/python3.12/site-packages/neuronxcc/private_nkl/transpose.py:199:16: warning: 'neuronxcc.private_nkl.transpose.max_f_size' is from the 'neuronxcc' package which is not supported in NKI kernels; use the 'nki' package instead
  MAX_F_SIZE = max_f_size(in_tensor.dtype)
               ^
/opt/aws_neuronx_venv_pytorch_inference_vllm_0_16/lib/python3.12/site-packages/neuronxcc/private_nkl/transpose.py:204:25: warning: 'neuronxcc.private_nkl.transpose_utils.n_elts' is from the 'neuronxcc' package which is not supported in NKI kernels; use the 'nki' package instead
  flattened_B_dim = int(n_elts(in_shape[:-2])) if in_shape[:-2] else 1
                        ^
/opt/aws_neuronx_venv_pytorch_inference_vllm_0_16/lib/python3.12/site-packages/neuronxcc/private_nkl/transpose.py:207:17: warning: 'neuronxcc.private_nkl.utils.kernel_helpers.div_ceil' is from the 'neuronxcc' package which is not supported in NKI kernels; use the 'nki' package instead
  b_per_shard = div_ceil(flattened_B_dim, num_shards)
                ^
/opt/aws_neuronx_venv_pytorch_inference_vllm_0_16/lib/python3.12/site-packages/neuronxcc/private_nkl/transpose.py:211:17: warning: 'neuronxcc.private_nkl.utils.kernel_helpers.div_ceil' is from the 'neuronxcc' package which is not supported in NKI kernels; use the 'nki' package instead
  num_p_tiles = div_ceil(b_per_shard, P)
                ^
/opt/aws_neuronx_venv_pytorch_inference_vllm_0_16/lib/python3.12/site-packages/neuronxcc/private_nkl/transpose.py:218:13: warning: 'neuronxcc.private_nkl.utils.kernel_helpers.div_ceil' is from the 'neuronxcc' package which is not supported in NKI kernels; use the 'nki' package instead
  i_tiles = div_ceil(I, i_tile_size)
            ^
/opt/aws_neuronx_venv_pytorch_inference_vllm_0_16/lib/python3.12/site-packages/neuronxcc/private_nkl/transpose.py:224:19: warning: 'neuronxcc.private_nkl.utils.kernel_helpers.div_ceil' is from the 'neuronxcc' package which is not supported in NKI kernels; use the 'nki' package instead
    j_tile_size = div_ceil(J, J_LOAD_BALANCING_FACTOR)
                  ^
/opt/aws_neuronx_venv_pytorch_inference_vllm_0_16/lib/python3.12/site-packages/neuronxcc/private_nkl/transpose.py:251:9: warning: 'neuronxcc.private_nkl.transpose._copy_with_engine' is from the 'neuronxcc' package which is not supported in NKI kernels; use the 'nki' package instead
        _copy_with_engine(
        ^
/opt/aws_neuronx_venv_pytorch_inference_vllm_0_16/lib/python3.12/site-packages/neuronxcc/private_nkl/transpose.py:458:17: warning: 'neuronxcc.private_nkl.utils.tiled_range.TiledRange' is from the 'neuronxcc' package which is not supported in NKI kernels; use the 'nki' package instead
  I_128_tiles = TiledRange(I_tile, nl.tile_size.pmax)
                ^
/opt/aws_neuronx_venv_pytorch_inference_vllm_0_16/lib/python3.12/site-packages/neuronxcc/private_nkl/transpose.py:465:33: warning: 'neuronxcc.private_nkl.utils.tiled_range.TiledRange' is from the 'neuronxcc' package which is not supported in NKI kernels; use the 'nki' package instead
    for vectorization_factor in TiledRange(num_full_128_tiles_per_I_tile, VECTORIZATION_FACTOR):
                                ^
/opt/aws_neuronx_venv_pytorch_inference_vllm_0_16/lib/python3.12/site-packages/neuronxcc/private_nkl/transpose.py:284:16: warning: 'neuronxcc.private_nkl.transpose.max_f_size' is from the 'neuronxcc' package which is not supported in NKI kernels; use the 'nki' package instead
  MAX_F_SIZE = max_f_size(dtype)
               ^
/opt/aws_neuronx_venv_pytorch_inference_vllm_0_16/lib/python3.12/site-packages/neuronxcc/private_nkl/transpose.py:289:15: warning: 'neuronxcc.private_nkl.transpose_utils.next_multiple' is from the 'neuronxcc' package which is not supported in NKI kernels; use the 'nki' package instead
    return I, next_multiple(min(J, MAX_F_SIZE), 128)
              ^
/opt/aws_neuronx_venv_pytorch_inference_vllm_0_16/lib/python3.12/site-packages/neuronxcc/private_nkl/transpose.py:291:12: warning: 'neuronxcc.private_nkl.transpose_utils.next_multiple' is from the 'neuronxcc' package which is not supported in NKI kernels; use the 'nki' package instead
    return next_multiple(min(I, MAX_F_SIZE), 128), J
           ^
/opt/aws_neuronx_venv_pytorch_inference_vllm_0_16/lib/python3.12/site-packages/neuronxcc/private_nkl/transpose.py:302:19: warning: 'neuronxcc.private_nkl.transpose_utils.next_multiple' is from the 'neuronxcc' package which is not supported in NKI kernels; use the 'nki' package instead
    I_tile_size = next_multiple(I_tile_size, 128)
                  ^
/opt/aws_neuronx_venv_pytorch_inference_vllm_0_16/lib/python3.12/site-packages/neuronxcc/private_nkl/transpose.py:303:19: warning: 'neuronxcc.private_nkl.transpose_utils.next_multiple' is from the 'neuronxcc' package which is not supported in NKI kernels; use the 'nki' package instead
    J_tile_size = next_multiple(J_tile_size, 128)
                  ^
/opt/aws_neuronx_venv_pytorch_inference_vllm_0_16/lib/python3.12/site-packages/neuronxcc/private_nkl/transpose.py:681:17: warning: 'neuronxcc.private_nkl.utils.tiled_range.TiledRange' is from the 'neuronxcc' package which is not supported in NKI kernels; use the 'nki' package instead
  J_128_tiles = TiledRange(J_tile, nl.tile_size.pmax)
                ^
/opt/aws_neuronx_venv_pytorch_inference_vllm_0_16/lib/python3.12/site-packages/neuronxcc/private_nkl/transpose.py:688:33: warning: 'neuronxcc.private_nkl.utils.tiled_range.TiledRange' is from the 'neuronxcc' package which is not supported in NKI kernels; use the 'nki' package instead
    for vectorization_factor in TiledRange(num_full_128_tiles_per_J_tile, VECTORIZATION_FACTOR):
                                ^
/opt/aws_neuronx_venv_pytorch_inference_vllm_0_16/lib/python3.12/site-packages/neuronxcc/private_nkl/transpose.py:373:25: warning: 'neuronxcc.private_nkl.transpose_utils.n_elts' is from the 'neuronxcc' package which is not supported in NKI kernels; use the 'nki' package instead
  flattened_B_dim = int(n_elts(in_shape[:-2])) if in_shape[:-2] else 1
                        ^
/opt/aws_neuronx_venv_pytorch_inference_vllm_0_16/lib/python3.12/site-packages/neuronxcc/private_nkl/transpose.py:378:30: warning: 'neuronxcc.private_nkl.transpose._pe_optimal_tile_sizes' is from the 'neuronxcc' package which is not supported in NKI kernels; use the 'nki' package instead
  I_tile_size, J_tile_size = _pe_optimal_tile_sizes(I, J, in_tensor.dtype)
                             ^
/opt/aws_neuronx_venv_pytorch_inference_vllm_0_16/lib/python3.12/site-packages/neuronxcc/private_nkl/transpose.py:381:17: warning: 'neuronxcc.private_nkl.utils.kernel_helpers.div_ceil' is from the 'neuronxcc' package which is not supported in NKI kernels; use the 'nki' package instead
  b_per_shard = div_ceil(flattened_B_dim, num_shards)
                ^
/opt/aws_neuronx_venv_pytorch_inference_vllm_0_16/lib/python3.12/site-packages/neuronxcc/private_nkl/transpose.py:384:19: warning: 'neuronxcc.private_nkl.transpose._to_compute_dtype' is from the 'neuronxcc' package which is not supported in NKI kernels; use the 'nki' package instead
  compute_dtype = _to_compute_dtype(in_tensor.dtype)
                  ^
/opt/aws_neuronx_venv_pytorch_inference_vllm_0_16/lib/python3.12/site-packages/neuronxcc/private_nkl/transpose.py:398:19: warning: 'neuronxcc.private_nkl.utils.tiled_range.TiledRange' is from the 'neuronxcc' package which is not supported in NKI kernels; use the 'nki' package instead
    for I_tile in TiledRange(I, I_tile_size):
                  ^
/opt/aws_neuronx_venv_pytorch_inference_vllm_0_16/lib/python3.12/site-packages/neuronxcc/private_nkl/transpose.py:399:21: warning: 'neuronxcc.private_nkl.utils.tiled_range.TiledRange' is from the 'neuronxcc' package which is not supported in NKI kernels; use the 'nki' package instead
      for J_tile in TiledRange(J, J_tile_size):
                    ^
/opt/aws_neuronx_venv_pytorch_inference_vllm_0_16/lib/python3.12/site-packages/neuronxcc/private_nkl/transpose.py:400:23: warning: 'neuronxcc.private_nkl.utils.tiled_range.TiledRange' is from the 'neuronxcc' package which is not supported in NKI kernels; use the 'nki' package instead
        I_128_tiles = TiledRange(I_tile, nl.tile_size.pmax)
                      ^
/opt/aws_neuronx_venv_pytorch_inference_vllm_0_16/lib/python3.12/site-packages/neuronxcc/private_nkl/transpose.py:405:23: warning: 'neuronxcc.private_nkl.utils.tiled_range.TiledRange' is from the 'neuronxcc' package which is not supported in NKI kernels; use the 'nki' package instead
        J_128_tiles = TiledRange(J_tile, nl.tile_size.pmax)
                      ^
/opt/aws_neuronx_venv_pytorch_inference_vllm_0_16/lib/python3.12/site-packages/neuronxcc/private_nkl/transpose.py:411:9: warning: 'neuronxcc.private_nkl.transpose._pe_load_tile' is from the 'neuronxcc' package which is not supported in NKI kernels; use the 'nki' package instead
        _pe_load_tile(
        ^
/opt/aws_neuronx_venv_pytorch_inference_vllm_0_16/lib/python3.12/site-packages/neuronxcc/private_nkl/transpose.py:422:11: warning: 'neuronxcc.private_nkl.transpose._pe_transpose_tile_I_vectorized' is from the 'neuronxcc' package which is not supported in NKI kernels; use the 'nki' package instead
          _pe_transpose_tile_I_vectorized(
          ^
/opt/aws_neuronx_venv_pytorch_inference_vllm_0_16/lib/python3.12/site-packages/neuronxcc/private_nkl/transpose.py:430:11: warning: 'neuronxcc.private_nkl.transpose._pe_transpose_tile_J_vectorized' is from the 'neuronxcc' package which is not supported in NKI kernels; use the 'nki' package instead
          _pe_transpose_tile_J_vectorized(
          ^
/opt/aws_neuronx_venv_pytorch_inference_vllm_0_16/lib/python3.12/site-packages/neuronxcc/private_nkl/transpose.py:438:9: warning: 'neuronxcc.private_nkl.transpose._pe_store_tile' is from the 'neuronxcc' package which is not supported in NKI kernels; use the 'nki' package instead
        _pe_store_tile(
        ^
/opt/aws_neuronx_venv_pytorch_inference_vllm_0_16/lib/python3.12/site-packages/neuronxcc/private_nkl/transpose.py:527:17: warning: 'neuronxcc.private_nkl.utils.tiled_range.TiledRange' is from the 'neuronxcc' package which is not supported in NKI kernels; use the 'nki' package instead
  I_128_tiles = TiledRange(I_tile, nl.tile_size.pmax)
                ^
/opt/aws_neuronx_venv_pytorch_inference_vllm_0_16/lib/python3.12/site-packages/neuronxcc/private_nkl/transpose.py:529:17: warning: 'neuronxcc.private_nkl.utils.tiled_range.TiledRange' is from the 'neuronxcc' package which is not supported in NKI kernels; use the 'nki' package instead
  J_128_tiles = TiledRange(J_tile, nl.tile_size.pmax)
                ^
/opt/aws_neuronx_venv_pytorch_inference_vllm_0_16/lib/python3.12/site-packages/neuronxcc/private_nkl/transpose.py:538:21: warning: 'neuronxcc.private_nkl.utils.tiled_range.TiledRange' is from the 'neuronxcc' package which is not supported in NKI kernels; use the 'nki' package instead
  for J_128_tile in TiledRange(J_tile.size, nl.tile_size.pmax):
                    ^
/opt/aws_neuronx_venv_pytorch_inference_vllm_0_16/lib/python3.12/site-packages/neuronxcc/private_nkl/transpose.py:539:23: warning: 'neuronxcc.private_nkl.utils.tiled_range.TiledRange' is from the 'neuronxcc' package which is not supported in NKI kernels; use the 'nki' package instead
    for I_512_tile in TiledRange(I_tile.size, nl.tile_size.psum_fmax):
                      ^
/opt/aws_neuronx_venv_pytorch_inference_vllm_0_16/lib/python3.12/site-packages/neuronxcc/private_nkl/transpose.py:551:25: warning: 'neuronxcc.private_nkl.utils.tiled_range.TiledRange' is from the 'neuronxcc' package which is not supported in NKI kernels; use the 'nki' package instead
      for I_128_tile in TiledRange(I_512_tile, nl.tile_size.pmax):
                        ^
/opt/aws_neuronx_venv_pytorch_inference_vllm_0_16/lib/python3.12/site-packages/neuronxcc/private_nkl/transpose.py:569:7: warning: 'neuronxcc.private_nkl.transpose._copy_with_engine' is from the 'neuronxcc' package which is not supported in NKI kernels; use the 'nki' package instead
      _copy_with_engine(
      ^
/opt/aws_neuronx_venv_pytorch_inference_vllm_0_16/lib/python3.12/site-packages/neuronxcc/private_nkl/transpose.py:586:17: warning: 'neuronxcc.private_nkl.utils.tiled_range.TiledRange' is from the 'neuronxcc' package which is not supported in NKI kernels; use the 'nki' package instead
  I_128_tiles = TiledRange(I_tile, nl.tile_size.pmax)
                ^
/opt/aws_neuronx_venv_pytorch_inference_vllm_0_16/lib/python3.12/site-packages/neuronxcc/private_nkl/transpose.py:588:17: warning: 'neuronxcc.private_nkl.utils.tiled_range.TiledRange' is from the 'neuronxcc' package which is not supported in NKI kernels; use the 'nki' package instead
  J_128_tiles = TiledRange(J_tile, nl.tile_size.pmax)
                ^
/opt/aws_neuronx_venv_pytorch_inference_vllm_0_16/lib/python3.12/site-packages/neuronxcc/private_nkl/transpose.py:596:21: warning: 'neuronxcc.private_nkl.utils.tiled_range.TiledRange' is from the 'neuronxcc' package which is not supported in NKI kernels; use the 'nki' package instead
  for I_128_tile in TiledRange(I_tile.size, nl.tile_size.pmax):
                    ^
/opt/aws_neuronx_venv_pytorch_inference_vllm_0_16/lib/python3.12/site-packages/neuronxcc/private_nkl/transpose.py:597:23: warning: 'neuronxcc.private_nkl.utils.tiled_range.TiledRange' is from the 'neuronxcc' package which is not supported in NKI kernels; use the 'nki' package instead
    for J_512_tile in TiledRange(J_tile.size, nl.tile_size.psum_fmax):
                      ^
/opt/aws_neuronx_venv_pytorch_inference_vllm_0_16/lib/python3.12/site-packages/neuronxcc/private_nkl/transpose.py:609:25: warning: 'neuronxcc.private_nkl.utils.tiled_range.TiledRange' is from the 'neuronxcc' package which is not supported in NKI kernels; use the 'nki' package instead
      for J_128_tile in TiledRange(J_512_tile, nl.tile_size.pmax):
                        ^
/opt/aws_neuronx_venv_pytorch_inference_vllm_0_16/lib/python3.12/site-packages/neuronxcc/private_nkl/transpose.py:628:9: warning: 'neuronxcc.private_nkl.transpose._copy_with_engine' is from the 'neuronxcc' package which is not supported in NKI kernels; use the 'nki' package instead
        _copy_with_engine(
        ^
/opt/aws_neuronx_venv_pytorch_inference_vllm_0_16/lib/python3.12/site-packages/neuronxcc/private_nkl/transpose.py:652:9: warning: 'neuronxcc.private_nkl.transpose._copy_with_engine' is from the 'neuronxcc' package which is not supported in NKI kernels; use the 'nki' package instead
        _copy_with_engine(
        ^
/opt/aws_neuronx_venv_pytorch_inference_vllm_0_16/lib/python3.12/site-packages/neuronxcc/private_nkl/transpose.py:784:3: warning: 'neuronxcc.private_nkl.transpose.check_input_transpose' is from the 'neuronxcc' package which is not supported in NKI kernels; use the 'nki' package instead
  check_input_transpose(in_tensor, in_shape, permutation)
  ^
/opt/aws_neuronx_venv_pytorch_inference_vllm_0_16/lib/python3.12/site-packages/neuronxcc/private_nkl/transpose.py:790:33: warning: 'neuronxcc.private_nkl.transpose_utils.permutation_reduction' is from the 'neuronxcc' package which is not supported in NKI kernels; use the 'nki' package instead
  reduced_perm, reduced_shape = permutation_reduction(in_shape, permutation)
                                ^
/opt/aws_neuronx_venv_pytorch_inference_vllm_0_16/lib/python3.12/site-packages/neuronxcc/private_nkl/transpose.py:791:10: warning: 'neuronxcc.private_nkl.transpose_utils.permutes_last_two_dims' is from the 'neuronxcc' package which is not supported in NKI kernels; use the 'nki' package instead
  assert permutes_last_two_dims(reduced_perm), f"must permutate last two dims, got {reduced_perm}"
         ^
/opt/aws_neuronx_venv_pytorch_inference_vllm_0_16/lib/python3.12/site-packages/neuronxcc/private_nkl/transpose.py:796:11: warning: 'neuronxcc.private_nkl.transpose._str_to_dtype' is from the 'neuronxcc' package which is not supported in NKI kernels; use the 'nki' package instead
    dtype=_str_to_dtype(out_dtype),
          ^
/opt/aws_neuronx_venv_pytorch_inference_vllm_0_16/lib/python3.12/site-packages/neuronxcc/private_nkl/transpose.py:797:12: warning: 'neuronxcc.private_nkl.transpose_utils._get_hbm_buffer' is from the 'neuronxcc' package which is not supported in NKI kernels; use the 'nki' package instead
    buffer=_get_hbm_buffer(),
           ^
/opt/aws_neuronx_venv_pytorch_inference_vllm_0_16/lib/python3.12/site-packages/neuronxcc/private_nkl/transpose.py:805:16: warning: 'neuronxcc.private_nkl.transpose.max_f_size' is from the 'neuronxcc' package which is not supported in NKI kernels; use the 'nki' package instead
  MAX_F_SIZE = max_f_size(in_tensor.dtype)
               ^
/opt/aws_neuronx_venv_pytorch_inference_vllm_0_16/lib/python3.12/site-packages/neuronxcc/private_nkl/transpose.py:808:5: warning: 'neuronxcc.private_nkl.transpose._dve_transpose_large_cols_impl' is from the 'neuronxcc' package which is not supported in NKI kernels; use the 'nki' package instead
    _dve_transpose_large_cols_impl(in_tensor, out_tensor, num_shards, shard_id)
    ^
/opt/aws_neuronx_venv_pytorch_inference_vllm_0_16/lib/python3.12/site-packages/neuronxcc/private_nkl/transpose.py:810:5: warning: 'neuronxcc.private_nkl.transpose._dve_transpose_large_rows_impl' is from the 'neuronxcc' package which is not supported in NKI kernels; use the 'nki' package instead
    _dve_transpose_large_rows_impl(in_tensor, out_tensor, num_shards, shard_id)
    ^
/opt/aws_neuronx_venv_pytorch_inference_vllm_0_16/lib/python3.12/site-packages/neuronxcc/private_nkl/transpose.py:812:5: warning: 'neuronxcc.private_nkl.transpose._pe_transpose_impl' is from the 'neuronxcc' package which is not supported in NKI kernels; use the 'nki' package instead
    _pe_transpose_impl(in_tensor, out_tensor, num_shards, shard_id)
    ^
/opt/aws_neuronx_venv_pytorch_inference_vllm_0_16/lib/python3.12/site-packages/neuronxcc/private_nkl/transpose.py:38:10: warning: 'neuronxcc.private_nkl.transpose_utils.is_valid_permutation' is from the 'neuronxcc' package which is not supported in NKI kernels; use the 'nki' package instead
  assert is_valid_permutation(permutation), "input permutation is invalid"
         ^
/opt/aws_neuronx_venv_pytorch_inference_vllm_0_16/lib/python3.12/site-packages/neuronxcc/private_nkl/transpose.py:41:10: warning: 'neuronxcc.private_nkl.transpose_utils.n_elts' is from the 'neuronxcc' package which is not supported in NKI kernels; use the 'nki' package instead
  assert n_elts(in_shape) == n_elts(in_tensor.shape), "tensor shape is invalid"
         ^
/opt/aws_neuronx_venv_pytorch_inference_vllm_0_16/lib/python3.12/site-packages/neuronxcc/private_nkl/transpose.py:41:30: warning: 'neuronxcc.private_nkl.transpose_utils.n_elts' is from the 'neuronxcc' package which is not supported in NKI kernels; use the 'nki' package instead
  assert n_elts(in_shape) == n_elts(in_tensor.shape), "tensor shape is invalid"
                             ^
/opt/aws_neuronx_venv_pytorch_inference_vllm_0_16/lib/python3.12/site-packages/neuronxcc/private_nkl/transpose.py:32:20: warning: 'neuronxcc.private_nkl.utils.StackAllocator.sizeinbytes' is from the 'neuronxcc' package which is not supported in NKI kernels; use the 'nki' package instead
  return (98304 // sizeinbytes(dtype)) // 2
                   ^
/opt/aws_neuronx_venv_pytorch_inference_vllm_0_16/lib/python3.12/site-packages/neuronxcc/private_nkl/transpose.py:862:29: warning: 'neuronxcc.private_nkl.utils.kernel_helpers.get_program_sharding_info' is from the 'neuronxcc' package which is not supported in NKI kernels; use the 'nki' package instead
  _, num_shards, shard_id = get_program_sharding_info()
                            ^
/opt/aws_neuronx_venv_pytorch_inference_vllm_0_16/lib/python3.12/site-packages/neuronxcc/private_nkl/transpose.py:863:9: warning: 'neuronxcc.private_nkl.transpose._transpose_last_two_dims' is from the 'neuronxcc' package which is not supported in NKI kernels; use the 'nki' package instead
  out = _transpose_last_two_dims(in_tensor, in_shape, permutation, out_dtype, num_shards, shard_id)
        ^
/opt/aws_neuronx_venv_pytorch_inference_vllm_0_16/lib/python3.12/site-packages/neuronxcc/private_nkl/transpose_utils.py:71:10: warning: 'neuronxcc.private_nkl.transpose_utils.is_valid_permutation' is from the 'neuronxcc' package which is not supported in NKI kernels; use the 'nki' package instead
  if not is_valid_permutation(permutation):
         ^
/opt/aws_neuronx_venv_pytorch_inference_vllm_0_16/lib/python3.12/site-packages/neuronxcc/private_nkl/utils/tiled_range.py:66:23: warning: 'neuronxcc.private_nkl.utils.tiled_range.TiledRangeIterator' is from the 'neuronxcc' package which is not supported in NKI kernels; use the 'nki' package instead
  if isinstance(size, TiledRangeIterator):
                      ^
/opt/aws_neuronx_venv_pytorch_inference_vllm_0_16/lib/python3.12/site-packages/neuronxcc/private_nkl/utils/tiled_range.py:84:22: warning: 'neuronxcc.private_nkl.utils.tiled_range.TiledRangeIterator' is from the 'neuronxcc' package which is not supported in NKI kernels; use the 'nki' package instead
    iterators.append(TiledRangeIterator(current_tile_size, i, base_offset + relative_offset))
                     ^
/opt/aws_neuronx_venv_pytorch_inference_vllm_0_16/lib/python3.12/site-packages/neuronxcc/private_nkl/transpose.py:69:16: warning: 'neuronxcc.private_nkl.transpose.max_f_size' is from the 'neuronxcc' package which is not supported in NKI kernels; use the 'nki' package instead
  MAX_F_SIZE = max_f_size(in_tensor.dtype)
               ^
/opt/aws_neuronx_venv_pytorch_inference_vllm_0_16/lib/python3.12/site-packages/neuronxcc/private_nkl/transpose.py:74:25: warning: 'neuronxcc.private_nkl.transpose_utils.n_elts' is from the 'neuronxcc' package which is not supported in NKI kernels; use the 'nki' package instead
  flattened_B_dim = int(n_elts(in_shape[:-2])) if in_shape[:-2] else 1
                        ^
/opt/aws_neuronx_venv_pytorch_inference_vllm_0_16/lib/python3.12/site-packages/neuronxcc/private_nkl/transpose.py:77:18: warning: 'neuronxcc.private_nkl.transpose_utils.factor_within_limit' is from the 'neuronxcc' package which is not supported in NKI kernels; use the 'nki' package instead
    i_division = factor_within_limit(I, MAX_F_SIZE)
                 ^
/opt/aws_neuronx_venv_pytorch_inference_vllm_0_16/lib/python3.12/site-packages/neuronxcc/private_nkl/transpose.py:79:22: warning: 'neuronxcc.private_nkl.utils.kernel_helpers.div_ceil' is from the 'neuronxcc' package which is not supported in NKI kernels; use the 'nki' package instead
    i_division_num = div_ceil(I, i_division)
                     ^
/opt/aws_neuronx_venv_pytorch_inference_vllm_0_16/lib/python3.12/site-packages/neuronxcc/private_nkl/transpose.py:87:16: warning: 'neuronxcc.private_nkl.utils.kernel_helpers.div_ceil' is from the 'neuronxcc' package which is not supported in NKI kernels; use the 'nki' package instead
  num_j_divs = div_ceil(J, j_division)
               ^
/opt/aws_neuronx_venv_pytorch_inference_vllm_0_16/lib/python3.12/site-packages/neuronxcc/private_nkl/transpose.py:91:18: warning: 'neuronxcc.private_nkl.utils.kernel_helpers.div_ceil' is from the 'neuronxcc' package which is not supported in NKI kernels; use the 'nki' package instead
    num_j_divs = div_ceil(J, j_division)
                 ^
/opt/aws_neuronx_venv_pytorch_inference_vllm_0_16/lib/python3.12/site-packages/neuronxcc/private_nkl/transpose.py:93:22: warning: 'neuronxcc.private_nkl.utils.kernel_helpers.div_ceil' is from the 'neuronxcc' package which is not supported in NKI kernels; use the 'nki' package instead
    i_division_num = div_ceil(I, i_division)
                     ^
/opt/aws_neuronx_venv_pytorch_inference_vllm_0_16/lib/python3.12/site-packages/neuronxcc/private_nkl/transpose.py:95:33: warning: 'neuronxcc.private_nkl.utils.kernel_helpers.div_ceil' is from the 'neuronxcc' package which is not supported in NKI kernels; use the 'nki' package instead
  DVE_ACT_LOAD_BALANCE_FACTOR = div_ceil(i_division, MIN_DVE_ACT_CYCLES)
                                ^
/opt/aws_neuronx_venv_pytorch_inference_vllm_0_16/lib/python3.12/site-packages/neuronxcc/private_nkl/transpose.py:97:17: warning: 'neuronxcc.private_nkl.utils.kernel_helpers.div_ceil' is from the 'neuronxcc' package which is not supported in NKI kernels; use the 'nki' package instead
  num_i_tiles = div_ceil(i_division, i_tile_size)
                ^
/opt/aws_neuronx_venv_pytorch_inference_vllm_0_16/lib/python3.12/site-packages/neuronxcc/private_nkl/transpose.py:100:13: warning: 'neuronxcc.private_nkl.utils.kernel_helpers.div_ceil' is from the 'neuronxcc' package which is not supported in NKI kernels; use the 'nki' package instead
  j_tiles = div_ceil(j_division, j_tile_size)
            ^
/opt/aws_neuronx_venv_pytorch_inference_vllm_0_16/lib/python3.12/site-packages/neuronxcc/private_nkl/transpose.py:103:17: warning: 'neuronxcc.private_nkl.utils.kernel_helpers.div_ceil' is from the 'neuronxcc' package which is not supported in NKI kernels; use the 'nki' package instead
  b_per_shard = div_ceil(flattened_B_dim, num_shards)
                ^
/opt/aws_neuronx_venv_pytorch_inference_vllm_0_16/lib/python3.12/site-packages/neuronxcc/private_nkl/transpose.py:107:17: warning: 'neuronxcc.private_nkl.utils.kernel_helpers.div_ceil' is from the 'neuronxcc' package which is not supported in NKI kernels; use the 'nki' package instead
  num_p_tiles = div_ceil(b_per_shard, MAX_P)
                ^
/opt/aws_neuronx_venv_pytorch_inference_vllm_0_16/lib/python3.12/site-packages/neuronxcc/private_nkl/transpose.py:159:13: warning: 'neuronxcc.private_nkl.transpose._copy_with_engine' is from the 'neuronxcc' package which is not supported in NKI kernels; use the 'nki' package instead
            _copy_with_engine(
            ^
/opt/aws_neuronx_venv_pytorch_inference_vllm_0_16/lib/python3.12/site-packages/neuronxcc/private_nkl/transpose.py:199:16: warning: 'neuronxcc.private_nkl.transpose.max_f_size' is from the 'neuronxcc' package which is not supported in NKI kernels; use the 'nki' package instead
  MAX_F_SIZE = max_f_size(in_tensor.dtype)
               ^
/opt/aws_neuronx_venv_pytorch_inference_vllm_0_16/lib/python3.12/site-packages/neuronxcc/private_nkl/transpose.py:204:25: warning: 'neuronxcc.private_nkl.transpose_utils.n_elts' is from the 'neuronxcc' package which is not supported in NKI kernels; use the 'nki' package instead
  flattened_B_dim = int(n_elts(in_shape[:-2])) if in_shape[:-2] else 1
                        ^
/opt/aws_neuronx_venv_pytorch_inference_vllm_0_16/lib/python3.12/site-packages/neuronxcc/private_nkl/transpose.py:207:17: warning: 'neuronxcc.private_nkl.utils.kernel_helpers.div_ceil' is from the 'neuronxcc' package which is not supported in NKI kernels; use the 'nki' package instead
  b_per_shard = div_ceil(flattened_B_dim, num_shards)
                ^
/opt/aws_neuronx_venv_pytorch_inference_vllm_0_16/lib/python3.12/site-packages/neuronxcc/private_nkl/transpose.py:211:17: warning: 'neuronxcc.private_nkl.utils.kernel_helpers.div_ceil' is from the 'neuronxcc' package which is not supported in NKI kernels; use the 'nki' package instead
  num_p_tiles = div_ceil(b_per_shard, P)
                ^
/opt/aws_neuronx_venv_pytorch_inference_vllm_0_16/lib/python3.12/site-packages/neuronxcc/private_nkl/transpose.py:218:13: warning: 'neuronxcc.private_nkl.utils.kernel_helpers.div_ceil' is from the 'neuronxcc' package which is not supported in NKI kernels; use the 'nki' package instead
  i_tiles = div_ceil(I, i_tile_size)
            ^
/opt/aws_neuronx_venv_pytorch_inference_vllm_0_16/lib/python3.12/site-packages/neuronxcc/private_nkl/transpose.py:224:19: warning: 'neuronxcc.private_nkl.utils.kernel_helpers.div_ceil' is from the 'neuronxcc' package which is not supported in NKI kernels; use the 'nki' package instead
    j_tile_size = div_ceil(J, J_LOAD_BALANCING_FACTOR)
                  ^
/opt/aws_neuronx_venv_pytorch_inference_vllm_0_16/lib/python3.12/site-packages/neuronxcc/private_nkl/transpose.py:251:9: warning: 'neuronxcc.private_nkl.transpose._copy_with_engine' is from the 'neuronxcc' package which is not supported in NKI kernels; use the 'nki' package instead
        _copy_with_engine(
        ^
/opt/aws_neuronx_venv_pytorch_inference_vllm_0_16/lib/python3.12/site-packages/neuronxcc/private_nkl/transpose.py:458:17: warning: 'neuronxcc.private_nkl.utils.tiled_range.TiledRange' is from the 'neuronxcc' package which is not supported in NKI kernels; use the 'nki' package instead
  I_128_tiles = TiledRange(I_tile, nl.tile_size.pmax)
                ^
/opt/aws_neuronx_venv_pytorch_inference_vllm_0_16/lib/python3.12/site-packages/neuronxcc/private_nkl/transpose.py:465:33: warning: 'neuronxcc.private_nkl.utils.tiled_range.TiledRange' is from the 'neuronxcc' package which is not supported in NKI kernels; use the 'nki' package instead
    for vectorization_factor in TiledRange(num_full_128_tiles_per_I_tile, VECTORIZATION_FACTOR):
                                ^
/opt/aws_neuronx_venv_pytorch_inference_vllm_0_16/lib/python3.12/site-packages/neuronxcc/private_nkl/transpose.py:284:16: warning: 'neuronxcc.private_nkl.transpose.max_f_size' is from the 'neuronxcc' package which is not supported in NKI kernels; use the 'nki' package instead
  MAX_F_SIZE = max_f_size(dtype)
               ^
/opt/aws_neuronx_venv_pytorch_inference_vllm_0_16/lib/python3.12/site-packages/neuronxcc/private_nkl/transpose.py:289:15: warning: 'neuronxcc.private_nkl.transpose_utils.next_multiple' is from the 'neuronxcc' package which is not supported in NKI kernels; use the 'nki' package instead
    return I, next_multiple(min(J, MAX_F_SIZE), 128)
              ^
/opt/aws_neuronx_venv_pytorch_inference_vllm_0_16/lib/python3.12/site-packages/neuronxcc/private_nkl/transpose.py:291:12: warning: 'neuronxcc.private_nkl.transpose_utils.next_multiple' is from the 'neuronxcc' package which is not supported in NKI kernels; use the 'nki' package instead
    return next_multiple(min(I, MAX_F_SIZE), 128), J
           ^
/opt/aws_neuronx_venv_pytorch_inference_vllm_0_16/lib/python3.12/site-packages/neuronxcc/private_nkl/transpose.py:302:19: warning: 'neuronxcc.private_nkl.transpose_utils.next_multiple' is from the 'neuronxcc' package which is not supported in NKI kernels; use the 'nki' package instead
    I_tile_size = next_multiple(I_tile_size, 128)
                  ^
/opt/aws_neuronx_venv_pytorch_inference_vllm_0_16/lib/python3.12/site-packages/neuronxcc/private_nkl/transpose.py:303:19: warning: 'neuronxcc.private_nkl.transpose_utils.next_multiple' is from the 'neuronxcc' package which is not supported in NKI kernels; use the 'nki' package instead
    J_tile_size = next_multiple(J_tile_size, 128)
                  ^
/opt/aws_neuronx_venv_pytorch_inference_vllm_0_16/lib/python3.12/site-packages/neuronxcc/private_nkl/transpose.py:681:17: warning: 'neuronxcc.private_nkl.utils.tiled_range.TiledRange' is from the 'neuronxcc' package which is not supported in NKI kernels; use the 'nki' package instead
  J_128_tiles = TiledRange(J_tile, nl.tile_size.pmax)
                ^
/opt/aws_neuronx_venv_pytorch_inference_vllm_0_16/lib/python3.12/site-packages/neuronxcc/private_nkl/transpose.py:688:33: warning: 'neuronxcc.private_nkl.utils.tiled_range.TiledRange' is from the 'neuronxcc' package which is not supported in NKI kernels; use the 'nki' package instead
    for vectorization_factor in TiledRange(num_full_128_tiles_per_J_tile, VECTORIZATION_FACTOR):
                                ^
/opt/aws_neuronx_venv_pytorch_inference_vllm_0_16/lib/python3.12/site-packages/neuronxcc/private_nkl/transpose.py:373:25: warning: 'neuronxcc.private_nkl.transpose_utils.n_elts' is from the 'neuronxcc' package which is not supported in NKI kernels; use the 'nki' package instead
  flattened_B_dim = int(n_elts(in_shape[:-2])) if in_shape[:-2] else 1
                        ^
/opt/aws_neuronx_venv_pytorch_inference_vllm_0_16/lib/python3.12/site-packages/neuronxcc/private_nkl/transpose.py:378:30: warning: 'neuronxcc.private_nkl.transpose._pe_optimal_tile_sizes' is from the 'neuronxcc' package which is not supported in NKI kernels; use the 'nki' package instead
  I_tile_size, J_tile_size = _pe_optimal_tile_sizes(I, J, in_tensor.dtype)
                             ^
/opt/aws_neuronx_venv_pytorch_inference_vllm_0_16/lib/python3.12/site-packages/neuronxcc/private_nkl/transpose.py:381:17: warning: 'neuronxcc.private_nkl.utils.kernel_helpers.div_ceil' is from the 'neuronxcc' package which is not supported in NKI kernels; use the 'nki' package instead
  b_per_shard = div_ceil(flattened_B_dim, num_shards)
                ^
/opt/aws_neuronx_venv_pytorch_inference_vllm_0_16/lib/python3.12/site-packages/neuronxcc/private_nkl/transpose.py:384:19: warning: 'neuronxcc.private_nkl.transpose._to_compute_dtype' is from the 'neuronxcc' package which is not supported in NKI kernels; use the 'nki' package instead
  compute_dtype = _to_compute_dtype(in_tensor.dtype)
                  ^
/opt/aws_neuronx_venv_pytorch_inference_vllm_0_16/lib/python3.12/site-packages/neuronxcc/private_nkl/transpose.py:398:19: warning: 'neuronxcc.private_nkl.utils.tiled_range.TiledRange' is from the 'neuronxcc' package which is not supported in NKI kernels; use the 'nki' package instead
    for I_tile in TiledRange(I, I_tile_size):
                  ^
/opt/aws_neuronx_venv_pytorch_inference_vllm_0_16/lib/python3.12/site-packages/neuronxcc/private_nkl/transpose.py:399:21: warning: 'neuronxcc.private_nkl.utils.tiled_range.TiledRange' is from the 'neuronxcc' package which is not supported in NKI kernels; use the 'nki' package instead
      for J_tile in TiledRange(J, J_tile_size):
                    ^
/opt/aws_neuronx_venv_pytorch_inference_vllm_0_16/lib/python3.12/site-packages/neuronxcc/private_nkl/transpose.py:400:23: warning: 'neuronxcc.private_nkl.utils.tiled_range.TiledRange' is from the 'neuronxcc' package which is not supported in NKI kernels; use the 'nki' package instead
        I_128_tiles = TiledRange(I_tile, nl.tile_size.pmax)
                      ^
/opt/aws_neuronx_venv_pytorch_inference_vllm_0_16/lib/python3.12/site-packages/neuronxcc/private_nkl/transpose.py:405:23: warning: 'neuronxcc.private_nkl.utils.tiled_range.TiledRange' is from the 'neuronxcc' package which is not supported in NKI kernels; use the 'nki' package instead
        J_128_tiles = TiledRange(J_tile, nl.tile_size.pmax)
                      ^
/opt/aws_neuronx_venv_pytorch_inference_vllm_0_16/lib/python3.12/site-packages/neuronxcc/private_nkl/transpose.py:411:9: warning: 'neuronxcc.private_nkl.transpose._pe_load_tile' is from the 'neuronxcc' package which is not supported in NKI kernels; use the 'nki' package instead
        _pe_load_tile(
        ^
/opt/aws_neuronx_venv_pytorch_inference_vllm_0_16/lib/python3.12/site-packages/neuronxcc/private_nkl/transpose.py:422:11: warning: 'neuronxcc.private_nkl.transpose._pe_transpose_tile_I_vectorized' is from the 'neuronxcc' package which is not supported in NKI kernels; use the 'nki' package instead
          _pe_transpose_tile_I_vectorized(
          ^
/opt/aws_neuronx_venv_pytorch_inference_vllm_0_16/lib/python3.12/site-packages/neuronxcc/private_nkl/transpose.py:430:11: warning: 'neuronxcc.private_nkl.transpose._pe_transpose_tile_J_vectorized' is from the 'neuronxcc' package which is not supported in NKI kernels; use the 'nki' package instead
          _pe_transpose_tile_J_vectorized(
          ^
/opt/aws_neuronx_venv_pytorch_inference_vllm_0_16/lib/python3.12/site-packages/neuronxcc/private_nkl/transpose.py:438:9: warning: 'neuronxcc.private_nkl.transpose._pe_store_tile' is from the 'neuronxcc' package which is not supported in NKI kernels; use the 'nki' package instead
        _pe_store_tile(
        ^
/opt/aws_neuronx_venv_pytorch_inference_vllm_0_16/lib/python3.12/site-packages/neuronxcc/private_nkl/transpose.py:527:17: warning: 'neuronxcc.private_nkl.utils.tiled_range.TiledRange' is from the 'neuronxcc' package which is not supported in NKI kernels; use the 'nki' package instead
  I_128_tiles = TiledRange(I_tile, nl.tile_size.pmax)
                ^
/opt/aws_neuronx_venv_pytorch_inference_vllm_0_16/lib/python3.12/site-packages/neuronxcc/private_nkl/transpose.py:529:17: warning: 'neuronxcc.private_nkl.utils.tiled_range.TiledRange' is from the 'neuronxcc' package which is not supported in NKI kernels; use the 'nki' package instead
  J_128_tiles = TiledRange(J_tile, nl.tile_size.pmax)
                ^
/opt/aws_neuronx_venv_pytorch_inference_vllm_0_16/lib/python3.12/site-packages/neuronxcc/private_nkl/transpose.py:538:21: warning: 'neuronxcc.private_nkl.utils.tiled_range.TiledRange' is from the 'neuronxcc' package which is not supported in NKI kernels; use the 'nki' package instead
  for J_128_tile in TiledRange(J_tile.size, nl.tile_size.pmax):
                    ^
/opt/aws_neuronx_venv_pytorch_inference_vllm_0_16/lib/python3.12/site-packages/neuronxcc/private_nkl/transpose.py:539:23: warning: 'neuronxcc.private_nkl.utils.tiled_range.TiledRange' is from the 'neuronxcc' package which is not supported in NKI kernels; use the 'nki' package instead
    for I_512_tile in TiledRange(I_tile.size, nl.tile_size.psum_fmax):
                      ^
/opt/aws_neuronx_venv_pytorch_inference_vllm_0_16/lib/python3.12/site-packages/neuronxcc/private_nkl/transpose.py:551:25: warning: 'neuronxcc.private_nkl.utils.tiled_range.TiledRange' is from the 'neuronxcc' package which is not supported in NKI kernels; use the 'nki' package instead
      for I_128_tile in TiledRange(I_512_tile, nl.tile_size.pmax):
                        ^
/opt/aws_neuronx_venv_pytorch_inference_vllm_0_16/lib/python3.12/site-packages/neuronxcc/private_nkl/transpose.py:569:7: warning: 'neuronxcc.private_nkl.transpose._copy_with_engine' is from the 'neuronxcc' package which is not supported in NKI kernels; use the 'nki' package instead
      _copy_with_engine(
      ^
/opt/aws_neuronx_venv_pytorch_inference_vllm_0_16/lib/python3.12/site-packages/neuronxcc/private_nkl/transpose.py:586:17: warning: 'neuronxcc.private_nkl.utils.tiled_range.TiledRange' is from the 'neuronxcc' package which is not supported in NKI kernels; use the 'nki' package instead
  I_128_tiles = TiledRange(I_tile, nl.tile_size.pmax)
                ^
/opt/aws_neuronx_venv_pytorch_inference_vllm_0_16/lib/python3.12/site-packages/neuronxcc/private_nkl/transpose.py:588:17: warning: 'neuronxcc.private_nkl.utils.tiled_range.TiledRange' is from the 'neuronxcc' package which is not supported in NKI kernels; use the 'nki' package instead
  J_128_tiles = TiledRange(J_tile, nl.tile_size.pmax)
                ^
/opt/aws_neuronx_venv_pytorch_inference_vllm_0_16/lib/python3.12/site-packages/neuronxcc/private_nkl/transpose.py:596:21: warning: 'neuronxcc.private_nkl.utils.tiled_range.TiledRange' is from the 'neuronxcc' package which is not supported in NKI kernels; use the 'nki' package instead
  for I_128_tile in TiledRange(I_tile.size, nl.tile_size.pmax):
                    ^
/opt/aws_neuronx_venv_pytorch_inference_vllm_0_16/lib/python3.12/site-packages/neuronxcc/private_nkl/transpose.py:597:23: warning: 'neuronxcc.private_nkl.utils.tiled_range.TiledRange' is from the 'neuronxcc' package which is not supported in NKI kernels; use the 'nki' package instead
    for J_512_tile in TiledRange(J_tile.size, nl.tile_size.psum_fmax):
                      ^
/opt/aws_neuronx_venv_pytorch_inference_vllm_0_16/lib/python3.12/site-packages/neuronxcc/private_nkl/transpose.py:609:25: warning: 'neuronxcc.private_nkl.utils.tiled_range.TiledRange' is from the 'neuronxcc' package which is not supported in NKI kernels; use the 'nki' package instead
      for J_128_tile in TiledRange(J_512_tile, nl.tile_size.pmax):
                        ^
/opt/aws_neuronx_venv_pytorch_inference_vllm_0_16/lib/python3.12/site-packages/neuronxcc/private_nkl/transpose.py:628:9: warning: 'neuronxcc.private_nkl.transpose._copy_with_engine' is from the 'neuronxcc' package which is not supported in NKI kernels; use the 'nki' package instead
        _copy_with_engine(
        ^
/opt/aws_neuronx_venv_pytorch_inference_vllm_0_16/lib/python3.12/site-packages/neuronxcc/private_nkl/transpose.py:652:9: warning: 'neuronxcc.private_nkl.transpose._copy_with_engine' is from the 'neuronxcc' package which is not supported in NKI kernels; use the 'nki' package instead
        _copy_with_engine(
        ^
/opt/aws_neuronx_venv_pytorch_inference_vllm_0_16/lib/python3.12/site-packages/neuronxcc/private_nkl/transpose.py:784:3: warning: 'neuronxcc.private_nkl.transpose.check_input_transpose' is from the 'neuronxcc' package which is not supported in NKI kernels; use the 'nki' package instead
  check_input_transpose(in_tensor, in_shape, permutation)
  ^
/opt/aws_neuronx_venv_pytorch_inference_vllm_0_16/lib/python3.12/site-packages/neuronxcc/private_nkl/transpose.py:790:33: warning: 'neuronxcc.private_nkl.transpose_utils.permutation_reduction' is from the 'neuronxcc' package which is not supported in NKI kernels; use the 'nki' package instead
  reduced_perm, reduced_shape = permutation_reduction(in_shape, permutation)
                                ^
/opt/aws_neuronx_venv_pytorch_inference_vllm_0_16/lib/python3.12/site-packages/neuronxcc/private_nkl/transpose.py:791:10: warning: 'neuronxcc.private_nkl.transpose_utils.permutes_last_two_dims' is from the 'neuronxcc' package which is not supported in NKI kernels; use the 'nki' package instead
  assert permutes_last_two_dims(reduced_perm), f"must permutate last two dims, got {reduced_perm}"
         ^
/opt/aws_neuronx_venv_pytorch_inference_vllm_0_16/lib/python3.12/site-packages/neuronxcc/private_nkl/transpose.py:796:11: warning: 'neuronxcc.private_nkl.transpose._str_to_dtype' is from the 'neuronxcc' package which is not supported in NKI kernels; use the 'nki' package instead
    dtype=_str_to_dtype(out_dtype),
          ^
/opt/aws_neuronx_venv_pytorch_inference_vllm_0_16/lib/python3.12/site-packages/neuronxcc/private_nkl/transpose.py:797:12: warning: 'neuronxcc.private_nkl.transpose_utils._get_hbm_buffer' is from the 'neuronxcc' package which is not supported in NKI kernels; use the 'nki' package instead
    buffer=_get_hbm_buffer(),
           ^
/opt/aws_neuronx_venv_pytorch_inference_vllm_0_16/lib/python3.12/site-packages/neuronxcc/private_nkl/transpose.py:805:16: warning: 'neuronxcc.private_nkl.transpose.max_f_size' is from the 'neuronxcc' package which is not supported in NKI kernels; use the 'nki' package instead
  MAX_F_SIZE = max_f_size(in_tensor.dtype)
               ^
/opt/aws_neuronx_venv_pytorch_inference_vllm_0_16/lib/python3.12/site-packages/neuronxcc/private_nkl/transpose.py:808:5: warning: 'neuronxcc.private_nkl.transpose._dve_transpose_large_cols_impl' is from the 'neuronxcc' package which is not supported in NKI kernels; use the 'nki' package instead
    _dve_transpose_large_cols_impl(in_tensor, out_tensor, num_shards, shard_id)
    ^
/opt/aws_neuronx_venv_pytorch_inference_vllm_0_16/lib/python3.12/site-packages/neuronxcc/private_nkl/transpose.py:810:5: warning: 'neuronxcc.private_nkl.transpose._dve_transpose_large_rows_impl' is from the 'neuronxcc' package which is not supported in NKI kernels; use the 'nki' package instead
    _dve_transpose_large_rows_impl(in_tensor, out_tensor, num_shards, shard_id)
    ^
/opt/aws_neuronx_venv_pytorch_inference_vllm_0_16/lib/python3.12/site-packages/neuronxcc/private_nkl/transpose.py:812:5: warning: 'neuronxcc.private_nkl.transpose._pe_transpose_impl' is from the 'neuronxcc' package which is not supported in NKI kernels; use the 'nki' package instead
    _pe_transpose_impl(in_tensor, out_tensor, num_shards, shard_id)
    ^
/opt/aws_neuronx_venv_pytorch_inference_vllm_0_16/lib/python3.12/site-packages/neuronxcc/private_nkl/transpose.py:38:10: warning: 'neuronxcc.private_nkl.transpose_utils.is_valid_permutation' is from the 'neuronxcc' package which is not supported in NKI kernels; use the 'nki' package instead
  assert is_valid_permutation(permutation), "input permutation is invalid"
         ^
/opt/aws_neuronx_venv_pytorch_inference_vllm_0_16/lib/python3.12/site-packages/neuronxcc/private_nkl/transpose.py:41:10: warning: 'neuronxcc.private_nkl.transpose_utils.n_elts' is from the 'neuronxcc' package which is not supported in NKI kernels; use the 'nki' package instead
  assert n_elts(in_shape) == n_elts(in_tensor.shape), "tensor shape is invalid"
         ^
/opt/aws_neuronx_venv_pytorch_inference_vllm_0_16/lib/python3.12/site-packages/neuronxcc/private_nkl/transpose.py:41:30: warning: 'neuronxcc.private_nkl.transpose_utils.n_elts' is from the 'neuronxcc' package which is not supported in NKI kernels; use the 'nki' package instead
  assert n_elts(in_shape) == n_elts(in_tensor.shape), "tensor shape is invalid"
                             ^
/opt/aws_neuronx_venv_pytorch_inference_vllm_0_16/lib/python3.12/site-packages/neuronxcc/private_nkl/transpose.py:32:20: warning: 'neuronxcc.private_nkl.utils.StackAllocator.sizeinbytes' is from the 'neuronxcc' package which is not supported in NKI kernels; use the 'nki' package instead
  return (98304 // sizeinbytes(dtype)) // 2
                   ^
/opt/aws_neuronx_venv_pytorch_inference_vllm_0_16/lib/python3.12/site-packages/neuronxcc/private_nkl/transpose.py:862:29: warning: 'neuronxcc.private_nkl.utils.kernel_helpers.get_program_sharding_info' is from the 'neuronxcc' package which is not supported in NKI kernels; use the 'nki' package instead
  _, num_shards, shard_id = get_program_sharding_info()
                            ^
/opt/aws_neuronx_venv_pytorch_inference_vllm_0_16/lib/python3.12/site-packages/neuronxcc/private_nkl/transpose.py:863:9: warning: 'neuronxcc.private_nkl.transpose._transpose_last_two_dims' is from the 'neuronxcc' package which is not supported in NKI kernels; use the 'nki' package instead
  out = _transpose_last_two_dims(in_tensor, in_shape, permutation, out_dtype, num_shards, shard_id)
        ^
/opt/aws_neuronx_venv_pytorch_inference_vllm_0_16/lib/python3.12/site-packages/neuronxcc/private_nkl/transpose_utils.py:71:10: warning: 'neuronxcc.private_nkl.transpose_utils.is_valid_permutation' is from the 'neuronxcc' package which is not supported in NKI kernels; use the 'nki' package instead
  if not is_valid_permutation(permutation):
         ^
/opt/aws_neuronx_venv_pytorch_inference_vllm_0_16/lib/python3.12/site-packages/neuronxcc/private_nkl/utils/tiled_range.py:66:23: warning: 'neuronxcc.private_nkl.utils.tiled_range.TiledRangeIterator' is from the 'neuronxcc' package which is not supported in NKI kernels; use the 'nki' package instead
  if isinstance(size, TiledRangeIterator):
                      ^
/opt/aws_neuronx_venv_pytorch_inference_vllm_0_16/lib/python3.12/site-packages/neuronxcc/private_nkl/utils/tiled_range.py:84:22: warning: 'neuronxcc.private_nkl.utils.tiled_range.TiledRangeIterator' is from the 'neuronxcc' package which is not supported in NKI kernels; use the 'nki' package instead
    iterators.append(TiledRangeIterator(current_tile_size, i, base_offset + relative_offset))
                     ^
/opt/aws_neuronx_venv_pytorch_inference_vllm_0_16/lib/python3.12/site-packages/neuronxcc/private_nkl/transpose.py:458:17: warning: 'neuronxcc.private_nkl.utils.tiled_range.TiledRange' is from the 'neuronxcc' package which is not supported in NKI kernels; use the 'nki' package instead
  I_128_tiles = TiledRange(I_tile, nl.tile_size.pmax)
                ^
/opt/aws_neuronx_venv_pytorch_inference_vllm_0_16/lib/python3.12/site-packages/neuronxcc/private_nkl/transpose.py:465:33: warning: 'neuronxcc.private_nkl.utils.tiled_range.TiledRange' is from the 'neuronxcc' package which is not supported in NKI kernels; use the 'nki' package instead
    for vectorization_factor in TiledRange(num_full_128_tiles_per_I_tile, VECTORIZATION_FACTOR):
                                ^
/opt/aws_neuronx_venv_pytorch_inference_vllm_0_16/lib/python3.12/site-packages/neuronxcc/private_nkl/transpose.py:284:16: warning: 'neuronxcc.private_nkl.transpose.max_f_size' is from the 'neuronxcc' package which is not supported in NKI kernels; use the 'nki' package instead
  MAX_F_SIZE = max_f_size(dtype)
               ^
/opt/aws_neuronx_venv_pytorch_inference_vllm_0_16/lib/python3.12/site-packages/neuronxcc/private_nkl/transpose.py:289:15: warning: 'neuronxcc.private_nkl.transpose_utils.next_multiple' is from the 'neuronxcc' package which is not supported in NKI kernels; use the 'nki' package instead
    return I, next_multiple(min(J, MAX_F_SIZE), 128)
              ^
/opt/aws_neuronx_venv_pytorch_inference_vllm_0_16/lib/python3.12/site-packages/neuronxcc/private_nkl/transpose.py:291:12: warning: 'neuronxcc.private_nkl.transpose_utils.next_multiple' is from the 'neuronxcc' package which is not supported in NKI kernels; use the 'nki' package instead
    return next_multiple(min(I, MAX_F_SIZE), 128), J
           ^
/opt/aws_neuronx_venv_pytorch_inference_vllm_0_16/lib/python3.12/site-packages/neuronxcc/private_nkl/transpose.py:302:19: warning: 'neuronxcc.private_nkl.transpose_utils.next_multiple' is from the 'neuronxcc' package which is not supported in NKI kernels; use the 'nki' package instead
    I_tile_size = next_multiple(I_tile_size, 128)
                  ^
/opt/aws_neuronx_venv_pytorch_inference_vllm_0_16/lib/python3.12/site-packages/neuronxcc/private_nkl/transpose.py:303:19: warning: 'neuronxcc.private_nkl.transpose_utils.next_multiple' is from the 'neuronxcc' package which is not supported in NKI kernels; use the 'nki' package instead
    J_tile_size = next_multiple(J_tile_size, 128)
                  ^
/opt/aws_neuronx_venv_pytorch_inference_vllm_0_16/lib/python3.12/site-packages/neuronxcc/private_nkl/transpose.py:681:17: warning: 'neuronxcc.private_nkl.utils.tiled_range.TiledRange' is from the 'neuronxcc' package which is not supported in NKI kernels; use the 'nki' package instead
  J_128_tiles = TiledRange(J_tile, nl.tile_size.pmax)
                ^
/opt/aws_neuronx_venv_pytorch_inference_vllm_0_16/lib/python3.12/site-packages/neuronxcc/private_nkl/transpose.py:688:33: warning: 'neuronxcc.private_nkl.utils.tiled_range.TiledRange' is from the 'neuronxcc' package which is not supported in NKI kernels; use the 'nki' package instead
    for vectorization_factor in TiledRange(num_full_128_tiles_per_J_tile, VECTORIZATION_FACTOR):
                                ^
/opt/aws_neuronx_venv_pytorch_inference_vllm_0_16/lib/python3.12/site-packages/neuronxcc/private_nkl/transpose.py:751:3: warning: 'neuronxcc.private_nkl.transpose.check_input_transpose' is from the 'neuronxcc' package which is not supported in NKI kernels; use the 'nki' package instead
  check_input_transpose(in_tensor, in_shape, permutation)
  ^
/opt/aws_neuronx_venv_pytorch_inference_vllm_0_16/lib/python3.12/site-packages/neuronxcc/private_nkl/transpose.py:757:33: warning: 'neuronxcc.private_nkl.transpose_utils.permutation_reduction' is from the 'neuronxcc' package which is not supported in NKI kernels; use the 'nki' package instead
  reduced_perm, reduced_shape = permutation_reduction(in_shape, permutation)
                                ^
/opt/aws_neuronx_venv_pytorch_inference_vllm_0_16/lib/python3.12/site-packages/neuronxcc/private_nkl/transpose.py:758:10: warning: 'neuronxcc.private_nkl.transpose_utils.permutes_last_two_dims' is from the 'neuronxcc' package which is not supported in NKI kernels; use the 'nki' package instead
  assert permutes_last_two_dims(reduced_perm), f"must permutate last two dims, got {reduced_perm}"
         ^
/opt/aws_neuronx_venv_pytorch_inference_vllm_0_16/lib/python3.12/site-packages/neuronxcc/private_nkl/transpose.py:763:11: warning: 'neuronxcc.private_nkl.transpose._str_to_dtype' is from the 'neuronxcc' package which is not supported in NKI kernels; use the 'nki' package instead
    dtype=_str_to_dtype(out_dtype),
          ^
/opt/aws_neuronx_venv_pytorch_inference_vllm_0_16/lib/python3.12/site-packages/neuronxcc/private_nkl/transpose.py:764:12: warning: 'neuronxcc.private_nkl.transpose_utils._get_hbm_buffer' is from the 'neuronxcc' package which is not supported in NKI kernels; use the 'nki' package instead
    buffer=_get_hbm_buffer(),
           ^
/opt/aws_neuronx_venv_pytorch_inference_vllm_0_16/lib/python3.12/site-packages/neuronxcc/private_nkl/transpose.py:767:3: warning: 'neuronxcc.private_nkl.transpose._pe_transpose_impl' is from the 'neuronxcc' package which is not supported in NKI kernels; use the 'nki' package instead
  _pe_transpose_impl(in_tensor, out_tensor, num_shards, shard_id)
  ^
/opt/aws_neuronx_venv_pytorch_inference_vllm_0_16/lib/python3.12/site-packages/neuronxcc/private_nkl/transpose.py:373:25: warning: 'neuronxcc.private_nkl.transpose_utils.n_elts' is from the 'neuronxcc' package which is not supported in NKI kernels; use the 'nki' package instead
  flattened_B_dim = int(n_elts(in_shape[:-2])) if in_shape[:-2] else 1
                        ^
/opt/aws_neuronx_venv_pytorch_inference_vllm_0_16/lib/python3.12/site-packages/neuronxcc/private_nkl/transpose.py:378:30: warning: 'neuronxcc.private_nkl.transpose._pe_optimal_tile_sizes' is from the 'neuronxcc' package which is not supported in NKI kernels; use the 'nki' package instead
  I_tile_size, J_tile_size = _pe_optimal_tile_sizes(I, J, in_tensor.dtype)
                             ^
/opt/aws_neuronx_venv_pytorch_inference_vllm_0_16/lib/python3.12/site-packages/neuronxcc/private_nkl/transpose.py:381:17: warning: 'neuronxcc.private_nkl.utils.kernel_helpers.div_ceil' is from the 'neuronxcc' package which is not supported in NKI kernels; use the 'nki' package instead
  b_per_shard = div_ceil(flattened_B_dim, num_shards)
                ^
/opt/aws_neuronx_venv_pytorch_inference_vllm_0_16/lib/python3.12/site-packages/neuronxcc/private_nkl/transpose.py:384:19: warning: 'neuronxcc.private_nkl.transpose._to_compute_dtype' is from the 'neuronxcc' package which is not supported in NKI kernels; use the 'nki' package instead
  compute_dtype = _to_compute_dtype(in_tensor.dtype)
                  ^
/opt/aws_neuronx_venv_pytorch_inference_vllm_0_16/lib/python3.12/site-packages/neuronxcc/private_nkl/transpose.py:398:19: warning: 'neuronxcc.private_nkl.utils.tiled_range.TiledRange' is from the 'neuronxcc' package which is not supported in NKI kernels; use the 'nki' package instead
    for I_tile in TiledRange(I, I_tile_size):
                  ^
/opt/aws_neuronx_venv_pytorch_inference_vllm_0_16/lib/python3.12/site-packages/neuronxcc/private_nkl/transpose.py:399:21: warning: 'neuronxcc.private_nkl.utils.tiled_range.TiledRange' is from the 'neuronxcc' package which is not supported in NKI kernels; use the 'nki' package instead
      for J_tile in TiledRange(J, J_tile_size):
                    ^
/opt/aws_neuronx_venv_pytorch_inference_vllm_0_16/lib/python3.12/site-packages/neuronxcc/private_nkl/transpose.py:400:23: warning: 'neuronxcc.private_nkl.utils.tiled_range.TiledRange' is from the 'neuronxcc' package which is not supported in NKI kernels; use the 'nki' package instead
        I_128_tiles = TiledRange(I_tile, nl.tile_size.pmax)
                      ^
/opt/aws_neuronx_venv_pytorch_inference_vllm_0_16/lib/python3.12/site-packages/neuronxcc/private_nkl/transpose.py:405:23: warning: 'neuronxcc.private_nkl.utils.tiled_range.TiledRange' is from the 'neuronxcc' package which is not supported in NKI kernels; use the 'nki' package instead
        J_128_tiles = TiledRange(J_tile, nl.tile_size.pmax)
                      ^
/opt/aws_neuronx_venv_pytorch_inference_vllm_0_16/lib/python3.12/site-packages/neuronxcc/private_nkl/transpose.py:411:9: warning: 'neuronxcc.private_nkl.transpose._pe_load_tile' is from the 'neuronxcc' package which is not supported in NKI kernels; use the 'nki' package instead
        _pe_load_tile(
        ^
/opt/aws_neuronx_venv_pytorch_inference_vllm_0_16/lib/python3.12/site-packages/neuronxcc/private_nkl/transpose.py:422:11: warning: 'neuronxcc.private_nkl.transpose._pe_transpose_tile_I_vectorized' is from the 'neuronxcc' package which is not supported in NKI kernels; use the 'nki' package instead
          _pe_transpose_tile_I_vectorized(
          ^
/opt/aws_neuronx_venv_pytorch_inference_vllm_0_16/lib/python3.12/site-packages/neuronxcc/private_nkl/transpose.py:430:11: warning: 'neuronxcc.private_nkl.transpose._pe_transpose_tile_J_vectorized' is from the 'neuronxcc' package which is not supported in NKI kernels; use the 'nki' package instead
          _pe_transpose_tile_J_vectorized(
          ^
/opt/aws_neuronx_venv_pytorch_inference_vllm_0_16/lib/python3.12/site-packages/neuronxcc/private_nkl/transpose.py:438:9: warning: 'neuronxcc.private_nkl.transpose._pe_store_tile' is from the 'neuronxcc' package which is not supported in NKI kernels; use the 'nki' package instead
        _pe_store_tile(
        ^
/opt/aws_neuronx_venv_pytorch_inference_vllm_0_16/lib/python3.12/site-packages/neuronxcc/private_nkl/transpose.py:527:17: warning: 'neuronxcc.private_nkl.utils.tiled_range.TiledRange' is from the 'neuronxcc' package which is not supported in NKI kernels; use the 'nki' package instead
  I_128_tiles = TiledRange(I_tile, nl.tile_size.pmax)
                ^
/opt/aws_neuronx_venv_pytorch_inference_vllm_0_16/lib/python3.12/site-packages/neuronxcc/private_nkl/transpose.py:529:17: warning: 'neuronxcc.private_nkl.utils.tiled_range.TiledRange' is from the 'neuronxcc' package which is not supported in NKI kernels; use the 'nki' package instead
  J_128_tiles = TiledRange(J_tile, nl.tile_size.pmax)
                ^
/opt/aws_neuronx_venv_pytorch_inference_vllm_0_16/lib/python3.12/site-packages/neuronxcc/private_nkl/transpose.py:538:21: warning: 'neuronxcc.private_nkl.utils.tiled_range.TiledRange' is from the 'neuronxcc' package which is not supported in NKI kernels; use the 'nki' package instead
  for J_128_tile in TiledRange(J_tile.size, nl.tile_size.pmax):
                    ^
/opt/aws_neuronx_venv_pytorch_inference_vllm_0_16/lib/python3.12/site-packages/neuronxcc/private_nkl/transpose.py:539:23: warning: 'neuronxcc.private_nkl.utils.tiled_range.TiledRange' is from the 'neuronxcc' package which is not supported in NKI kernels; use the 'nki' package instead
    for I_512_tile in TiledRange(I_tile.size, nl.tile_size.psum_fmax):
                      ^
/opt/aws_neuronx_venv_pytorch_inference_vllm_0_16/lib/python3.12/site-packages/neuronxcc/private_nkl/transpose.py:551:25: warning: 'neuronxcc.private_nkl.utils.tiled_range.TiledRange' is from the 'neuronxcc' package which is not supported in NKI kernels; use the 'nki' package instead
      for I_128_tile in TiledRange(I_512_tile, nl.tile_size.pmax):
                        ^
/opt/aws_neuronx_venv_pytorch_inference_vllm_0_16/lib/python3.12/site-packages/neuronxcc/private_nkl/transpose.py:569:7: warning: 'neuronxcc.private_nkl.transpose._copy_with_engine' is from the 'neuronxcc' package which is not supported in NKI kernels; use the 'nki' package instead
      _copy_with_engine(
      ^
/opt/aws_neuronx_venv_pytorch_inference_vllm_0_16/lib/python3.12/site-packages/neuronxcc/private_nkl/transpose.py:586:17: warning: 'neuronxcc.private_nkl.utils.tiled_range.TiledRange' is from the 'neuronxcc' package which is not supported in NKI kernels; use the 'nki' package instead
  I_128_tiles = TiledRange(I_tile, nl.tile_size.pmax)
                ^
/opt/aws_neuronx_venv_pytorch_inference_vllm_0_16/lib/python3.12/site-packages/neuronxcc/private_nkl/transpose.py:588:17: warning: 'neuronxcc.private_nkl.utils.tiled_range.TiledRange' is from the 'neuronxcc' package which is not supported in NKI kernels; use the 'nki' package instead
  J_128_tiles = TiledRange(J_tile, nl.tile_size.pmax)
                ^
/opt/aws_neuronx_venv_pytorch_inference_vllm_0_16/lib/python3.12/site-packages/neuronxcc/private_nkl/transpose.py:596:21: warning: 'neuronxcc.private_nkl.utils.tiled_range.TiledRange' is from the 'neuronxcc' package which is not supported in NKI kernels; use the 'nki' package instead
  for I_128_tile in TiledRange(I_tile.size, nl.tile_size.pmax):
                    ^
/opt/aws_neuronx_venv_pytorch_inference_vllm_0_16/lib/python3.12/site-packages/neuronxcc/private_nkl/transpose.py:597:23: warning: 'neuronxcc.private_nkl.utils.tiled_range.TiledRange' is from the 'neuronxcc' package which is not supported in NKI kernels; use the 'nki' package instead
    for J_512_tile in TiledRange(J_tile.size, nl.tile_size.psum_fmax):
                      ^
/opt/aws_neuronx_venv_pytorch_inference_vllm_0_16/lib/python3.12/site-packages/neuronxcc/private_nkl/transpose.py:609:25: warning: 'neuronxcc.private_nkl.utils.tiled_range.TiledRange' is from the 'neuronxcc' package which is not supported in NKI kernels; use the 'nki' package instead
      for J_128_tile in TiledRange(J_512_tile, nl.tile_size.pmax):
                        ^
/opt/aws_neuronx_venv_pytorch_inference_vllm_0_16/lib/python3.12/site-packages/neuronxcc/private_nkl/transpose.py:628:9: warning: 'neuronxcc.private_nkl.transpose._copy_with_engine' is from the 'neuronxcc' package which is not supported in NKI kernels; use the 'nki' package instead
        _copy_with_engine(
        ^
/opt/aws_neuronx_venv_pytorch_inference_vllm_0_16/lib/python3.12/site-packages/neuronxcc/private_nkl/transpose.py:652:9: warning: 'neuronxcc.private_nkl.transpose._copy_with_engine' is from the 'neuronxcc' package which is not supported in NKI kernels; use the 'nki' package instead
        _copy_with_engine(
        ^
/opt/aws_neuronx_venv_pytorch_inference_vllm_0_16/lib/python3.12/site-packages/neuronxcc/private_nkl/transpose.py:38:10: warning: 'neuronxcc.private_nkl.transpose_utils.is_valid_permutation' is from the 'neuronxcc' package which is not supported in NKI kernels; use the 'nki' package instead
  assert is_valid_permutation(permutation), "input permutation is invalid"
         ^
/opt/aws_neuronx_venv_pytorch_inference_vllm_0_16/lib/python3.12/site-packages/neuronxcc/private_nkl/transpose.py:41:10: warning: 'neuronxcc.private_nkl.transpose_utils.n_elts' is from the 'neuronxcc' package which is not supported in NKI kernels; use the 'nki' package instead
  assert n_elts(in_shape) == n_elts(in_tensor.shape), "tensor shape is invalid"
         ^
/opt/aws_neuronx_venv_pytorch_inference_vllm_0_16/lib/python3.12/site-packages/neuronxcc/private_nkl/transpose.py:41:30: warning: 'neuronxcc.private_nkl.transpose_utils.n_elts' is from the 'neuronxcc' package which is not supported in NKI kernels; use the 'nki' package instead
  assert n_elts(in_shape) == n_elts(in_tensor.shape), "tensor shape is invalid"
                             ^
/opt/aws_neuronx_venv_pytorch_inference_vllm_0_16/lib/python3.12/site-packages/neuronxcc/private_nkl/transpose.py:32:20: warning: 'neuronxcc.private_nkl.utils.StackAllocator.sizeinbytes' is from the 'neuronxcc' package which is not supported in NKI kernels; use the 'nki' package instead
  return (98304 // sizeinbytes(dtype)) // 2
                   ^
/opt/aws_neuronx_venv_pytorch_inference_vllm_0_16/lib/python3.12/site-packages/neuronxcc/private_nkl/transpose.py:886:29: warning: 'neuronxcc.private_nkl.utils.kernel_helpers.get_program_sharding_info' is from the 'neuronxcc' package which is not supported in NKI kernels; use the 'nki' package instead
  _, num_shards, shard_id = get_program_sharding_info()
                            ^
/opt/aws_neuronx_venv_pytorch_inference_vllm_0_16/lib/python3.12/site-packages/neuronxcc/private_nkl/transpose.py:887:9: warning: 'neuronxcc.private_nkl.transpose._pe_transpose' is from the 'neuronxcc' package which is not supported in NKI kernels; use the 'nki' package instead
  out = _pe_transpose(in_tensor, in_shape, permutation, out_dtype, num_shards, shard_id)
        ^
/opt/aws_neuronx_venv_pytorch_inference_vllm_0_16/lib/python3.12/site-packages/neuronxcc/private_nkl/transpose_utils.py:71:10: warning: 'neuronxcc.private_nkl.transpose_utils.is_valid_permutation' is from the 'neuronxcc' package which is not supported in NKI kernels; use the 'nki' package instead
  if not is_valid_permutation(permutation):
         ^
/opt/aws_neuronx_venv_pytorch_inference_vllm_0_16/lib/python3.12/site-packages/neuronxcc/private_nkl/utils/tiled_range.py:66:23: warning: 'neuronxcc.private_nkl.utils.tiled_range.TiledRangeIterator' is from the 'neuronxcc' package which is not supported in NKI kernels; use the 'nki' package instead
  if isinstance(size, TiledRangeIterator):
                      ^
/opt/aws_neuronx_venv_pytorch_inference_vllm_0_16/lib/python3.12/site-packages/neuronxcc/private_nkl/utils/tiled_range.py:84:22: warning: 'neuronxcc.private_nkl.utils.tiled_range.TiledRangeIterator' is from the 'neuronxcc' package which is not supported in NKI kernels; use the 'nki' package instead
    iterators.append(TiledRangeIterator(current_tile_size, i, base_offset + relative_offset))
                     ^
/opt/aws_neuronx_venv_pytorch_inference_vllm_0_16/lib/python3.12/site-packages/neuronxcc/private_nkl/transpose.py:458:17: warning: 'neuronxcc.private_nkl.utils.tiled_range.TiledRange' is from the 'neuronxcc' package which is not supported in NKI kernels; use the 'nki' package instead
  I_128_tiles = TiledRange(I_tile, nl.tile_size.pmax)
                ^
/opt/aws_neuronx_venv_pytorch_inference_vllm_0_16/lib/python3.12/site-packages/neuronxcc/private_nkl/transpose.py:465:33: warning: 'neuronxcc.private_nkl.utils.tiled_range.TiledRange' is from the 'neuronxcc' package which is not supported in NKI kernels; use the 'nki' package instead
    for vectorization_factor in TiledRange(num_full_128_tiles_per_I_tile, VECTORIZATION_FACTOR):
                                ^
/opt/aws_neuronx_venv_pytorch_inference_vllm_0_16/lib/python3.12/site-packages/neuronxcc/private_nkl/transpose.py:284:16: warning: 'neuronxcc.private_nkl.transpose.max_f_size' is from the 'neuronxcc' package which is not supported in NKI kernels; use the 'nki' package instead
  MAX_F_SIZE = max_f_size(dtype)
               ^
/opt/aws_neuronx_venv_pytorch_inference_vllm_0_16/lib/python3.12/site-packages/neuronxcc/private_nkl/transpose.py:289:15: warning: 'neuronxcc.private_nkl.transpose_utils.next_multiple' is from the 'neuronxcc' package which is not supported in NKI kernels; use the 'nki' package instead
    return I, next_multiple(min(J, MAX_F_SIZE), 128)
              ^
/opt/aws_neuronx_venv_pytorch_inference_vllm_0_16/lib/python3.12/site-packages/neuronxcc/private_nkl/transpose.py:291:12: warning: 'neuronxcc.private_nkl.transpose_utils.next_multiple' is from the 'neuronxcc' package which is not supported in NKI kernels; use the 'nki' package instead
    return next_multiple(min(I, MAX_F_SIZE), 128), J
           ^
/opt/aws_neuronx_venv_pytorch_inference_vllm_0_16/lib/python3.12/site-packages/neuronxcc/private_nkl/transpose.py:302:19: warning: 'neuronxcc.private_nkl.transpose_utils.next_multiple' is from the 'neuronxcc' package which is not supported in NKI kernels; use the 'nki' package instead
    I_tile_size = next_multiple(I_tile_size, 128)
                  ^
/opt/aws_neuronx_venv_pytorch_inference_vllm_0_16/lib/python3.12/site-packages/neuronxcc/private_nkl/transpose.py:303:19: warning: 'neuronxcc.private_nkl.transpose_utils.next_multiple' is from the 'neuronxcc' package which is not supported in NKI kernels; use the 'nki' package instead
    J_tile_size = next_multiple(J_tile_size, 128)
                  ^
/opt/aws_neuronx_venv_pytorch_inference_vllm_0_16/lib/python3.12/site-packages/neuronxcc/private_nkl/transpose.py:681:17: warning: 'neuronxcc.private_nkl.utils.tiled_range.TiledRange' is from the 'neuronxcc' package which is not supported in NKI kernels; use the 'nki' package instead
  J_128_tiles = TiledRange(J_tile, nl.tile_size.pmax)
                ^
/opt/aws_neuronx_venv_pytorch_inference_vllm_0_16/lib/python3.12/site-packages/neuronxcc/private_nkl/transpose.py:688:33: warning: 'neuronxcc.private_nkl.utils.tiled_range.TiledRange' is from the 'neuronxcc' package which is not supported in NKI kernels; use the 'nki' package instead
    for vectorization_factor in TiledRange(num_full_128_tiles_per_J_tile, VECTORIZATION_FACTOR):
                                ^
/opt/aws_neuronx_venv_pytorch_inference_vllm_0_16/lib/python3.12/site-packages/neuronxcc/private_nkl/transpose.py:751:3: warning: 'neuronxcc.private_nkl.transpose.check_input_transpose' is from the 'neuronxcc' package which is not supported in NKI kernels; use the 'nki' package instead
  check_input_transpose(in_tensor, in_shape, permutation)
  ^
/opt/aws_neuronx_venv_pytorch_inference_vllm_0_16/lib/python3.12/site-packages/neuronxcc/private_nkl/transpose.py:757:33: warning: 'neuronxcc.private_nkl.transpose_utils.permutation_reduction' is from the 'neuronxcc' package which is not supported in NKI kernels; use the 'nki' package instead
  reduced_perm, reduced_shape = permutation_reduction(in_shape, permutation)
                                ^
/opt/aws_neuronx_venv_pytorch_inference_vllm_0_16/lib/python3.12/site-packages/neuronxcc/private_nkl/transpose.py:758:10: warning: 'neuronxcc.private_nkl.transpose_utils.permutes_last_two_dims' is from the 'neuronxcc' package which is not supported in NKI kernels; use the 'nki' package instead
  assert permutes_last_two_dims(reduced_perm), f"must permutate last two dims, got {reduced_perm}"
         ^
/opt/aws_neuronx_venv_pytorch_inference_vllm_0_16/lib/python3.12/site-packages/neuronxcc/private_nkl/transpose.py:763:11: warning: 'neuronxcc.private_nkl.transpose._str_to_dtype' is from the 'neuronxcc' package which is not supported in NKI kernels; use the 'nki' package instead
    dtype=_str_to_dtype(out_dtype),
          ^
/opt/aws_neuronx_venv_pytorch_inference_vllm_0_16/lib/python3.12/site-packages/neuronxcc/private_nkl/transpose.py:764:12: warning: 'neuronxcc.private_nkl.transpose_utils._get_hbm_buffer' is from the 'neuronxcc' package which is not supported in NKI kernels; use the 'nki' package instead
    buffer=_get_hbm_buffer(),
           ^
/opt/aws_neuronx_venv_pytorch_inference_vllm_0_16/lib/python3.12/site-packages/neuronxcc/private_nkl/transpose.py:767:3: warning: 'neuronxcc.private_nkl.transpose._pe_transpose_impl' is from the 'neuronxcc' package which is not supported in NKI kernels; use the 'nki' package instead
  _pe_transpose_impl(in_tensor, out_tensor, num_shards, shard_id)
  ^
/opt/aws_neuronx_venv_pytorch_inference_vllm_0_16/lib/python3.12/site-packages/neuronxcc/private_nkl/transpose.py:373:25: warning: 'neuronxcc.private_nkl.transpose_utils.n_elts' is from the 'neuronxcc' package which is not supported in NKI kernels; use the 'nki' package instead
  flattened_B_dim = int(n_elts(in_shape[:-2])) if in_shape[:-2] else 1
                        ^
/opt/aws_neuronx_venv_pytorch_inference_vllm_0_16/lib/python3.12/site-packages/neuronxcc/private_nkl/transpose.py:378:30: warning: 'neuronxcc.private_nkl.transpose._pe_optimal_tile_sizes' is from the 'neuronxcc' package which is not supported in NKI kernels; use the 'nki' package instead
  I_tile_size, J_tile_size = _pe_optimal_tile_sizes(I, J, in_tensor.dtype)
                             ^
/opt/aws_neuronx_venv_pytorch_inference_vllm_0_16/lib/python3.12/site-packages/neuronxcc/private_nkl/transpose.py:381:17: warning: 'neuronxcc.private_nkl.utils.kernel_helpers.div_ceil' is from the 'neuronxcc' package which is not supported in NKI kernels; use the 'nki' package instead
  b_per_shard = div_ceil(flattened_B_dim, num_shards)
                ^
/opt/aws_neuronx_venv_pytorch_inference_vllm_0_16/lib/python3.12/site-packages/neuronxcc/private_nkl/transpose.py:384:19: warning: 'neuronxcc.private_nkl.transpose._to_compute_dtype' is from the 'neuronxcc' package which is not supported in NKI kernels; use the 'nki' package instead
  compute_dtype = _to_compute_dtype(in_tensor.dtype)
                  ^
/opt/aws_neuronx_venv_pytorch_inference_vllm_0_16/lib/python3.12/site-packages/neuronxcc/private_nkl/transpose.py:398:19: warning: 'neuronxcc.private_nkl.utils.tiled_range.TiledRange' is from the 'neuronxcc' package which is not supported in NKI kernels; use the 'nki' package instead
    for I_tile in TiledRange(I, I_tile_size):
                  ^
/opt/aws_neuronx_venv_pytorch_inference_vllm_0_16/lib/python3.12/site-packages/neuronxcc/private_nkl/transpose.py:399:21: warning: 'neuronxcc.private_nkl.utils.tiled_range.TiledRange' is from the 'neuronxcc' package which is not supported in NKI kernels; use the 'nki' package instead
      for J_tile in TiledRange(J, J_tile_size):
                    ^
/opt/aws_neuronx_venv_pytorch_inference_vllm_0_16/lib/python3.12/site-packages/neuronxcc/private_nkl/transpose.py:400:23: warning: 'neuronxcc.private_nkl.utils.tiled_range.TiledRange' is from the 'neuronxcc' package which is not supported in NKI kernels; use the 'nki' package instead
        I_128_tiles = TiledRange(I_tile, nl.tile_size.pmax)
                      ^
/opt/aws_neuronx_venv_pytorch_inference_vllm_0_16/lib/python3.12/site-packages/neuronxcc/private_nkl/transpose.py:405:23: warning: 'neuronxcc.private_nkl.utils.tiled_range.TiledRange' is from the 'neuronxcc' package which is not supported in NKI kernels; use the 'nki' package instead
        J_128_tiles = TiledRange(J_tile, nl.tile_size.pmax)
                      ^
/opt/aws_neuronx_venv_pytorch_inference_vllm_0_16/lib/python3.12/site-packages/neuronxcc/private_nkl/transpose.py:411:9: warning: 'neuronxcc.private_nkl.transpose._pe_load_tile' is from the 'neuronxcc' package which is not supported in NKI kernels; use the 'nki' package instead
        _pe_load_tile(
        ^
/opt/aws_neuronx_venv_pytorch_inference_vllm_0_16/lib/python3.12/site-packages/neuronxcc/private_nkl/transpose.py:422:11: warning: 'neuronxcc.private_nkl.transpose._pe_transpose_tile_I_vectorized' is from the 'neuronxcc' package which is not supported in NKI kernels; use the 'nki' package instead
          _pe_transpose_tile_I_vectorized(
          ^
/opt/aws_neuronx_venv_pytorch_inference_vllm_0_16/lib/python3.12/site-packages/neuronxcc/private_nkl/transpose.py:430:11: warning: 'neuronxcc.private_nkl.transpose._pe_transpose_tile_J_vectorized' is from the 'neuronxcc' package which is not supported in NKI kernels; use the 'nki' package instead
          _pe_transpose_tile_J_vectorized(
          ^
/opt/aws_neuronx_venv_pytorch_inference_vllm_0_16/lib/python3.12/site-packages/neuronxcc/private_nkl/transpose.py:438:9: warning: 'neuronxcc.private_nkl.transpose._pe_store_tile' is from the 'neuronxcc' package which is not supported in NKI kernels; use the 'nki' package instead
        _pe_store_tile(
        ^
/opt/aws_neuronx_venv_pytorch_inference_vllm_0_16/lib/python3.12/site-packages/neuronxcc/private_nkl/transpose.py:527:17: warning: 'neuronxcc.private_nkl.utils.tiled_range.TiledRange' is from the 'neuronxcc' package which is not supported in NKI kernels; use the 'nki' package instead
  I_128_tiles = TiledRange(I_tile, nl.tile_size.pmax)
                ^
/opt/aws_neuronx_venv_pytorch_inference_vllm_0_16/lib/python3.12/site-packages/neuronxcc/private_nkl/transpose.py:529:17: warning: 'neuronxcc.private_nkl.utils.tiled_range.TiledRange' is from the 'neuronxcc' package which is not supported in NKI kernels; use the 'nki' package instead
  J_128_tiles = TiledRange(J_tile, nl.tile_size.pmax)
                ^
/opt/aws_neuronx_venv_pytorch_inference_vllm_0_16/lib/python3.12/site-packages/neuronxcc/private_nkl/transpose.py:538:21: warning: 'neuronxcc.private_nkl.utils.tiled_range.TiledRange' is from the 'neuronxcc' package which is not supported in NKI kernels; use the 'nki' package instead
  for J_128_tile in TiledRange(J_tile.size, nl.tile_size.pmax):
                    ^
/opt/aws_neuronx_venv_pytorch_inference_vllm_0_16/lib/python3.12/site-packages/neuronxcc/private_nkl/transpose.py:539:23: warning: 'neuronxcc.private_nkl.utils.tiled_range.TiledRange' is from the 'neuronxcc' package which is not supported in NKI kernels; use the 'nki' package instead
    for I_512_tile in TiledRange(I_tile.size, nl.tile_size.psum_fmax):
                      ^
/opt/aws_neuronx_venv_pytorch_inference_vllm_0_16/lib/python3.12/site-packages/neuronxcc/private_nkl/transpose.py:551:25: warning: 'neuronxcc.private_nkl.utils.tiled_range.TiledRange' is from the 'neuronxcc' package which is not supported in NKI kernels; use the 'nki' package instead
      for I_128_tile in TiledRange(I_512_tile, nl.tile_size.pmax):
                        ^
/opt/aws_neuronx_venv_pytorch_inference_vllm_0_16/lib/python3.12/site-packages/neuronxcc/private_nkl/transpose.py:569:7: warning: 'neuronxcc.private_nkl.transpose._copy_with_engine' is from the 'neuronxcc' package which is not supported in NKI kernels; use the 'nki' package instead
      _copy_with_engine(
      ^
/opt/aws_neuronx_venv_pytorch_inference_vllm_0_16/lib/python3.12/site-packages/neuronxcc/private_nkl/transpose.py:586:17: warning: 'neuronxcc.private_nkl.utils.tiled_range.TiledRange' is from the 'neuronxcc' package which is not supported in NKI kernels; use the 'nki' package instead
  I_128_tiles = TiledRange(I_tile, nl.tile_size.pmax)
                ^
/opt/aws_neuronx_venv_pytorch_inference_vllm_0_16/lib/python3.12/site-packages/neuronxcc/private_nkl/transpose.py:588:17: warning: 'neuronxcc.private_nkl.utils.tiled_range.TiledRange' is from the 'neuronxcc' package which is not supported in NKI kernels; use the 'nki' package instead
  J_128_tiles = TiledRange(J_tile, nl.tile_size.pmax)
                ^
/opt/aws_neuronx_venv_pytorch_inference_vllm_0_16/lib/python3.12/site-packages/neuronxcc/private_nkl/transpose.py:596:21: warning: 'neuronxcc.private_nkl.utils.tiled_range.TiledRange' is from the 'neuronxcc' package which is not supported in NKI kernels; use the 'nki' package instead
  for I_128_tile in TiledRange(I_tile.size, nl.tile_size.pmax):
                    ^
/opt/aws_neuronx_venv_pytorch_inference_vllm_0_16/lib/python3.12/site-packages/neuronxcc/private_nkl/transpose.py:597:23: warning: 'neuronxcc.private_nkl.utils.tiled_range.TiledRange' is from the 'neuronxcc' package which is not supported in NKI kernels; use the 'nki' package instead
    for J_512_tile in TiledRange(J_tile.size, nl.tile_size.psum_fmax):
                      ^
/opt/aws_neuronx_venv_pytorch_inference_vllm_0_16/lib/python3.12/site-packages/neuronxcc/private_nkl/transpose.py:609:25: warning: 'neuronxcc.private_nkl.utils.tiled_range.TiledRange' is from the 'neuronxcc' package which is not supported in NKI kernels; use the 'nki' package instead
      for J_128_tile in TiledRange(J_512_tile, nl.tile_size.pmax):
                        ^
/opt/aws_neuronx_venv_pytorch_inference_vllm_0_16/lib/python3.12/site-packages/neuronxcc/private_nkl/transpose.py:628:9: warning: 'neuronxcc.private_nkl.transpose._copy_with_engine' is from the 'neuronxcc' package which is not supported in NKI kernels; use the 'nki' package instead
        _copy_with_engine(
        ^
/opt/aws_neuronx_venv_pytorch_inference_vllm_0_16/lib/python3.12/site-packages/neuronxcc/private_nkl/transpose.py:652:9: warning: 'neuronxcc.private_nkl.transpose._copy_with_engine' is from the 'neuronxcc' package which is not supported in NKI kernels; use the 'nki' package instead
        _copy_with_engine(
        ^
/opt/aws_neuronx_venv_pytorch_inference_vllm_0_16/lib/python3.12/site-packages/neuronxcc/private_nkl/transpose.py:38:10: warning: 'neuronxcc.private_nkl.transpose_utils.is_valid_permutation' is from the 'neuronxcc' package which is not supported in NKI kernels; use the 'nki' package instead
  assert is_valid_permutation(permutation), "input permutation is invalid"
         ^
/opt/aws_neuronx_venv_pytorch_inference_vllm_0_16/lib/python3.12/site-packages/neuronxcc/private_nkl/transpose.py:41:10: warning: 'neuronxcc.private_nkl.transpose_utils.n_elts' is from the 'neuronxcc' package which is not supported in NKI kernels; use the 'nki' package instead
  assert n_elts(in_shape) == n_elts(in_tensor.shape), "tensor shape is invalid"
         ^
/opt/aws_neuronx_venv_pytorch_inference_vllm_0_16/lib/python3.12/site-packages/neuronxcc/private_nkl/transpose.py:41:30: warning: 'neuronxcc.private_nkl.transpose_utils.n_elts' is from the 'neuronxcc' package which is not supported in NKI kernels; use the 'nki' package instead
  assert n_elts(in_shape) == n_elts(in_tensor.shape), "tensor shape is invalid"
                             ^
/opt/aws_neuronx_venv_pytorch_inference_vllm_0_16/lib/python3.12/site-packages/neuronxcc/private_nkl/transpose.py:32:20: warning: 'neuronxcc.private_nkl.utils.StackAllocator.sizeinbytes' is from the 'neuronxcc' package which is not supported in NKI kernels; use the 'nki' package instead
  return (98304 // sizeinbytes(dtype)) // 2
                   ^
/opt/aws_neuronx_venv_pytorch_inference_vllm_0_16/lib/python3.12/site-packages/neuronxcc/private_nkl/transpose.py:886:29: warning: 'neuronxcc.private_nkl.utils.kernel_helpers.get_program_sharding_info' is from the 'neuronxcc' package which is not supported in NKI kernels; use the 'nki' package instead
  _, num_shards, shard_id = get_program_sharding_info()
                            ^
/opt/aws_neuronx_venv_pytorch_inference_vllm_0_16/lib/python3.12/site-packages/neuronxcc/private_nkl/transpose.py:887:9: warning: 'neuronxcc.private_nkl.transpose._pe_transpose' is from the 'neuronxcc' package which is not supported in NKI kernels; use the 'nki' package instead
  out = _pe_transpose(in_tensor, in_shape, permutation, out_dtype, num_shards, shard_id)
        ^
/opt/aws_neuronx_venv_pytorch_inference_vllm_0_16/lib/python3.12/site-packages/neuronxcc/private_nkl/transpose_utils.py:71:10: warning: 'neuronxcc.private_nkl.transpose_utils.is_valid_permutation' is from the 'neuronxcc' package which is not supported in NKI kernels; use the 'nki' package instead
  if not is_valid_permutation(permutation):
         ^
/opt/aws_neuronx_venv_pytorch_inference_vllm_0_16/lib/python3.12/site-packages/neuronxcc/private_nkl/utils/tiled_range.py:66:23: warning: 'neuronxcc.private_nkl.utils.tiled_range.TiledRangeIterator' is from the 'neuronxcc' package which is not supported in NKI kernels; use the 'nki' package instead
  if isinstance(size, TiledRangeIterator):
                      ^
/opt/aws_neuronx_venv_pytorch_inference_vllm_0_16/lib/python3.12/site-packages/neuronxcc/private_nkl/utils/tiled_range.py:84:22: warning: 'neuronxcc.private_nkl.utils.tiled_range.TiledRangeIterator' is from the 'neuronxcc' package which is not supported in NKI kernels; use the 'nki' package instead
    iterators.append(TiledRangeIterator(current_tile_size, i, base_offset + relative_offset))
                     ^
/opt/aws_neuronx_venv_pytorch_inference_vllm_0_16/lib/python3.12/site-packages/neuronxcc/private_nkl/transpose.py:458:17: warning: 'neuronxcc.private_nkl.utils.tiled_range.TiledRange' is from the 'neuronxcc' package which is not supported in NKI kernels; use the 'nki' package instead
  I_128_tiles = TiledRange(I_tile, nl.tile_size.pmax)
                ^
/opt/aws_neuronx_venv_pytorch_inference_vllm_0_16/lib/python3.12/site-packages/neuronxcc/private_nkl/transpose.py:465:33: warning: 'neuronxcc.private_nkl.utils.tiled_range.TiledRange' is from the 'neuronxcc' package which is not supported in NKI kernels; use the 'nki' package instead
    for vectorization_factor in TiledRange(num_full_128_tiles_per_I_tile, VECTORIZATION_FACTOR):
                                ^
/opt/aws_neuronx_venv_pytorch_inference_vllm_0_16/lib/python3.12/site-packages/neuronxcc/private_nkl/transpose.py:284:16: warning: 'neuronxcc.private_nkl.transpose.max_f_size' is from the 'neuronxcc' package which is not supported in NKI kernels; use the 'nki' package instead
  MAX_F_SIZE = max_f_size(dtype)
               ^
/opt/aws_neuronx_venv_pytorch_inference_vllm_0_16/lib/python3.12/site-packages/neuronxcc/private_nkl/transpose.py:289:15: warning: 'neuronxcc.private_nkl.transpose_utils.next_multiple' is from the 'neuronxcc' package which is not supported in NKI kernels; use the 'nki' package instead
    return I, next_multiple(min(J, MAX_F_SIZE), 128)
              ^
/opt/aws_neuronx_venv_pytorch_inference_vllm_0_16/lib/python3.12/site-packages/neuronxcc/private_nkl/transpose.py:291:12: warning: 'neuronxcc.private_nkl.transpose_utils.next_multiple' is from the 'neuronxcc' package which is not supported in NKI kernels; use the 'nki' package instead
    return next_multiple(min(I, MAX_F_SIZE), 128), J
           ^
/opt/aws_neuronx_venv_pytorch_inference_vllm_0_16/lib/python3.12/site-packages/neuronxcc/private_nkl/transpose.py:302:19: warning: 'neuronxcc.private_nkl.transpose_utils.next_multiple' is from the 'neuronxcc' package which is not supported in NKI kernels; use the 'nki' package instead
    I_tile_size = next_multiple(I_tile_size, 128)
                  ^
/opt/aws_neuronx_venv_pytorch_inference_vllm_0_16/lib/python3.12/site-packages/neuronxcc/private_nkl/transpose.py:303:19: warning: 'neuronxcc.private_nkl.transpose_utils.next_multiple' is from the 'neuronxcc' package which is not supported in NKI kernels; use the 'nki' package instead
    J_tile_size = next_multiple(J_tile_size, 128)
                  ^
/opt/aws_neuronx_venv_pytorch_inference_vllm_0_16/lib/python3.12/site-packages/neuronxcc/private_nkl/transpose.py:681:17: warning: 'neuronxcc.private_nkl.utils.tiled_range.TiledRange' is from the 'neuronxcc' package which is not supported in NKI kernels; use the 'nki' package instead
  J_128_tiles = TiledRange(J_tile, nl.tile_size.pmax)
                ^
/opt/aws_neuronx_venv_pytorch_inference_vllm_0_16/lib/python3.12/site-packages/neuronxcc/private_nkl/transpose.py:688:33: warning: 'neuronxcc.private_nkl.utils.tiled_range.TiledRange' is from the 'neuronxcc' package which is not supported in NKI kernels; use the 'nki' package instead
    for vectorization_factor in TiledRange(num_full_128_tiles_per_J_tile, VECTORIZATION_FACTOR):
                                ^
/opt/aws_neuronx_venv_pytorch_inference_vllm_0_16/lib/python3.12/site-packages/neuronxcc/private_nkl/transpose.py:751:3: warning: 'neuronxcc.private_nkl.transpose.check_input_transpose' is from the 'neuronxcc' package which is not supported in NKI kernels; use the 'nki' package instead
  check_input_transpose(in_tensor, in_shape, permutation)
  ^
/opt/aws_neuronx_venv_pytorch_inference_vllm_0_16/lib/python3.12/site-packages/neuronxcc/private_nkl/transpose.py:757:33: warning: 'neuronxcc.private_nkl.transpose_utils.permutation_reduction' is from the 'neuronxcc' package which is not supported in NKI kernels; use the 'nki' package instead
  reduced_perm, reduced_shape = permutation_reduction(in_shape, permutation)
                                ^
/opt/aws_neuronx_venv_pytorch_inference_vllm_0_16/lib/python3.12/site-packages/neuronxcc/private_nkl/transpose.py:758:10: warning: 'neuronxcc.private_nkl.transpose_utils.permutes_last_two_dims' is from the 'neuronxcc' package which is not supported in NKI kernels; use the 'nki' package instead
  assert permutes_last_two_dims(reduced_perm), f"must permutate last two dims, got {reduced_perm}"
         ^
/opt/aws_neuronx_venv_pytorch_inference_vllm_0_16/lib/python3.12/site-packages/neuronxcc/private_nkl/transpose.py:763:11: warning: 'neuronxcc.private_nkl.transpose._str_to_dtype' is from the 'neuronxcc' package which is not supported in NKI kernels; use the 'nki' package instead
    dtype=_str_to_dtype(out_dtype),
          ^
/opt/aws_neuronx_venv_pytorch_inference_vllm_0_16/lib/python3.12/site-packages/neuronxcc/private_nkl/transpose.py:764:12: warning: 'neuronxcc.private_nkl.transpose_utils._get_hbm_buffer' is from the 'neuronxcc' package which is not supported in NKI kernels; use the 'nki' package instead
    buffer=_get_hbm_buffer(),
           ^
/opt/aws_neuronx_venv_pytorch_inference_vllm_0_16/lib/python3.12/site-packages/neuronxcc/private_nkl/transpose.py:767:3: warning: 'neuronxcc.private_nkl.transpose._pe_transpose_impl' is from the 'neuronxcc' package which is not supported in NKI kernels; use the 'nki' package instead
  _pe_transpose_impl(in_tensor, out_tensor, num_shards, shard_id)
  ^
/opt/aws_neuronx_venv_pytorch_inference_vllm_0_16/lib/python3.12/site-packages/neuronxcc/private_nkl/transpose.py:373:25: warning: 'neuronxcc.private_nkl.transpose_utils.n_elts' is from the 'neuronxcc' package which is not supported in NKI kernels; use the 'nki' package instead
  flattened_B_dim = int(n_elts(in_shape[:-2])) if in_shape[:-2] else 1
                        ^
/opt/aws_neuronx_venv_pytorch_inference_vllm_0_16/lib/python3.12/site-packages/neuronxcc/private_nkl/transpose.py:378:30: warning: 'neuronxcc.private_nkl.transpose._pe_optimal_tile_sizes' is from the 'neuronxcc' package which is not supported in NKI kernels; use the 'nki' package instead
  I_tile_size, J_tile_size = _pe_optimal_tile_sizes(I, J, in_tensor.dtype)
                             ^
/opt/aws_neuronx_venv_pytorch_inference_vllm_0_16/lib/python3.12/site-packages/neuronxcc/private_nkl/transpose.py:381:17: warning: 'neuronxcc.private_nkl.utils.kernel_helpers.div_ceil' is from the 'neuronxcc' package which is not supported in NKI kernels; use the 'nki' package instead
  b_per_shard = div_ceil(flattened_B_dim, num_shards)
                ^
/opt/aws_neuronx_venv_pytorch_inference_vllm_0_16/lib/python3.12/site-packages/neuronxcc/private_nkl/transpose.py:384:19: warning: 'neuronxcc.private_nkl.transpose._to_compute_dtype' is from the 'neuronxcc' package which is not supported in NKI kernels; use the 'nki' package instead
  compute_dtype = _to_compute_dtype(in_tensor.dtype)
                  ^
/opt/aws_neuronx_venv_pytorch_inference_vllm_0_16/lib/python3.12/site-packages/neuronxcc/private_nkl/transpose.py:398:19: warning: 'neuronxcc.private_nkl.utils.tiled_range.TiledRange' is from the 'neuronxcc' package which is not supported in NKI kernels; use the 'nki' package instead
    for I_tile in TiledRange(I, I_tile_size):
                  ^
/opt/aws_neuronx_venv_pytorch_inference_vllm_0_16/lib/python3.12/site-packages/neuronxcc/private_nkl/transpose.py:399:21: warning: 'neuronxcc.private_nkl.utils.tiled_range.TiledRange' is from the 'neuronxcc' package which is not supported in NKI kernels; use the 'nki' package instead
      for J_tile in TiledRange(J, J_tile_size):
                    ^
/opt/aws_neuronx_venv_pytorch_inference_vllm_0_16/lib/python3.12/site-packages/neuronxcc/private_nkl/transpose.py:400:23: warning: 'neuronxcc.private_nkl.utils.tiled_range.TiledRange' is from the 'neuronxcc' package which is not supported in NKI kernels; use the 'nki' package instead
        I_128_tiles = TiledRange(I_tile, nl.tile_size.pmax)
                      ^
/opt/aws_neuronx_venv_pytorch_inference_vllm_0_16/lib/python3.12/site-packages/neuronxcc/private_nkl/transpose.py:405:23: warning: 'neuronxcc.private_nkl.utils.tiled_range.TiledRange' is from the 'neuronxcc' package which is not supported in NKI kernels; use the 'nki' package instead
        J_128_tiles = TiledRange(J_tile, nl.tile_size.pmax)
                      ^
/opt/aws_neuronx_venv_pytorch_inference_vllm_0_16/lib/python3.12/site-packages/neuronxcc/private_nkl/transpose.py:411:9: warning: 'neuronxcc.private_nkl.transpose._pe_load_tile' is from the 'neuronxcc' package which is not supported in NKI kernels; use the 'nki' package instead
        _pe_load_tile(
        ^
/opt/aws_neuronx_venv_pytorch_inference_vllm_0_16/lib/python3.12/site-packages/neuronxcc/private_nkl/transpose.py:422:11: warning: 'neuronxcc.private_nkl.transpose._pe_transpose_tile_I_vectorized' is from the 'neuronxcc' package which is not supported in NKI kernels; use the 'nki' package instead
          _pe_transpose_tile_I_vectorized(
          ^
/opt/aws_neuronx_venv_pytorch_inference_vllm_0_16/lib/python3.12/site-packages/neuronxcc/private_nkl/transpose.py:430:11: warning: 'neuronxcc.private_nkl.transpose._pe_transpose_tile_J_vectorized' is from the 'neuronxcc' package which is not supported in NKI kernels; use the 'nki' package instead
          _pe_transpose_tile_J_vectorized(
          ^
/opt/aws_neuronx_venv_pytorch_inference_vllm_0_16/lib/python3.12/site-packages/neuronxcc/private_nkl/transpose.py:438:9: warning: 'neuronxcc.private_nkl.transpose._pe_store_tile' is from the 'neuronxcc' package which is not supported in NKI kernels; use the 'nki' package instead
        _pe_store_tile(
        ^
/opt/aws_neuronx_venv_pytorch_inference_vllm_0_16/lib/python3.12/site-packages/neuronxcc/private_nkl/transpose.py:527:17: warning: 'neuronxcc.private_nkl.utils.tiled_range.TiledRange' is from the 'neuronxcc' package which is not supported in NKI kernels; use the 'nki' package instead
  I_128_tiles = TiledRange(I_tile, nl.tile_size.pmax)
                ^
/opt/aws_neuronx_venv_pytorch_inference_vllm_0_16/lib/python3.12/site-packages/neuronxcc/private_nkl/transpose.py:529:17: warning: 'neuronxcc.private_nkl.utils.tiled_range.TiledRange' is from the 'neuronxcc' package which is not supported in NKI kernels; use the 'nki' package instead
  J_128_tiles = TiledRange(J_tile, nl.tile_size.pmax)
                ^
/opt/aws_neuronx_venv_pytorch_inference_vllm_0_16/lib/python3.12/site-packages/neuronxcc/private_nkl/transpose.py:538:21: warning: 'neuronxcc.private_nkl.utils.tiled_range.TiledRange' is from the 'neuronxcc' package which is not supported in NKI kernels; use the 'nki' package instead
  for J_128_tile in TiledRange(J_tile.size, nl.tile_size.pmax):
                    ^
/opt/aws_neuronx_venv_pytorch_inference_vllm_0_16/lib/python3.12/site-packages/neuronxcc/private_nkl/transpose.py:539:23: warning: 'neuronxcc.private_nkl.utils.tiled_range.TiledRange' is from the 'neuronxcc' package which is not supported in NKI kernels; use the 'nki' package instead
    for I_512_tile in TiledRange(I_tile.size, nl.tile_size.psum_fmax):
                      ^
/opt/aws_neuronx_venv_pytorch_inference_vllm_0_16/lib/python3.12/site-packages/neuronxcc/private_nkl/transpose.py:551:25: warning: 'neuronxcc.private_nkl.utils.tiled_range.TiledRange' is from the 'neuronxcc' package which is not supported in NKI kernels; use the 'nki' package instead
      for I_128_tile in TiledRange(I_512_tile, nl.tile_size.pmax):
                        ^
/opt/aws_neuronx_venv_pytorch_inference_vllm_0_16/lib/python3.12/site-packages/neuronxcc/private_nkl/transpose.py:569:7: warning: 'neuronxcc.private_nkl.transpose._copy_with_engine' is from the 'neuronxcc' package which is not supported in NKI kernels; use the 'nki' package instead
      _copy_with_engine(
      ^
/opt/aws_neuronx_venv_pytorch_inference_vllm_0_16/lib/python3.12/site-packages/neuronxcc/private_nkl/transpose.py:586:17: warning: 'neuronxcc.private_nkl.utils.tiled_range.TiledRange' is from the 'neuronxcc' package which is not supported in NKI kernels; use the 'nki' package instead
  I_128_tiles = TiledRange(I_tile, nl.tile_size.pmax)
                ^
/opt/aws_neuronx_venv_pytorch_inference_vllm_0_16/lib/python3.12/site-packages/neuronxcc/private_nkl/transpose.py:588:17: warning: 'neuronxcc.private_nkl.utils.tiled_range.TiledRange' is from the 'neuronxcc' package which is not supported in NKI kernels; use the 'nki' package instead
  J_128_tiles = TiledRange(J_tile, nl.tile_size.pmax)
                ^
/opt/aws_neuronx_venv_pytorch_inference_vllm_0_16/lib/python3.12/site-packages/neuronxcc/private_nkl/transpose.py:596:21: warning: 'neuronxcc.private_nkl.utils.tiled_range.TiledRange' is from the 'neuronxcc' package which is not supported in NKI kernels; use the 'nki' package instead
  for I_128_tile in TiledRange(I_tile.size, nl.tile_size.pmax):
                    ^
/opt/aws_neuronx_venv_pytorch_inference_vllm_0_16/lib/python3.12/site-packages/neuronxcc/private_nkl/transpose.py:597:23: warning: 'neuronxcc.private_nkl.utils.tiled_range.TiledRange' is from the 'neuronxcc' package which is not supported in NKI kernels; use the 'nki' package instead
    for J_512_tile in TiledRange(J_tile.size, nl.tile_size.psum_fmax):
                      ^
/opt/aws_neuronx_venv_pytorch_inference_vllm_0_16/lib/python3.12/site-packages/neuronxcc/private_nkl/transpose.py:609:25: warning: 'neuronxcc.private_nkl.utils.tiled_range.TiledRange' is from the 'neuronxcc' package which is not supported in NKI kernels; use the 'nki' package instead
      for J_128_tile in TiledRange(J_512_tile, nl.tile_size.pmax):
                        ^
/opt/aws_neuronx_venv_pytorch_inference_vllm_0_16/lib/python3.12/site-packages/neuronxcc/private_nkl/transpose.py:628:9: warning: 'neuronxcc.private_nkl.transpose._copy_with_engine' is from the 'neuronxcc' package which is not supported in NKI kernels; use the 'nki' package instead
        _copy_with_engine(
        ^
/opt/aws_neuronx_venv_pytorch_inference_vllm_0_16/lib/python3.12/site-packages/neuronxcc/private_nkl/transpose.py:652:9: warning: 'neuronxcc.private_nkl.transpose._copy_with_engine' is from the 'neuronxcc' package which is not supported in NKI kernels; use the 'nki' package instead
        _copy_with_engine(
        ^
/opt/aws_neuronx_venv_pytorch_inference_vllm_0_16/lib/python3.12/site-packages/neuronxcc/private_nkl/transpose.py:38:10: warning: 'neuronxcc.private_nkl.transpose_utils.is_valid_permutation' is from the 'neuronxcc' package which is not supported in NKI kernels; use the 'nki' package instead
  assert is_valid_permutation(permutation), "input permutation is invalid"
         ^
/opt/aws_neuronx_venv_pytorch_inference_vllm_0_16/lib/python3.12/site-packages/neuronxcc/private_nkl/transpose.py:41:10: warning: 'neuronxcc.private_nkl.transpose_utils.n_elts' is from the 'neuronxcc' package which is not supported in NKI kernels; use the 'nki' package instead
  assert n_elts(in_shape) == n_elts(in_tensor.shape), "tensor shape is invalid"
         ^
/opt/aws_neuronx_venv_pytorch_inference_vllm_0_16/lib/python3.12/site-packages/neuronxcc/private_nkl/transpose.py:41:30: warning: 'neuronxcc.private_nkl.transpose_utils.n_elts' is from the 'neuronxcc' package which is not supported in NKI kernels; use the 'nki' package instead
  assert n_elts(in_shape) == n_elts(in_tensor.shape), "tensor shape is invalid"
                             ^
/opt/aws_neuronx_venv_pytorch_inference_vllm_0_16/lib/python3.12/site-packages/neuronxcc/private_nkl/transpose.py:32:20: warning: 'neuronxcc.private_nkl.utils.StackAllocator.sizeinbytes' is from the 'neuronxcc' package which is not supported in NKI kernels; use the 'nki' package instead
  return (98304 // sizeinbytes(dtype)) // 2
                   ^
/opt/aws_neuronx_venv_pytorch_inference_vllm_0_16/lib/python3.12/site-packages/neuronxcc/private_nkl/transpose.py:886:29: warning: 'neuronxcc.private_nkl.utils.kernel_helpers.get_program_sharding_info' is from the 'neuronxcc' package which is not supported in NKI kernels; use the 'nki' package instead
  _, num_shards, shard_id = get_program_sharding_info()
                            ^
/opt/aws_neuronx_venv_pytorch_inference_vllm_0_16/lib/python3.12/site-packages/neuronxcc/private_nkl/transpose.py:887:9: warning: 'neuronxcc.private_nkl.transpose._pe_transpose' is from the 'neuronxcc' package which is not supported in NKI kernels; use the 'nki' package instead
  out = _pe_transpose(in_tensor, in_shape, permutation, out_dtype, num_shards, shard_id)
        ^
/opt/aws_neuronx_venv_pytorch_inference_vllm_0_16/lib/python3.12/site-packages/neuronxcc/private_nkl/transpose_utils.py:71:10: warning: 'neuronxcc.private_nkl.transpose_utils.is_valid_permutation' is from the 'neuronxcc' package which is not supported in NKI kernels; use the 'nki' package instead
  if not is_valid_permutation(permutation):
         ^
/opt/aws_neuronx_venv_pytorch_inference_vllm_0_16/lib/python3.12/site-packages/neuronxcc/private_nkl/utils/tiled_range.py:66:23: warning: 'neuronxcc.private_nkl.utils.tiled_range.TiledRangeIterator' is from the 'neuronxcc' package which is not supported in NKI kernels; use the 'nki' package instead
  if isinstance(size, TiledRangeIterator):
                      ^
/opt/aws_neuronx_venv_pytorch_inference_vllm_0_16/lib/python3.12/site-packages/neuronxcc/private_nkl/utils/tiled_range.py:84:22: warning: 'neuronxcc.private_nkl.utils.tiled_range.TiledRangeIterator' is from the 'neuronxcc' package which is not supported in NKI kernels; use the 'nki' package instead
    iterators.append(TiledRangeIterator(current_tile_size, i, base_offset + relative_offset))
                     ^
/opt/aws_neuronx_venv_pytorch_inference_vllm_0_16/lib/python3.12/site-packages/neuronxcc/private_nkl/transpose.py:458:17: warning: 'neuronxcc.private_nkl.utils.tiled_range.TiledRange' is from the 'neuronxcc' package which is not supported in NKI kernels; use the 'nki' package instead
  I_128_tiles = TiledRange(I_tile, nl.tile_size.pmax)
                ^
/opt/aws_neuronx_venv_pytorch_inference_vllm_0_16/lib/python3.12/site-packages/neuronxcc/private_nkl/transpose.py:465:33: warning: 'neuronxcc.private_nkl.utils.tiled_range.TiledRange' is from the 'neuronxcc' package which is not supported in NKI kernels; use the 'nki' package instead
    for vectorization_factor in TiledRange(num_full_128_tiles_per_I_tile, VECTORIZATION_FACTOR):
                                ^
/opt/aws_neuronx_venv_pytorch_inference_vllm_0_16/lib/python3.12/site-packages/neuronxcc/private_nkl/transpose.py:284:16: warning: 'neuronxcc.private_nkl.transpose.max_f_size' is from the 'neuronxcc' package which is not supported in NKI kernels; use the 'nki' package instead
  MAX_F_SIZE = max_f_size(dtype)
               ^
/opt/aws_neuronx_venv_pytorch_inference_vllm_0_16/lib/python3.12/site-packages/neuronxcc/private_nkl/transpose.py:289:15: warning: 'neuronxcc.private_nkl.transpose_utils.next_multiple' is from the 'neuronxcc' package which is not supported in NKI kernels; use the 'nki' package instead
    return I, next_multiple(min(J, MAX_F_SIZE), 128)
              ^
/opt/aws_neuronx_venv_pytorch_inference_vllm_0_16/lib/python3.12/site-packages/neuronxcc/private_nkl/transpose.py:291:12: warning: 'neuronxcc.private_nkl.transpose_utils.next_multiple' is from the 'neuronxcc' package which is not supported in NKI kernels; use the 'nki' package instead
    return next_multiple(min(I, MAX_F_SIZE), 128), J
           ^
/opt/aws_neuronx_venv_pytorch_inference_vllm_0_16/lib/python3.12/site-packages/neuronxcc/private_nkl/transpose.py:302:19: warning: 'neuronxcc.private_nkl.transpose_utils.next_multiple' is from the 'neuronxcc' package which is not supported in NKI kernels; use the 'nki' package instead
    I_tile_size = next_multiple(I_tile_size, 128)
                  ^
/opt/aws_neuronx_venv_pytorch_inference_vllm_0_16/lib/python3.12/site-packages/neuronxcc/private_nkl/transpose.py:303:19: warning: 'neuronxcc.private_nkl.transpose_utils.next_multiple' is from the 'neuronxcc' package which is not supported in NKI kernels; use the 'nki' package instead
    J_tile_size = next_multiple(J_tile_size, 128)
                  ^
/opt/aws_neuronx_venv_pytorch_inference_vllm_0_16/lib/python3.12/site-packages/neuronxcc/private_nkl/transpose.py:681:17: warning: 'neuronxcc.private_nkl.utils.tiled_range.TiledRange' is from the 'neuronxcc' package which is not supported in NKI kernels; use the 'nki' package instead
  J_128_tiles = TiledRange(J_tile, nl.tile_size.pmax)
                ^
/opt/aws_neuronx_venv_pytorch_inference_vllm_0_16/lib/python3.12/site-packages/neuronxcc/private_nkl/transpose.py:688:33: warning: 'neuronxcc.private_nkl.utils.tiled_range.TiledRange' is from the 'neuronxcc' package which is not supported in NKI kernels; use the 'nki' package instead
    for vectorization_factor in TiledRange(num_full_128_tiles_per_J_tile, VECTORIZATION_FACTOR):
                                ^
/opt/aws_neuronx_venv_pytorch_inference_vllm_0_16/lib/python3.12/site-packages/neuronxcc/private_nkl/transpose.py:751:3: warning: 'neuronxcc.private_nkl.transpose.check_input_transpose' is from the 'neuronxcc' package which is not supported in NKI kernels; use the 'nki' package instead
  check_input_transpose(in_tensor, in_shape, permutation)
  ^
/opt/aws_neuronx_venv_pytorch_inference_vllm_0_16/lib/python3.12/site-packages/neuronxcc/private_nkl/transpose.py:757:33: warning: 'neuronxcc.private_nkl.transpose_utils.permutation_reduction' is from the 'neuronxcc' package which is not supported in NKI kernels; use the 'nki' package instead
  reduced_perm, reduced_shape = permutation_reduction(in_shape, permutation)
                                ^
/opt/aws_neuronx_venv_pytorch_inference_vllm_0_16/lib/python3.12/site-packages/neuronxcc/private_nkl/transpose.py:758:10: warning: 'neuronxcc.private_nkl.transpose_utils.permutes_last_two_dims' is from the 'neuronxcc' package which is not supported in NKI kernels; use the 'nki' package instead
  assert permutes_last_two_dims(reduced_perm), f"must permutate last two dims, got {reduced_perm}"
         ^
/opt/aws_neuronx_venv_pytorch_inference_vllm_0_16/lib/python3.12/site-packages/neuronxcc/private_nkl/transpose.py:763:11: warning: 'neuronxcc.private_nkl.transpose._str_to_dtype' is from the 'neuronxcc' package which is not supported in NKI kernels; use the 'nki' package instead
    dtype=_str_to_dtype(out_dtype),
          ^
/opt/aws_neuronx_venv_pytorch_inference_vllm_0_16/lib/python3.12/site-packages/neuronxcc/private_nkl/transpose.py:764:12: warning: 'neuronxcc.private_nkl.transpose_utils._get_hbm_buffer' is from the 'neuronxcc' package which is not supported in NKI kernels; use the 'nki' package instead
    buffer=_get_hbm_buffer(),
           ^
/opt/aws_neuronx_venv_pytorch_inference_vllm_0_16/lib/python3.12/site-packages/neuronxcc/private_nkl/transpose.py:767:3: warning: 'neuronxcc.private_nkl.transpose._pe_transpose_impl' is from the 'neuronxcc' package which is not supported in NKI kernels; use the 'nki' package instead
  _pe_transpose_impl(in_tensor, out_tensor, num_shards, shard_id)
  ^
/opt/aws_neuronx_venv_pytorch_inference_vllm_0_16/lib/python3.12/site-packages/neuronxcc/private_nkl/transpose.py:373:25: warning: 'neuronxcc.private_nkl.transpose_utils.n_elts' is from the 'neuronxcc' package which is not supported in NKI kernels; use the 'nki' package instead
  flattened_B_dim = int(n_elts(in_shape[:-2])) if in_shape[:-2] else 1
                        ^
/opt/aws_neuronx_venv_pytorch_inference_vllm_0_16/lib/python3.12/site-packages/neuronxcc/private_nkl/transpose.py:378:30: warning: 'neuronxcc.private_nkl.transpose._pe_optimal_tile_sizes' is from the 'neuronxcc' package which is not supported in NKI kernels; use the 'nki' package instead
  I_tile_size, J_tile_size = _pe_optimal_tile_sizes(I, J, in_tensor.dtype)
                             ^
/opt/aws_neuronx_venv_pytorch_inference_vllm_0_16/lib/python3.12/site-packages/neuronxcc/private_nkl/transpose.py:381:17: warning: 'neuronxcc.private_nkl.utils.kernel_helpers.div_ceil' is from the 'neuronxcc' package which is not supported in NKI kernels; use the 'nki' package instead
  b_per_shard = div_ceil(flattened_B_dim, num_shards)
                ^
/opt/aws_neuronx_venv_pytorch_inference_vllm_0_16/lib/python3.12/site-packages/neuronxcc/private_nkl/transpose.py:384:19: warning: 'neuronxcc.private_nkl.transpose._to_compute_dtype' is from the 'neuronxcc' package which is not supported in NKI kernels; use the 'nki' package instead
  compute_dtype = _to_compute_dtype(in_tensor.dtype)
                  ^
/opt/aws_neuronx_venv_pytorch_inference_vllm_0_16/lib/python3.12/site-packages/neuronxcc/private_nkl/transpose.py:398:19: warning: 'neuronxcc.private_nkl.utils.tiled_range.TiledRange' is from the 'neuronxcc' package which is not supported in NKI kernels; use the 'nki' package instead
    for I_tile in TiledRange(I, I_tile_size):
                  ^
/opt/aws_neuronx_venv_pytorch_inference_vllm_0_16/lib/python3.12/site-packages/neuronxcc/private_nkl/transpose.py:399:21: warning: 'neuronxcc.private_nkl.utils.tiled_range.TiledRange' is from the 'neuronxcc' package which is not supported in NKI kernels; use the 'nki' package instead
      for J_tile in TiledRange(J, J_tile_size):
                    ^
/opt/aws_neuronx_venv_pytorch_inference_vllm_0_16/lib/python3.12/site-packages/neuronxcc/private_nkl/transpose.py:400:23: warning: 'neuronxcc.private_nkl.utils.tiled_range.TiledRange' is from the 'neuronxcc' package which is not supported in NKI kernels; use the 'nki' package instead
        I_128_tiles = TiledRange(I_tile, nl.tile_size.pmax)
                      ^
/opt/aws_neuronx_venv_pytorch_inference_vllm_0_16/lib/python3.12/site-packages/neuronxcc/private_nkl/transpose.py:405:23: warning: 'neuronxcc.private_nkl.utils.tiled_range.TiledRange' is from the 'neuronxcc' package which is not supported in NKI kernels; use the 'nki' package instead
        J_128_tiles = TiledRange(J_tile, nl.tile_size.pmax)
                      ^
/opt/aws_neuronx_venv_pytorch_inference_vllm_0_16/lib/python3.12/site-packages/neuronxcc/private_nkl/transpose.py:411:9: warning: 'neuronxcc.private_nkl.transpose._pe_load_tile' is from the 'neuronxcc' package which is not supported in NKI kernels; use the 'nki' package instead
        _pe_load_tile(
        ^
/opt/aws_neuronx_venv_pytorch_inference_vllm_0_16/lib/python3.12/site-packages/neuronxcc/private_nkl/transpose.py:422:11: warning: 'neuronxcc.private_nkl.transpose._pe_transpose_tile_I_vectorized' is from the 'neuronxcc' package which is not supported in NKI kernels; use the 'nki' package instead
          _pe_transpose_tile_I_vectorized(
          ^
/opt/aws_neuronx_venv_pytorch_inference_vllm_0_16/lib/python3.12/site-packages/neuronxcc/private_nkl/transpose.py:430:11: warning: 'neuronxcc.private_nkl.transpose._pe_transpose_tile_J_vectorized' is from the 'neuronxcc' package which is not supported in NKI kernels; use the 'nki' package instead
          _pe_transpose_tile_J_vectorized(
          ^
/opt/aws_neuronx_venv_pytorch_inference_vllm_0_16/lib/python3.12/site-packages/neuronxcc/private_nkl/transpose.py:438:9: warning: 'neuronxcc.private_nkl.transpose._pe_store_tile' is from the 'neuronxcc' package which is not supported in NKI kernels; use the 'nki' package instead
        _pe_store_tile(
        ^
/opt/aws_neuronx_venv_pytorch_inference_vllm_0_16/lib/python3.12/site-packages/neuronxcc/private_nkl/transpose.py:527:17: warning: 'neuronxcc.private_nkl.utils.tiled_range.TiledRange' is from the 'neuronxcc' package which is not supported in NKI kernels; use the 'nki' package instead
  I_128_tiles = TiledRange(I_tile, nl.tile_size.pmax)
                ^
/opt/aws_neuronx_venv_pytorch_inference_vllm_0_16/lib/python3.12/site-packages/neuronxcc/private_nkl/transpose.py:529:17: warning: 'neuronxcc.private_nkl.utils.tiled_range.TiledRange' is from the 'neuronxcc' package which is not supported in NKI kernels; use the 'nki' package instead
  J_128_tiles = TiledRange(J_tile, nl.tile_size.pmax)
                ^
/opt/aws_neuronx_venv_pytorch_inference_vllm_0_16/lib/python3.12/site-packages/neuronxcc/private_nkl/transpose.py:538:21: warning: 'neuronxcc.private_nkl.utils.tiled_range.TiledRange' is from the 'neuronxcc' package which is not supported in NKI kernels; use the 'nki' package instead
  for J_128_tile in TiledRange(J_tile.size, nl.tile_size.pmax):
                    ^
/opt/aws_neuronx_venv_pytorch_inference_vllm_0_16/lib/python3.12/site-packages/neuronxcc/private_nkl/transpose.py:539:23: warning: 'neuronxcc.private_nkl.utils.tiled_range.TiledRange' is from the 'neuronxcc' package which is not supported in NKI kernels; use the 'nki' package instead
    for I_512_tile in TiledRange(I_tile.size, nl.tile_size.psum_fmax):
                      ^
/opt/aws_neuronx_venv_pytorch_inference_vllm_0_16/lib/python3.12/site-packages/neuronxcc/private_nkl/transpose.py:551:25: warning: 'neuronxcc.private_nkl.utils.tiled_range.TiledRange' is from the 'neuronxcc' package which is not supported in NKI kernels; use the 'nki' package instead
      for I_128_tile in TiledRange(I_512_tile, nl.tile_size.pmax):
                        ^
/opt/aws_neuronx_venv_pytorch_inference_vllm_0_16/lib/python3.12/site-packages/neuronxcc/private_nkl/transpose.py:569:7: warning: 'neuronxcc.private_nkl.transpose._copy_with_engine' is from the 'neuronxcc' package which is not supported in NKI kernels; use the 'nki' package instead
      _copy_with_engine(
      ^
/opt/aws_neuronx_venv_pytorch_inference_vllm_0_16/lib/python3.12/site-packages/neuronxcc/private_nkl/transpose.py:586:17: warning: 'neuronxcc.private_nkl.utils.tiled_range.TiledRange' is from the 'neuronxcc' package which is not supported in NKI kernels; use the 'nki' package instead
  I_128_tiles = TiledRange(I_tile, nl.tile_size.pmax)
                ^
/opt/aws_neuronx_venv_pytorch_inference_vllm_0_16/lib/python3.12/site-packages/neuronxcc/private_nkl/transpose.py:588:17: warning: 'neuronxcc.private_nkl.utils.tiled_range.TiledRange' is from the 'neuronxcc' package which is not supported in NKI kernels; use the 'nki' package instead
  J_128_tiles = TiledRange(J_tile, nl.tile_size.pmax)
                ^
/opt/aws_neuronx_venv_pytorch_inference_vllm_0_16/lib/python3.12/site-packages/neuronxcc/private_nkl/transpose.py:596:21: warning: 'neuronxcc.private_nkl.utils.tiled_range.TiledRange' is from the 'neuronxcc' package which is not supported in NKI kernels; use the 'nki' package instead
  for I_128_tile in TiledRange(I_tile.size, nl.tile_size.pmax):
                    ^
/opt/aws_neuronx_venv_pytorch_inference_vllm_0_16/lib/python3.12/site-packages/neuronxcc/private_nkl/transpose.py:597:23: warning: 'neuronxcc.private_nkl.utils.tiled_range.TiledRange' is from the 'neuronxcc' package which is not supported in NKI kernels; use the 'nki' package instead
    for J_512_tile in TiledRange(J_tile.size, nl.tile_size.psum_fmax):
                      ^
/opt/aws_neuronx_venv_pytorch_inference_vllm_0_16/lib/python3.12/site-packages/neuronxcc/private_nkl/transpose.py:609:25: warning: 'neuronxcc.private_nkl.utils.tiled_range.TiledRange' is from the 'neuronxcc' package which is not supported in NKI kernels; use the 'nki' package instead
      for J_128_tile in TiledRange(J_512_tile, nl.tile_size.pmax):
                        ^
/opt/aws_neuronx_venv_pytorch_inference_vllm_0_16/lib/python3.12/site-packages/neuronxcc/private_nkl/transpose.py:628:9: warning: 'neuronxcc.private_nkl.transpose._copy_with_engine' is from the 'neuronxcc' package which is not supported in NKI kernels; use the 'nki' package instead
        _copy_with_engine(
        ^
/opt/aws_neuronx_venv_pytorch_inference_vllm_0_16/lib/python3.12/site-packages/neuronxcc/private_nkl/transpose.py:652:9: warning: 'neuronxcc.private_nkl.transpose._copy_with_engine' is from the 'neuronxcc' package which is not supported in NKI kernels; use the 'nki' package instead
        _copy_with_engine(
        ^
/opt/aws_neuronx_venv_pytorch_inference_vllm_0_16/lib/python3.12/site-packages/neuronxcc/private_nkl/transpose.py:38:10: warning: 'neuronxcc.private_nkl.transpose_utils.is_valid_permutation' is from the 'neuronxcc' package which is not supported in NKI kernels; use the 'nki' package instead
  assert is_valid_permutation(permutation), "input permutation is invalid"
         ^
/opt/aws_neuronx_venv_pytorch_inference_vllm_0_16/lib/python3.12/site-packages/neuronxcc/private_nkl/transpose.py:41:10: warning: 'neuronxcc.private_nkl.transpose_utils.n_elts' is from the 'neuronxcc' package which is not supported in NKI kernels; use the 'nki' package instead
  assert n_elts(in_shape) == n_elts(in_tensor.shape), "tensor shape is invalid"
         ^
/opt/aws_neuronx_venv_pytorch_inference_vllm_0_16/lib/python3.12/site-packages/neuronxcc/private_nkl/transpose.py:41:30: warning: 'neuronxcc.private_nkl.transpose_utils.n_elts' is from the 'neuronxcc' package which is not supported in NKI kernels; use the 'nki' package instead
  assert n_elts(in_shape) == n_elts(in_tensor.shape), "tensor shape is invalid"
                             ^
/opt/aws_neuronx_venv_pytorch_inference_vllm_0_16/lib/python3.12/site-packages/neuronxcc/private_nkl/transpose.py:32:20: warning: 'neuronxcc.private_nkl.utils.StackAllocator.sizeinbytes' is from the 'neuronxcc' package which is not supported in NKI kernels; use the 'nki' package instead
  return (98304 // sizeinbytes(dtype)) // 2
                   ^
/opt/aws_neuronx_venv_pytorch_inference_vllm_0_16/lib/python3.12/site-packages/neuronxcc/private_nkl/transpose.py:886:29: warning: 'neuronxcc.private_nkl.utils.kernel_helpers.get_program_sharding_info' is from the 'neuronxcc' package which is not supported in NKI kernels; use the 'nki' package instead
  _, num_shards, shard_id = get_program_sharding_info()
                            ^
/opt/aws_neuronx_venv_pytorch_inference_vllm_0_16/lib/python3.12/site-packages/neuronxcc/private_nkl/transpose.py:887:9: warning: 'neuronxcc.private_nkl.transpose._pe_transpose' is from the 'neuronxcc' package which is not supported in NKI kernels; use the 'nki' package instead
  out = _pe_transpose(in_tensor, in_shape, permutation, out_dtype, num_shards, shard_id)
        ^
/opt/aws_neuronx_venv_pytorch_inference_vllm_0_16/lib/python3.12/site-packages/neuronxcc/private_nkl/transpose_utils.py:71:10: warning: 'neuronxcc.private_nkl.transpose_utils.is_valid_permutation' is from the 'neuronxcc' package which is not supported in NKI kernels; use the 'nki' package instead
  if not is_valid_permutation(permutation):
         ^
/opt/aws_neuronx_venv_pytorch_inference_vllm_0_16/lib/python3.12/site-packages/neuronxcc/private_nkl/utils/tiled_range.py:66:23: warning: 'neuronxcc.private_nkl.utils.tiled_range.TiledRangeIterator' is from the 'neuronxcc' package which is not supported in NKI kernels; use the 'nki' package instead
  if isinstance(size, TiledRangeIterator):
                      ^
/opt/aws_neuronx_venv_pytorch_inference_vllm_0_16/lib/python3.12/site-packages/neuronxcc/private_nkl/utils/tiled_range.py:84:22: warning: 'neuronxcc.private_nkl.utils.tiled_range.TiledRangeIterator' is from the 'neuronxcc' package which is not supported in NKI kernels; use the 'nki' package instead
    iterators.append(TiledRangeIterator(current_tile_size, i, base_offset + relative_offset))
                     ^
/opt/aws_neuronx_venv_pytorch_inference_vllm_0_16/lib/python3.12/site-packages/neuronxcc/private_nkl/transpose.py:458:17: warning: 'neuronxcc.private_nkl.utils.tiled_range.TiledRange' is from the 'neuronxcc' package which is not supported in NKI kernels; use the 'nki' package instead
  I_128_tiles = TiledRange(I_tile, nl.tile_size.pmax)
                ^
/opt/aws_neuronx_venv_pytorch_inference_vllm_0_16/lib/python3.12/site-packages/neuronxcc/private_nkl/transpose.py:465:33: warning: 'neuronxcc.private_nkl.utils.tiled_range.TiledRange' is from the 'neuronxcc' package which is not supported in NKI kernels; use the 'nki' package instead
    for vectorization_factor in TiledRange(num_full_128_tiles_per_I_tile, VECTORIZATION_FACTOR):
                                ^
/opt/aws_neuronx_venv_pytorch_inference_vllm_0_16/lib/python3.12/site-packages/neuronxcc/private_nkl/transpose.py:284:16: warning: 'neuronxcc.private_nkl.transpose.max_f_size' is from the 'neuronxcc' package which is not supported in NKI kernels; use the 'nki' package instead
  MAX_F_SIZE = max_f_size(dtype)
               ^
/opt/aws_neuronx_venv_pytorch_inference_vllm_0_16/lib/python3.12/site-packages/neuronxcc/private_nkl/transpose.py:289:15: warning: 'neuronxcc.private_nkl.transpose_utils.next_multiple' is from the 'neuronxcc' package which is not supported in NKI kernels; use the 'nki' package instead
    return I, next_multiple(min(J, MAX_F_SIZE), 128)
              ^
/opt/aws_neuronx_venv_pytorch_inference_vllm_0_16/lib/python3.12/site-packages/neuronxcc/private_nkl/transpose.py:291:12: warning: 'neuronxcc.private_nkl.transpose_utils.next_multiple' is from the 'neuronxcc' package which is not supported in NKI kernels; use the 'nki' package instead
    return next_multiple(min(I, MAX_F_SIZE), 128), J
           ^
/opt/aws_neuronx_venv_pytorch_inference_vllm_0_16/lib/python3.12/site-packages/neuronxcc/private_nkl/transpose.py:302:19: warning: 'neuronxcc.private_nkl.transpose_utils.next_multiple' is from the 'neuronxcc' package which is not supported in NKI kernels; use the 'nki' package instead
    I_tile_size = next_multiple(I_tile_size, 128)
                  ^
/opt/aws_neuronx_venv_pytorch_inference_vllm_0_16/lib/python3.12/site-packages/neuronxcc/private_nkl/transpose.py:303:19: warning: 'neuronxcc.private_nkl.transpose_utils.next_multiple' is from the 'neuronxcc' package which is not supported in NKI kernels; use the 'nki' package instead
    J_tile_size = next_multiple(J_tile_size, 128)
                  ^
/opt/aws_neuronx_venv_pytorch_inference_vllm_0_16/lib/python3.12/site-packages/neuronxcc/private_nkl/transpose.py:681:17: warning: 'neuronxcc.private_nkl.utils.tiled_range.TiledRange' is from the 'neuronxcc' package which is not supported in NKI kernels; use the 'nki' package instead
  J_128_tiles = TiledRange(J_tile, nl.tile_size.pmax)
                ^
/opt/aws_neuronx_venv_pytorch_inference_vllm_0_16/lib/python3.12/site-packages/neuronxcc/private_nkl/transpose.py:688:33: warning: 'neuronxcc.private_nkl.utils.tiled_range.TiledRange' is from the 'neuronxcc' package which is not supported in NKI kernels; use the 'nki' package instead
    for vectorization_factor in TiledRange(num_full_128_tiles_per_J_tile, VECTORIZATION_FACTOR):
                                ^
/opt/aws_neuronx_venv_pytorch_inference_vllm_0_16/lib/python3.12/site-packages/neuronxcc/private_nkl/transpose.py:751:3: warning: 'neuronxcc.private_nkl.transpose.check_input_transpose' is from the 'neuronxcc' package which is not supported in NKI kernels; use the 'nki' package instead
  check_input_transpose(in_tensor, in_shape, permutation)
  ^
/opt/aws_neuronx_venv_pytorch_inference_vllm_0_16/lib/python3.12/site-packages/neuronxcc/private_nkl/transpose.py:757:33: warning: 'neuronxcc.private_nkl.transpose_utils.permutation_reduction' is from the 'neuronxcc' package which is not supported in NKI kernels; use the 'nki' package instead
  reduced_perm, reduced_shape = permutation_reduction(in_shape, permutation)
                                ^
/opt/aws_neuronx_venv_pytorch_inference_vllm_0_16/lib/python3.12/site-packages/neuronxcc/private_nkl/transpose.py:758:10: warning: 'neuronxcc.private_nkl.transpose_utils.permutes_last_two_dims' is from the 'neuronxcc' package which is not supported in NKI kernels; use the 'nki' package instead
  assert permutes_last_two_dims(reduced_perm), f"must permutate last two dims, got {reduced_perm}"
         ^
/opt/aws_neuronx_venv_pytorch_inference_vllm_0_16/lib/python3.12/site-packages/neuronxcc/private_nkl/transpose.py:763:11: warning: 'neuronxcc.private_nkl.transpose._str_to_dtype' is from the 'neuronxcc' package which is not supported in NKI kernels; use the 'nki' package instead
    dtype=_str_to_dtype(out_dtype),
          ^
/opt/aws_neuronx_venv_pytorch_inference_vllm_0_16/lib/python3.12/site-packages/neuronxcc/private_nkl/transpose.py:764:12: warning: 'neuronxcc.private_nkl.transpose_utils._get_hbm_buffer' is from the 'neuronxcc' package which is not supported in NKI kernels; use the 'nki' package instead
    buffer=_get_hbm_buffer(),
           ^
/opt/aws_neuronx_venv_pytorch_inference_vllm_0_16/lib/python3.12/site-packages/neuronxcc/private_nkl/transpose.py:767:3: warning: 'neuronxcc.private_nkl.transpose._pe_transpose_impl' is from the 'neuronxcc' package which is not supported in NKI kernels; use the 'nki' package instead
  _pe_transpose_impl(in_tensor, out_tensor, num_shards, shard_id)
  ^
/opt/aws_neuronx_venv_pytorch_inference_vllm_0_16/lib/python3.12/site-packages/neuronxcc/private_nkl/transpose.py:373:25: warning: 'neuronxcc.private_nkl.transpose_utils.n_elts' is from the 'neuronxcc' package which is not supported in NKI kernels; use the 'nki' package instead
  flattened_B_dim = int(n_elts(in_shape[:-2])) if in_shape[:-2] else 1
                        ^
/opt/aws_neuronx_venv_pytorch_inference_vllm_0_16/lib/python3.12/site-packages/neuronxcc/private_nkl/transpose.py:378:30: warning: 'neuronxcc.private_nkl.transpose._pe_optimal_tile_sizes' is from the 'neuronxcc' package which is not supported in NKI kernels; use the 'nki' package instead
  I_tile_size, J_tile_size = _pe_optimal_tile_sizes(I, J, in_tensor.dtype)
                             ^
/opt/aws_neuronx_venv_pytorch_inference_vllm_0_16/lib/python3.12/site-packages/neuronxcc/private_nkl/transpose.py:381:17: warning: 'neuronxcc.private_nkl.utils.kernel_helpers.div_ceil' is from the 'neuronxcc' package which is not supported in NKI kernels; use the 'nki' package instead
  b_per_shard = div_ceil(flattened_B_dim, num_shards)
                ^
/opt/aws_neuronx_venv_pytorch_inference_vllm_0_16/lib/python3.12/site-packages/neuronxcc/private_nkl/transpose.py:384:19: warning: 'neuronxcc.private_nkl.transpose._to_compute_dtype' is from the 'neuronxcc' package which is not supported in NKI kernels; use the 'nki' package instead
  compute_dtype = _to_compute_dtype(in_tensor.dtype)
                  ^
/opt/aws_neuronx_venv_pytorch_inference_vllm_0_16/lib/python3.12/site-packages/neuronxcc/private_nkl/transpose.py:398:19: warning: 'neuronxcc.private_nkl.utils.tiled_range.TiledRange' is from the 'neuronxcc' package which is not supported in NKI kernels; use the 'nki' package instead
    for I_tile in TiledRange(I, I_tile_size):
                  ^
/opt/aws_neuronx_venv_pytorch_inference_vllm_0_16/lib/python3.12/site-packages/neuronxcc/private_nkl/transpose.py:399:21: warning: 'neuronxcc.private_nkl.utils.tiled_range.TiledRange' is from the 'neuronxcc' package which is not supported in NKI kernels; use the 'nki' package instead
      for J_tile in TiledRange(J, J_tile_size):
                    ^
/opt/aws_neuronx_venv_pytorch_inference_vllm_0_16/lib/python3.12/site-packages/neuronxcc/private_nkl/transpose.py:400:23: warning: 'neuronxcc.private_nkl.utils.tiled_range.TiledRange' is from the 'neuronxcc' package which is not supported in NKI kernels; use the 'nki' package instead
        I_128_tiles = TiledRange(I_tile, nl.tile_size.pmax)
                      ^
/opt/aws_neuronx_venv_pytorch_inference_vllm_0_16/lib/python3.12/site-packages/neuronxcc/private_nkl/transpose.py:405:23: warning: 'neuronxcc.private_nkl.utils.tiled_range.TiledRange' is from the 'neuronxcc' package which is not supported in NKI kernels; use the 'nki' package instead
        J_128_tiles = TiledRange(J_tile, nl.tile_size.pmax)
                      ^
/opt/aws_neuronx_venv_pytorch_inference_vllm_0_16/lib/python3.12/site-packages/neuronxcc/private_nkl/transpose.py:411:9: warning: 'neuronxcc.private_nkl.transpose._pe_load_tile' is from the 'neuronxcc' package which is not supported in NKI kernels; use the 'nki' package instead
        _pe_load_tile(
        ^
/opt/aws_neuronx_venv_pytorch_inference_vllm_0_16/lib/python3.12/site-packages/neuronxcc/private_nkl/transpose.py:422:11: warning: 'neuronxcc.private_nkl.transpose._pe_transpose_tile_I_vectorized' is from the 'neuronxcc' package which is not supported in NKI kernels; use the 'nki' package instead
          _pe_transpose_tile_I_vectorized(
          ^
/opt/aws_neuronx_venv_pytorch_inference_vllm_0_16/lib/python3.12/site-packages/neuronxcc/private_nkl/transpose.py:430:11: warning: 'neuronxcc.private_nkl.transpose._pe_transpose_tile_J_vectorized' is from the 'neuronxcc' package which is not supported in NKI kernels; use the 'nki' package instead
          _pe_transpose_tile_J_vectorized(
          ^
/opt/aws_neuronx_venv_pytorch_inference_vllm_0_16/lib/python3.12/site-packages/neuronxcc/private_nkl/transpose.py:438:9: warning: 'neuronxcc.private_nkl.transpose._pe_store_tile' is from the 'neuronxcc' package which is not supported in NKI kernels; use the 'nki' package instead
        _pe_store_tile(
        ^
/opt/aws_neuronx_venv_pytorch_inference_vllm_0_16/lib/python3.12/site-packages/neuronxcc/private_nkl/transpose.py:527:17: warning: 'neuronxcc.private_nkl.utils.tiled_range.TiledRange' is from the 'neuronxcc' package which is not supported in NKI kernels; use the 'nki' package instead
  I_128_tiles = TiledRange(I_tile, nl.tile_size.pmax)
                ^
/opt/aws_neuronx_venv_pytorch_inference_vllm_0_16/lib/python3.12/site-packages/neuronxcc/private_nkl/transpose.py:529:17: warning: 'neuronxcc.private_nkl.utils.tiled_range.TiledRange' is from the 'neuronxcc' package which is not supported in NKI kernels; use the 'nki' package instead
  J_128_tiles = TiledRange(J_tile, nl.tile_size.pmax)
                ^
/opt/aws_neuronx_venv_pytorch_inference_vllm_0_16/lib/python3.12/site-packages/neuronxcc/private_nkl/transpose.py:538:21: warning: 'neuronxcc.private_nkl.utils.tiled_range.TiledRange' is from the 'neuronxcc' package which is not supported in NKI kernels; use the 'nki' package instead
  for J_128_tile in TiledRange(J_tile.size, nl.tile_size.pmax):
                    ^
/opt/aws_neuronx_venv_pytorch_inference_vllm_0_16/lib/python3.12/site-packages/neuronxcc/private_nkl/transpose.py:539:23: warning: 'neuronxcc.private_nkl.utils.tiled_range.TiledRange' is from the 'neuronxcc' package which is not supported in NKI kernels; use the 'nki' package instead
    for I_512_tile in TiledRange(I_tile.size, nl.tile_size.psum_fmax):
                      ^
/opt/aws_neuronx_venv_pytorch_inference_vllm_0_16/lib/python3.12/site-packages/neuronxcc/private_nkl/transpose.py:551:25: warning: 'neuronxcc.private_nkl.utils.tiled_range.TiledRange' is from the 'neuronxcc' package which is not supported in NKI kernels; use the 'nki' package instead
      for I_128_tile in TiledRange(I_512_tile, nl.tile_size.pmax):
                        ^
/opt/aws_neuronx_venv_pytorch_inference_vllm_0_16/lib/python3.12/site-packages/neuronxcc/private_nkl/transpose.py:569:7: warning: 'neuronxcc.private_nkl.transpose._copy_with_engine' is from the 'neuronxcc' package which is not supported in NKI kernels; use the 'nki' package instead
      _copy_with_engine(
      ^
/opt/aws_neuronx_venv_pytorch_inference_vllm_0_16/lib/python3.12/site-packages/neuronxcc/private_nkl/transpose.py:586:17: warning: 'neuronxcc.private_nkl.utils.tiled_range.TiledRange' is from the 'neuronxcc' package which is not supported in NKI kernels; use the 'nki' package instead
  I_128_tiles = TiledRange(I_tile, nl.tile_size.pmax)
                ^
/opt/aws_neuronx_venv_pytorch_inference_vllm_0_16/lib/python3.12/site-packages/neuronxcc/private_nkl/transpose.py:588:17: warning: 'neuronxcc.private_nkl.utils.tiled_range.TiledRange' is from the 'neuronxcc' package which is not supported in NKI kernels; use the 'nki' package instead
  J_128_tiles = TiledRange(J_tile, nl.tile_size.pmax)
                ^
/opt/aws_neuronx_venv_pytorch_inference_vllm_0_16/lib/python3.12/site-packages/neuronxcc/private_nkl/transpose.py:596:21: warning: 'neuronxcc.private_nkl.utils.tiled_range.TiledRange' is from the 'neuronxcc' package which is not supported in NKI kernels; use the 'nki' package instead
  for I_128_tile in TiledRange(I_tile.size, nl.tile_size.pmax):
                    ^
/opt/aws_neuronx_venv_pytorch_inference_vllm_0_16/lib/python3.12/site-packages/neuronxcc/private_nkl/transpose.py:597:23: warning: 'neuronxcc.private_nkl.utils.tiled_range.TiledRange' is from the 'neuronxcc' package which is not supported in NKI kernels; use the 'nki' package instead
    for J_512_tile in TiledRange(J_tile.size, nl.tile_size.psum_fmax):
                      ^
/opt/aws_neuronx_venv_pytorch_inference_vllm_0_16/lib/python3.12/site-packages/neuronxcc/private_nkl/transpose.py:609:25: warning: 'neuronxcc.private_nkl.utils.tiled_range.TiledRange' is from the 'neuronxcc' package which is not supported in NKI kernels; use the 'nki' package instead
      for J_128_tile in TiledRange(J_512_tile, nl.tile_size.pmax):
                        ^
/opt/aws_neuronx_venv_pytorch_inference_vllm_0_16/lib/python3.12/site-packages/neuronxcc/private_nkl/transpose.py:628:9: warning: 'neuronxcc.private_nkl.transpose._copy_with_engine' is from the 'neuronxcc' package which is not supported in NKI kernels; use the 'nki' package instead
        _copy_with_engine(
        ^
/opt/aws_neuronx_venv_pytorch_inference_vllm_0_16/lib/python3.12/site-packages/neuronxcc/private_nkl/transpose.py:652:9: warning: 'neuronxcc.private_nkl.transpose._copy_with_engine' is from the 'neuronxcc' package which is not supported in NKI kernels; use the 'nki' package instead
        _copy_with_engine(
        ^
/opt/aws_neuronx_venv_pytorch_inference_vllm_0_16/lib/python3.12/site-packages/neuronxcc/private_nkl/transpose.py:38:10: warning: 'neuronxcc.private_nkl.transpose_utils.is_valid_permutation' is from the 'neuronxcc' package which is not supported in NKI kernels; use the 'nki' package instead
  assert is_valid_permutation(permutation), "input permutation is invalid"
         ^
/opt/aws_neuronx_venv_pytorch_inference_vllm_0_16/lib/python3.12/site-packages/neuronxcc/private_nkl/transpose.py:41:10: warning: 'neuronxcc.private_nkl.transpose_utils.n_elts' is from the 'neuronxcc' package which is not supported in NKI kernels; use the 'nki' package instead
  assert n_elts(in_shape) == n_elts(in_tensor.shape), "tensor shape is invalid"
         ^
/opt/aws_neuronx_venv_pytorch_inference_vllm_0_16/lib/python3.12/site-packages/neuronxcc/private_nkl/transpose.py:41:30: warning: 'neuronxcc.private_nkl.transpose_utils.n_elts' is from the 'neuronxcc' package which is not supported in NKI kernels; use the 'nki' package instead
  assert n_elts(in_shape) == n_elts(in_tensor.shape), "tensor shape is invalid"
                             ^
/opt/aws_neuronx_venv_pytorch_inference_vllm_0_16/lib/python3.12/site-packages/neuronxcc/private_nkl/transpose.py:32:20: warning: 'neuronxcc.private_nkl.utils.StackAllocator.sizeinbytes' is from the 'neuronxcc' package which is not supported in NKI kernels; use the 'nki' package instead
  return (98304 // sizeinbytes(dtype)) // 2
                   ^
/opt/aws_neuronx_venv_pytorch_inference_vllm_0_16/lib/python3.12/site-packages/neuronxcc/private_nkl/transpose.py:886:29: warning: 'neuronxcc.private_nkl.utils.kernel_helpers.get_program_sharding_info' is from the 'neuronxcc' package which is not supported in NKI kernels; use the 'nki' package instead
  _, num_shards, shard_id = get_program_sharding_info()
                            ^
/opt/aws_neuronx_venv_pytorch_inference_vllm_0_16/lib/python3.12/site-packages/neuronxcc/private_nkl/transpose.py:887:9: warning: 'neuronxcc.private_nkl.transpose._pe_transpose' is from the 'neuronxcc' package which is not supported in NKI kernels; use the 'nki' package instead
  out = _pe_transpose(in_tensor, in_shape, permutation, out_dtype, num_shards, shard_id)
        ^
/opt/aws_neuronx_venv_pytorch_inference_vllm_0_16/lib/python3.12/site-packages/neuronxcc/private_nkl/transpose_utils.py:71:10: warning: 'neuronxcc.private_nkl.transpose_utils.is_valid_permutation' is from the 'neuronxcc' package which is not supported in NKI kernels; use the 'nki' package instead
  if not is_valid_permutation(permutation):
         ^
/opt/aws_neuronx_venv_pytorch_inference_vllm_0_16/lib/python3.12/site-packages/neuronxcc/private_nkl/utils/tiled_range.py:66:23: warning: 'neuronxcc.private_nkl.utils.tiled_range.TiledRangeIterator' is from the 'neuronxcc' package which is not supported in NKI kernels; use the 'nki' package instead
  if isinstance(size, TiledRangeIterator):
                      ^
/opt/aws_neuronx_venv_pytorch_inference_vllm_0_16/lib/python3.12/site-packages/neuronxcc/private_nkl/utils/tiled_range.py:84:22: warning: 'neuronxcc.private_nkl.utils.tiled_range.TiledRangeIterator' is from the 'neuronxcc' package which is not supported in NKI kernels; use the 'nki' package instead
    iterators.append(TiledRangeIterator(current_tile_size, i, base_offset + relative_offset))
                     ^
/opt/aws_neuronx_venv_pytorch_inference_vllm_0_16/lib/python3.12/site-packages/neuronxcc/private_nkl/transpose.py:458:17: warning: 'neuronxcc.private_nkl.utils.tiled_range.TiledRange' is from the 'neuronxcc' package which is not supported in NKI kernels; use the 'nki' package instead
  I_128_tiles = TiledRange(I_tile, nl.tile_size.pmax)
                ^
/opt/aws_neuronx_venv_pytorch_inference_vllm_0_16/lib/python3.12/site-packages/neuronxcc/private_nkl/transpose.py:465:33: warning: 'neuronxcc.private_nkl.utils.tiled_range.TiledRange' is from the 'neuronxcc' package which is not supported in NKI kernels; use the 'nki' package instead
    for vectorization_factor in TiledRange(num_full_128_tiles_per_I_tile, VECTORIZATION_FACTOR):
                                ^
/opt/aws_neuronx_venv_pytorch_inference_vllm_0_16/lib/python3.12/site-packages/neuronxcc/private_nkl/transpose.py:284:16: warning: 'neuronxcc.private_nkl.transpose.max_f_size' is from the 'neuronxcc' package which is not supported in NKI kernels; use the 'nki' package instead
  MAX_F_SIZE = max_f_size(dtype)
               ^
/opt/aws_neuronx_venv_pytorch_inference_vllm_0_16/lib/python3.12/site-packages/neuronxcc/private_nkl/transpose.py:289:15: warning: 'neuronxcc.private_nkl.transpose_utils.next_multiple' is from the 'neuronxcc' package which is not supported in NKI kernels; use the 'nki' package instead
    return I, next_multiple(min(J, MAX_F_SIZE), 128)
              ^
/opt/aws_neuronx_venv_pytorch_inference_vllm_0_16/lib/python3.12/site-packages/neuronxcc/private_nkl/transpose.py:291:12: warning: 'neuronxcc.private_nkl.transpose_utils.next_multiple' is from the 'neuronxcc' package which is not supported in NKI kernels; use the 'nki' package instead
    return next_multiple(min(I, MAX_F_SIZE), 128), J
           ^
/opt/aws_neuronx_venv_pytorch_inference_vllm_0_16/lib/python3.12/site-packages/neuronxcc/private_nkl/transpose.py:302:19: warning: 'neuronxcc.private_nkl.transpose_utils.next_multiple' is from the 'neuronxcc' package which is not supported in NKI kernels; use the 'nki' package instead
    I_tile_size = next_multiple(I_tile_size, 128)
                  ^
/opt/aws_neuronx_venv_pytorch_inference_vllm_0_16/lib/python3.12/site-packages/neuronxcc/private_nkl/transpose.py:303:19: warning: 'neuronxcc.private_nkl.transpose_utils.next_multiple' is from the 'neuronxcc' package which is not supported in NKI kernels; use the 'nki' package instead
    J_tile_size = next_multiple(J_tile_size, 128)
                  ^
/opt/aws_neuronx_venv_pytorch_inference_vllm_0_16/lib/python3.12/site-packages/neuronxcc/private_nkl/transpose.py:681:17: warning: 'neuronxcc.private_nkl.utils.tiled_range.TiledRange' is from the 'neuronxcc' package which is not supported in NKI kernels; use the 'nki' package instead
  J_128_tiles = TiledRange(J_tile, nl.tile_size.pmax)
                ^
/opt/aws_neuronx_venv_pytorch_inference_vllm_0_16/lib/python3.12/site-packages/neuronxcc/private_nkl/transpose.py:688:33: warning: 'neuronxcc.private_nkl.utils.tiled_range.TiledRange' is from the 'neuronxcc' package which is not supported in NKI kernels; use the 'nki' package instead
    for vectorization_factor in TiledRange(num_full_128_tiles_per_J_tile, VECTORIZATION_FACTOR):
                                ^
/opt/aws_neuronx_venv_pytorch_inference_vllm_0_16/lib/python3.12/site-packages/neuronxcc/private_nkl/transpose.py:751:3: warning: 'neuronxcc.private_nkl.transpose.check_input_transpose' is from the 'neuronxcc' package which is not supported in NKI kernels; use the 'nki' package instead
  check_input_transpose(in_tensor, in_shape, permutation)
  ^
/opt/aws_neuronx_venv_pytorch_inference_vllm_0_16/lib/python3.12/site-packages/neuronxcc/private_nkl/transpose.py:757:33: warning: 'neuronxcc.private_nkl.transpose_utils.permutation_reduction' is from the 'neuronxcc' package which is not supported in NKI kernels; use the 'nki' package instead
  reduced_perm, reduced_shape = permutation_reduction(in_shape, permutation)
                                ^
/opt/aws_neuronx_venv_pytorch_inference_vllm_0_16/lib/python3.12/site-packages/neuronxcc/private_nkl/transpose.py:758:10: warning: 'neuronxcc.private_nkl.transpose_utils.permutes_last_two_dims' is from the 'neuronxcc' package which is not supported in NKI kernels; use the 'nki' package instead
  assert permutes_last_two_dims(reduced_perm), f"must permutate last two dims, got {reduced_perm}"
         ^
/opt/aws_neuronx_venv_pytorch_inference_vllm_0_16/lib/python3.12/site-packages/neuronxcc/private_nkl/transpose.py:763:11: warning: 'neuronxcc.private_nkl.transpose._str_to_dtype' is from the 'neuronxcc' package which is not supported in NKI kernels; use the 'nki' package instead
    dtype=_str_to_dtype(out_dtype),
          ^
/opt/aws_neuronx_venv_pytorch_inference_vllm_0_16/lib/python3.12/site-packages/neuronxcc/private_nkl/transpose.py:764:12: warning: 'neuronxcc.private_nkl.transpose_utils._get_hbm_buffer' is from the 'neuronxcc' package which is not supported in NKI kernels; use the 'nki' package instead
    buffer=_get_hbm_buffer(),
           ^
/opt/aws_neuronx_venv_pytorch_inference_vllm_0_16/lib/python3.12/site-packages/neuronxcc/private_nkl/transpose.py:767:3: warning: 'neuronxcc.private_nkl.transpose._pe_transpose_impl' is from the 'neuronxcc' package which is not supported in NKI kernels; use the 'nki' package instead
  _pe_transpose_impl(in_tensor, out_tensor, num_shards, shard_id)
  ^
/opt/aws_neuronx_venv_pytorch_inference_vllm_0_16/lib/python3.12/site-packages/neuronxcc/private_nkl/transpose.py:373:25: warning: 'neuronxcc.private_nkl.transpose_utils.n_elts' is from the 'neuronxcc' package which is not supported in NKI kernels; use the 'nki' package instead
  flattened_B_dim = int(n_elts(in_shape[:-2])) if in_shape[:-2] else 1
                        ^
/opt/aws_neuronx_venv_pytorch_inference_vllm_0_16/lib/python3.12/site-packages/neuronxcc/private_nkl/transpose.py:378:30: warning: 'neuronxcc.private_nkl.transpose._pe_optimal_tile_sizes' is from the 'neuronxcc' package which is not supported in NKI kernels; use the 'nki' package instead
  I_tile_size, J_tile_size = _pe_optimal_tile_sizes(I, J, in_tensor.dtype)
                             ^
/opt/aws_neuronx_venv_pytorch_inference_vllm_0_16/lib/python3.12/site-packages/neuronxcc/private_nkl/transpose.py:381:17: warning: 'neuronxcc.private_nkl.utils.kernel_helpers.div_ceil' is from the 'neuronxcc' package which is not supported in NKI kernels; use the 'nki' package instead
  b_per_shard = div_ceil(flattened_B_dim, num_shards)
                ^
/opt/aws_neuronx_venv_pytorch_inference_vllm_0_16/lib/python3.12/site-packages/neuronxcc/private_nkl/transpose.py:384:19: warning: 'neuronxcc.private_nkl.transpose._to_compute_dtype' is from the 'neuronxcc' package which is not supported in NKI kernels; use the 'nki' package instead
  compute_dtype = _to_compute_dtype(in_tensor.dtype)
                  ^
/opt/aws_neuronx_venv_pytorch_inference_vllm_0_16/lib/python3.12/site-packages/neuronxcc/private_nkl/transpose.py:398:19: warning: 'neuronxcc.private_nkl.utils.tiled_range.TiledRange' is from the 'neuronxcc' package which is not supported in NKI kernels; use the 'nki' package instead
    for I_tile in TiledRange(I, I_tile_size):
                  ^
/opt/aws_neuronx_venv_pytorch_inference_vllm_0_16/lib/python3.12/site-packages/neuronxcc/private_nkl/transpose.py:399:21: warning: 'neuronxcc.private_nkl.utils.tiled_range.TiledRange' is from the 'neuronxcc' package which is not supported in NKI kernels; use the 'nki' package instead
      for J_tile in TiledRange(J, J_tile_size):
                    ^
/opt/aws_neuronx_venv_pytorch_inference_vllm_0_16/lib/python3.12/site-packages/neuronxcc/private_nkl/transpose.py:400:23: warning: 'neuronxcc.private_nkl.utils.tiled_range.TiledRange' is from the 'neuronxcc' package which is not supported in NKI kernels; use the 'nki' package instead
        I_128_tiles = TiledRange(I_tile, nl.tile_size.pmax)
                      ^
/opt/aws_neuronx_venv_pytorch_inference_vllm_0_16/lib/python3.12/site-packages/neuronxcc/private_nkl/transpose.py:405:23: warning: 'neuronxcc.private_nkl.utils.tiled_range.TiledRange' is from the 'neuronxcc' package which is not supported in NKI kernels; use the 'nki' package instead
        J_128_tiles = TiledRange(J_tile, nl.tile_size.pmax)
                      ^
/opt/aws_neuronx_venv_pytorch_inference_vllm_0_16/lib/python3.12/site-packages/neuronxcc/private_nkl/transpose.py:411:9: warning: 'neuronxcc.private_nkl.transpose._pe_load_tile' is from the 'neuronxcc' package which is not supported in NKI kernels; use the 'nki' package instead
        _pe_load_tile(
        ^
/opt/aws_neuronx_venv_pytorch_inference_vllm_0_16/lib/python3.12/site-packages/neuronxcc/private_nkl/transpose.py:422:11: warning: 'neuronxcc.private_nkl.transpose._pe_transpose_tile_I_vectorized' is from the 'neuronxcc' package which is not supported in NKI kernels; use the 'nki' package instead
          _pe_transpose_tile_I_vectorized(
          ^
/opt/aws_neuronx_venv_pytorch_inference_vllm_0_16/lib/python3.12/site-packages/neuronxcc/private_nkl/transpose.py:430:11: warning: 'neuronxcc.private_nkl.transpose._pe_transpose_tile_J_vectorized' is from the 'neuronxcc' package which is not supported in NKI kernels; use the 'nki' package instead
          _pe_transpose_tile_J_vectorized(
          ^
/opt/aws_neuronx_venv_pytorch_inference_vllm_0_16/lib/python3.12/site-packages/neuronxcc/private_nkl/transpose.py:438:9: warning: 'neuronxcc.private_nkl.transpose._pe_store_tile' is from the 'neuronxcc' package which is not supported in NKI kernels; use the 'nki' package instead
        _pe_store_tile(
        ^
/opt/aws_neuronx_venv_pytorch_inference_vllm_0_16/lib/python3.12/site-packages/neuronxcc/private_nkl/transpose.py:527:17: warning: 'neuronxcc.private_nkl.utils.tiled_range.TiledRange' is from the 'neuronxcc' package which is not supported in NKI kernels; use the 'nki' package instead
  I_128_tiles = TiledRange(I_tile, nl.tile_size.pmax)
                ^
/opt/aws_neuronx_venv_pytorch_inference_vllm_0_16/lib/python3.12/site-packages/neuronxcc/private_nkl/transpose.py:529:17: warning: 'neuronxcc.private_nkl.utils.tiled_range.TiledRange' is from the 'neuronxcc' package which is not supported in NKI kernels; use the 'nki' package instead
  J_128_tiles = TiledRange(J_tile, nl.tile_size.pmax)
                ^
/opt/aws_neuronx_venv_pytorch_inference_vllm_0_16/lib/python3.12/site-packages/neuronxcc/private_nkl/transpose.py:538:21: warning: 'neuronxcc.private_nkl.utils.tiled_range.TiledRange' is from the 'neuronxcc' package which is not supported in NKI kernels; use the 'nki' package instead
  for J_128_tile in TiledRange(J_tile.size, nl.tile_size.pmax):
                    ^
/opt/aws_neuronx_venv_pytorch_inference_vllm_0_16/lib/python3.12/site-packages/neuronxcc/private_nkl/transpose.py:539:23: warning: 'neuronxcc.private_nkl.utils.tiled_range.TiledRange' is from the 'neuronxcc' package which is not supported in NKI kernels; use the 'nki' package instead
    for I_512_tile in TiledRange(I_tile.size, nl.tile_size.psum_fmax):
                      ^
/opt/aws_neuronx_venv_pytorch_inference_vllm_0_16/lib/python3.12/site-packages/neuronxcc/private_nkl/transpose.py:551:25: warning: 'neuronxcc.private_nkl.utils.tiled_range.TiledRange' is from the 'neuronxcc' package which is not supported in NKI kernels; use the 'nki' package instead
      for I_128_tile in TiledRange(I_512_tile, nl.tile_size.pmax):
                        ^
/opt/aws_neuronx_venv_pytorch_inference_vllm_0_16/lib/python3.12/site-packages/neuronxcc/private_nkl/transpose.py:569:7: warning: 'neuronxcc.private_nkl.transpose._copy_with_engine' is from the 'neuronxcc' package which is not supported in NKI kernels; use the 'nki' package instead
      _copy_with_engine(
      ^
/opt/aws_neuronx_venv_pytorch_inference_vllm_0_16/lib/python3.12/site-packages/neuronxcc/private_nkl/transpose.py:586:17: warning: 'neuronxcc.private_nkl.utils.tiled_range.TiledRange' is from the 'neuronxcc' package which is not supported in NKI kernels; use the 'nki' package instead
  I_128_tiles = TiledRange(I_tile, nl.tile_size.pmax)
                ^
/opt/aws_neuronx_venv_pytorch_inference_vllm_0_16/lib/python3.12/site-packages/neuronxcc/private_nkl/transpose.py:588:17: warning: 'neuronxcc.private_nkl.utils.tiled_range.TiledRange' is from the 'neuronxcc' package which is not supported in NKI kernels; use the 'nki' package instead
  J_128_tiles = TiledRange(J_tile, nl.tile_size.pmax)
                ^
/opt/aws_neuronx_venv_pytorch_inference_vllm_0_16/lib/python3.12/site-packages/neuronxcc/private_nkl/transpose.py:596:21: warning: 'neuronxcc.private_nkl.utils.tiled_range.TiledRange' is from the 'neuronxcc' package which is not supported in NKI kernels; use the 'nki' package instead
  for I_128_tile in TiledRange(I_tile.size, nl.tile_size.pmax):
                    ^
/opt/aws_neuronx_venv_pytorch_inference_vllm_0_16/lib/python3.12/site-packages/neuronxcc/private_nkl/transpose.py:597:23: warning: 'neuronxcc.private_nkl.utils.tiled_range.TiledRange' is from the 'neuronxcc' package which is not supported in NKI kernels; use the 'nki' package instead
    for J_512_tile in TiledRange(J_tile.size, nl.tile_size.psum_fmax):
                      ^
/opt/aws_neuronx_venv_pytorch_inference_vllm_0_16/lib/python3.12/site-packages/neuronxcc/private_nkl/transpose.py:609:25: warning: 'neuronxcc.private_nkl.utils.tiled_range.TiledRange' is from the 'neuronxcc' package which is not supported in NKI kernels; use the 'nki' package instead
      for J_128_tile in TiledRange(J_512_tile, nl.tile_size.pmax):
                        ^
/opt/aws_neuronx_venv_pytorch_inference_vllm_0_16/lib/python3.12/site-packages/neuronxcc/private_nkl/transpose.py:628:9: warning: 'neuronxcc.private_nkl.transpose._copy_with_engine' is from the 'neuronxcc' package which is not supported in NKI kernels; use the 'nki' package instead
        _copy_with_engine(
        ^
/opt/aws_neuronx_venv_pytorch_inference_vllm_0_16/lib/python3.12/site-packages/neuronxcc/private_nkl/transpose.py:652:9: warning: 'neuronxcc.private_nkl.transpose._copy_with_engine' is from the 'neuronxcc' package which is not supported in NKI kernels; use the 'nki' package instead
        _copy_with_engine(
        ^
/opt/aws_neuronx_venv_pytorch_inference_vllm_0_16/lib/python3.12/site-packages/neuronxcc/private_nkl/transpose.py:38:10: warning: 'neuronxcc.private_nkl.transpose_utils.is_valid_permutation' is from the 'neuronxcc' package which is not supported in NKI kernels; use the 'nki' package instead
  assert is_valid_permutation(permutation), "input permutation is invalid"
         ^
/opt/aws_neuronx_venv_pytorch_inference_vllm_0_16/lib/python3.12/site-packages/neuronxcc/private_nkl/transpose.py:41:10: warning: 'neuronxcc.private_nkl.transpose_utils.n_elts' is from the 'neuronxcc' package which is not supported in NKI kernels; use the 'nki' package instead
  assert n_elts(in_shape) == n_elts(in_tensor.shape), "tensor shape is invalid"
         ^
/opt/aws_neuronx_venv_pytorch_inference_vllm_0_16/lib/python3.12/site-packages/neuronxcc/private_nkl/transpose.py:41:30: warning: 'neuronxcc.private_nkl.transpose_utils.n_elts' is from the 'neuronxcc' package which is not supported in NKI kernels; use the 'nki' package instead
  assert n_elts(in_shape) == n_elts(in_tensor.shape), "tensor shape is invalid"
                             ^
/opt/aws_neuronx_venv_pytorch_inference_vllm_0_16/lib/python3.12/site-packages/neuronxcc/private_nkl/transpose.py:32:20: warning: 'neuronxcc.private_nkl.utils.StackAllocator.sizeinbytes' is from the 'neuronxcc' package which is not supported in NKI kernels; use the 'nki' package instead
  return (98304 // sizeinbytes(dtype)) // 2
                   ^
/opt/aws_neuronx_venv_pytorch_inference_vllm_0_16/lib/python3.12/site-packages/neuronxcc/private_nkl/transpose.py:886:29: warning: 'neuronxcc.private_nkl.utils.kernel_helpers.get_program_sharding_info' is from the 'neuronxcc' package which is not supported in NKI kernels; use the 'nki' package instead
  _, num_shards, shard_id = get_program_sharding_info()
                            ^
/opt/aws_neuronx_venv_pytorch_inference_vllm_0_16/lib/python3.12/site-packages/neuronxcc/private_nkl/transpose.py:887:9: warning: 'neuronxcc.private_nkl.transpose._pe_transpose' is from the 'neuronxcc' package which is not supported in NKI kernels; use the 'nki' package instead
  out = _pe_transpose(in_tensor, in_shape, permutation, out_dtype, num_shards, shard_id)
        ^
/opt/aws_neuronx_venv_pytorch_inference_vllm_0_16/lib/python3.12/site-packages/neuronxcc/private_nkl/transpose_utils.py:71:10: warning: 'neuronxcc.private_nkl.transpose_utils.is_valid_permutation' is from the 'neuronxcc' package which is not supported in NKI kernels; use the 'nki' package instead
  if not is_valid_permutation(permutation):
         ^
/opt/aws_neuronx_venv_pytorch_inference_vllm_0_16/lib/python3.12/site-packages/neuronxcc/private_nkl/utils/tiled_range.py:66:23: warning: 'neuronxcc.private_nkl.utils.tiled_range.TiledRangeIterator' is from the 'neuronxcc' package which is not supported in NKI kernels; use the 'nki' package instead
  if isinstance(size, TiledRangeIterator):
                      ^
/opt/aws_neuronx_venv_pytorch_inference_vllm_0_16/lib/python3.12/site-packages/neuronxcc/private_nkl/utils/tiled_range.py:84:22: warning: 'neuronxcc.private_nkl.utils.tiled_range.TiledRangeIterator' is from the 'neuronxcc' package which is not supported in NKI kernels; use the 'nki' package instead
    iterators.append(TiledRangeIterator(current_tile_size, i, base_offset + relative_offset))
                     ^
/opt/aws_neuronx_venv_pytorch_inference_vllm_0_16/lib/python3.12/site-packages/neuronxcc/private_nkl/transpose.py:458:17: warning: 'neuronxcc.private_nkl.utils.tiled_range.TiledRange' is from the 'neuronxcc' package which is not supported in NKI kernels; use the 'nki' package instead
  I_128_tiles = TiledRange(I_tile, nl.tile_size.pmax)
                ^
/opt/aws_neuronx_venv_pytorch_inference_vllm_0_16/lib/python3.12/site-packages/neuronxcc/private_nkl/transpose.py:465:33: warning: 'neuronxcc.private_nkl.utils.tiled_range.TiledRange' is from the 'neuronxcc' package which is not supported in NKI kernels; use the 'nki' package instead
    for vectorization_factor in TiledRange(num_full_128_tiles_per_I_tile, VECTORIZATION_FACTOR):
                                ^
/opt/aws_neuronx_venv_pytorch_inference_vllm_0_16/lib/python3.12/site-packages/neuronxcc/private_nkl/transpose.py:284:16: warning: 'neuronxcc.private_nkl.transpose.max_f_size' is from the 'neuronxcc' package which is not supported in NKI kernels; use the 'nki' package instead
  MAX_F_SIZE = max_f_size(dtype)
               ^
/opt/aws_neuronx_venv_pytorch_inference_vllm_0_16/lib/python3.12/site-packages/neuronxcc/private_nkl/transpose.py:289:15: warning: 'neuronxcc.private_nkl.transpose_utils.next_multiple' is from the 'neuronxcc' package which is not supported in NKI kernels; use the 'nki' package instead
    return I, next_multiple(min(J, MAX_F_SIZE), 128)
              ^
/opt/aws_neuronx_venv_pytorch_inference_vllm_0_16/lib/python3.12/site-packages/neuronxcc/private_nkl/transpose.py:291:12: warning: 'neuronxcc.private_nkl.transpose_utils.next_multiple' is from the 'neuronxcc' package which is not supported in NKI kernels; use the 'nki' package instead
    return next_multiple(min(I, MAX_F_SIZE), 128), J
           ^
/opt/aws_neuronx_venv_pytorch_inference_vllm_0_16/lib/python3.12/site-packages/neuronxcc/private_nkl/transpose.py:302:19: warning: 'neuronxcc.private_nkl.transpose_utils.next_multiple' is from the 'neuronxcc' package which is not supported in NKI kernels; use the 'nki' package instead
    I_tile_size = next_multiple(I_tile_size, 128)
                  ^
/opt/aws_neuronx_venv_pytorch_inference_vllm_0_16/lib/python3.12/site-packages/neuronxcc/private_nkl/transpose.py:303:19: warning: 'neuronxcc.private_nkl.transpose_utils.next_multiple' is from the 'neuronxcc' package which is not supported in NKI kernels; use the 'nki' package instead
    J_tile_size = next_multiple(J_tile_size, 128)
                  ^
/opt/aws_neuronx_venv_pytorch_inference_vllm_0_16/lib/python3.12/site-packages/neuronxcc/private_nkl/transpose.py:681:17: warning: 'neuronxcc.private_nkl.utils.tiled_range.TiledRange' is from the 'neuronxcc' package which is not supported in NKI kernels; use the 'nki' package instead
  J_128_tiles = TiledRange(J_tile, nl.tile_size.pmax)
                ^
/opt/aws_neuronx_venv_pytorch_inference_vllm_0_16/lib/python3.12/site-packages/neuronxcc/private_nkl/transpose.py:688:33: warning: 'neuronxcc.private_nkl.utils.tiled_range.TiledRange' is from the 'neuronxcc' package which is not supported in NKI kernels; use the 'nki' package instead
    for vectorization_factor in TiledRange(num_full_128_tiles_per_J_tile, VECTORIZATION_FACTOR):
                                ^
/opt/aws_neuronx_venv_pytorch_inference_vllm_0_16/lib/python3.12/site-packages/neuronxcc/private_nkl/transpose.py:751:3: warning: 'neuronxcc.private_nkl.transpose.check_input_transpose' is from the 'neuronxcc' package which is not supported in NKI kernels; use the 'nki' package instead
  check_input_transpose(in_tensor, in_shape, permutation)
  ^
/opt/aws_neuronx_venv_pytorch_inference_vllm_0_16/lib/python3.12/site-packages/neuronxcc/private_nkl/transpose.py:757:33: warning: 'neuronxcc.private_nkl.transpose_utils.permutation_reduction' is from the 'neuronxcc' package which is not supported in NKI kernels; use the 'nki' package instead
  reduced_perm, reduced_shape = permutation_reduction(in_shape, permutation)
                                ^
/opt/aws_neuronx_venv_pytorch_inference_vllm_0_16/lib/python3.12/site-packages/neuronxcc/private_nkl/transpose.py:758:10: warning: 'neuronxcc.private_nkl.transpose_utils.permutes_last_two_dims' is from the 'neuronxcc' package which is not supported in NKI kernels; use the 'nki' package instead
  assert permutes_last_two_dims(reduced_perm), f"must permutate last two dims, got {reduced_perm}"
         ^
/opt/aws_neuronx_venv_pytorch_inference_vllm_0_16/lib/python3.12/site-packages/neuronxcc/private_nkl/transpose.py:763:11: warning: 'neuronxcc.private_nkl.transpose._str_to_dtype' is from the 'neuronxcc' package which is not supported in NKI kernels; use the 'nki' package instead
    dtype=_str_to_dtype(out_dtype),
          ^
/opt/aws_neuronx_venv_pytorch_inference_vllm_0_16/lib/python3.12/site-packages/neuronxcc/private_nkl/transpose.py:764:12: warning: 'neuronxcc.private_nkl.transpose_utils._get_hbm_buffer' is from the 'neuronxcc' package which is not supported in NKI kernels; use the 'nki' package instead
    buffer=_get_hbm_buffer(),
           ^
/opt/aws_neuronx_venv_pytorch_inference_vllm_0_16/lib/python3.12/site-packages/neuronxcc/private_nkl/transpose.py:767:3: warning: 'neuronxcc.private_nkl.transpose._pe_transpose_impl' is from the 'neuronxcc' package which is not supported in NKI kernels; use the 'nki' package instead
  _pe_transpose_impl(in_tensor, out_tensor, num_shards, shard_id)
  ^
/opt/aws_neuronx_venv_pytorch_inference_vllm_0_16/lib/python3.12/site-packages/neuronxcc/private_nkl/transpose.py:373:25: warning: 'neuronxcc.private_nkl.transpose_utils.n_elts' is from the 'neuronxcc' package which is not supported in NKI kernels; use the 'nki' package instead
  flattened_B_dim = int(n_elts(in_shape[:-2])) if in_shape[:-2] else 1
                        ^
/opt/aws_neuronx_venv_pytorch_inference_vllm_0_16/lib/python3.12/site-packages/neuronxcc/private_nkl/transpose.py:378:30: warning: 'neuronxcc.private_nkl.transpose._pe_optimal_tile_sizes' is from the 'neuronxcc' package which is not supported in NKI kernels; use the 'nki' package instead
  I_tile_size, J_tile_size = _pe_optimal_tile_sizes(I, J, in_tensor.dtype)
                             ^
/opt/aws_neuronx_venv_pytorch_inference_vllm_0_16/lib/python3.12/site-packages/neuronxcc/private_nkl/transpose.py:381:17: warning: 'neuronxcc.private_nkl.utils.kernel_helpers.div_ceil' is from the 'neuronxcc' package which is not supported in NKI kernels; use the 'nki' package instead
  b_per_shard = div_ceil(flattened_B_dim, num_shards)
                ^
/opt/aws_neuronx_venv_pytorch_inference_vllm_0_16/lib/python3.12/site-packages/neuronxcc/private_nkl/transpose.py:384:19: warning: 'neuronxcc.private_nkl.transpose._to_compute_dtype' is from the 'neuronxcc' package which is not supported in NKI kernels; use the 'nki' package instead
  compute_dtype = _to_compute_dtype(in_tensor.dtype)
                  ^
/opt/aws_neuronx_venv_pytorch_inference_vllm_0_16/lib/python3.12/site-packages/neuronxcc/private_nkl/transpose.py:398:19: warning: 'neuronxcc.private_nkl.utils.tiled_range.TiledRange' is from the 'neuronxcc' package which is not supported in NKI kernels; use the 'nki' package instead
    for I_tile in TiledRange(I, I_tile_size):
                  ^
/opt/aws_neuronx_venv_pytorch_inference_vllm_0_16/lib/python3.12/site-packages/neuronxcc/private_nkl/transpose.py:399:21: warning: 'neuronxcc.private_nkl.utils.tiled_range.TiledRange' is from the 'neuronxcc' package which is not supported in NKI kernels; use the 'nki' package instead
      for J_tile in TiledRange(J, J_tile_size):
                    ^
/opt/aws_neuronx_venv_pytorch_inference_vllm_0_16/lib/python3.12/site-packages/neuronxcc/private_nkl/transpose.py:400:23: warning: 'neuronxcc.private_nkl.utils.tiled_range.TiledRange' is from the 'neuronxcc' package which is not supported in NKI kernels; use the 'nki' package instead
        I_128_tiles = TiledRange(I_tile, nl.tile_size.pmax)
                      ^
/opt/aws_neuronx_venv_pytorch_inference_vllm_0_16/lib/python3.12/site-packages/neuronxcc/private_nkl/transpose.py:405:23: warning: 'neuronxcc.private_nkl.utils.tiled_range.TiledRange' is from the 'neuronxcc' package which is not supported in NKI kernels; use the 'nki' package instead
        J_128_tiles = TiledRange(J_tile, nl.tile_size.pmax)
                      ^
/opt/aws_neuronx_venv_pytorch_inference_vllm_0_16/lib/python3.12/site-packages/neuronxcc/private_nkl/transpose.py:411:9: warning: 'neuronxcc.private_nkl.transpose._pe_load_tile' is from the 'neuronxcc' package which is not supported in NKI kernels; use the 'nki' package instead
        _pe_load_tile(
        ^
/opt/aws_neuronx_venv_pytorch_inference_vllm_0_16/lib/python3.12/site-packages/neuronxcc/private_nkl/transpose.py:422:11: warning: 'neuronxcc.private_nkl.transpose._pe_transpose_tile_I_vectorized' is from the 'neuronxcc' package which is not supported in NKI kernels; use the 'nki' package instead
          _pe_transpose_tile_I_vectorized(
          ^
/opt/aws_neuronx_venv_pytorch_inference_vllm_0_16/lib/python3.12/site-packages/neuronxcc/private_nkl/transpose.py:430:11: warning: 'neuronxcc.private_nkl.transpose._pe_transpose_tile_J_vectorized' is from the 'neuronxcc' package which is not supported in NKI kernels; use the 'nki' package instead
          _pe_transpose_tile_J_vectorized(
          ^
/opt/aws_neuronx_venv_pytorch_inference_vllm_0_16/lib/python3.12/site-packages/neuronxcc/private_nkl/transpose.py:438:9: warning: 'neuronxcc.private_nkl.transpose._pe_store_tile' is from the 'neuronxcc' package which is not supported in NKI kernels; use the 'nki' package instead
        _pe_store_tile(
        ^
/opt/aws_neuronx_venv_pytorch_inference_vllm_0_16/lib/python3.12/site-packages/neuronxcc/private_nkl/transpose.py:527:17: warning: 'neuronxcc.private_nkl.utils.tiled_range.TiledRange' is from the 'neuronxcc' package which is not supported in NKI kernels; use the 'nki' package instead
  I_128_tiles = TiledRange(I_tile, nl.tile_size.pmax)
                ^
/opt/aws_neuronx_venv_pytorch_inference_vllm_0_16/lib/python3.12/site-packages/neuronxcc/private_nkl/transpose.py:529:17: warning: 'neuronxcc.private_nkl.utils.tiled_range.TiledRange' is from the 'neuronxcc' package which is not supported in NKI kernels; use the 'nki' package instead
  J_128_tiles = TiledRange(J_tile, nl.tile_size.pmax)
                ^
/opt/aws_neuronx_venv_pytorch_inference_vllm_0_16/lib/python3.12/site-packages/neuronxcc/private_nkl/transpose.py:538:21: warning: 'neuronxcc.private_nkl.utils.tiled_range.TiledRange' is from the 'neuronxcc' package which is not supported in NKI kernels; use the 'nki' package instead
  for J_128_tile in TiledRange(J_tile.size, nl.tile_size.pmax):
                    ^
/opt/aws_neuronx_venv_pytorch_inference_vllm_0_16/lib/python3.12/site-packages/neuronxcc/private_nkl/transpose.py:539:23: warning: 'neuronxcc.private_nkl.utils.tiled_range.TiledRange' is from the 'neuronxcc' package which is not supported in NKI kernels; use the 'nki' package instead
    for I_512_tile in TiledRange(I_tile.size, nl.tile_size.psum_fmax):
                      ^
/opt/aws_neuronx_venv_pytorch_inference_vllm_0_16/lib/python3.12/site-packages/neuronxcc/private_nkl/transpose.py:551:25: warning: 'neuronxcc.private_nkl.utils.tiled_range.TiledRange' is from the 'neuronxcc' package which is not supported in NKI kernels; use the 'nki' package instead
      for I_128_tile in TiledRange(I_512_tile, nl.tile_size.pmax):
                        ^
/opt/aws_neuronx_venv_pytorch_inference_vllm_0_16/lib/python3.12/site-packages/neuronxcc/private_nkl/transpose.py:569:7: warning: 'neuronxcc.private_nkl.transpose._copy_with_engine' is from the 'neuronxcc' package which is not supported in NKI kernels; use the 'nki' package instead
      _copy_with_engine(
      ^
/opt/aws_neuronx_venv_pytorch_inference_vllm_0_16/lib/python3.12/site-packages/neuronxcc/private_nkl/transpose.py:586:17: warning: 'neuronxcc.private_nkl.utils.tiled_range.TiledRange' is from the 'neuronxcc' package which is not supported in NKI kernels; use the 'nki' package instead
  I_128_tiles = TiledRange(I_tile, nl.tile_size.pmax)
                ^
/opt/aws_neuronx_venv_pytorch_inference_vllm_0_16/lib/python3.12/site-packages/neuronxcc/private_nkl/transpose.py:588:17: warning: 'neuronxcc.private_nkl.utils.tiled_range.TiledRange' is from the 'neuronxcc' package which is not supported in NKI kernels; use the 'nki' package instead
  J_128_tiles = TiledRange(J_tile, nl.tile_size.pmax)
                ^
/opt/aws_neuronx_venv_pytorch_inference_vllm_0_16/lib/python3.12/site-packages/neuronxcc/private_nkl/transpose.py:596:21: warning: 'neuronxcc.private_nkl.utils.tiled_range.TiledRange' is from the 'neuronxcc' package which is not supported in NKI kernels; use the 'nki' package instead
  for I_128_tile in TiledRange(I_tile.size, nl.tile_size.pmax):
                    ^
/opt/aws_neuronx_venv_pytorch_inference_vllm_0_16/lib/python3.12/site-packages/neuronxcc/private_nkl/transpose.py:597:23: warning: 'neuronxcc.private_nkl.utils.tiled_range.TiledRange' is from the 'neuronxcc' package which is not supported in NKI kernels; use the 'nki' package instead
    for J_512_tile in TiledRange(J_tile.size, nl.tile_size.psum_fmax):
                      ^
/opt/aws_neuronx_venv_pytorch_inference_vllm_0_16/lib/python3.12/site-packages/neuronxcc/private_nkl/transpose.py:609:25: warning: 'neuronxcc.private_nkl.utils.tiled_range.TiledRange' is from the 'neuronxcc' package which is not supported in NKI kernels; use the 'nki' package instead
      for J_128_tile in TiledRange(J_512_tile, nl.tile_size.pmax):
                        ^
/opt/aws_neuronx_venv_pytorch_inference_vllm_0_16/lib/python3.12/site-packages/neuronxcc/private_nkl/transpose.py:628:9: warning: 'neuronxcc.private_nkl.transpose._copy_with_engine' is from the 'neuronxcc' package which is not supported in NKI kernels; use the 'nki' package instead
        _copy_with_engine(
        ^
/opt/aws_neuronx_venv_pytorch_inference_vllm_0_16/lib/python3.12/site-packages/neuronxcc/private_nkl/transpose.py:652:9: warning: 'neuronxcc.private_nkl.transpose._copy_with_engine' is from the 'neuronxcc' package which is not supported in NKI kernels; use the 'nki' package instead
        _copy_with_engine(
        ^
/opt/aws_neuronx_venv_pytorch_inference_vllm_0_16/lib/python3.12/site-packages/neuronxcc/private_nkl/transpose.py:38:10: warning: 'neuronxcc.private_nkl.transpose_utils.is_valid_permutation' is from the 'neuronxcc' package which is not supported in NKI kernels; use the 'nki' package instead
  assert is_valid_permutation(permutation), "input permutation is invalid"
         ^
/opt/aws_neuronx_venv_pytorch_inference_vllm_0_16/lib/python3.12/site-packages/neuronxcc/private_nkl/transpose.py:41:10: warning: 'neuronxcc.private_nkl.transpose_utils.n_elts' is from the 'neuronxcc' package which is not supported in NKI kernels; use the 'nki' package instead
  assert n_elts(in_shape) == n_elts(in_tensor.shape), "tensor shape is invalid"
         ^
/opt/aws_neuronx_venv_pytorch_inference_vllm_0_16/lib/python3.12/site-packages/neuronxcc/private_nkl/transpose.py:41:30: warning: 'neuronxcc.private_nkl.transpose_utils.n_elts' is from the 'neuronxcc' package which is not supported in NKI kernels; use the 'nki' package instead
  assert n_elts(in_shape) == n_elts(in_tensor.shape), "tensor shape is invalid"
                             ^
/opt/aws_neuronx_venv_pytorch_inference_vllm_0_16/lib/python3.12/site-packages/neuronxcc/private_nkl/transpose.py:32:20: warning: 'neuronxcc.private_nkl.utils.StackAllocator.sizeinbytes' is from the 'neuronxcc' package which is not supported in NKI kernels; use the 'nki' package instead
  return (98304 // sizeinbytes(dtype)) // 2
                   ^
/opt/aws_neuronx_venv_pytorch_inference_vllm_0_16/lib/python3.12/site-packages/neuronxcc/private_nkl/transpose.py:886:29: warning: 'neuronxcc.private_nkl.utils.kernel_helpers.get_program_sharding_info' is from the 'neuronxcc' package which is not supported in NKI kernels; use the 'nki' package instead
  _, num_shards, shard_id = get_program_sharding_info()
                            ^
/opt/aws_neuronx_venv_pytorch_inference_vllm_0_16/lib/python3.12/site-packages/neuronxcc/private_nkl/transpose.py:887:9: warning: 'neuronxcc.private_nkl.transpose._pe_transpose' is from the 'neuronxcc' package which is not supported in NKI kernels; use the 'nki' package instead
  out = _pe_transpose(in_tensor, in_shape, permutation, out_dtype, num_shards, shard_id)
        ^
/opt/aws_neuronx_venv_pytorch_inference_vllm_0_16/lib/python3.12/site-packages/neuronxcc/private_nkl/transpose_utils.py:71:10: warning: 'neuronxcc.private_nkl.transpose_utils.is_valid_permutation' is from the 'neuronxcc' package which is not supported in NKI kernels; use the 'nki' package instead
  if not is_valid_permutation(permutation):
         ^
/opt/aws_neuronx_venv_pytorch_inference_vllm_0_16/lib/python3.12/site-packages/neuronxcc/private_nkl/utils/tiled_range.py:66:23: warning: 'neuronxcc.private_nkl.utils.tiled_range.TiledRangeIterator' is from the 'neuronxcc' package which is not supported in NKI kernels; use the 'nki' package instead
  if isinstance(size, TiledRangeIterator):
                      ^
/opt/aws_neuronx_venv_pytorch_inference_vllm_0_16/lib/python3.12/site-packages/neuronxcc/private_nkl/utils/tiled_range.py:84:22: warning: 'neuronxcc.private_nkl.utils.tiled_range.TiledRangeIterator' is from the 'neuronxcc' package which is not supported in NKI kernels; use the 'nki' package instead
    iterators.append(TiledRangeIterator(current_tile_size, i, base_offset + relative_offset))
                     ^
./opt/aws_neuronx_venv_pytorch_inference_vllm_0_16/lib/python3.12/site-packages/neuronxcc/private_nkl/transpose.py:458:17: warning: 'neuronxcc.private_nkl.utils.tiled_range.TiledRange' is from the 'neuronxcc' package which is not supported in NKI kernels; use the 'nki' package instead
  I_128_tiles = TiledRange(I_tile, nl.tile_size.pmax)
                ^
/opt/aws_neuronx_venv_pytorch_inference_vllm_0_16/lib/python3.12/site-packages/neuronxcc/private_nkl/transpose.py:465:33: warning: 'neuronxcc.private_nkl.utils.tiled_range.TiledRange' is from the 'neuronxcc' package which is not supported in NKI kernels; use the 'nki' package instead
    for vectorization_factor in TiledRange(num_full_128_tiles_per_I_tile, VECTORIZATION_FACTOR):
                                ^
/opt/aws_neuronx_venv_pytorch_inference_vllm_0_16/lib/python3.12/site-packages/neuronxcc/private_nkl/transpose.py:284:16: warning: 'neuronxcc.private_nkl.transpose.max_f_size' is from the 'neuronxcc' package which is not supported in NKI kernels; use the 'nki' package instead
  MAX_F_SIZE = max_f_size(dtype)
               ^
/opt/aws_neuronx_venv_pytorch_inference_vllm_0_16/lib/python3.12/site-packages/neuronxcc/private_nkl/transpose.py:289:15: warning: 'neuronxcc.private_nkl.transpose_utils.next_multiple' is from the 'neuronxcc' package which is not supported in NKI kernels; use the 'nki' package instead
    return I, next_multiple(min(J, MAX_F_SIZE), 128)
              ^
/opt/aws_neuronx_venv_pytorch_inference_vllm_0_16/lib/python3.12/site-packages/neuronxcc/private_nkl/transpose.py:291:12: warning: 'neuronxcc.private_nkl.transpose_utils.next_multiple' is from the 'neuronxcc' package which is not supported in NKI kernels; use the 'nki' package instead
    return next_multiple(min(I, MAX_F_SIZE), 128), J
           ^
/opt/aws_neuronx_venv_pytorch_inference_vllm_0_16/lib/python3.12/site-packages/neuronxcc/private_nkl/transpose.py:302:19: warning: 'neuronxcc.private_nkl.transpose_utils.next_multiple' is from the 'neuronxcc' package which is not supported in NKI kernels; use the 'nki' package instead
    I_tile_size = next_multiple(I_tile_size, 128)
                  ^
/opt/aws_neuronx_venv_pytorch_inference_vllm_0_16/lib/python3.12/site-packages/neuronxcc/private_nkl/transpose.py:303:19: warning: 'neuronxcc.private_nkl.transpose_utils.next_multiple' is from the 'neuronxcc' package which is not supported in NKI kernels; use the 'nki' package instead
    J_tile_size = next_multiple(J_tile_size, 128)
                  ^
/opt/aws_neuronx_venv_pytorch_inference_vllm_0_16/lib/python3.12/site-packages/neuronxcc/private_nkl/transpose.py:681:17: warning: 'neuronxcc.private_nkl.utils.tiled_range.TiledRange' is from the 'neuronxcc' package which is not supported in NKI kernels; use the 'nki' package instead
  J_128_tiles = TiledRange(J_tile, nl.tile_size.pmax)
                ^
/opt/aws_neuronx_venv_pytorch_inference_vllm_0_16/lib/python3.12/site-packages/neuronxcc/private_nkl/transpose.py:688:33: warning: 'neuronxcc.private_nkl.utils.tiled_range.TiledRange' is from the 'neuronxcc' package which is not supported in NKI kernels; use the 'nki' package instead
    for vectorization_factor in TiledRange(num_full_128_tiles_per_J_tile, VECTORIZATION_FACTOR):
                                ^
/opt/aws_neuronx_venv_pytorch_inference_vllm_0_16/lib/python3.12/site-packages/neuronxcc/private_nkl/transpose.py:751:3: warning: 'neuronxcc.private_nkl.transpose.check_input_transpose' is from the 'neuronxcc' package which is not supported in NKI kernels; use the 'nki' package instead
  check_input_transpose(in_tensor, in_shape, permutation)
  ^
/opt/aws_neuronx_venv_pytorch_inference_vllm_0_16/lib/python3.12/site-packages/neuronxcc/private_nkl/transpose.py:757:33: warning: 'neuronxcc.private_nkl.transpose_utils.permutation_reduction' is from the 'neuronxcc' package which is not supported in NKI kernels; use the 'nki' package instead
  reduced_perm, reduced_shape = permutation_reduction(in_shape, permutation)
                                ^
/opt/aws_neuronx_venv_pytorch_inference_vllm_0_16/lib/python3.12/site-packages/neuronxcc/private_nkl/transpose.py:758:10: warning: 'neuronxcc.private_nkl.transpose_utils.permutes_last_two_dims' is from the 'neuronxcc' package which is not supported in NKI kernels; use the 'nki' package instead
  assert permutes_last_two_dims(reduced_perm), f"must permutate last two dims, got {reduced_perm}"
         ^
/opt/aws_neuronx_venv_pytorch_inference_vllm_0_16/lib/python3.12/site-packages/neuronxcc/private_nkl/transpose.py:763:11: warning: 'neuronxcc.private_nkl.transpose._str_to_dtype' is from the 'neuronxcc' package which is not supported in NKI kernels; use the 'nki' package instead
    dtype=_str_to_dtype(out_dtype),
          ^
/opt/aws_neuronx_venv_pytorch_inference_vllm_0_16/lib/python3.12/site-packages/neuronxcc/private_nkl/transpose.py:764:12: warning: 'neuronxcc.private_nkl.transpose_utils._get_hbm_buffer' is from the 'neuronxcc' package which is not supported in NKI kernels; use the 'nki' package instead
    buffer=_get_hbm_buffer(),
           ^
/opt/aws_neuronx_venv_pytorch_inference_vllm_0_16/lib/python3.12/site-packages/neuronxcc/private_nkl/transpose.py:767:3: warning: 'neuronxcc.private_nkl.transpose._pe_transpose_impl' is from the 'neuronxcc' package which is not supported in NKI kernels; use the 'nki' package instead
  _pe_transpose_impl(in_tensor, out_tensor, num_shards, shard_id)
  ^
/opt/aws_neuronx_venv_pytorch_inference_vllm_0_16/lib/python3.12/site-packages/neuronxcc/private_nkl/transpose.py:373:25: warning: 'neuronxcc.private_nkl.transpose_utils.n_elts' is from the 'neuronxcc' package which is not supported in NKI kernels; use the 'nki' package instead
  flattened_B_dim = int(n_elts(in_shape[:-2])) if in_shape[:-2] else 1
                        ^
/opt/aws_neuronx_venv_pytorch_inference_vllm_0_16/lib/python3.12/site-packages/neuronxcc/private_nkl/transpose.py:378:30: warning: 'neuronxcc.private_nkl.transpose._pe_optimal_tile_sizes' is from the 'neuronxcc' package which is not supported in NKI kernels; use the 'nki' package instead
  I_tile_size, J_tile_size = _pe_optimal_tile_sizes(I, J, in_tensor.dtype)
                             ^
/opt/aws_neuronx_venv_pytorch_inference_vllm_0_16/lib/python3.12/site-packages/neuronxcc/private_nkl/transpose.py:381:17: warning: 'neuronxcc.private_nkl.utils.kernel_helpers.div_ceil' is from the 'neuronxcc' package which is not supported in NKI kernels; use the 'nki' package instead
  b_per_shard = div_ceil(flattened_B_dim, num_shards)
                ^
/opt/aws_neuronx_venv_pytorch_inference_vllm_0_16/lib/python3.12/site-packages/neuronxcc/private_nkl/transpose.py:384:19: warning: 'neuronxcc.private_nkl.transpose._to_compute_dtype' is from the 'neuronxcc' package which is not supported in NKI kernels; use the 'nki' package instead
  compute_dtype = _to_compute_dtype(in_tensor.dtype)
                  ^
/opt/aws_neuronx_venv_pytorch_inference_vllm_0_16/lib/python3.12/site-packages/neuronxcc/private_nkl/transpose.py:398:19: warning: 'neuronxcc.private_nkl.utils.tiled_range.TiledRange' is from the 'neuronxcc' package which is not supported in NKI kernels; use the 'nki' package instead
    for I_tile in TiledRange(I, I_tile_size):
                  ^
/opt/aws_neuronx_venv_pytorch_inference_vllm_0_16/lib/python3.12/site-packages/neuronxcc/private_nkl/transpose.py:399:21: warning: 'neuronxcc.private_nkl.utils.tiled_range.TiledRange' is from the 'neuronxcc' package which is not supported in NKI kernels; use the 'nki' package instead
      for J_tile in TiledRange(J, J_tile_size):
                    ^
/opt/aws_neuronx_venv_pytorch_inference_vllm_0_16/lib/python3.12/site-packages/neuronxcc/private_nkl/transpose.py:400:23: warning: 'neuronxcc.private_nkl.utils.tiled_range.TiledRange' is from the 'neuronxcc' package which is not supported in NKI kernels; use the 'nki' package instead
        I_128_tiles = TiledRange(I_tile, nl.tile_size.pmax)
                      ^
/opt/aws_neuronx_venv_pytorch_inference_vllm_0_16/lib/python3.12/site-packages/neuronxcc/private_nkl/transpose.py:405:23: warning: 'neuronxcc.private_nkl.utils.tiled_range.TiledRange' is from the 'neuronxcc' package which is not supported in NKI kernels; use the 'nki' package instead
        J_128_tiles = TiledRange(J_tile, nl.tile_size.pmax)
                      ^
/opt/aws_neuronx_venv_pytorch_inference_vllm_0_16/lib/python3.12/site-packages/neuronxcc/private_nkl/transpose.py:411:9: warning: 'neuronxcc.private_nkl.transpose._pe_load_tile' is from the 'neuronxcc' package which is not supported in NKI kernels; use the 'nki' package instead
        _pe_load_tile(
        ^
/opt/aws_neuronx_venv_pytorch_inference_vllm_0_16/lib/python3.12/site-packages/neuronxcc/private_nkl/transpose.py:422:11: warning: 'neuronxcc.private_nkl.transpose._pe_transpose_tile_I_vectorized' is from the 'neuronxcc' package which is not supported in NKI kernels; use the 'nki' package instead
          _pe_transpose_tile_I_vectorized(
          ^
/opt/aws_neuronx_venv_pytorch_inference_vllm_0_16/lib/python3.12/site-packages/neuronxcc/private_nkl/transpose.py:430:11: warning: 'neuronxcc.private_nkl.transpose._pe_transpose_tile_J_vectorized' is from the 'neuronxcc' package which is not supported in NKI kernels; use the 'nki' package instead
          _pe_transpose_tile_J_vectorized(
          ^
/opt/aws_neuronx_venv_pytorch_inference_vllm_0_16/lib/python3.12/site-packages/neuronxcc/private_nkl/transpose.py:438:9: warning: 'neuronxcc.private_nkl.transpose._pe_store_tile' is from the 'neuronxcc' package which is not supported in NKI kernels; use the 'nki' package instead
        _pe_store_tile(
        ^
/opt/aws_neuronx_venv_pytorch_inference_vllm_0_16/lib/python3.12/site-packages/neuronxcc/private_nkl/transpose.py:527:17: warning: 'neuronxcc.private_nkl.utils.tiled_range.TiledRange' is from the 'neuronxcc' package which is not supported in NKI kernels; use the 'nki' package instead
  I_128_tiles = TiledRange(I_tile, nl.tile_size.pmax)
                ^
/opt/aws_neuronx_venv_pytorch_inference_vllm_0_16/lib/python3.12/site-packages/neuronxcc/private_nkl/transpose.py:529:17: warning: 'neuronxcc.private_nkl.utils.tiled_range.TiledRange' is from the 'neuronxcc' package which is not supported in NKI kernels; use the 'nki' package instead
  J_128_tiles = TiledRange(J_tile, nl.tile_size.pmax)
                ^
/opt/aws_neuronx_venv_pytorch_inference_vllm_0_16/lib/python3.12/site-packages/neuronxcc/private_nkl/transpose.py:538:21: warning: 'neuronxcc.private_nkl.utils.tiled_range.TiledRange' is from the 'neuronxcc' package which is not supported in NKI kernels; use the 'nki' package instead
  for J_128_tile in TiledRange(J_tile.size, nl.tile_size.pmax):
                    ^
/opt/aws_neuronx_venv_pytorch_inference_vllm_0_16/lib/python3.12/site-packages/neuronxcc/private_nkl/transpose.py:539:23: warning: 'neuronxcc.private_nkl.utils.tiled_range.TiledRange' is from the 'neuronxcc' package which is not supported in NKI kernels; use the 'nki' package instead
    for I_512_tile in TiledRange(I_tile.size, nl.tile_size.psum_fmax):
                      ^
/opt/aws_neuronx_venv_pytorch_inference_vllm_0_16/lib/python3.12/site-packages/neuronxcc/private_nkl/transpose.py:551:25: warning: 'neuronxcc.private_nkl.utils.tiled_range.TiledRange' is from the 'neuronxcc' package which is not supported in NKI kernels; use the 'nki' package instead
      for I_128_tile in TiledRange(I_512_tile, nl.tile_size.pmax):
                        ^
/opt/aws_neuronx_venv_pytorch_inference_vllm_0_16/lib/python3.12/site-packages/neuronxcc/private_nkl/transpose.py:569:7: warning: 'neuronxcc.private_nkl.transpose._copy_with_engine' is from the 'neuronxcc' package which is not supported in NKI kernels; use the 'nki' package instead
      _copy_with_engine(
      ^
/opt/aws_neuronx_venv_pytorch_inference_vllm_0_16/lib/python3.12/site-packages/neuronxcc/private_nkl/transpose.py:586:17: warning: 'neuronxcc.private_nkl.utils.tiled_range.TiledRange' is from the 'neuronxcc' package which is not supported in NKI kernels; use the 'nki' package instead
  I_128_tiles = TiledRange(I_tile, nl.tile_size.pmax)
                ^
/opt/aws_neuronx_venv_pytorch_inference_vllm_0_16/lib/python3.12/site-packages/neuronxcc/private_nkl/transpose.py:588:17: warning: 'neuronxcc.private_nkl.utils.tiled_range.TiledRange' is from the 'neuronxcc' package which is not supported in NKI kernels; use the 'nki' package instead
  J_128_tiles = TiledRange(J_tile, nl.tile_size.pmax)
                ^
/opt/aws_neuronx_venv_pytorch_inference_vllm_0_16/lib/python3.12/site-packages/neuronxcc/private_nkl/transpose.py:596:21: warning: 'neuronxcc.private_nkl.utils.tiled_range.TiledRange' is from the 'neuronxcc' package which is not supported in NKI kernels; use the 'nki' package instead
  for I_128_tile in TiledRange(I_tile.size, nl.tile_size.pmax):
                    ^
/opt/aws_neuronx_venv_pytorch_inference_vllm_0_16/lib/python3.12/site-packages/neuronxcc/private_nkl/transpose.py:597:23: warning: 'neuronxcc.private_nkl.utils.tiled_range.TiledRange' is from the 'neuronxcc' package which is not supported in NKI kernels; use the 'nki' package instead
    for J_512_tile in TiledRange(J_tile.size, nl.tile_size.psum_fmax):
                      ^
/opt/aws_neuronx_venv_pytorch_inference_vllm_0_16/lib/python3.12/site-packages/neuronxcc/private_nkl/transpose.py:609:25: warning: 'neuronxcc.private_nkl.utils.tiled_range.TiledRange' is from the 'neuronxcc' package which is not supported in NKI kernels; use the 'nki' package instead
      for J_128_tile in TiledRange(J_512_tile, nl.tile_size.pmax):
                        ^
/opt/aws_neuronx_venv_pytorch_inference_vllm_0_16/lib/python3.12/site-packages/neuronxcc/private_nkl/transpose.py:628:9: warning: 'neuronxcc.private_nkl.transpose._copy_with_engine' is from the 'neuronxcc' package which is not supported in NKI kernels; use the 'nki' package instead
        _copy_with_engine(
        ^
/opt/aws_neuronx_venv_pytorch_inference_vllm_0_16/lib/python3.12/site-packages/neuronxcc/private_nkl/transpose.py:652:9: warning: 'neuronxcc.private_nkl.transpose._copy_with_engine' is from the 'neuronxcc' package which is not supported in NKI kernels; use the 'nki' package instead
        _copy_with_engine(
        ^
/opt/aws_neuronx_venv_pytorch_inference_vllm_0_16/lib/python3.12/site-packages/neuronxcc/private_nkl/transpose.py:38:10: warning: 'neuronxcc.private_nkl.transpose_utils.is_valid_permutation' is from the 'neuronxcc' package which is not supported in NKI kernels; use the 'nki' package instead
  assert is_valid_permutation(permutation), "input permutation is invalid"
         ^
/opt/aws_neuronx_venv_pytorch_inference_vllm_0_16/lib/python3.12/site-packages/neuronxcc/private_nkl/transpose.py:41:10: warning: 'neuronxcc.private_nkl.transpose_utils.n_elts' is from the 'neuronxcc' package which is not supported in NKI kernels; use the 'nki' package instead
  assert n_elts(in_shape) == n_elts(in_tensor.shape), "tensor shape is invalid"
         ^
/opt/aws_neuronx_venv_pytorch_inference_vllm_0_16/lib/python3.12/site-packages/neuronxcc/private_nkl/transpose.py:41:30: warning: 'neuronxcc.private_nkl.transpose_utils.n_elts' is from the 'neuronxcc' package which is not supported in NKI kernels; use the 'nki' package instead
  assert n_elts(in_shape) == n_elts(in_tensor.shape), "tensor shape is invalid"
                             ^
/opt/aws_neuronx_venv_pytorch_inference_vllm_0_16/lib/python3.12/site-packages/neuronxcc/private_nkl/transpose.py:32:20: warning: 'neuronxcc.private_nkl.utils.StackAllocator.sizeinbytes' is from the 'neuronxcc' package which is not supported in NKI kernels; use the 'nki' package instead
  return (98304 // sizeinbytes(dtype)) // 2
                   ^
/opt/aws_neuronx_venv_pytorch_inference_vllm_0_16/lib/python3.12/site-packages/neuronxcc/private_nkl/transpose.py:886:29: warning: 'neuronxcc.private_nkl.utils.kernel_helpers.get_program_sharding_info' is from the 'neuronxcc' package which is not supported in NKI kernels; use the 'nki' package instead
  _, num_shards, shard_id = get_program_sharding_info()
                            ^
/opt/aws_neuronx_venv_pytorch_inference_vllm_0_16/lib/python3.12/site-packages/neuronxcc/private_nkl/transpose.py:887:9: warning: 'neuronxcc.private_nkl.transpose._pe_transpose' is from the 'neuronxcc' package which is not supported in NKI kernels; use the 'nki' package instead
  out = _pe_transpose(in_tensor, in_shape, permutation, out_dtype, num_shards, shard_id)
        ^
/opt/aws_neuronx_venv_pytorch_inference_vllm_0_16/lib/python3.12/site-packages/neuronxcc/private_nkl/transpose_utils.py:71:10: warning: 'neuronxcc.private_nkl.transpose_utils.is_valid_permutation' is from the 'neuronxcc' package which is not supported in NKI kernels; use the 'nki' package instead
  if not is_valid_permutation(permutation):
         ^
/opt/aws_neuronx_venv_pytorch_inference_vllm_0_16/lib/python3.12/site-packages/neuronxcc/private_nkl/utils/tiled_range.py:66:23: warning: 'neuronxcc.private_nkl.utils.tiled_range.TiledRangeIterator' is from the 'neuronxcc' package which is not supported in NKI kernels; use the 'nki' package instead
  if isinstance(size, TiledRangeIterator):
                      ^
/opt/aws_neuronx_venv_pytorch_inference_vllm_0_16/lib/python3.12/site-packages/neuronxcc/private_nkl/utils/tiled_range.py:84:22: warning: 'neuronxcc.private_nkl.utils.tiled_range.TiledRangeIterator' is from the 'neuronxcc' package which is not supported in NKI kernels; use the 'nki' package instead
    iterators.append(TiledRangeIterator(current_tile_size, i, base_offset + relative_offset))
                     ^
..
Compiler status PASS
INFO:Neuron:Done preparing weight layout transformation
INFO:Neuron:Finished building model in 2485.8077182769775 seconds
INFO:Neuron:Pre-sharding checkpoints.
INFO:Neuron:Sharding weights for ranks: 0...3
[2026-05-28 10:18:29.487: I neuronx_distributed/parallel_layers/parallel_state.py:638] > initializing tensor model parallel with size 4
[2026-05-28 10:18:29.487: I neuronx_distributed/parallel_layers/parallel_state.py:639] > initializing pipeline model parallel with size 1
[2026-05-28 10:18:29.487: I neuronx_distributed/parallel_layers/parallel_state.py:640] > initializing context model parallel with size 1
[2026-05-28 10:18:29.487: I neuronx_distributed/parallel_layers/parallel_state.py:641] > initializing data parallel with size 1
[2026-05-28 10:18:29.487: I neuronx_distributed/parallel_layers/parallel_state.py:642] > initializing world size to 4
[2026-05-28 10:18:29.487: I neuronx_distributed/parallel_layers/parallel_state.py:387] [rank_0_pp-1_tp-1_dp-1_cp-1] Chosen Logic for replica groups ret_logic=<PG_Group_Logic.LOGIC1: (<function ascending_ring_PG_group at 0x7c705c507560>, 'Ascending Ring PG Group')>
[2026-05-28 10:18:29.487: I neuronx_distributed/parallel_layers/parallel_state.py:666] [rank_0_pp-1_tp-1_dp-1_cp-1] tp_groups: replica_groups.tp_groups=[[0, 1, 2, 3]]
[2026-05-28 10:18:29.487: I neuronx_distributed/parallel_layers/parallel_state.py:667] [rank_0_pp-1_tp-1_dp-1_cp-1] dp_groups: replica_groups.dp_groups=[[0], [1], [2], [3]]
[2026-05-28 10:18:29.487: I neuronx_distributed/parallel_layers/parallel_state.py:668] [rank_0_pp-1_tp-1_dp-1_cp-1] pp_groups: replica_groups.pp_groups=[[0], [1], [2], [3]]
[2026-05-28 10:18:29.487: I neuronx_distributed/parallel_layers/parallel_state.py:669] [rank_0_pp-1_tp-1_dp-1_cp-1] cp_groups: replica_groups.cp_groups=[[0], [1], [2], [3]]
[2026-05-28 10:18:29.487: I neuronx_distributed/parallel_layers/parallel_state.py:670] [rank_0_pp-1_tp-1_dp-1_cp-1] ep_model_groups: replica_groups.ep_model_groups=[[0], [1], [2], [3]]
[2026-05-28 10:18:29.487: I neuronx_distributed/parallel_layers/parallel_state.py:671] [rank_0_pp-1_tp-1_dp-1_cp-1] ep_data_groups: replica_groups.ep_data_groups=[[0], [1], [2], [3]]
/home/ubuntu/inferentia-gdn-nki-decode-step-c49df2b-splitqkv/src/neuronx_distributed_inference/models/application_base.py:650: UserWarning: Found torch.float32 scales, skip converting to torch.bfloat16
  warnings.warn(
/home/ubuntu/inferentia-gdn-nki-decode-step-c49df2b-splitqkv/src/neuronx_distributed_inference/models/application_base.py:654: UserWarning: Found torch.float32 weights in checkpoint: layers.0.input_layernorm.weight. Will convert to torch.bfloat16
  warnings.warn(
/home/ubuntu/inferentia-gdn-nki-decode-step-c49df2b-splitqkv/src/neuronx_distributed_inference/models/application_base.py:654: UserWarning: Found torch.float32 weights in checkpoint: layers.0.post_attention_layernorm.weight. Will convert to torch.bfloat16
  warnings.warn(
/home/ubuntu/inferentia-gdn-nki-decode-step-c49df2b-splitqkv/src/neuronx_distributed_inference/models/application_base.py:654: UserWarning: Found torch.float32 weights in checkpoint: layers.1.input_layernorm.weight. Will convert to torch.bfloat16
  warnings.warn(
/home/ubuntu/inferentia-gdn-nki-decode-step-c49df2b-splitqkv/src/neuronx_distributed_inference/models/application_base.py:654: UserWarning: Found torch.float32 weights in checkpoint: layers.1.post_attention_layernorm.weight. Will convert to torch.bfloat16
  warnings.warn(
/home/ubuntu/inferentia-gdn-nki-decode-step-c49df2b-splitqkv/src/neuronx_distributed_inference/models/application_base.py:654: UserWarning: Found torch.float32 weights in checkpoint: layers.10.input_layernorm.weight. Will convert to torch.bfloat16
  warnings.warn(
/home/ubuntu/inferentia-gdn-nki-decode-step-c49df2b-splitqkv/src/neuronx_distributed_inference/models/application_base.py:654: UserWarning: Found torch.float32 weights in checkpoint: layers.10.post_attention_layernorm.weight. Will convert to torch.bfloat16
  warnings.warn(
/home/ubuntu/inferentia-gdn-nki-decode-step-c49df2b-splitqkv/src/neuronx_distributed_inference/models/application_base.py:654: UserWarning: Found torch.float32 weights in checkpoint: layers.11.input_layernorm.weight. Will convert to torch.bfloat16
  warnings.warn(
/home/ubuntu/inferentia-gdn-nki-decode-step-c49df2b-splitqkv/src/neuronx_distributed_inference/models/application_base.py:654: UserWarning: Found torch.float32 weights in checkpoint: layers.11.post_attention_layernorm.weight. Will convert to torch.bfloat16
  warnings.warn(
/home/ubuntu/inferentia-gdn-nki-decode-step-c49df2b-splitqkv/src/neuronx_distributed_inference/models/application_base.py:654: UserWarning: Found torch.float32 weights in checkpoint: layers.12.input_layernorm.weight. Will convert to torch.bfloat16
  warnings.warn(
/home/ubuntu/inferentia-gdn-nki-decode-step-c49df2b-splitqkv/src/neuronx_distributed_inference/models/application_base.py:654: UserWarning: Found torch.float32 weights in checkpoint: layers.12.post_attention_layernorm.weight. Will convert to torch.bfloat16
  warnings.warn(
/home/ubuntu/inferentia-gdn-nki-decode-step-c49df2b-splitqkv/src/neuronx_distributed_inference/models/application_base.py:654: UserWarning: Found torch.float32 weights in checkpoint: layers.13.input_layernorm.weight. Will convert to torch.bfloat16
  warnings.warn(
/home/ubuntu/inferentia-gdn-nki-decode-step-c49df2b-splitqkv/src/neuronx_distributed_inference/models/application_base.py:654: UserWarning: Found torch.float32 weights in checkpoint: layers.13.post_attention_layernorm.weight. Will convert to torch.bfloat16
  warnings.warn(
/home/ubuntu/inferentia-gdn-nki-decode-step-c49df2b-splitqkv/src/neuronx_distributed_inference/models/application_base.py:654: UserWarning: Found torch.float32 weights in checkpoint: layers.14.input_layernorm.weight. Will convert to torch.bfloat16
  warnings.warn(
/home/ubuntu/inferentia-gdn-nki-decode-step-c49df2b-splitqkv/src/neuronx_distributed_inference/models/application_base.py:654: UserWarning: Found torch.float32 weights in checkpoint: layers.14.post_attention_layernorm.weight. Will convert to torch.bfloat16
  warnings.warn(
/home/ubuntu/inferentia-gdn-nki-decode-step-c49df2b-splitqkv/src/neuronx_distributed_inference/models/application_base.py:654: UserWarning: Found torch.float32 weights in checkpoint: layers.15.input_layernorm.weight. Will convert to torch.bfloat16
  warnings.warn(
/home/ubuntu/inferentia-gdn-nki-decode-step-c49df2b-splitqkv/src/neuronx_distributed_inference/models/application_base.py:654: UserWarning: Found torch.float32 weights in checkpoint: layers.15.post_attention_layernorm.weight. Will convert to torch.bfloat16
  warnings.warn(
/home/ubuntu/inferentia-gdn-nki-decode-step-c49df2b-splitqkv/src/neuronx_distributed_inference/models/application_base.py:654: UserWarning: Found torch.float32 weights in checkpoint: layers.16.input_layernorm.weight. Will convert to torch.bfloat16
  warnings.warn(
/home/ubuntu/inferentia-gdn-nki-decode-step-c49df2b-splitqkv/src/neuronx_distributed_inference/models/application_base.py:654: UserWarning: Found torch.float32 weights in checkpoint: layers.16.post_attention_layernorm.weight. Will convert to torch.bfloat16
  warnings.warn(
/home/ubuntu/inferentia-gdn-nki-decode-step-c49df2b-splitqkv/src/neuronx_distributed_inference/models/application_base.py:654: UserWarning: Found torch.float32 weights in checkpoint: layers.17.input_layernorm.weight. Will convert to torch.bfloat16
  warnings.warn(
/home/ubuntu/inferentia-gdn-nki-decode-step-c49df2b-splitqkv/src/neuronx_distributed_inference/models/application_base.py:654: UserWarning: Found torch.float32 weights in checkpoint: layers.17.post_attention_layernorm.weight. Will convert to torch.bfloat16
  warnings.warn(
/home/ubuntu/inferentia-gdn-nki-decode-step-c49df2b-splitqkv/src/neuronx_distributed_inference/models/application_base.py:654: UserWarning: Found torch.float32 weights in checkpoint: layers.18.input_layernorm.weight. Will convert to torch.bfloat16
  warnings.warn(
/home/ubuntu/inferentia-gdn-nki-decode-step-c49df2b-splitqkv/src/neuronx_distributed_inference/models/application_base.py:654: UserWarning: Found torch.float32 weights in checkpoint: layers.18.post_attention_layernorm.weight. Will convert to torch.bfloat16
  warnings.warn(
/home/ubuntu/inferentia-gdn-nki-decode-step-c49df2b-splitqkv/src/neuronx_distributed_inference/models/application_base.py:654: UserWarning: Found torch.float32 weights in checkpoint: layers.19.input_layernorm.weight. Will convert to torch.bfloat16
  warnings.warn(
/home/ubuntu/inferentia-gdn-nki-decode-step-c49df2b-splitqkv/src/neuronx_distributed_inference/models/application_base.py:654: UserWarning: Found torch.float32 weights in checkpoint: layers.19.post_attention_layernorm.weight. Will convert to torch.bfloat16
  warnings.warn(
/home/ubuntu/inferentia-gdn-nki-decode-step-c49df2b-splitqkv/src/neuronx_distributed_inference/models/application_base.py:654: UserWarning: Found torch.float32 weights in checkpoint: layers.2.input_layernorm.weight. Will convert to torch.bfloat16
  warnings.warn(
/home/ubuntu/inferentia-gdn-nki-decode-step-c49df2b-splitqkv/src/neuronx_distributed_inference/models/application_base.py:654: UserWarning: Found torch.float32 weights in checkpoint: layers.2.post_attention_layernorm.weight. Will convert to torch.bfloat16
  warnings.warn(
/home/ubuntu/inferentia-gdn-nki-decode-step-c49df2b-splitqkv/src/neuronx_distributed_inference/models/application_base.py:654: UserWarning: Found torch.float32 weights in checkpoint: layers.20.input_layernorm.weight. Will convert to torch.bfloat16
  warnings.warn(
/home/ubuntu/inferentia-gdn-nki-decode-step-c49df2b-splitqkv/src/neuronx_distributed_inference/models/application_base.py:654: UserWarning: Found torch.float32 weights in checkpoint: layers.20.post_attention_layernorm.weight. Will convert to torch.bfloat16
  warnings.warn(
/home/ubuntu/inferentia-gdn-nki-decode-step-c49df2b-splitqkv/src/neuronx_distributed_inference/models/application_base.py:654: UserWarning: Found torch.float32 weights in checkpoint: layers.21.input_layernorm.weight. Will convert to torch.bfloat16
  warnings.warn(
/home/ubuntu/inferentia-gdn-nki-decode-step-c49df2b-splitqkv/src/neuronx_distributed_inference/models/application_base.py:654: UserWarning: Found torch.float32 weights in checkpoint: layers.21.post_attention_layernorm.weight. Will convert to torch.bfloat16
  warnings.warn(
/home/ubuntu/inferentia-gdn-nki-decode-step-c49df2b-splitqkv/src/neuronx_distributed_inference/models/application_base.py:654: UserWarning: Found torch.float32 weights in checkpoint: layers.22.input_layernorm.weight. Will convert to torch.bfloat16
  warnings.warn(
/home/ubuntu/inferentia-gdn-nki-decode-step-c49df2b-splitqkv/src/neuronx_distributed_inference/models/application_base.py:654: UserWarning: Found torch.float32 weights in checkpoint: layers.22.post_attention_layernorm.weight. Will convert to torch.bfloat16
  warnings.warn(
/home/ubuntu/inferentia-gdn-nki-decode-step-c49df2b-splitqkv/src/neuronx_distributed_inference/models/application_base.py:654: UserWarning: Found torch.float32 weights in checkpoint: layers.23.input_layernorm.weight. Will convert to torch.bfloat16
  warnings.warn(
/home/ubuntu/inferentia-gdn-nki-decode-step-c49df2b-splitqkv/src/neuronx_distributed_inference/models/application_base.py:654: UserWarning: Found torch.float32 weights in checkpoint: layers.23.post_attention_layernorm.weight. Will convert to torch.bfloat16
  warnings.warn(
/home/ubuntu/inferentia-gdn-nki-decode-step-c49df2b-splitqkv/src/neuronx_distributed_inference/models/application_base.py:654: UserWarning: Found torch.float32 weights in checkpoint: layers.24.input_layernorm.weight. Will convert to torch.bfloat16
  warnings.warn(
/home/ubuntu/inferentia-gdn-nki-decode-step-c49df2b-splitqkv/src/neuronx_distributed_inference/models/application_base.py:654: UserWarning: Found torch.float32 weights in checkpoint: layers.24.post_attention_layernorm.weight. Will convert to torch.bfloat16
  warnings.warn(
/home/ubuntu/inferentia-gdn-nki-decode-step-c49df2b-splitqkv/src/neuronx_distributed_inference/models/application_base.py:654: UserWarning: Found torch.float32 weights in checkpoint: layers.25.input_layernorm.weight. Will convert to torch.bfloat16
  warnings.warn(
/home/ubuntu/inferentia-gdn-nki-decode-step-c49df2b-splitqkv/src/neuronx_distributed_inference/models/application_base.py:654: UserWarning: Found torch.float32 weights in checkpoint: layers.25.post_attention_layernorm.weight. Will convert to torch.bfloat16
  warnings.warn(
/home/ubuntu/inferentia-gdn-nki-decode-step-c49df2b-splitqkv/src/neuronx_distributed_inference/models/application_base.py:654: UserWarning: Found torch.float32 weights in checkpoint: layers.26.input_layernorm.weight. Will convert to torch.bfloat16
  warnings.warn(
/home/ubuntu/inferentia-gdn-nki-decode-step-c49df2b-splitqkv/src/neuronx_distributed_inference/models/application_base.py:654: UserWarning: Found torch.float32 weights in checkpoint: layers.26.post_attention_layernorm.weight. Will convert to torch.bfloat16
  warnings.warn(
/home/ubuntu/inferentia-gdn-nki-decode-step-c49df2b-splitqkv/src/neuronx_distributed_inference/models/application_base.py:654: UserWarning: Found torch.float32 weights in checkpoint: layers.27.input_layernorm.weight. Will convert to torch.bfloat16
  warnings.warn(
/home/ubuntu/inferentia-gdn-nki-decode-step-c49df2b-splitqkv/src/neuronx_distributed_inference/models/application_base.py:654: UserWarning: Found torch.float32 weights in checkpoint: layers.27.post_attention_layernorm.weight. Will convert to torch.bfloat16
  warnings.warn(
/home/ubuntu/inferentia-gdn-nki-decode-step-c49df2b-splitqkv/src/neuronx_distributed_inference/models/application_base.py:654: UserWarning: Found torch.float32 weights in checkpoint: layers.28.input_layernorm.weight. Will convert to torch.bfloat16
  warnings.warn(
/home/ubuntu/inferentia-gdn-nki-decode-step-c49df2b-splitqkv/src/neuronx_distributed_inference/models/application_base.py:654: UserWarning: Found torch.float32 weights in checkpoint: layers.28.post_attention_layernorm.weight. Will convert to torch.bfloat16
  warnings.warn(
/home/ubuntu/inferentia-gdn-nki-decode-step-c49df2b-splitqkv/src/neuronx_distributed_inference/models/application_base.py:654: UserWarning: Found torch.float32 weights in checkpoint: layers.29.input_layernorm.weight. Will convert to torch.bfloat16
  warnings.warn(
/home/ubuntu/inferentia-gdn-nki-decode-step-c49df2b-splitqkv/src/neuronx_distributed_inference/models/application_base.py:654: UserWarning: Found torch.float32 weights in checkpoint: layers.29.post_attention_layernorm.weight. Will convert to torch.bfloat16
  warnings.warn(
/home/ubuntu/inferentia-gdn-nki-decode-step-c49df2b-splitqkv/src/neuronx_distributed_inference/models/application_base.py:654: UserWarning: Found torch.float32 weights in checkpoint: layers.3.input_layernorm.weight. Will convert to torch.bfloat16
  warnings.warn(
/home/ubuntu/inferentia-gdn-nki-decode-step-c49df2b-splitqkv/src/neuronx_distributed_inference/models/application_base.py:654: UserWarning: Found torch.float32 weights in checkpoint: layers.3.post_attention_layernorm.weight. Will convert to torch.bfloat16
  warnings.warn(
/home/ubuntu/inferentia-gdn-nki-decode-step-c49df2b-splitqkv/src/neuronx_distributed_inference/models/application_base.py:654: UserWarning: Found torch.float32 weights in checkpoint: layers.30.input_layernorm.weight. Will convert to torch.bfloat16
  warnings.warn(
/home/ubuntu/inferentia-gdn-nki-decode-step-c49df2b-splitqkv/src/neuronx_distributed_inference/models/application_base.py:654: UserWarning: Found torch.float32 weights in checkpoint: layers.30.post_attention_layernorm.weight. Will convert to torch.bfloat16
  warnings.warn(
/home/ubuntu/inferentia-gdn-nki-decode-step-c49df2b-splitqkv/src/neuronx_distributed_inference/models/application_base.py:654: UserWarning: Found torch.float32 weights in checkpoint: layers.31.input_layernorm.weight. Will convert to torch.bfloat16
  warnings.warn(
/home/ubuntu/inferentia-gdn-nki-decode-step-c49df2b-splitqkv/src/neuronx_distributed_inference/models/application_base.py:654: UserWarning: Found torch.float32 weights in checkpoint: layers.31.post_attention_layernorm.weight. Will convert to torch.bfloat16
  warnings.warn(
/home/ubuntu/inferentia-gdn-nki-decode-step-c49df2b-splitqkv/src/neuronx_distributed_inference/models/application_base.py:654: UserWarning: Found torch.float32 weights in checkpoint: layers.4.input_layernorm.weight. Will convert to torch.bfloat16
  warnings.warn(
/home/ubuntu/inferentia-gdn-nki-decode-step-c49df2b-splitqkv/src/neuronx_distributed_inference/models/application_base.py:654: UserWarning: Found torch.float32 weights in checkpoint: layers.4.post_attention_layernorm.weight. Will convert to torch.bfloat16
  warnings.warn(
/home/ubuntu/inferentia-gdn-nki-decode-step-c49df2b-splitqkv/src/neuronx_distributed_inference/models/application_base.py:654: UserWarning: Found torch.float32 weights in checkpoint: layers.5.input_layernorm.weight. Will convert to torch.bfloat16
  warnings.warn(
/home/ubuntu/inferentia-gdn-nki-decode-step-c49df2b-splitqkv/src/neuronx_distributed_inference/models/application_base.py:654: UserWarning: Found torch.float32 weights in checkpoint: layers.5.post_attention_layernorm.weight. Will convert to torch.bfloat16
  warnings.warn(
/home/ubuntu/inferentia-gdn-nki-decode-step-c49df2b-splitqkv/src/neuronx_distributed_inference/models/application_base.py:654: UserWarning: Found torch.float32 weights in checkpoint: layers.6.input_layernorm.weight. Will convert to torch.bfloat16
  warnings.warn(
/home/ubuntu/inferentia-gdn-nki-decode-step-c49df2b-splitqkv/src/neuronx_distributed_inference/models/application_base.py:654: UserWarning: Found torch.float32 weights in checkpoint: layers.6.post_attention_layernorm.weight. Will convert to torch.bfloat16
  warnings.warn(
/home/ubuntu/inferentia-gdn-nki-decode-step-c49df2b-splitqkv/src/neuronx_distributed_inference/models/application_base.py:654: UserWarning: Found torch.float32 weights in checkpoint: layers.7.input_layernorm.weight. Will convert to torch.bfloat16
  warnings.warn(
/home/ubuntu/inferentia-gdn-nki-decode-step-c49df2b-splitqkv/src/neuronx_distributed_inference/models/application_base.py:654: UserWarning: Found torch.float32 weights in checkpoint: layers.7.post_attention_layernorm.weight. Will convert to torch.bfloat16
  warnings.warn(
/home/ubuntu/inferentia-gdn-nki-decode-step-c49df2b-splitqkv/src/neuronx_distributed_inference/models/application_base.py:654: UserWarning: Found torch.float32 weights in checkpoint: layers.8.input_layernorm.weight. Will convert to torch.bfloat16
  warnings.warn(
/home/ubuntu/inferentia-gdn-nki-decode-step-c49df2b-splitqkv/src/neuronx_distributed_inference/models/application_base.py:654: UserWarning: Found torch.float32 weights in checkpoint: layers.8.post_attention_layernorm.weight. Will convert to torch.bfloat16
  warnings.warn(
/home/ubuntu/inferentia-gdn-nki-decode-step-c49df2b-splitqkv/src/neuronx_distributed_inference/models/application_base.py:654: UserWarning: Found torch.float32 weights in checkpoint: layers.9.input_layernorm.weight. Will convert to torch.bfloat16
  warnings.warn(
/home/ubuntu/inferentia-gdn-nki-decode-step-c49df2b-splitqkv/src/neuronx_distributed_inference/models/application_base.py:654: UserWarning: Found torch.float32 weights in checkpoint: layers.9.post_attention_layernorm.weight. Will convert to torch.bfloat16
  warnings.warn(
/home/ubuntu/inferentia-gdn-nki-decode-step-c49df2b-splitqkv/src/neuronx_distributed_inference/models/application_base.py:654: UserWarning: Found torch.float32 weights in checkpoint: layers.32.input_layernorm.weight. Will convert to torch.bfloat16
  warnings.warn(
/home/ubuntu/inferentia-gdn-nki-decode-step-c49df2b-splitqkv/src/neuronx_distributed_inference/models/application_base.py:654: UserWarning: Found torch.float32 weights in checkpoint: layers.32.post_attention_layernorm.weight. Will convert to torch.bfloat16
  warnings.warn(
/home/ubuntu/inferentia-gdn-nki-decode-step-c49df2b-splitqkv/src/neuronx_distributed_inference/models/application_base.py:654: UserWarning: Found torch.float32 weights in checkpoint: layers.33.input_layernorm.weight. Will convert to torch.bfloat16
  warnings.warn(
/home/ubuntu/inferentia-gdn-nki-decode-step-c49df2b-splitqkv/src/neuronx_distributed_inference/models/application_base.py:654: UserWarning: Found torch.float32 weights in checkpoint: layers.33.post_attention_layernorm.weight. Will convert to torch.bfloat16
  warnings.warn(
/home/ubuntu/inferentia-gdn-nki-decode-step-c49df2b-splitqkv/src/neuronx_distributed_inference/models/application_base.py:654: UserWarning: Found torch.float32 weights in checkpoint: layers.34.input_layernorm.weight. Will convert to torch.bfloat16
  warnings.warn(
/home/ubuntu/inferentia-gdn-nki-decode-step-c49df2b-splitqkv/src/neuronx_distributed_inference/models/application_base.py:654: UserWarning: Found torch.float32 weights in checkpoint: layers.34.post_attention_layernorm.weight. Will convert to torch.bfloat16
  warnings.warn(
/home/ubuntu/inferentia-gdn-nki-decode-step-c49df2b-splitqkv/src/neuronx_distributed_inference/models/application_base.py:654: UserWarning: Found torch.float32 weights in checkpoint: layers.35.input_layernorm.weight. Will convert to torch.bfloat16
  warnings.warn(
/home/ubuntu/inferentia-gdn-nki-decode-step-c49df2b-splitqkv/src/neuronx_distributed_inference/models/application_base.py:654: UserWarning: Found torch.float32 weights in checkpoint: layers.35.post_attention_layernorm.weight. Will convert to torch.bfloat16
  warnings.warn(
/home/ubuntu/inferentia-gdn-nki-decode-step-c49df2b-splitqkv/src/neuronx_distributed_inference/models/application_base.py:654: UserWarning: Found torch.float32 weights in checkpoint: layers.36.input_layernorm.weight. Will convert to torch.bfloat16
  warnings.warn(
/home/ubuntu/inferentia-gdn-nki-decode-step-c49df2b-splitqkv/src/neuronx_distributed_inference/models/application_base.py:654: UserWarning: Found torch.float32 weights in checkpoint: layers.36.post_attention_layernorm.weight. Will convert to torch.bfloat16
  warnings.warn(
/home/ubuntu/inferentia-gdn-nki-decode-step-c49df2b-splitqkv/src/neuronx_distributed_inference/models/application_base.py:654: UserWarning: Found torch.float32 weights in checkpoint: layers.37.input_layernorm.weight. Will convert to torch.bfloat16
  warnings.warn(
/home/ubuntu/inferentia-gdn-nki-decode-step-c49df2b-splitqkv/src/neuronx_distributed_inference/models/application_base.py:654: UserWarning: Found torch.float32 weights in checkpoint: layers.37.post_attention_layernorm.weight. Will convert to torch.bfloat16
  warnings.warn(
/home/ubuntu/inferentia-gdn-nki-decode-step-c49df2b-splitqkv/src/neuronx_distributed_inference/models/application_base.py:654: UserWarning: Found torch.float32 weights in checkpoint: layers.38.input_layernorm.weight. Will convert to torch.bfloat16
  warnings.warn(
/home/ubuntu/inferentia-gdn-nki-decode-step-c49df2b-splitqkv/src/neuronx_distributed_inference/models/application_base.py:654: UserWarning: Found torch.float32 weights in checkpoint: layers.38.post_attention_layernorm.weight. Will convert to torch.bfloat16
  warnings.warn(
/home/ubuntu/inferentia-gdn-nki-decode-step-c49df2b-splitqkv/src/neuronx_distributed_inference/models/application_base.py:654: UserWarning: Found torch.float32 weights in checkpoint: layers.39.input_layernorm.weight. Will convert to torch.bfloat16
  warnings.warn(
/home/ubuntu/inferentia-gdn-nki-decode-step-c49df2b-splitqkv/src/neuronx_distributed_inference/models/application_base.py:654: UserWarning: Found torch.float32 weights in checkpoint: layers.39.post_attention_layernorm.weight. Will convert to torch.bfloat16
  warnings.warn(
/home/ubuntu/inferentia-gdn-nki-decode-step-c49df2b-splitqkv/src/neuronx_distributed_inference/models/application_base.py:654: UserWarning: Found torch.float32 weights in checkpoint: layers.40.input_layernorm.weight. Will convert to torch.bfloat16
  warnings.warn(
/home/ubuntu/inferentia-gdn-nki-decode-step-c49df2b-splitqkv/src/neuronx_distributed_inference/models/application_base.py:654: UserWarning: Found torch.float32 weights in checkpoint: layers.40.post_attention_layernorm.weight. Will convert to torch.bfloat16
  warnings.warn(
/home/ubuntu/inferentia-gdn-nki-decode-step-c49df2b-splitqkv/src/neuronx_distributed_inference/models/application_base.py:654: UserWarning: Found torch.float32 weights in checkpoint: layers.41.input_layernorm.weight. Will convert to torch.bfloat16
  warnings.warn(
/home/ubuntu/inferentia-gdn-nki-decode-step-c49df2b-splitqkv/src/neuronx_distributed_inference/models/application_base.py:654: UserWarning: Found torch.float32 weights in checkpoint: layers.41.post_attention_layernorm.weight. Will convert to torch.bfloat16
  warnings.warn(
/home/ubuntu/inferentia-gdn-nki-decode-step-c49df2b-splitqkv/src/neuronx_distributed_inference/models/application_base.py:654: UserWarning: Found torch.float32 weights in checkpoint: layers.42.input_layernorm.weight. Will convert to torch.bfloat16
  warnings.warn(
/home/ubuntu/inferentia-gdn-nki-decode-step-c49df2b-splitqkv/src/neuronx_distributed_inference/models/application_base.py:654: UserWarning: Found torch.float32 weights in checkpoint: layers.42.post_attention_layernorm.weight. Will convert to torch.bfloat16
  warnings.warn(
/home/ubuntu/inferentia-gdn-nki-decode-step-c49df2b-splitqkv/src/neuronx_distributed_inference/models/application_base.py:654: UserWarning: Found torch.float32 weights in checkpoint: layers.43.input_layernorm.weight. Will convert to torch.bfloat16
  warnings.warn(
/home/ubuntu/inferentia-gdn-nki-decode-step-c49df2b-splitqkv/src/neuronx_distributed_inference/models/application_base.py:654: UserWarning: Found torch.float32 weights in checkpoint: layers.43.post_attention_layernorm.weight. Will convert to torch.bfloat16
  warnings.warn(
/home/ubuntu/inferentia-gdn-nki-decode-step-c49df2b-splitqkv/src/neuronx_distributed_inference/models/application_base.py:654: UserWarning: Found torch.float32 weights in checkpoint: layers.44.input_layernorm.weight. Will convert to torch.bfloat16
  warnings.warn(
/home/ubuntu/inferentia-gdn-nki-decode-step-c49df2b-splitqkv/src/neuronx_distributed_inference/models/application_base.py:654: UserWarning: Found torch.float32 weights in checkpoint: layers.44.post_attention_layernorm.weight. Will convert to torch.bfloat16
  warnings.warn(
/home/ubuntu/inferentia-gdn-nki-decode-step-c49df2b-splitqkv/src/neuronx_distributed_inference/models/application_base.py:654: UserWarning: Found torch.float32 weights in checkpoint: layers.45.input_layernorm.weight. Will convert to torch.bfloat16
  warnings.warn(
/home/ubuntu/inferentia-gdn-nki-decode-step-c49df2b-splitqkv/src/neuronx_distributed_inference/models/application_base.py:654: UserWarning: Found torch.float32 weights in checkpoint: layers.45.post_attention_layernorm.weight. Will convert to torch.bfloat16
  warnings.warn(
/home/ubuntu/inferentia-gdn-nki-decode-step-c49df2b-splitqkv/src/neuronx_distributed_inference/models/application_base.py:654: UserWarning: Found torch.float32 weights in checkpoint: layers.46.input_layernorm.weight. Will convert to torch.bfloat16
  warnings.warn(
/home/ubuntu/inferentia-gdn-nki-decode-step-c49df2b-splitqkv/src/neuronx_distributed_inference/models/application_base.py:654: UserWarning: Found torch.float32 weights in checkpoint: layers.46.post_attention_layernorm.weight. Will convert to torch.bfloat16
  warnings.warn(
/home/ubuntu/inferentia-gdn-nki-decode-step-c49df2b-splitqkv/src/neuronx_distributed_inference/models/application_base.py:654: UserWarning: Found torch.float32 weights in checkpoint: layers.47.input_layernorm.weight. Will convert to torch.bfloat16
  warnings.warn(
/home/ubuntu/inferentia-gdn-nki-decode-step-c49df2b-splitqkv/src/neuronx_distributed_inference/models/application_base.py:654: UserWarning: Found torch.float32 weights in checkpoint: layers.47.post_attention_layernorm.weight. Will convert to torch.bfloat16
  warnings.warn(
/home/ubuntu/inferentia-gdn-nki-decode-step-c49df2b-splitqkv/src/neuronx_distributed_inference/models/application_base.py:654: UserWarning: Found torch.float32 weights in checkpoint: layers.48.input_layernorm.weight. Will convert to torch.bfloat16
  warnings.warn(
/home/ubuntu/inferentia-gdn-nki-decode-step-c49df2b-splitqkv/src/neuronx_distributed_inference/models/application_base.py:654: UserWarning: Found torch.float32 weights in checkpoint: layers.48.post_attention_layernorm.weight. Will convert to torch.bfloat16
  warnings.warn(
/home/ubuntu/inferentia-gdn-nki-decode-step-c49df2b-splitqkv/src/neuronx_distributed_inference/models/application_base.py:654: UserWarning: Found torch.float32 weights in checkpoint: layers.49.input_layernorm.weight. Will convert to torch.bfloat16
  warnings.warn(
/home/ubuntu/inferentia-gdn-nki-decode-step-c49df2b-splitqkv/src/neuronx_distributed_inference/models/application_base.py:654: UserWarning: Found torch.float32 weights in checkpoint: layers.49.post_attention_layernorm.weight. Will convert to torch.bfloat16
  warnings.warn(
/home/ubuntu/inferentia-gdn-nki-decode-step-c49df2b-splitqkv/src/neuronx_distributed_inference/models/application_base.py:654: UserWarning: Found torch.float32 weights in checkpoint: layers.50.input_layernorm.weight. Will convert to torch.bfloat16
  warnings.warn(
/home/ubuntu/inferentia-gdn-nki-decode-step-c49df2b-splitqkv/src/neuronx_distributed_inference/models/application_base.py:654: UserWarning: Found torch.float32 weights in checkpoint: layers.50.post_attention_layernorm.weight. Will convert to torch.bfloat16
  warnings.warn(
/home/ubuntu/inferentia-gdn-nki-decode-step-c49df2b-splitqkv/src/neuronx_distributed_inference/models/application_base.py:654: UserWarning: Found torch.float32 weights in checkpoint: layers.51.input_layernorm.weight. Will convert to torch.bfloat16
  warnings.warn(
/home/ubuntu/inferentia-gdn-nki-decode-step-c49df2b-splitqkv/src/neuronx_distributed_inference/models/application_base.py:654: UserWarning: Found torch.float32 weights in checkpoint: layers.51.post_attention_layernorm.weight. Will convert to torch.bfloat16
  warnings.warn(
/home/ubuntu/inferentia-gdn-nki-decode-step-c49df2b-splitqkv/src/neuronx_distributed_inference/models/application_base.py:654: UserWarning: Found torch.float32 weights in checkpoint: layers.52.input_layernorm.weight. Will convert to torch.bfloat16
  warnings.warn(
/home/ubuntu/inferentia-gdn-nki-decode-step-c49df2b-splitqkv/src/neuronx_distributed_inference/models/application_base.py:654: UserWarning: Found torch.float32 weights in checkpoint: layers.52.post_attention_layernorm.weight. Will convert to torch.bfloat16
  warnings.warn(
/home/ubuntu/inferentia-gdn-nki-decode-step-c49df2b-splitqkv/src/neuronx_distributed_inference/models/application_base.py:654: UserWarning: Found torch.float32 weights in checkpoint: layers.53.input_layernorm.weight. Will convert to torch.bfloat16
  warnings.warn(
/home/ubuntu/inferentia-gdn-nki-decode-step-c49df2b-splitqkv/src/neuronx_distributed_inference/models/application_base.py:654: UserWarning: Found torch.float32 weights in checkpoint: layers.53.post_attention_layernorm.weight. Will convert to torch.bfloat16
  warnings.warn(
/home/ubuntu/inferentia-gdn-nki-decode-step-c49df2b-splitqkv/src/neuronx_distributed_inference/models/application_base.py:654: UserWarning: Found torch.float32 weights in checkpoint: layers.54.input_layernorm.weight. Will convert to torch.bfloat16
  warnings.warn(
/home/ubuntu/inferentia-gdn-nki-decode-step-c49df2b-splitqkv/src/neuronx_distributed_inference/models/application_base.py:654: UserWarning: Found torch.float32 weights in checkpoint: layers.54.post_attention_layernorm.weight. Will convert to torch.bfloat16
  warnings.warn(
/home/ubuntu/inferentia-gdn-nki-decode-step-c49df2b-splitqkv/src/neuronx_distributed_inference/models/application_base.py:654: UserWarning: Found torch.float32 weights in checkpoint: layers.55.input_layernorm.weight. Will convert to torch.bfloat16
  warnings.warn(
/home/ubuntu/inferentia-gdn-nki-decode-step-c49df2b-splitqkv/src/neuronx_distributed_inference/models/application_base.py:654: UserWarning: Found torch.float32 weights in checkpoint: layers.55.post_attention_layernorm.weight. Will convert to torch.bfloat16
  warnings.warn(
/home/ubuntu/inferentia-gdn-nki-decode-step-c49df2b-splitqkv/src/neuronx_distributed_inference/models/application_base.py:654: UserWarning: Found torch.float32 weights in checkpoint: layers.56.input_layernorm.weight. Will convert to torch.bfloat16
  warnings.warn(
/home/ubuntu/inferentia-gdn-nki-decode-step-c49df2b-splitqkv/src/neuronx_distributed_inference/models/application_base.py:654: UserWarning: Found torch.float32 weights in checkpoint: layers.56.post_attention_layernorm.weight. Will convert to torch.bfloat16
  warnings.warn(
/home/ubuntu/inferentia-gdn-nki-decode-step-c49df2b-splitqkv/src/neuronx_distributed_inference/models/application_base.py:654: UserWarning: Found torch.float32 weights in checkpoint: layers.57.input_layernorm.weight. Will convert to torch.bfloat16
  warnings.warn(
/home/ubuntu/inferentia-gdn-nki-decode-step-c49df2b-splitqkv/src/neuronx_distributed_inference/models/application_base.py:654: UserWarning: Found torch.float32 weights in checkpoint: layers.57.post_attention_layernorm.weight. Will convert to torch.bfloat16
  warnings.warn(
/home/ubuntu/inferentia-gdn-nki-decode-step-c49df2b-splitqkv/src/neuronx_distributed_inference/models/application_base.py:654: UserWarning: Found torch.float32 weights in checkpoint: layers.58.input_layernorm.weight. Will convert to torch.bfloat16
  warnings.warn(
/home/ubuntu/inferentia-gdn-nki-decode-step-c49df2b-splitqkv/src/neuronx_distributed_inference/models/application_base.py:654: UserWarning: Found torch.float32 weights in checkpoint: layers.58.post_attention_layernorm.weight. Will convert to torch.bfloat16
  warnings.warn(
/home/ubuntu/inferentia-gdn-nki-decode-step-c49df2b-splitqkv/src/neuronx_distributed_inference/models/application_base.py:654: UserWarning: Found torch.float32 weights in checkpoint: layers.59.input_layernorm.weight. Will convert to torch.bfloat16
  warnings.warn(
/home/ubuntu/inferentia-gdn-nki-decode-step-c49df2b-splitqkv/src/neuronx_distributed_inference/models/application_base.py:654: UserWarning: Found torch.float32 weights in checkpoint: layers.59.post_attention_layernorm.weight. Will convert to torch.bfloat16
  warnings.warn(
/home/ubuntu/inferentia-gdn-nki-decode-step-c49df2b-splitqkv/src/neuronx_distributed_inference/models/application_base.py:654: UserWarning: Found torch.float32 weights in checkpoint: layers.60.input_layernorm.weight. Will convert to torch.bfloat16
  warnings.warn(
/home/ubuntu/inferentia-gdn-nki-decode-step-c49df2b-splitqkv/src/neuronx_distributed_inference/models/application_base.py:654: UserWarning: Found torch.float32 weights in checkpoint: layers.60.post_attention_layernorm.weight. Will convert to torch.bfloat16
  warnings.warn(
/home/ubuntu/inferentia-gdn-nki-decode-step-c49df2b-splitqkv/src/neuronx_distributed_inference/models/application_base.py:654: UserWarning: Found torch.float32 weights in checkpoint: layers.61.input_layernorm.weight. Will convert to torch.bfloat16
  warnings.warn(
/home/ubuntu/inferentia-gdn-nki-decode-step-c49df2b-splitqkv/src/neuronx_distributed_inference/models/application_base.py:654: UserWarning: Found torch.float32 weights in checkpoint: layers.61.post_attention_layernorm.weight. Will convert to torch.bfloat16
  warnings.warn(
/home/ubuntu/inferentia-gdn-nki-decode-step-c49df2b-splitqkv/src/neuronx_distributed_inference/models/application_base.py:654: UserWarning: Found torch.float32 weights in checkpoint: layers.62.input_layernorm.weight. Will convert to torch.bfloat16
  warnings.warn(
/home/ubuntu/inferentia-gdn-nki-decode-step-c49df2b-splitqkv/src/neuronx_distributed_inference/models/application_base.py:654: UserWarning: Found torch.float32 weights in checkpoint: layers.62.post_attention_layernorm.weight. Will convert to torch.bfloat16
  warnings.warn(
/home/ubuntu/inferentia-gdn-nki-decode-step-c49df2b-splitqkv/src/neuronx_distributed_inference/models/application_base.py:654: UserWarning: Found torch.float32 weights in checkpoint: layers.63.input_layernorm.weight. Will convert to torch.bfloat16
  warnings.warn(
/home/ubuntu/inferentia-gdn-nki-decode-step-c49df2b-splitqkv/src/neuronx_distributed_inference/models/application_base.py:654: UserWarning: Found torch.float32 weights in checkpoint: layers.63.post_attention_layernorm.weight. Will convert to torch.bfloat16
  warnings.warn(
/home/ubuntu/inferentia-gdn-nki-decode-step-c49df2b-splitqkv/src/neuronx_distributed_inference/models/application_base.py:654: UserWarning: Found torch.float32 weights in checkpoint: norm.weight. Will convert to torch.bfloat16
  warnings.warn(
/home/ubuntu/inferentia-gdn-nki-decode-step-c49df2b-splitqkv/src/neuronx_distributed_inference/models/application_base.py:654: UserWarning: Found torch.float32 weights in checkpoint: layers.3.self_attn.q_layernorm.weight. Will convert to torch.bfloat16
  warnings.warn(
/home/ubuntu/inferentia-gdn-nki-decode-step-c49df2b-splitqkv/src/neuronx_distributed_inference/models/application_base.py:654: UserWarning: Found torch.float32 weights in checkpoint: layers.3.self_attn.k_layernorm.weight. Will convert to torch.bfloat16
  warnings.warn(
/home/ubuntu/inferentia-gdn-nki-decode-step-c49df2b-splitqkv/src/neuronx_distributed_inference/models/application_base.py:654: UserWarning: Found torch.float32 weights in checkpoint: layers.7.self_attn.q_layernorm.weight. Will convert to torch.bfloat16
  warnings.warn(
/home/ubuntu/inferentia-gdn-nki-decode-step-c49df2b-splitqkv/src/neuronx_distributed_inference/models/application_base.py:654: UserWarning: Found torch.float32 weights in checkpoint: layers.7.self_attn.k_layernorm.weight. Will convert to torch.bfloat16
  warnings.warn(
/home/ubuntu/inferentia-gdn-nki-decode-step-c49df2b-splitqkv/src/neuronx_distributed_inference/models/application_base.py:654: UserWarning: Found torch.float32 weights in checkpoint: layers.11.self_attn.q_layernorm.weight. Will convert to torch.bfloat16
  warnings.warn(
/home/ubuntu/inferentia-gdn-nki-decode-step-c49df2b-splitqkv/src/neuronx_distributed_inference/models/application_base.py:654: UserWarning: Found torch.float32 weights in checkpoint: layers.11.self_attn.k_layernorm.weight. Will convert to torch.bfloat16
  warnings.warn(
/home/ubuntu/inferentia-gdn-nki-decode-step-c49df2b-splitqkv/src/neuronx_distributed_inference/models/application_base.py:654: UserWarning: Found torch.float32 weights in checkpoint: layers.15.self_attn.q_layernorm.weight. Will convert to torch.bfloat16
  warnings.warn(
/home/ubuntu/inferentia-gdn-nki-decode-step-c49df2b-splitqkv/src/neuronx_distributed_inference/models/application_base.py:654: UserWarning: Found torch.float32 weights in checkpoint: layers.15.self_attn.k_layernorm.weight. Will convert to torch.bfloat16
  warnings.warn(
/home/ubuntu/inferentia-gdn-nki-decode-step-c49df2b-splitqkv/src/neuronx_distributed_inference/models/application_base.py:654: UserWarning: Found torch.float32 weights in checkpoint: layers.19.self_attn.q_layernorm.weight. Will convert to torch.bfloat16
  warnings.warn(
/home/ubuntu/inferentia-gdn-nki-decode-step-c49df2b-splitqkv/src/neuronx_distributed_inference/models/application_base.py:654: UserWarning: Found torch.float32 weights in checkpoint: layers.19.self_attn.k_layernorm.weight. Will convert to torch.bfloat16
  warnings.warn(
/home/ubuntu/inferentia-gdn-nki-decode-step-c49df2b-splitqkv/src/neuronx_distributed_inference/models/application_base.py:654: UserWarning: Found torch.float32 weights in checkpoint: layers.23.self_attn.q_layernorm.weight. Will convert to torch.bfloat16
  warnings.warn(
/home/ubuntu/inferentia-gdn-nki-decode-step-c49df2b-splitqkv/src/neuronx_distributed_inference/models/application_base.py:654: UserWarning: Found torch.float32 weights in checkpoint: layers.23.self_attn.k_layernorm.weight. Will convert to torch.bfloat16
  warnings.warn(
/home/ubuntu/inferentia-gdn-nki-decode-step-c49df2b-splitqkv/src/neuronx_distributed_inference/models/application_base.py:654: UserWarning: Found torch.float32 weights in checkpoint: layers.27.self_attn.q_layernorm.weight. Will convert to torch.bfloat16
  warnings.warn(
/home/ubuntu/inferentia-gdn-nki-decode-step-c49df2b-splitqkv/src/neuronx_distributed_inference/models/application_base.py:654: UserWarning: Found torch.float32 weights in checkpoint: layers.27.self_attn.k_layernorm.weight. Will convert to torch.bfloat16
  warnings.warn(
/home/ubuntu/inferentia-gdn-nki-decode-step-c49df2b-splitqkv/src/neuronx_distributed_inference/models/application_base.py:654: UserWarning: Found torch.float32 weights in checkpoint: layers.31.self_attn.q_layernorm.weight. Will convert to torch.bfloat16
  warnings.warn(
/home/ubuntu/inferentia-gdn-nki-decode-step-c49df2b-splitqkv/src/neuronx_distributed_inference/models/application_base.py:654: UserWarning: Found torch.float32 weights in checkpoint: layers.31.self_attn.k_layernorm.weight. Will convert to torch.bfloat16
  warnings.warn(
/home/ubuntu/inferentia-gdn-nki-decode-step-c49df2b-splitqkv/src/neuronx_distributed_inference/models/application_base.py:654: UserWarning: Found torch.float32 weights in checkpoint: layers.35.self_attn.q_layernorm.weight. Will convert to torch.bfloat16
  warnings.warn(
/home/ubuntu/inferentia-gdn-nki-decode-step-c49df2b-splitqkv/src/neuronx_distributed_inference/models/application_base.py:654: UserWarning: Found torch.float32 weights in checkpoint: layers.35.self_attn.k_layernorm.weight. Will convert to torch.bfloat16
  warnings.warn(
/home/ubuntu/inferentia-gdn-nki-decode-step-c49df2b-splitqkv/src/neuronx_distributed_inference/models/application_base.py:654: UserWarning: Found torch.float32 weights in checkpoint: layers.39.self_attn.q_layernorm.weight. Will convert to torch.bfloat16
  warnings.warn(
/home/ubuntu/inferentia-gdn-nki-decode-step-c49df2b-splitqkv/src/neuronx_distributed_inference/models/application_base.py:654: UserWarning: Found torch.float32 weights in checkpoint: layers.39.self_attn.k_layernorm.weight. Will convert to torch.bfloat16
  warnings.warn(
/home/ubuntu/inferentia-gdn-nki-decode-step-c49df2b-splitqkv/src/neuronx_distributed_inference/models/application_base.py:654: UserWarning: Found torch.float32 weights in checkpoint: layers.43.self_attn.q_layernorm.weight. Will convert to torch.bfloat16
  warnings.warn(
/home/ubuntu/inferentia-gdn-nki-decode-step-c49df2b-splitqkv/src/neuronx_distributed_inference/models/application_base.py:654: UserWarning: Found torch.float32 weights in checkpoint: layers.43.self_attn.k_layernorm.weight. Will convert to torch.bfloat16
  warnings.warn(
/home/ubuntu/inferentia-gdn-nki-decode-step-c49df2b-splitqkv/src/neuronx_distributed_inference/models/application_base.py:654: UserWarning: Found torch.float32 weights in checkpoint: layers.47.self_attn.q_layernorm.weight. Will convert to torch.bfloat16
  warnings.warn(
/home/ubuntu/inferentia-gdn-nki-decode-step-c49df2b-splitqkv/src/neuronx_distributed_inference/models/application_base.py:654: UserWarning: Found torch.float32 weights in checkpoint: layers.47.self_attn.k_layernorm.weight. Will convert to torch.bfloat16
  warnings.warn(
/home/ubuntu/inferentia-gdn-nki-decode-step-c49df2b-splitqkv/src/neuronx_distributed_inference/models/application_base.py:654: UserWarning: Found torch.float32 weights in checkpoint: layers.51.self_attn.q_layernorm.weight. Will convert to torch.bfloat16
  warnings.warn(
/home/ubuntu/inferentia-gdn-nki-decode-step-c49df2b-splitqkv/src/neuronx_distributed_inference/models/application_base.py:654: UserWarning: Found torch.float32 weights in checkpoint: layers.51.self_attn.k_layernorm.weight. Will convert to torch.bfloat16
  warnings.warn(
/home/ubuntu/inferentia-gdn-nki-decode-step-c49df2b-splitqkv/src/neuronx_distributed_inference/models/application_base.py:654: UserWarning: Found torch.float32 weights in checkpoint: layers.55.self_attn.q_layernorm.weight. Will convert to torch.bfloat16
  warnings.warn(
/home/ubuntu/inferentia-gdn-nki-decode-step-c49df2b-splitqkv/src/neuronx_distributed_inference/models/application_base.py:654: UserWarning: Found torch.float32 weights in checkpoint: layers.55.self_attn.k_layernorm.weight. Will convert to torch.bfloat16
  warnings.warn(
/home/ubuntu/inferentia-gdn-nki-decode-step-c49df2b-splitqkv/src/neuronx_distributed_inference/models/application_base.py:654: UserWarning: Found torch.float32 weights in checkpoint: layers.59.self_attn.q_layernorm.weight. Will convert to torch.bfloat16
  warnings.warn(
/home/ubuntu/inferentia-gdn-nki-decode-step-c49df2b-splitqkv/src/neuronx_distributed_inference/models/application_base.py:654: UserWarning: Found torch.float32 weights in checkpoint: layers.59.self_attn.k_layernorm.weight. Will convert to torch.bfloat16
  warnings.warn(
/home/ubuntu/inferentia-gdn-nki-decode-step-c49df2b-splitqkv/src/neuronx_distributed_inference/models/application_base.py:654: UserWarning: Found torch.float32 weights in checkpoint: layers.63.self_attn.q_layernorm.weight. Will convert to torch.bfloat16
  warnings.warn(
/home/ubuntu/inferentia-gdn-nki-decode-step-c49df2b-splitqkv/src/neuronx_distributed_inference/models/application_base.py:654: UserWarning: Found torch.float32 weights in checkpoint: layers.63.self_attn.k_layernorm.weight. Will convert to torch.bfloat16
  warnings.warn(
/opt/aws_neuronx_venv_pytorch_inference_vllm_0_16/lib/python3.12/site-packages/neuronx_distributed/quantization/quantization_layers.py:414: UserWarning: Cannot find layers.3.self_attn.qkv_proj.q_proj.bias in the state_dict
  warnings.warn(f"Cannot find {(prefix + 'bias')} in the state_dict")
/opt/aws_neuronx_venv_pytorch_inference_vllm_0_16/lib/python3.12/site-packages/neuronx_distributed/quantization/quantization_layers.py:414: UserWarning: Cannot find layers.3.self_attn.qkv_proj.k_proj.bias in the state_dict
  warnings.warn(f"Cannot find {(prefix + 'bias')} in the state_dict")
/opt/aws_neuronx_venv_pytorch_inference_vllm_0_16/lib/python3.12/site-packages/neuronx_distributed/quantization/quantization_layers.py:414: UserWarning: Cannot find layers.3.self_attn.qkv_proj.v_proj.bias in the state_dict
  warnings.warn(f"Cannot find {(prefix + 'bias')} in the state_dict")
/opt/aws_neuronx_venv_pytorch_inference_vllm_0_16/lib/python3.12/site-packages/neuronx_distributed/quantization/quantization_layers.py:414: UserWarning: Cannot find layers.3.self_attn.o_proj.o_proj.bias in the state_dict
  warnings.warn(f"Cannot find {(prefix + 'bias')} in the state_dict")
/opt/aws_neuronx_venv_pytorch_inference_vllm_0_16/lib/python3.12/site-packages/neuronx_distributed/quantization/quantization_layers.py:414: UserWarning: Cannot find layers.7.self_attn.qkv_proj.q_proj.bias in the state_dict
  warnings.warn(f"Cannot find {(prefix + 'bias')} in the state_dict")
/opt/aws_neuronx_venv_pytorch_inference_vllm_0_16/lib/python3.12/site-packages/neuronx_distributed/quantization/quantization_layers.py:414: UserWarning: Cannot find layers.7.self_attn.qkv_proj.k_proj.bias in the state_dict
  warnings.warn(f"Cannot find {(prefix + 'bias')} in the state_dict")
/opt/aws_neuronx_venv_pytorch_inference_vllm_0_16/lib/python3.12/site-packages/neuronx_distributed/quantization/quantization_layers.py:414: UserWarning: Cannot find layers.7.self_attn.qkv_proj.v_proj.bias in the state_dict
  warnings.warn(f"Cannot find {(prefix + 'bias')} in the state_dict")
/opt/aws_neuronx_venv_pytorch_inference_vllm_0_16/lib/python3.12/site-packages/neuronx_distributed/quantization/quantization_layers.py:414: UserWarning: Cannot find layers.7.self_attn.o_proj.o_proj.bias in the state_dict
  warnings.warn(f"Cannot find {(prefix + 'bias')} in the state_dict")
/opt/aws_neuronx_venv_pytorch_inference_vllm_0_16/lib/python3.12/site-packages/neuronx_distributed/quantization/quantization_layers.py:414: UserWarning: Cannot find layers.11.self_attn.qkv_proj.q_proj.bias in the state_dict
  warnings.warn(f"Cannot find {(prefix + 'bias')} in the state_dict")
/opt/aws_neuronx_venv_pytorch_inference_vllm_0_16/lib/python3.12/site-packages/neuronx_distributed/quantization/quantization_layers.py:414: UserWarning: Cannot find layers.11.self_attn.qkv_proj.k_proj.bias in the state_dict
  warnings.warn(f"Cannot find {(prefix + 'bias')} in the state_dict")
/opt/aws_neuronx_venv_pytorch_inference_vllm_0_16/lib/python3.12/site-packages/neuronx_distributed/quantization/quantization_layers.py:414: UserWarning: Cannot find layers.11.self_attn.qkv_proj.v_proj.bias in the state_dict
  warnings.warn(f"Cannot find {(prefix + 'bias')} in the state_dict")
/opt/aws_neuronx_venv_pytorch_inference_vllm_0_16/lib/python3.12/site-packages/neuronx_distributed/quantization/quantization_layers.py:414: UserWarning: Cannot find layers.11.self_attn.o_proj.o_proj.bias in the state_dict
  warnings.warn(f"Cannot find {(prefix + 'bias')} in the state_dict")
/opt/aws_neuronx_venv_pytorch_inference_vllm_0_16/lib/python3.12/site-packages/neuronx_distributed/quantization/quantization_layers.py:414: UserWarning: Cannot find layers.15.self_attn.qkv_proj.q_proj.bias in the state_dict
  warnings.warn(f"Cannot find {(prefix + 'bias')} in the state_dict")
/opt/aws_neuronx_venv_pytorch_inference_vllm_0_16/lib/python3.12/site-packages/neuronx_distributed/quantization/quantization_layers.py:414: UserWarning: Cannot find layers.15.self_attn.qkv_proj.k_proj.bias in the state_dict
  warnings.warn(f"Cannot find {(prefix + 'bias')} in the state_dict")
/opt/aws_neuronx_venv_pytorch_inference_vllm_0_16/lib/python3.12/site-packages/neuronx_distributed/quantization/quantization_layers.py:414: UserWarning: Cannot find layers.15.self_attn.qkv_proj.v_proj.bias in the state_dict
  warnings.warn(f"Cannot find {(prefix + 'bias')} in the state_dict")
/opt/aws_neuronx_venv_pytorch_inference_vllm_0_16/lib/python3.12/site-packages/neuronx_distributed/quantization/quantization_layers.py:414: UserWarning: Cannot find layers.15.self_attn.o_proj.o_proj.bias in the state_dict
  warnings.warn(f"Cannot find {(prefix + 'bias')} in the state_dict")
/opt/aws_neuronx_venv_pytorch_inference_vllm_0_16/lib/python3.12/site-packages/neuronx_distributed/quantization/quantization_layers.py:414: UserWarning: Cannot find layers.19.self_attn.qkv_proj.q_proj.bias in the state_dict
  warnings.warn(f"Cannot find {(prefix + 'bias')} in the state_dict")
/opt/aws_neuronx_venv_pytorch_inference_vllm_0_16/lib/python3.12/site-packages/neuronx_distributed/quantization/quantization_layers.py:414: UserWarning: Cannot find layers.19.self_attn.qkv_proj.k_proj.bias in the state_dict
  warnings.warn(f"Cannot find {(prefix + 'bias')} in the state_dict")
/opt/aws_neuronx_venv_pytorch_inference_vllm_0_16/lib/python3.12/site-packages/neuronx_distributed/quantization/quantization_layers.py:414: UserWarning: Cannot find layers.19.self_attn.qkv_proj.v_proj.bias in the state_dict
  warnings.warn(f"Cannot find {(prefix + 'bias')} in the state_dict")
/opt/aws_neuronx_venv_pytorch_inference_vllm_0_16/lib/python3.12/site-packages/neuronx_distributed/quantization/quantization_layers.py:414: UserWarning: Cannot find layers.19.self_attn.o_proj.o_proj.bias in the state_dict
  warnings.warn(f"Cannot find {(prefix + 'bias')} in the state_dict")
/opt/aws_neuronx_venv_pytorch_inference_vllm_0_16/lib/python3.12/site-packages/neuronx_distributed/quantization/quantization_layers.py:414: UserWarning: Cannot find layers.23.self_attn.qkv_proj.q_proj.bias in the state_dict
  warnings.warn(f"Cannot find {(prefix + 'bias')} in the state_dict")
/opt/aws_neuronx_venv_pytorch_inference_vllm_0_16/lib/python3.12/site-packages/neuronx_distributed/quantization/quantization_layers.py:414: UserWarning: Cannot find layers.23.self_attn.qkv_proj.k_proj.bias in the state_dict
  warnings.warn(f"Cannot find {(prefix + 'bias')} in the state_dict")
/opt/aws_neuronx_venv_pytorch_inference_vllm_0_16/lib/python3.12/site-packages/neuronx_distributed/quantization/quantization_layers.py:414: UserWarning: Cannot find layers.23.self_attn.qkv_proj.v_proj.bias in the state_dict
  warnings.warn(f"Cannot find {(prefix + 'bias')} in the state_dict")
/opt/aws_neuronx_venv_pytorch_inference_vllm_0_16/lib/python3.12/site-packages/neuronx_distributed/quantization/quantization_layers.py:414: UserWarning: Cannot find layers.23.self_attn.o_proj.o_proj.bias in the state_dict
  warnings.warn(f"Cannot find {(prefix + 'bias')} in the state_dict")
/opt/aws_neuronx_venv_pytorch_inference_vllm_0_16/lib/python3.12/site-packages/neuronx_distributed/quantization/quantization_layers.py:414: UserWarning: Cannot find layers.27.self_attn.qkv_proj.q_proj.bias in the state_dict
  warnings.warn(f"Cannot find {(prefix + 'bias')} in the state_dict")
/opt/aws_neuronx_venv_pytorch_inference_vllm_0_16/lib/python3.12/site-packages/neuronx_distributed/quantization/quantization_layers.py:414: UserWarning: Cannot find layers.27.self_attn.qkv_proj.k_proj.bias in the state_dict
  warnings.warn(f"Cannot find {(prefix + 'bias')} in the state_dict")
/opt/aws_neuronx_venv_pytorch_inference_vllm_0_16/lib/python3.12/site-packages/neuronx_distributed/quantization/quantization_layers.py:414: UserWarning: Cannot find layers.27.self_attn.qkv_proj.v_proj.bias in the state_dict
  warnings.warn(f"Cannot find {(prefix + 'bias')} in the state_dict")
/opt/aws_neuronx_venv_pytorch_inference_vllm_0_16/lib/python3.12/site-packages/neuronx_distributed/quantization/quantization_layers.py:414: UserWarning: Cannot find layers.27.self_attn.o_proj.o_proj.bias in the state_dict
  warnings.warn(f"Cannot find {(prefix + 'bias')} in the state_dict")
/opt/aws_neuronx_venv_pytorch_inference_vllm_0_16/lib/python3.12/site-packages/neuronx_distributed/quantization/quantization_layers.py:414: UserWarning: Cannot find layers.31.self_attn.qkv_proj.q_proj.bias in the state_dict
  warnings.warn(f"Cannot find {(prefix + 'bias')} in the state_dict")
/opt/aws_neuronx_venv_pytorch_inference_vllm_0_16/lib/python3.12/site-packages/neuronx_distributed/quantization/quantization_layers.py:414: UserWarning: Cannot find layers.31.self_attn.qkv_proj.k_proj.bias in the state_dict
  warnings.warn(f"Cannot find {(prefix + 'bias')} in the state_dict")
/opt/aws_neuronx_venv_pytorch_inference_vllm_0_16/lib/python3.12/site-packages/neuronx_distributed/quantization/quantization_layers.py:414: UserWarning: Cannot find layers.31.self_attn.qkv_proj.v_proj.bias in the state_dict
  warnings.warn(f"Cannot find {(prefix + 'bias')} in the state_dict")
/opt/aws_neuronx_venv_pytorch_inference_vllm_0_16/lib/python3.12/site-packages/neuronx_distributed/quantization/quantization_layers.py:414: UserWarning: Cannot find layers.31.self_attn.o_proj.o_proj.bias in the state_dict
  warnings.warn(f"Cannot find {(prefix + 'bias')} in the state_dict")
/opt/aws_neuronx_venv_pytorch_inference_vllm_0_16/lib/python3.12/site-packages/neuronx_distributed/quantization/quantization_layers.py:414: UserWarning: Cannot find layers.35.self_attn.qkv_proj.q_proj.bias in the state_dict
  warnings.warn(f"Cannot find {(prefix + 'bias')} in the state_dict")
/opt/aws_neuronx_venv_pytorch_inference_vllm_0_16/lib/python3.12/site-packages/neuronx_distributed/quantization/quantization_layers.py:414: UserWarning: Cannot find layers.35.self_attn.qkv_proj.k_proj.bias in the state_dict
  warnings.warn(f"Cannot find {(prefix + 'bias')} in the state_dict")
/opt/aws_neuronx_venv_pytorch_inference_vllm_0_16/lib/python3.12/site-packages/neuronx_distributed/quantization/quantization_layers.py:414: UserWarning: Cannot find layers.35.self_attn.qkv_proj.v_proj.bias in the state_dict
  warnings.warn(f"Cannot find {(prefix + 'bias')} in the state_dict")
/opt/aws_neuronx_venv_pytorch_inference_vllm_0_16/lib/python3.12/site-packages/neuronx_distributed/quantization/quantization_layers.py:414: UserWarning: Cannot find layers.35.self_attn.o_proj.o_proj.bias in the state_dict
  warnings.warn(f"Cannot find {(prefix + 'bias')} in the state_dict")
/opt/aws_neuronx_venv_pytorch_inference_vllm_0_16/lib/python3.12/site-packages/neuronx_distributed/quantization/quantization_layers.py:414: UserWarning: Cannot find layers.39.self_attn.qkv_proj.q_proj.bias in the state_dict
  warnings.warn(f"Cannot find {(prefix + 'bias')} in the state_dict")
/opt/aws_neuronx_venv_pytorch_inference_vllm_0_16/lib/python3.12/site-packages/neuronx_distributed/quantization/quantization_layers.py:414: UserWarning: Cannot find layers.39.self_attn.qkv_proj.k_proj.bias in the state_dict
  warnings.warn(f"Cannot find {(prefix + 'bias')} in the state_dict")
/opt/aws_neuronx_venv_pytorch_inference_vllm_0_16/lib/python3.12/site-packages/neuronx_distributed/quantization/quantization_layers.py:414: UserWarning: Cannot find layers.39.self_attn.qkv_proj.v_proj.bias in the state_dict
  warnings.warn(f"Cannot find {(prefix + 'bias')} in the state_dict")
/opt/aws_neuronx_venv_pytorch_inference_vllm_0_16/lib/python3.12/site-packages/neuronx_distributed/quantization/quantization_layers.py:414: UserWarning: Cannot find layers.39.self_attn.o_proj.o_proj.bias in the state_dict
  warnings.warn(f"Cannot find {(prefix + 'bias')} in the state_dict")
/opt/aws_neuronx_venv_pytorch_inference_vllm_0_16/lib/python3.12/site-packages/neuronx_distributed/quantization/quantization_layers.py:414: UserWarning: Cannot find layers.43.self_attn.qkv_proj.q_proj.bias in the state_dict
  warnings.warn(f"Cannot find {(prefix + 'bias')} in the state_dict")
/opt/aws_neuronx_venv_pytorch_inference_vllm_0_16/lib/python3.12/site-packages/neuronx_distributed/quantization/quantization_layers.py:414: UserWarning: Cannot find layers.43.self_attn.qkv_proj.k_proj.bias in the state_dict
  warnings.warn(f"Cannot find {(prefix + 'bias')} in the state_dict")
/opt/aws_neuronx_venv_pytorch_inference_vllm_0_16/lib/python3.12/site-packages/neuronx_distributed/quantization/quantization_layers.py:414: UserWarning: Cannot find layers.43.self_attn.qkv_proj.v_proj.bias in the state_dict
  warnings.warn(f"Cannot find {(prefix + 'bias')} in the state_dict")
/opt/aws_neuronx_venv_pytorch_inference_vllm_0_16/lib/python3.12/site-packages/neuronx_distributed/quantization/quantization_layers.py:414: UserWarning: Cannot find layers.43.self_attn.o_proj.o_proj.bias in the state_dict
  warnings.warn(f"Cannot find {(prefix + 'bias')} in the state_dict")
/opt/aws_neuronx_venv_pytorch_inference_vllm_0_16/lib/python3.12/site-packages/neuronx_distributed/quantization/quantization_layers.py:414: UserWarning: Cannot find layers.47.self_attn.qkv_proj.q_proj.bias in the state_dict
  warnings.warn(f"Cannot find {(prefix + 'bias')} in the state_dict")
/opt/aws_neuronx_venv_pytorch_inference_vllm_0_16/lib/python3.12/site-packages/neuronx_distributed/quantization/quantization_layers.py:414: UserWarning: Cannot find layers.47.self_attn.qkv_proj.k_proj.bias in the state_dict
  warnings.warn(f"Cannot find {(prefix + 'bias')} in the state_dict")
/opt/aws_neuronx_venv_pytorch_inference_vllm_0_16/lib/python3.12/site-packages/neuronx_distributed/quantization/quantization_layers.py:414: UserWarning: Cannot find layers.47.self_attn.qkv_proj.v_proj.bias in the state_dict
  warnings.warn(f"Cannot find {(prefix + 'bias')} in the state_dict")
/opt/aws_neuronx_venv_pytorch_inference_vllm_0_16/lib/python3.12/site-packages/neuronx_distributed/quantization/quantization_layers.py:414: UserWarning: Cannot find layers.47.self_attn.o_proj.o_proj.bias in the state_dict
  warnings.warn(f"Cannot find {(prefix + 'bias')} in the state_dict")
/opt/aws_neuronx_venv_pytorch_inference_vllm_0_16/lib/python3.12/site-packages/neuronx_distributed/quantization/quantization_layers.py:414: UserWarning: Cannot find layers.51.self_attn.qkv_proj.q_proj.bias in the state_dict
  warnings.warn(f"Cannot find {(prefix + 'bias')} in the state_dict")
/opt/aws_neuronx_venv_pytorch_inference_vllm_0_16/lib/python3.12/site-packages/neuronx_distributed/quantization/quantization_layers.py:414: UserWarning: Cannot find layers.51.self_attn.qkv_proj.k_proj.bias in the state_dict
  warnings.warn(f"Cannot find {(prefix + 'bias')} in the state_dict")
/opt/aws_neuronx_venv_pytorch_inference_vllm_0_16/lib/python3.12/site-packages/neuronx_distributed/quantization/quantization_layers.py:414: UserWarning: Cannot find layers.51.self_attn.qkv_proj.v_proj.bias in the state_dict
  warnings.warn(f"Cannot find {(prefix + 'bias')} in the state_dict")
/opt/aws_neuronx_venv_pytorch_inference_vllm_0_16/lib/python3.12/site-packages/neuronx_distributed/quantization/quantization_layers.py:414: UserWarning: Cannot find layers.51.self_attn.o_proj.o_proj.bias in the state_dict
  warnings.warn(f"Cannot find {(prefix + 'bias')} in the state_dict")
/opt/aws_neuronx_venv_pytorch_inference_vllm_0_16/lib/python3.12/site-packages/neuronx_distributed/quantization/quantization_layers.py:414: UserWarning: Cannot find layers.55.self_attn.qkv_proj.q_proj.bias in the state_dict
  warnings.warn(f"Cannot find {(prefix + 'bias')} in the state_dict")
/opt/aws_neuronx_venv_pytorch_inference_vllm_0_16/lib/python3.12/site-packages/neuronx_distributed/quantization/quantization_layers.py:414: UserWarning: Cannot find layers.55.self_attn.qkv_proj.k_proj.bias in the state_dict
  warnings.warn(f"Cannot find {(prefix + 'bias')} in the state_dict")
/opt/aws_neuronx_venv_pytorch_inference_vllm_0_16/lib/python3.12/site-packages/neuronx_distributed/quantization/quantization_layers.py:414: UserWarning: Cannot find layers.55.self_attn.qkv_proj.v_proj.bias in the state_dict
  warnings.warn(f"Cannot find {(prefix + 'bias')} in the state_dict")
/opt/aws_neuronx_venv_pytorch_inference_vllm_0_16/lib/python3.12/site-packages/neuronx_distributed/quantization/quantization_layers.py:414: UserWarning: Cannot find layers.55.self_attn.o_proj.o_proj.bias in the state_dict
  warnings.warn(f"Cannot find {(prefix + 'bias')} in the state_dict")
/opt/aws_neuronx_venv_pytorch_inference_vllm_0_16/lib/python3.12/site-packages/neuronx_distributed/quantization/quantization_layers.py:414: UserWarning: Cannot find layers.59.self_attn.qkv_proj.q_proj.bias in the state_dict
  warnings.warn(f"Cannot find {(prefix + 'bias')} in the state_dict")
/opt/aws_neuronx_venv_pytorch_inference_vllm_0_16/lib/python3.12/site-packages/neuronx_distributed/quantization/quantization_layers.py:414: UserWarning: Cannot find layers.59.self_attn.qkv_proj.k_proj.bias in the state_dict
  warnings.warn(f"Cannot find {(prefix + 'bias')} in the state_dict")
/opt/aws_neuronx_venv_pytorch_inference_vllm_0_16/lib/python3.12/site-packages/neuronx_distributed/quantization/quantization_layers.py:414: UserWarning: Cannot find layers.59.self_attn.qkv_proj.v_proj.bias in the state_dict
  warnings.warn(f"Cannot find {(prefix + 'bias')} in the state_dict")
/opt/aws_neuronx_venv_pytorch_inference_vllm_0_16/lib/python3.12/site-packages/neuronx_distributed/quantization/quantization_layers.py:414: UserWarning: Cannot find layers.59.self_attn.o_proj.o_proj.bias in the state_dict
  warnings.warn(f"Cannot find {(prefix + 'bias')} in the state_dict")
/opt/aws_neuronx_venv_pytorch_inference_vllm_0_16/lib/python3.12/site-packages/neuronx_distributed/quantization/quantization_layers.py:414: UserWarning: Cannot find layers.63.self_attn.qkv_proj.q_proj.bias in the state_dict
  warnings.warn(f"Cannot find {(prefix + 'bias')} in the state_dict")
/opt/aws_neuronx_venv_pytorch_inference_vllm_0_16/lib/python3.12/site-packages/neuronx_distributed/quantization/quantization_layers.py:414: UserWarning: Cannot find layers.63.self_attn.qkv_proj.k_proj.bias in the state_dict
  warnings.warn(f"Cannot find {(prefix + 'bias')} in the state_dict")
/opt/aws_neuronx_venv_pytorch_inference_vllm_0_16/lib/python3.12/site-packages/neuronx_distributed/quantization/quantization_layers.py:414: UserWarning: Cannot find layers.63.self_attn.qkv_proj.v_proj.bias in the state_dict
  warnings.warn(f"Cannot find {(prefix + 'bias')} in the state_dict")
/opt/aws_neuronx_venv_pytorch_inference_vllm_0_16/lib/python3.12/site-packages/neuronx_distributed/quantization/quantization_layers.py:414: UserWarning: Cannot find layers.63.self_attn.o_proj.o_proj.bias in the state_dict
  warnings.warn(f"Cannot find {(prefix + 'bias')} in the state_dict")
/opt/aws_neuronx_venv_pytorch_inference_vllm_0_16/lib/python3.12/site-packages/neuronx_distributed/trace/trace.py:642: UserWarning: Removing redundant keys from checkpoint: ['layers.43.self_attn.o_proj.scale', 'layers.47.self_attn.o_proj.scale', 'layers.51.self_attn.o_proj.scale', 'layers.55.self_attn.o_proj.scale', 'layers.59.self_attn.o_proj.scale', 'layers.43.self_attn.o_proj.weight', 'layers.47.self_attn.o_proj.weight', 'layers.51.self_attn.o_proj.weight', 'layers.55.self_attn.o_proj.weight', 'layers.59.self_attn.o_proj.weight', 'layers.23.self_attn.o_proj.scale', 'layers.27.self_attn.o_proj.scale', 'layers.3.self_attn.o_proj.scale', 'layers.31.self_attn.o_proj.scale', 'layers.7.self_attn.o_proj.scale', 'layers.23.self_attn.o_proj.weight', 'layers.27.self_attn.o_proj.weight', 'layers.3.self_attn.o_proj.weight', 'layers.31.self_attn.o_proj.weight', 'layers.7.self_attn.o_proj.weight', 'layers.35.self_attn.k_proj.scale', 'layers.35.self_attn.o_proj.scale', 'layers.35.self_attn.v_proj.scale', 'layers.39.self_attn.k_proj.scale', 'layers.39.self_attn.o_proj.scale', 'layers.39.self_attn.v_proj.scale', 'layers.43.self_attn.k_proj.scale', 'layers.43.self_attn.v_proj.scale', 'layers.47.self_attn.k_proj.scale', 'layers.47.self_attn.v_proj.scale', 'layers.51.self_attn.k_proj.scale', 'layers.51.self_attn.v_proj.scale', 'layers.55.self_attn.k_proj.scale', 'layers.55.self_attn.v_proj.scale', 'layers.59.self_attn.k_proj.scale', 'layers.59.self_attn.v_proj.scale', 'layers.63.self_attn.k_proj.scale', 'layers.63.self_attn.v_proj.scale', 'layers.35.self_attn.k_proj.weight', 'layers.35.self_attn.o_proj.weight', 'layers.35.self_attn.v_proj.weight', 'layers.39.self_attn.k_proj.weight', 'layers.39.self_attn.o_proj.weight', 'layers.39.self_attn.v_proj.weight', 'layers.43.self_attn.k_proj.weight', 'layers.43.self_attn.v_proj.weight', 'layers.47.self_attn.k_proj.weight', 'layers.47.self_attn.v_proj.weight', 'layers.51.self_attn.k_proj.weight', 'layers.51.self_attn.v_proj.weight', 'layers.55.self_attn.k_proj.weight', 'layers.55.self_attn.v_proj.weight', 'layers.59.self_attn.k_proj.weight', 'layers.59.self_attn.v_proj.weight', 'layers.63.self_attn.k_proj.weight', 'layers.63.self_attn.v_proj.weight', 'layers.63.self_attn.o_proj.scale', 'layers.63.self_attn.o_proj.weight', 'layers.11.self_attn.k_proj.scale', 'layers.11.self_attn.o_proj.scale', 'layers.11.self_attn.v_proj.scale', 'layers.15.self_attn.k_proj.scale', 'layers.15.self_attn.o_proj.scale', 'layers.15.self_attn.v_proj.scale', 'layers.19.self_attn.k_proj.scale', 'layers.19.self_attn.o_proj.scale', 'layers.19.self_attn.v_proj.scale', 'layers.23.self_attn.k_proj.scale', 'layers.23.self_attn.v_proj.scale', 'layers.27.self_attn.k_proj.scale', 'layers.27.self_attn.v_proj.scale', 'layers.3.self_attn.k_proj.scale', 'layers.3.self_attn.v_proj.scale', 'layers.31.self_attn.k_proj.scale', 'layers.31.self_attn.v_proj.scale', 'layers.7.self_attn.k_proj.scale', 'layers.7.self_attn.v_proj.scale', 'layers.11.self_attn.k_proj.weight', 'layers.11.self_attn.o_proj.weight', 'layers.11.self_attn.v_proj.weight', 'layers.15.self_attn.k_proj.weight', 'layers.15.self_attn.o_proj.weight', 'layers.15.self_attn.v_proj.weight', 'layers.19.self_attn.k_proj.weight', 'layers.19.self_attn.o_proj.weight', 'layers.19.self_attn.v_proj.weight', 'layers.23.self_attn.k_proj.weight', 'layers.23.self_attn.v_proj.weight', 'layers.27.self_attn.k_proj.weight', 'layers.27.self_attn.v_proj.weight', 'layers.3.self_attn.k_proj.weight', 'layers.3.self_attn.v_proj.weight', 'layers.31.self_attn.k_proj.weight', 'layers.31.self_attn.v_proj.weight', 'layers.7.self_attn.k_proj.weight', 'layers.7.self_attn.v_proj.weight', 'layers.3.self_attn.q_proj.weight', 'layers.3.self_attn.q_proj.scale', 'layers.7.self_attn.q_proj.weight', 'layers.7.self_attn.q_proj.scale', 'layers.11.self_attn.q_proj.weight', 'layers.11.self_attn.q_proj.scale', 'layers.15.self_attn.q_proj.weight', 'layers.15.self_attn.q_proj.scale', 'layers.19.self_attn.q_proj.weight', 'layers.19.self_attn.q_proj.scale', 'layers.23.self_attn.q_proj.weight', 'layers.23.self_attn.q_proj.scale', 'layers.27.self_attn.q_proj.weight', 'layers.27.self_attn.q_proj.scale', 'layers.31.self_attn.q_proj.weight', 'layers.31.self_attn.q_proj.scale', 'layers.35.self_attn.q_proj.weight', 'layers.35.self_attn.q_proj.scale', 'layers.39.self_attn.q_proj.weight', 'layers.39.self_attn.q_proj.scale', 'layers.43.self_attn.q_proj.weight', 'layers.43.self_attn.q_proj.scale', 'layers.47.self_attn.q_proj.weight', 'layers.47.self_attn.q_proj.scale', 'layers.51.self_attn.q_proj.weight', 'layers.51.self_attn.q_proj.scale', 'layers.55.self_attn.q_proj.weight', 'layers.55.self_attn.q_proj.scale', 'layers.59.self_attn.q_proj.weight', 'layers.59.self_attn.q_proj.scale', 'layers.63.self_attn.q_proj.weight', 'layers.63.self_attn.q_proj.scale']
  warnings.warn(f"Removing redundant keys from checkpoint: {keys_to_delete}")
INFO:Neuron:Done Sharding weights in 42.23458127200138
CHECKPOINT_BANK_WEIGHTS_ADDED tp0_sharded_checkpoint.safetensors 48 48 torch.bfloat16
CHECKPOINT_BANK_WEIGHTS_ADDED tp1_sharded_checkpoint.safetensors 48 48 torch.bfloat16
CHECKPOINT_BANK_WEIGHTS_ADDED tp2_sharded_checkpoint.safetensors 48 48 torch.bfloat16
CHECKPOINT_BANK_WEIGHTS_ADDED tp3_sharded_checkpoint.safetensors 48 48 torch.bfloat16
COMPILE_DONE
[INFO] [mlp] SBM initialized: range=[0, 204800), size=204800 B
[INFO] [mlp] [SBM] SB memory statistics: max_usage=172140 B (84%), free=32660 B, stack=172100 B (43 allocs), heap=1040 B (8 allocs)
[INFO] [mlp] SBM initialized: range=[0, 204800), size=204800 B
[INFO] [mlp] [SBM] SB memory statistics: max_usage=172140 B (84%), free=32660 B, stack=172100 B (43 allocs), heap=1040 B (8 allocs)
